make,model,year,city,highway,fuel tank capacity,total seating capacity,max cargo capacity,drive type,cylinder configuration,engine liters,horsepower,transmission,torque,abs,size,displacement,horse power,front head room,overall height,overall width,rear leg room,front leg room,overall length,rear head room,wheelbase,number of valves,number of speeds,curb weight,gross vehicle weight,towing capacity,number of doors,speakers,approach angle,ground clearance (max),ramp breakover angle,departure angle,ground clearance
Aston Martin,DB11,2018,15 mpg,21 mpg,20.5gal.,4,,rear-wheel,v-12,5.2,"600hp @ 6,500rpm",8 speed automatic,"516 lb.-ft. @ 1,500rpm",4-wheel,5.2 l,317 cu.in.,600 hp,,"50.4 ""","76.4 """,,,"186.6 """,,"110.4 """,48,8,"4,080 lbs.",,,,,,,,,
Aston Martin,DB11,2017,,,20.5gal.,,,rear-wheel,v-12,5.2,"600hp @ 6,500rpm",8 speed automatic,"516 lb.-ft. @ 1,500rpm",,,,,,,,,,,,,48,,,,,,,,,,,
Aston Martin,DB9,2016,,,20.6gal.,,,rear-wheel,v-12,6.0,"540hp @ 6,750rpm",6 speed automatic,"457 lb.-ft. @ 5,500rpm",,,,,,,,,,,,,48,,,,,,,,,,,
Aston Martin,DB9,2015,,,20.6gal.,,,rear-wheel,v-12,6.0,"510hp @ 6,500rpm",6 speed automatic,"457 lb.-ft. @ 5,500rpm",,,,,,,,,,,,,48,,,,,,,,,,,
Aston Martin,DB9,2014,,,20.6gal.,,,rear-wheel,v-12,6.0,"510hp @ 6,500rpm",6 speed automatic,"457 lb.-ft. @ 5,500rpm",,,,,,,,,,,,,48,,,,,,,,,,,
Aston Martin,DB9,2013,,,20.6gal.,,,rear-wheel,v-12,6.0,"510hp @ 6,500rpm",6 speed automatic,"457 lb.-ft. @ 5,500rpm",,,,,,,,,,,,,48,,,,,,,,,,,
Aston Martin,DB9,2012,,,21.1gal.,,,rear-wheel,v-12,6.0,"470hp @ 6,000rpm",6 speed automatic,"443 lb.-ft. @ 5,000rpm",,,,,,,,,,,,,48,,,,,,,,,,,
Aston Martin,DB9,2011,,,21.1gal.,,,rear-wheel,v-12,6.0,"470hp @ 6,000rpm",6 speed automatic,"443 lb.-ft. @ 5,000rpm",,,,,,,,,,,,,48,,,,,,,,,,,
Aston Martin,DB9,2010,,,21.1gal.,,,rear-wheel,v-12,6.0,"470hp @ 6,000rpm",6 speed automatic,"443 lb.-ft. @ 5,000rpm",,,,,,,,,,,,,48,,,,,,,,,,,
Aston Martin,DB9,2009,,,21.1gal.,,,rear-wheel,v-12,6.0,"470hp @ 6,000rpm",6 speed automatic,"444 lb.-ft. @ 5,000rpm",,,,,,,,,,,,,48,,,,,,,,,,,
Aston Martin,DB9,2008,,,21.1gal.,,,rear-wheel,v-12,6.0,"450hp @ 6,000rpm",6 speed automatic,"420 lb.-ft. @ 5,000rpm",,,,,,,,,,,,,48,,,,,,,,,,,
Aston Martin,DB9,2007,,,21.1gal.,,,rear-wheel,v-12,6.0,"450hp @ 6,000rpm",6 speed automatic,"420 lb.-ft. @ 5,000rpm",,,,,,,,,,,,,48,,,,,,,,,,,
Aston Martin,DB9,2006,,,21.1gal.,,,rear-wheel,v-12,6.0,"450hp @ 6,000rpm",6 speed automatic,"420 lb.-ft. @ 5,000rpm",,,,,,,,,,,,,48,,,,,,,,,,,
Aston Martin,DB9,2005,,,21.1gal.,,,rear-wheel,v-12,6.0,"450hp @ 6,000rpm",6 speed automatic,"420 lb.-ft. @ 5,000rpm",,,,,,,,,,,,,48,,,,,,,,,,,
Aston Martin,Rapide S,2017,,,23.9gal.,,,rear-wheel,v-12,6.0,"552hp @ 6,650rpm",8 speed automatic,"465 lb.-ft. @ 5,500rpm",,,,,,,,,,,,,48,,,,,,,,,,,
Aston Martin,Rapide S,2016,,,23.9gal.,,,rear-wheel,v-12,6.0,"552hp @ 6,650rpm",8 speed automatic,"465 lb.-ft. @ 5,500rpm",,,,,,,,,,,,,48,,,,,,,,,,,
Aston Martin,Rapide S,2015,,,23.9gal.,,,rear-wheel,v-12,6.0,"552hp @ 6,650rpm",8 speed automatic,"465 lb.-ft. @ 5,500rpm",,,,,,,,,,,,,48,,,,,,,,,,,
Aston Martin,Rapide S,2014,,,23.9gal.,,,rear-wheel,v-12,6.0,"550hp @ 6,750rpm",6 speed automatic,"457 lb.-ft. @ 5,000rpm",,,,,,,,,,,,,48,,,,,,,,,,,
Aston Martin,V12 Vantage S,2017,,,21.1gal.,,,rear-wheel,v-12,6.0,"568hp @ 6,650rpm",7 speed manual,"465 lb.-ft. @ 5,500rpm",,,,,,,,,,,,,48,,,,,,,,,,,
Aston Martin,V12 Vantage S,2016,,,21.1gal.,,,rear-wheel,v-12,6.0,"565hp @ 6,750rpm",7 speed automatic with auto-shift,"457 lb.-ft. @ 5,750rpm",,,,,,,,,,,,,48,,,,,,,,,,,
Aston Martin,V12 Vantage S,2015,,,21.1gal.,,,rear-wheel,v-12,6.0,"565hp @ 6,750rpm",7 speed automatic with auto-shift,"457 lb.-ft. @ 5,750rpm",,,,,,,,,,,,,48,,,,,,,,,,,
Aston Martin,V8 Vantage,2016,,,21.1gal.,,,rear-wheel,v-8,4.7,"420hp @ 7,000rpm",7 speed automatic with auto-shift,"346 lb.-ft. @ 5,750rpm",,,,,,,,,,,,,32,,,,,,,,,,,
Aston Martin,V8 Vantage,2015,,,21.1gal.,,,rear-wheel,v-8,4.7,"420hp @ 7,000rpm",7 speed automatic with auto-shift,"346 lb.-ft. @ 5,750rpm",,,,,,,,,,,,,32,,,,,,,,,,,
Aston Martin,V8 Vantage,2014,,,21.1gal.,,,rear-wheel,v-8,4.7,"420hp @ 7,000rpm",7 speed automatic with auto-shift,"346 lb.-ft. @ 5,750rpm",,,,,,,,,,,,,32,,,,,,,,,,,
Aston Martin,V8 Vantage,2013,,,21.2gal.,,,rear-wheel,v-8,4.7,"420hp @ 7,000rpm",7 speed automatic with auto-shift,"346 lb.-ft. @ 5,750rpm",,,,,,,,,,,,,32,,,,,,,,,,,
Aston Martin,V8 Vantage,2012,,,21.2gal.,,,rear-wheel,v-8,4.7,"420hp @ 7,000rpm",6 speed manual,"346 lb.-ft. @ 5,750rpm",,,,,,,,,,,,,32,,,,,,,,,,,
Aston Martin,V8 Vantage,2011,,,21.2gal.,,,rear-wheel,v-8,4.7,"420hp @ 7,000rpm",6 speed automatic with auto-shift,"346 lb.-ft. @ 5,750rpm",,,,,,,,,,,,,32,,,,,,,,,,,
Aston Martin,V8 Vantage,2010,,,21.2gal.,,,rear-wheel,v-8,4.7,"420hp @ 7,000rpm",6 speed automatic with auto-shift,"346 lb.-ft. @ 5,750rpm",,,,,,,,,,,,,32,,,,,,,,,,,
Aston Martin,V8 Vantage,2009,,,21.2gal.,,,rear-wheel,v-8,4.7,"420hp @ 7,000rpm",6 speed automatic with auto-shift,"346 lb.-ft. @ 5,750rpm",,,,,,,,,,,,,32,,,,,,,,,,,
Aston Martin,V8 Vantage,2008,,,21.2gal.,,,rear-wheel,v-8,4.3,"380hp @ 7,000rpm",6 speed automatic with auto-shift,"302 lb.-ft. @ 5,000rpm",,,,,,,,,,,,,32,,,,,,,,,,,
Aston Martin,V8 Vantage,2007,,,21.2gal.,,,rear-wheel,v-8,4.3,"380hp @ 7,000rpm",6 speed automatic with auto-shift,"302 lb.-ft. @ 5,000rpm",,,,,,,,,,,,,32,,,,,,,,,,,
Aston Martin,V8 Vantage,2006,,,20.2gal.,,,rear-wheel,v-8,4.3,"380hp @ 7,000rpm",6 speed manual,"302 lb.-ft. @ 5,000rpm",,,,,,,,,,,,,32,,,,,,,,,,,
Aston Martin,DB9,2016,,,20.6gal.,,,rear-wheel,v-12,6.0,"540hp @ 6,750rpm",6 speed automatic,"457 lb.-ft. @ 5,500rpm",,,,,,,,,,,,,48,,,,,,,,,,,
Aston Martin,DB9,2015,,,20.6gal.,,,rear-wheel,v-12,6.0,"510hp @ 6,500rpm",6 speed automatic,"457 lb.-ft. @ 5,500rpm",,,,,,,,,,,,,48,,,,,,,,,,,
Aston Martin,DB9,2014,,,20.6gal.,,,rear-wheel,v-12,6.0,"510hp @ 6,500rpm",6 speed automatic,"457 lb.-ft. @ 5,500rpm",,,,,,,,,,,,,48,,,,,,,,,,,
Aston Martin,DB9,2013,,,20.6gal.,,,rear-wheel,v-12,6.0,"510hp @ 6,500rpm",6 speed automatic,"457 lb.-ft. @ 5,500rpm",,,,,,,,,,,,,48,,,,,,,,,,,
Aston Martin,DB9,2012,,,21.1gal.,,,rear-wheel,v-12,6.0,"470hp @ 6,000rpm",6 speed automatic,"443 lb.-ft. @ 5,000rpm",,,,,,,,,,,,,48,,,,,,,,,,,
Aston Martin,DB9,2011,,,21.1gal.,,,rear-wheel,v-12,6.0,"470hp @ 6,000rpm",6 speed automatic,"443 lb.-ft. @ 5,000rpm",,,,,,,,,,,,,48,,,,,,,,,,,
Aston Martin,DB9,2010,,,21.1gal.,,,rear-wheel,v-12,6.0,"470hp @ 6,000rpm",6 speed automatic,"443 lb.-ft. @ 5,000rpm",,,,,,,,,,,,,48,,,,,,,,,,,
Aston Martin,DB9,2009,,,21.1gal.,,,rear-wheel,v-12,6.0,"470hp @ 6,000rpm",6 speed automatic,"444 lb.-ft. @ 5,000rpm",,,,,,,,,,,,,48,,,,,,,,,,,
Aston Martin,DB9,2008,,,21.1gal.,,,rear-wheel,v-12,6.0,"450hp @ 6,000rpm",6 speed automatic,"420 lb.-ft. @ 5,000rpm",,,,,,,,,,,,,48,,,,,,,,,,,
Aston Martin,DB9,2007,,,21.1gal.,,,rear-wheel,v-12,6.0,"450hp @ 6,000rpm",6 speed automatic,"420 lb.-ft. @ 5,000rpm",,,,,,,,,,,,,48,,,,,,,,,,,
Aston Martin,DB9,2006,,,21.1gal.,,,rear-wheel,v-12,6.0,"450hp @ 6,000rpm",6 speed manual,"420 lb.-ft. @ 5,000rpm",,,,,,,,,,,,,48,,,,,,,,,,,
Aston Martin,DB9,2005,,,21.1gal.,,,rear-wheel,v-12,6.0,"450hp @ 6,000rpm",6 speed automatic,"420 lb.-ft. @ 5,000rpm",,,,,,,,,,,,,48,,,,,,,,,,,
Aston Martin,V12 Vantage S,2017,,,21.1gal.,,,rear-wheel,v-12,6.0,"568hp @ 6,650rpm",7 speed manual,"465 lb.-ft. @ 5,500rpm",,,,,,,,,,,,,48,,,,,,,,,,,
Aston Martin,V12 Vantage S,2016,,,21.1gal.,,,rear-wheel,v-12,6.0,"565hp @ 6,750rpm",7 speed automatic with auto-shift,"457 lb.-ft. @ 5,750rpm",,,,,,,,,,,,,48,,,,,,,,,,,
Aston Martin,V12 Vantage S,2015,,,21.1gal.,,,rear-wheel,v-12,6.0,"565hp @ 6,750rpm",7 speed automatic with auto-shift,"457 lb.-ft. @ 5,750rpm",,,,,,,,,,,,,48,,,,,,,,,,,
Aston Martin,V8 Vantage,2016,,,21.1gal.,,,rear-wheel,v-8,4.7,"420hp @ 7,000rpm",7 speed automatic with auto-shift,"346 lb.-ft. @ 5,750rpm",,,,,,,,,,,,,32,,,,,,,,,,,
Aston Martin,V8 Vantage,2015,,,21.1gal.,,,rear-wheel,v-8,4.7,"420hp @ 7,000rpm",6 speed manual,"346 lb.-ft. @ 5,750rpm",,,,,,,,,,,,,32,,,,,,,,,,,
Aston Martin,V8 Vantage,2014,,,21.1gal.,,,rear-wheel,v-8,4.7,"420hp @ 7,000rpm",7 speed automatic with auto-shift,"346 lb.-ft. @ 5,750rpm",,,,,,,,,,,,,32,,,,,,,,,,,
Aston Martin,V8 Vantage,2013,,,21.2gal.,,,rear-wheel,v-8,4.7,"420hp @ 7,000rpm",7 speed automatic with auto-shift,"346 lb.-ft. @ 5,750rpm",,,,,,,,,,,,,32,,,,,,,,,,,
Aston Martin,V8 Vantage,2012,,,21.2gal.,,,rear-wheel,v-8,4.7,"420hp @ 7,000rpm",7 speed automatic with auto-shift,"346 lb.-ft. @ 5,750rpm",,,,,,,,,,,,,32,,,,,,,,,,,
Aston Martin,V8 Vantage,2011,,,21.2gal.,,,rear-wheel,v-8,4.7,"420hp @ 7,000rpm",6 speed automatic with auto-shift,"346 lb.-ft. @ 5,750rpm",,,,,,,,,,,,,32,,,,,,,,,,,
Aston Martin,V8 Vantage,2010,,,21.2gal.,,,rear-wheel,v-8,4.7,"420hp @ 7,000rpm",6 speed automatic with auto-shift,"346 lb.-ft. @ 5,750rpm",,,,,,,,,,,,,32,,,,,,,,,,,
Aston Martin,V8 Vantage,2009,,,21.2gal.,,,rear-wheel,v-8,4.7,"420hp @ 7,000rpm",6 speed automatic with auto-shift,"346 lb.-ft. @ 5,750rpm",,,,,,,,,,,,,32,,,,,,,,,,,
Aston Martin,V8 Vantage,2008,,,21.2gal.,,,rear-wheel,v-8,4.3,"380hp @ 7,000rpm",6 speed automatic with auto-shift,"302 lb.-ft. @ 5,000rpm",,,,,,,,,,,,,32,,,,,,,,,,,
Aston Martin,V8 Vantage,2007,,,21.2gal.,,,rear-wheel,v-8,4.3,"380hp @ 7,000rpm",6 speed automatic with auto-shift,"302 lb.-ft. @ 5,000rpm",,,,,,,,,,,,,32,,,,,,,,,,,
Aston Martin,V8 Vantage,2006,,,20.2gal.,,,rear-wheel,v-8,4.3,"380hp @ 7,000rpm",6 speed manual,"302 lb.-ft. @ 5,000rpm",,,,,,,,,,,,,32,,,,,,,,,,,
Aston Martin,V8 Vantage S,2016,,,21.1gal.,,,rear-wheel,v-8,4.7,"430hp @ 7,300rpm",7 speed automatic with auto-shift,"361 lb.-ft. @ 5,000rpm",,,,,,,,,,,,,32,,,,,,,,,,,
Aston Martin,V8 Vantage S,2015,,,21.1gal.,,,rear-wheel,v-8,4.7,"430hp @ 7,300rpm",7 speed automatic with auto-shift,"361 lb.-ft. @ 5,000rpm",,,,,,,,,,,,,32,,,,,,,,,,,
Aston Martin,V8 Vantage S,2014,,,21.1gal.,,,rear-wheel,v-8,4.7,"430hp @ 7,300rpm",7 speed automatic with auto-shift,"361 lb.-ft. @ 5,000rpm",,,,,,,,,,,,,32,,,,,,,,,,,
Aston Martin,V8 Vantage S,2013,,,21.2gal.,,,rear-wheel,v-8,4.7,"430hp @ 7,300rpm",7 speed automatic with auto-shift,"361 lb.-ft. @ 5,000rpm",,,,,,,,,,,,,32,,,,,,,,,,,
Aston Martin,V8 Vantage S,2012,,,21.2gal.,,,rear-wheel,v-8,4.7,"430hp @ 7,300rpm",7 speed automatic with auto-shift,"361 lb.-ft. @ 5,000rpm",,,,,,,,,,,,,32,,,,,,,,,,,
Aston Martin,V8 Vantage S,2011,,,21.2gal.,,,rear-wheel,v-8,4.7,"430hp @ 7,300rpm",7 speed automatic with auto-shift,"361 lb.-ft. @ 5,000rpm",,,,,,,,,,,,,32,,,,,,,,,,,
Aston Martin,DB11,2018,15 mpg,21 mpg,20.5gal.,4,,rear-wheel,v-12,5.2,"600hp @ 6,500rpm",8 speed automatic,"516 lb.-ft. @ 1,500rpm",4-wheel,5.2 l,317 cu.in.,600 hp,,"50.4 ""","76.4 """,,,"186.6 """,,"110.4 """,48,8,"4,080 lbs.",,,,,,,,,
Aston Martin,DB11,2017,,,20.5gal.,,,rear-wheel,v-12,5.2,"600hp @ 6,500rpm",8 speed automatic,"516 lb.-ft. @ 1,500rpm",,,,,,,,,,,,,48,,,,,,,,,,,
Aston Martin,DB7 Vantage,2003,,,23.5gal.,,,rear-wheel,v-12,6.0,"420hp @ 6,000rpm",5 speed automatic,"400 lb.-ft. @ 5,000rpm",,,,,,,,,,,,,48,,,,,,,,,,,
Aston Martin,DB7 Vantage,2002,,,23.5gal.,,,rear-wheel,v-12,6.0,"420hp @ 6,000rpm",5 speed automatic,"400 lb.-ft. @ 5,000rpm",,,,,,,,,,,,,48,,,,,,,,,,,
Aston Martin,DB7 Vantage,2001,,,23.5gal.,,,rear-wheel,v-12,6.0,"420hp @ 6,000rpm",5 speed automatic,"399 lb.-ft. @ 5,000rpm",,,,,,,,,,,,,48,,,,,,,,,,,
Aston Martin,DB9,2016,,,20.6gal.,,,rear-wheel,v-12,6.0,"540hp @ 6,750rpm",6 speed automatic,"457 lb.-ft. @ 5,500rpm",,,,,,,,,,,,,48,,,,,,,,,,,
Aston Martin,DB9,2015,,,20.6gal.,,,rear-wheel,v-12,6.0,"510hp @ 6,500rpm",6 speed automatic,"457 lb.-ft. @ 5,500rpm",,,,,,,,,,,,,48,,,,,,,,,,,
Aston Martin,DB9,2014,,,20.6gal.,,,rear-wheel,v-12,6.0,"510hp @ 6,500rpm",6 speed automatic,"457 lb.-ft. @ 5,500rpm",,,,,,,,,,,,,48,,,,,,,,,,,
Aston Martin,DB9,2013,,,20.6gal.,,,rear-wheel,v-12,6.0,"510hp @ 6,500rpm",6 speed automatic,"457 lb.-ft. @ 5,500rpm",,,,,,,,,,,,,48,,,,,,,,,,,
Aston Martin,DB9,2012,,,21.1gal.,,,rear-wheel,v-12,6.0,"470hp @ 6,000rpm",6 speed automatic,"443 lb.-ft. @ 5,000rpm",,,,,,,,,,,,,48,,,,,,,,,,,
Aston Martin,DB9,2011,,,21.1gal.,,,rear-wheel,v-12,6.0,"470hp @ 6,000rpm",6 speed automatic,"443 lb.-ft. @ 5,000rpm",,,,,,,,,,,,,48,,,,,,,,,,,
Aston Martin,DB9,2010,,,21.1gal.,,,rear-wheel,v-12,6.0,"470hp @ 6,000rpm",6 speed automatic,"443 lb.-ft. @ 5,000rpm",,,,,,,,,,,,,48,,,,,,,,,,,
Aston Martin,DB9,2009,,,21.1gal.,,,rear-wheel,v-12,6.0,"470hp @ 6,000rpm",6 speed automatic,"444 lb.-ft. @ 5,000rpm",,,,,,,,,,,,,48,,,,,,,,,,,
Aston Martin,DB9,2008,,,21.1gal.,,,rear-wheel,v-12,6.0,"450hp @ 6,000rpm",6 speed automatic,"420 lb.-ft. @ 5,000rpm",,,,,,,,,,,,,48,,,,,,,,,,,
Aston Martin,DB9,2007,,,21.1gal.,,,rear-wheel,v-12,6.0,"450hp @ 6,000rpm",6 speed automatic,"420 lb.-ft. @ 5,000rpm",,,,,,,,,,,,,48,,,,,,,,,,,
Aston Martin,DB9,2006,,,21.1gal.,,,rear-wheel,v-12,6.0,"450hp @ 6,000rpm",6 speed automatic,"420 lb.-ft. @ 5,000rpm",,,,,,,,,,,,,48,,,,,,,,,,,
Aston Martin,DB9,2005,,,21.1gal.,,,rear-wheel,v-12,6.0,"450hp @ 6,000rpm",6 speed automatic,"420 lb.-ft. @ 5,000rpm",,,,,,,,,,,,,48,,,,,,,,,,,
Aston Martin,DBS,2012,,,20.5gal.,,,rear-wheel,v-12,6.0,"510hp @ 6,500rpm",6 speed automatic,"420 lb.-ft. @ 5,750rpm",,,,,,,,,,,,,48,,,,,,,,,,,
Aston Martin,DBS,2011,,,20.5gal.,,,rear-wheel,v-12,6.0,"510hp @ 6,500rpm",6 speed manual,"420 lb.-ft. @ 5,750rpm",,,,,,,,,,,,,48,,,,,,,,,,,
Aston Martin,DBS,2010,,,20.5gal.,,,rear-wheel,v-12,6.0,"510hp @ 6,500rpm",6 speed automatic,"420 lb.-ft. @ 5,750rpm",,,,,,,,,,,,,48,,,,,,,,,,,
Aston Martin,DBS,2009,,,20.5gal.,,,rear-wheel,v-12,6.0,"510hp @ 6,500rpm",6 speed automatic,"421 lb.-ft. @ 5,750rpm",,,,,,,,,,,,,48,,,,,,,,,,,
Aston Martin,DBS,2008,,,20.5gal.,,,rear-wheel,v-12,6.0,"510hp @ 6,500rpm",6 speed manual,"420 lb.-ft. @ 5,750rpm",,,,,,,,,,,,,48,,,,,,,,,,,
Aston Martin,Rapide,2013,,,23.9gal.,,,rear-wheel,v-12,6.0,"470hp @ 6,000rpm",6 speed automatic,"443 lb.-ft. @ 5,000rpm",,,,,,,,,,,,,48,,,,,,,,,,,
Aston Martin,Rapide,2012,,,23.9gal.,,,rear-wheel,v-12,6.0,"470hp @ 6,000rpm",6 speed automatic,"443 lb.-ft. @ 5,000rpm",,,,,,,,,,,,,48,,,,,,,,,,,
Aston Martin,Rapide,2011,,,23.9gal.,,,rear-wheel,v-12,6.0,"470hp @ 6,000rpm",6 speed automatic,"443 lb.-ft. @ 5,000rpm",,,,,,,,,,,,,48,,,,,,,,,,,
Aston Martin,Rapide,2010,,,23.9gal.,,,rear-wheel,v-12,6.0,"470hp @ 6,000rpm",6 speed automatic,"443 lb.-ft. @ 5,000rpm",,,,,,,,,,,,,48,,,,,,,,,,,
Aston Martin,Rapide S,2017,,,23.9gal.,,,rear-wheel,v-12,6.0,"552hp @ 6,650rpm",8 speed automatic,"465 lb.-ft. @ 5,500rpm",,,,,,,,,,,,,48,,,,,,,,,,,
Aston Martin,Rapide S,2016,,,23.9gal.,,,rear-wheel,v-12,6.0,"552hp @ 6,650rpm",8 speed automatic,"465 lb.-ft. @ 5,500rpm",,,,,,,,,,,,,48,,,,,,,,,,,
Aston Martin,Rapide S,2015,,,23.9gal.,,,rear-wheel,v-12,6.0,"552hp @ 6,650rpm",8 speed automatic,"465 lb.-ft. @ 5,500rpm",,,,,,,,,,,,,48,,,,,,,,,,,
Aston Martin,Rapide S,2014,,,23.9gal.,,,rear-wheel,v-12,6.0,"550hp @ 6,750rpm",6 speed automatic,"457 lb.-ft. @ 5,000rpm",,,,,,,,,,,,,48,,,,,,,,,,,
Aston Martin,V12 Vantage,2013,,,21.1gal.,,,rear-wheel,v-12,6.0,"510hp @ 6,500rpm",6 speed manual,"420 lb.-ft. @ 5,750rpm",,,,,,,,,,,,,48,,,,,,,,,,,
Aston Martin,V12 Vantage,2012,,,21.1gal.,,,rear-wheel,v-12,6.0,"510hp @ 6,500rpm",6 speed manual,"420 lb.-ft. @ 5,750rpm",,,,,,,,,,,,,48,,,,,,,,,,,
Aston Martin,V12 Vantage,2011,,,21.1gal.,,,rear-wheel,v-12,6.0,"510hp @ 6,500rpm",6 speed manual,"420 lb.-ft. @ 5,750rpm",,,,,,,,,,,,,48,,,,,,,,,,,
