make,model,year,city,highway,fuel tank capacity,total seating capacity,max cargo capacity,drive type,cylinder configuration,engine liters,horsepower,transmission,torque,abs,size,displacement,horse power,front head room,overall height,overall width,rear leg room,front leg room,overall length,rear head room,wheelbase,number of valves,number of speeds,curb weight,gross vehicle weight,towing capacity,number of doors,speakers,approach angle,ground clearance (max),ramp breakover angle,departure angle,ground clearance
BMW,M2,2019,18 mpg,26 mpg,13.7gal.,4,14 cu.ft.,rear-wheel,i-6,3.0,"405hp @ 5,230rpm",6 speed manual,"406 lb.-ft. @ 2,350rpm",4-wheel,3.0 l,182 cu.in.,405 hp,"40.1 ""","55.5 ""","73.0 ""","33.0 ""","41.5 ""","176.2 ""","36.5 ""","106.0 """,24,6,55 lbs.,,,,,,,,,
BMW,M2,2018,18 mpg,26 mpg,13.7gal.,4,14 cu.ft.,rear-wheel,i-6,3.0,"365hp @ 6,500rpm",7 speed automatic with auto-shift,"343 lb.-ft. @ 1,400rpm",4-wheel,3.0 l,182 cu.in.,365 hp,"40.1 ""","55.5 ""","73.0 ""","33.0 ""","41.5 ""","176.2 ""","36.5 ""","106.0 """,24,6,"3,450 lbs.","4,430 lbs.",,,,,,,,
BMW,M2,2017,18 mpg,26 mpg,13.7gal.,4,14 cu.ft.,rear-wheel,i-6,3.0,"365hp @ 6,500rpm",7 speed automatic with auto-shift,"343 lb.-ft. @ 1,400rpm",4-wheel,3.0 l,182 cu.in.,365 hp,"40.1 ""","55.5 ""","73.0 ""","33.0 ""","41.5 ""","176.2 ""","36.5 ""","106.0 """,24,6,"3,450 lbs.","4,430 lbs.",,,,,,,,
BMW,M2,2016,18 mpg,26 mpg,13.7gal.,4,14 cu.ft.,rear-wheel,i-6,3.0,"365hp @ 6,500rpm",7 speed automatic with auto-shift,"343 lb.-ft. @ 1,400rpm",4-wheel,3.0 l,182 cu.in.,365 hp,"40.1 ""","55.5 ""","73.0 ""","33.0 ""","41.5 ""","176.2 ""","36.5 ""","106.0 """,24,6,"3,450 lbs.","4,430 lbs.",,,,,,,,
BMW,M235,2016,20 mpg,31 mpg,13.7gal.,4,14 cu.ft.,rear-wheel,i-6,3.0,"320hp @ 5,800rpm",6 speed manual,"330 lb.-ft. @ 1,400rpm",4-wheel,3.0 l,182 cu.in.,320 hp,"40.1 ""","55.4 ""","69.8 ""","33.0 ""","41.5 ""","175.9 ""","36.5 ""","105.9 """,24,8,"3,535 lbs.","4,365 lbs.",,,,,,,,
BMW,M235,2015,21 mpg,32 mpg,13.7gal.,4,14 cu.ft.,rear-wheel,i-6,3.0,"320hp @ 5,800rpm",6 speed manual,"330 lb.-ft. @ 1,400rpm",4-wheel,3.0 l,182 cu.in.,320 hp,"40.1 ""","55.4 ""","69.8 ""","33.0 ""","41.5 ""","175.9 ""","36.5 ""","105.9 """,24,8,"3,535 lbs.","4,365 lbs.",,,,,,,,
BMW,M235,2014,,,13.7gal.,,,rear-wheel,i-6,3.0,"320hp @ 5,800rpm",8 speed automatic,"330 lb.-ft. @ 1,400rpm",,,,,,,,,,,,,24,,,,,,,,,,,
BMW,M3,2018,17 mpg,25 mpg,15.9gal.,5,12 cu.ft.,rear-wheel,i-6,3.0,"444hp @ 5,500rpm",7 speed automatic with auto-shift,"406 lb.-ft. @ 1,850rpm",4-wheel,3.0 l,182 cu.in.,425 hp,"40.3 ""","56.1 ""","73.9 ""","35.1 ""","42.0 ""","184.5 ""","37.7 ""","110.7 """,24,6,"3,540 lbs.","4,630 lbs.",,,,,,,,
BMW,M3,2017,17 mpg,26 mpg,15.9gal.,5,12 cu.ft.,rear-wheel,i-6,3.0,"444hp @ 5,500rpm",7 speed automatic with auto-shift,"406 lb.-ft. @ 1,850rpm",4-wheel,3.0 l,182 cu.in.,425 hp,"40.3 ""","56.1 ""","73.9 ""","35.1 ""","42.0 ""","184.5 ""","37.7 ""","110.7 """,24,6,"3,540 lbs.","4,630 lbs.",,,,,,,,
BMW,M3,2016,17 mpg,26 mpg,15.9gal.,5,12 cu.ft.,rear-wheel,i-6,3.0,"444hp @ 5,500rpm",7 speed automatic with auto-shift,"406 lb.-ft. @ 1,850rpm",4-wheel,3.0 l,182 cu.in.,425 hp,"40.3 ""","56.1 ""","73.9 ""","35.1 ""","42.0 ""","184.5 ""","37.7 ""","110.7 """,24,6,"3,540 lbs.","4,630 lbs.",,,,,,,,
BMW,M3,2015,17 mpg,26 mpg,15.9gal.,5,12 cu.ft.,rear-wheel,i-6,3.0,"425hp @ 5,500rpm",7 speed automatic with auto-shift,"406 lb.-ft. @ 1,850rpm",4-wheel,3.0 l,182 cu.in.,425 hp,"40.3 ""","56.1 ""","73.9 ""","35.1 ""","42.0 ""","184.5 ""","37.7 ""","110.7 """,24,6,"3,540 lbs.","4,630 lbs.",,,,,,,,
BMW,M3,2013,,,16.6gal.,,,rear-wheel,v-8,4.0,"414hp @ 8,300rpm",7 speed automatic with auto-shift,"295 lb.-ft. @ 3,900rpm",,,,,,,,,,,,,32,,,,,,,,,,,
BMW,M3,2012,,,16.6gal.,,,rear-wheel,v-8,4.0,"414hp @ 8,300rpm",7 speed automatic with auto-shift,"295 lb.-ft. @ 3,900rpm",,,,,,,,,,,,,32,,,,,,,,,,,
BMW,M3,2011,,,16.6gal.,,,rear-wheel,v-8,4.0,"414hp @ 8,300rpm",7 speed automatic with auto-shift,"295 lb.-ft. @ 3,900rpm",,,,,,,,,,,,,32,,,,,,,,,,,
BMW,M3,2010,,,16.6gal.,,,rear-wheel,v-8,4.0,"414hp @ 8,300rpm",7 speed automatic with auto-shift,"295 lb.-ft. @ 3,900rpm",,,,,,,,,,,,,32,,,,,,,,,,,
BMW,M3,2009,,,16.6gal.,,,rear-wheel,v-8,4.0,"414hp @ 8,300rpm",7 speed automatic with auto-shift,"295 lb.-ft. @ 3,900rpm",,,,,,,,,,,,,32,,,,,,,,,,,
BMW,M3,2008,,,16.6gal.,,,rear-wheel,v-8,4.0,"414hp @ 8,300rpm",7 speed automatic with auto-shift,"295 lb.-ft. @ 3,900rpm",,,,,,,,,,,,,32,,,,,,,,,,,
BMW,M3,2006,,,16.6gal.,,,rear-wheel,i-6,3.2,"333hp @ 7,900rpm",6 speed automatic with auto-shift,"262 lb.-ft. @ 4,900rpm",,,,,,,,,,,,,24,,,,,,,,,,,
BMW,M3,2005,,,16.6gal.,,,rear-wheel,i-6,3.2,"333hp @ 7,900rpm",6 speed automatic with auto-shift,"262 lb.-ft. @ 4,900rpm",,,,,,,,,,,,,24,,,,,,,,,,,
BMW,M3,2004,,,16.6gal.,,,rear-wheel,i-6,3.2,"333hp @ 7,900rpm",6 speed manual,"262 lb.-ft. @ 4,900rpm",,,,,,,,,,,,,24,,,,,,,,,,,
BMW,M3,2003,,,16.6gal.,,,rear-wheel,i-6,3.2,"333hp @ 7,900rpm",6 speed automatic with auto-shift,"262 lb.-ft. @ 4,900rpm",,,,,,,,,,,,,24,,,,,,,,,,,
BMW,M3,2002,,,16.6gal.,,,rear-wheel,i-6,3.2,"333hp @ 7,900rpm",6 speed automatic with auto-shift,"262 lb.-ft. @ 4,900rpm",,,,,,,,,,,,,24,,,,,,,,,,,
BMW,M3,2001,,,16.6gal.,,,rear-wheel,i-6,3.2,"333hp @ 7,900rpm",6 speed manual,"262 lb.-ft. @ 4,900rpm",,,,,,,,,,,,,24,,,,,,,,,,,
BMW,M3,1999,,,16.4gal.,,,rear-wheel,i-6,3.2,"240hp @ 6,000rpm",5 speed manual,"236 lb.-ft. @ 3,800rpm",,,,,,,,,,,,,24,,,,,,,,,,,
BMW,M4,2019,17 mpg,25 mpg,15.9gal.,4,11 cu.ft.,rear-wheel,i-6,3.0,"444hp @ 5,500rpm",7 speed automatic with auto-shift,"406 lb.-ft. @ 1,850rpm",4-wheel,3.0 l,182 cu.in.,425 hp,"39.8 ""","54.4 ""","73.6 ""","33.7 ""","42.2 ""","184.5 ""","36.1 ""","110.7 """,24,6,"3,530 lbs.","4,500 lbs.",,,,,,,,
BMW,M4,2018,17 mpg,25 mpg,15.9gal.,4,11 cu.ft.,rear-wheel,i-6,3.0,"425hp @ 5,500rpm",7 speed automatic with auto-shift,"406 lb.-ft. @ 1,850rpm",4-wheel,3.0 l,182 cu.in.,425 hp,"39.8 ""","54.4 ""","73.6 ""","33.7 ""","42.2 ""","184.5 ""","36.1 ""","110.7 """,24,6,"3,530 lbs.","4,500 lbs.",,,,,,,,
BMW,M4,2017,17 mpg,26 mpg,15.9gal.,4,11 cu.ft.,rear-wheel,i-6,3.0,"444hp @ 5,500rpm",7 speed automatic with auto-shift,"406 lb.-ft. @ 1,850rpm",4-wheel,3.0 l,182 cu.in.,425 hp,"39.8 ""","54.4 ""","73.6 ""","33.7 ""","42.2 ""","184.5 ""","36.1 ""","110.7 """,24,6,"3,530 lbs.","4,500 lbs.",,,,,,,,
BMW,M4,2016,17 mpg,26 mpg,15.9gal.,4,11 cu.ft.,rear-wheel,i-6,3.0,"444hp @ 5,500rpm",7 speed automatic with auto-shift,"406 lb.-ft. @ 1,850rpm",4-wheel,3.0 l,182 cu.in.,425 hp,"39.8 ""","54.4 ""","73.6 ""","33.7 ""","42.2 ""","184.5 ""","36.1 ""","110.7 """,24,6,"3,530 lbs.","4,500 lbs.",,,,,,,,
BMW,M4,2015,17 mpg,26 mpg,15.9gal.,4,11 cu.ft.,rear-wheel,i-6,3.0,"425hp @ 5,500rpm",7 speed automatic with auto-shift,"406 lb.-ft. @ 1,850rpm",4-wheel,3.0 l,182 cu.in.,425 hp,"39.8 ""","54.4 ""","73.6 ""","33.7 ""","42.2 ""","184.5 ""","36.1 ""","110.7 """,24,6,"3,530 lbs.","4,500 lbs.",,,,,,,,
BMW,228,2016,22 mpg,34 mpg,13.7gal.,4,14 cu.ft.,rear-wheel,i-4,2.0,"240hp @ 5,000rpm",6 speed manual,"255 lb.-ft. @ 1,250rpm",4-wheel,2.0 l,122 cu.in.,240 hp,"40.1 ""","55.8 ""","69.8 ""","33.0 ""","41.5 ""","174.7 ""","36.5 ""","105.9 """,16,6,"3,260 lbs.","4,165 lbs.",,,,,,,,
BMW,228,2015,23 mpg,36 mpg,13.7gal.,4,14 cu.ft.,rear-wheel,i-4,2.0,"240hp @ 5,000rpm",6 speed manual,"255 lb.-ft. @ 1,250rpm",4-wheel,2.0 l,122 cu.in.,240 hp,"40.1 ""","55.8 ""","69.8 ""","33.0 ""","41.5 ""","174.7 ""","36.5 ""","105.9 """,16,8,"3,300 lbs.","4,211 lbs.",,,,,,,,
BMW,228,2014,,,13.7gal.,,,rear-wheel,i-4,2.0,"240hp @ 5,000rpm",6 speed manual,"255 lb.-ft. @ 1,250rpm",,,,,,,,,,,,,16,,,,,,,,,,,
BMW,230,2019,24 mpg,35 mpg,13.7gal.,4,14 cu.ft.,rear-wheel,i-4,2.0,"248hp @ 5,200rpm",6 speed manual,"258 lb.-ft. @ 1,450rpm",4-wheel,2.0 l,122 cu.in.,248 hp,"40.1 ""","55.8 ""","69.8 ""","33.0 ""","41.5 ""","174.7 ""","36.5 ""","105.9 """,16,8,"3,373 lbs.",,,,,,,,,
BMW,230,2018,24 mpg,35 mpg,13.7gal.,4,14 cu.ft.,rear-wheel,i-4,2.0,"248hp @ 5,200rpm",6 speed manual,"258 lb.-ft. @ 1,450rpm",4-wheel,2.0 l,122 cu.in.,248 hp,"40.1 ""","55.8 ""","69.8 ""","33.0 ""","41.5 ""","174.7 ""","36.5 ""","105.9 """,16,8,"3,373 lbs.",,,,,,,,,
BMW,230,2017,24 mpg,35 mpg,13.7gal.,4,14 cu.ft.,rear-wheel,i-4,2.0,"248hp @ 5,200rpm",8 speed automatic,"258 lb.-ft. @ 1,450rpm",4-wheel,2.0 l,122 cu.in.,248 hp,"40.1 ""","55.8 ""","69.8 ""","33.0 ""","41.5 ""","174.7 ""","36.5 ""","105.9 """,16,8,,,,,,,,,,
BMW,428,2016,,,15.8gal.,,,rear-wheel,i-4,2.0,"240hp @ 5,000rpm",6 speed manual,"255 lb.-ft. @ 1,250rpm",,,,,,,,,,,,,16,,,,,,,,,,,
BMW,428,2015,23 mpg,35 mpg,15.8gal.,4,16 cu.ft.,rear-wheel,i-4,2.0,"240hp @ 5,000rpm",6 speed manual,"255 lb.-ft. @ 1,250rpm",4-wheel,2.0 l,122 cu.in.,240 hp,"39.8 ""","54.2 ""","71.9 ""","33.7 ""","42.2 ""","182.6 ""","36.1 ""","110.6 """,16,8,"3,495 lbs.","4,385 lbs.",,,,,,,,
BMW,428,2014,,,15.8gal.,,,rear-wheel,i-4,2.0,"240hp @ 5,000rpm",6 speed manual,"255 lb.-ft. @ 1,250rpm",,,,,,,,,,,,,16,,,,,,,,,,,
BMW,430,2019,24 mpg,34 mpg,15.8gal.,4,16 cu.ft.,rear-wheel,i-4,2.0,"248hp @ 5,200rpm",6 speed manual,"258 lb.-ft. @ 1,450rpm",4-wheel,2.0 l,122 cu.in.,248 hp,"39.8 ""","54.2 ""","71.9 ""","33.7 ""","42.2 ""","182.6 ""","36.1 ""","110.6 """,16,8,"3,495 lbs.","4,385 lbs.",,,,,,,,
BMW,430,2018,24 mpg,34 mpg,15.8gal.,4,16 cu.ft.,rear-wheel,i-4,2.0,"248hp @ 5,200rpm",6 speed manual,"258 lb.-ft. @ 1,450rpm",4-wheel,2.0 l,122 cu.in.,248 hp,"39.8 ""","54.2 ""","71.9 ""","33.7 ""","42.2 ""","182.6 ""","36.1 ""","110.6 """,16,8,"3,495 lbs.","4,385 lbs.",,,,,,,,
BMW,430,2017,,,15.8gal.,,,rear-wheel,i-4,2.0,"248hp @ 5,200rpm",6 speed manual,"258 lb.-ft. @ 1,450rpm",,,,,,,,,,,,,16,,,,,,,,,,,
BMW,435,2016,,,15.8gal.,,,rear-wheel,i-6,3.0,"300hp @ 5,800rpm",6 speed manual,"300 lb.-ft. @ 1,200rpm",,,,,,,,,,,,,24,,,,,,,,,,,
BMW,435,2015,21 mpg,32 mpg,15.8gal.,4,16 cu.ft.,rear-wheel,i-6,3.0,"300hp @ 5,800rpm",6 speed manual,"300 lb.-ft. @ 1,200rpm",4-wheel,3.0 l,182 cu.in.,300 hp,"39.8 ""","54.2 ""","71.9 ""","33.7 ""","42.2 ""","182.6 ""","36.1 ""","110.6 """,24,8,"3,635 lbs.","4,510 lbs.",,,,,,,,
BMW,435,2014,,,15.8gal.,,,rear-wheel,i-6,3.0,"300hp @ 5,800rpm",6 speed manual,"300 lb.-ft. @ 1,200rpm",,,,,,,,,,,,,24,,,,,,,,,,,
BMW,440,2019,21 mpg,32 mpg,15.8gal.,4,16 cu.ft.,rear-wheel,i-6,3.0,"320hp @ 5,500rpm",8 speed automatic,"330 lb.-ft. @ 1,380rpm",4-wheel,3.0 l,183 cu.in.,320 hp,"39.8 ""","54.2 ""","71.9 ""","33.7 ""","42.2 ""","182.6 ""","36.1 ""","110.6 """,24,8,"3,635 lbs.","4,510 lbs.",,,,,,,,
BMW,440,2018,21 mpg,32 mpg,15.8gal.,4,16 cu.ft.,rear-wheel,i-6,3.0,"320hp @ 5,500rpm",6 speed manual,"330 lb.-ft. @ 1,380rpm",4-wheel,3.0 l,183 cu.in.,320 hp,"39.8 ""","54.2 ""","71.9 ""","33.7 ""","42.2 ""","182.6 ""","36.1 ""","110.6 """,24,8,"3,635 lbs.","4,510 lbs.",,,,,,,,
BMW,440,2017,,,15.8gal.,,,rear-wheel,i-6,3.0,"320hp @ 5,500rpm",6 speed manual,"330 lb.-ft. @ 1,380rpm",,,,,,,,,,,,,24,,,,,,,,,,,
BMW,640,2018,20 mpg,29 mpg,18.5gal.,4,12 cu.ft.,rear-wheel,i-6,3.0,"315hp @ 5,800rpm",8 speed automatic,"330 lb.-ft. @ 1,400rpm",4-wheel,3.0 l,182 cu.in.,315 hp,"40.3 ""","53.7 ""","74.6 ""","30.5 ""","42.1 ""","192.8 ""","36.5 ""","112.4 """,24,8,"4,255 lbs.","5,115 lbs.",,,,,,,,
BMW,640,2017,,,18.5gal.,,,rear-wheel,i-6,3.0,"315hp @ 5,800rpm",8 speed automatic,"330 lb.-ft. @ 1,400rpm",,,,,,,,,,,,,24,,,,,,,,,,,
BMW,640,2016,,,18.5gal.,,,rear-wheel,i-6,3.0,"315hp @ 5,800rpm",8 speed automatic,"330 lb.-ft. @ 1,400rpm",,,,,,,,,,,,,24,,,,,,,,,,,
BMW,640,2015,21 mpg,32 mpg,18.5gal.,4,16 cu.ft.,rear-wheel,i-6,3.0,"315hp @ 5,800rpm",8 speed automatic,"330 lb.-ft. @ 1,400rpm",4-wheel,3.0 l,182 cu.in.,315 hp,"40.0 ""","53.9 ""","74.6 ""","30.5 ""","42.1 ""","192.8 ""","35.7 ""","112.4 """,24,8,"4,001 lbs.","4,828 lbs.",,,,,,,,
BMW,640,2014,,,18.5gal.,,,rear-wheel,i-6,3.0,"315hp @ 5,800rpm",8 speed automatic,"330 lb.-ft. @ 1,400rpm",,,,,,,,,,,,,24,,,,,,,,,,,
BMW,640,2013,,,18.5gal.,,,rear-wheel,i-6,3.0,"315hp @ 5,800rpm",8 speed automatic,"332 lb.-ft. @ 1,400rpm",,,,,,,,,,,,,24,,,,,,,,,,,
BMW,640,2012,,,18.5gal.,,,rear-wheel,i-6,3.0,"315hp @ 5,800rpm",8 speed automatic,"332 lb.-ft. @ 1,400rpm",,,,,,,,,,,,,24,,,,,,,,,,,
BMW,330e,2018,,,10.8gal.,5,13 cu.ft.,rear-wheel,i-4,2.0,"184hp @ 5,000rpm",8 speed automatic,"215 lb.-ft. @ 1,350rpm",4-wheel,2.0 l,122 cu.in.,184 hp,"40.3 ""","56.3 ""","71.3 ""","35.1 ""","42.0 ""","182.4 ""","37.7 ""","110.6 """,16,8,"3,915 lbs.","4,839 lbs.",,,,,,,,
BMW,330e,2017,,,10.8gal.,,,rear-wheel,i-4,2.0,"184hp @ 5,000rpm",8 speed automatic,"215 lb.-ft. @ 1,350rpm",,,,,,,,,,,,,16,,,,,,,,,,,
BMW,330e,2016,,,10.8gal.,,,rear-wheel,i-4,2.0,"184hp @ 5,000rpm",8 speed automatic,"215 lb.-ft. @ 1,350rpm",,,,,,,,,,,,,16,,,,,,,,,,,
BMW,530e,2019,,,12.1gal.,5,14 cu.ft.,all-wheel drive,i-4,2.0,"180hp @ 4,000rpm",8 speed automatic,"255 lb.-ft. @ 1,800rpm",4-wheel,2.0 l,122 cu.in.,180 hp,"38.8 ""","58.4 ""","73.5 ""","36.5 ""","41.4 ""","194.6 ""","37.5 ""","117.1 """,16,8,"4,385 lbs.",,,,,,,,,
BMW,530e,2018,,,12.1gal.,5,14 cu.ft.,all-wheel drive,i-4,2.0,"180hp @ 4,000rpm",8 speed automatic,"255 lb.-ft. @ 1,800rpm",4-wheel,2.0 l,122 cu.in.,180 hp,"38.8 ""","58.4 ""","73.5 ""","36.5 ""","41.4 ""","194.6 ""","37.5 ""","117.1 """,16,8,"4,385 lbs.",,,,,,,,,
BMW,740e,2019,,,12.1gal.,5,15 cu.ft.,all-wheel drive,i-4,2.0,"255hp @ 5,000rpm",8 speed automatic,"295 lb.-ft. @ 1,550rpm",4-wheel,2.0 l,122 cu.in.,255 hp,"39.9 ""","58.2 ""","74.9 ""","44.4 ""","41.4 ""","206.6 ""","38.9 ""","126.4 """,16,8,"4,740 lbs.","5,853 lbs.",,,,,,,,
BMW,740e,2018,,,12.1gal.,5,15 cu.ft.,all-wheel drive,i-4,2.0,"255hp @ 5,000rpm",8 speed automatic,"295 lb.-ft. @ 1,550rpm",4-wheel,2.0 l,122 cu.in.,255 hp,"39.9 ""","58.2 ""","74.9 ""","44.4 ""","41.4 ""","206.6 ""","38.9 ""","126.4 """,16,8,"4,740 lbs.","5,853 lbs.",,,,,,,,
BMW,740e,2017,,,12.1gal.,5,15 cu.ft.,all-wheel drive,i-4,2.0,"255hp @ 5,000rpm",8 speed automatic,"295 lb.-ft. @ 1,550rpm",4-wheel,2.0 l,122 cu.in.,255 hp,"39.9 ""","58.2 ""","74.9 ""","44.4 ""","41.4 ""","206.6 ""","38.9 ""","126.4 """,16,8,"4,740 lbs.","5,853 lbs.",,,,,,,,
BMW,ActiveHybrid 3,2015,25 mpg,33 mpg,15.0gal.,5,10 cu.ft.,rear-wheel,i-6,3.0,"300hp @ 5,800rpm",8 speed automatic,"300 lb.-ft. @ 1,200rpm",4-wheel,3.0 l,182 cu.in.,300 hp,"40.3 ""","56.3 ""","71.3 ""","35.1 ""","42.0 ""","182.5 ""","37.7 ""","110.6 """,24,8,"3,825 lbs.","4,815 lbs.",,,,,,,,
BMW,ActiveHybrid 3,2014,,,15.0gal.,,,rear-wheel,i-6,3.0,"300hp @ 5,800rpm",8 speed automatic,"300 lb.-ft. @ 1,200rpm",,,,,,,,,,,,,24,,,,,,,,,,,
BMW,ActiveHybrid 3,2013,,,15.8gal.,,,rear-wheel,i-6,3.0,"300hp @ 5,800rpm",8 speed automatic,"300 lb.-ft. @ 1,200rpm",,,,,,,,,,,,,24,,,,,,,,,,,
BMW,ActiveHybrid 5,2016,,,17.7gal.,,,rear-wheel,i-6,3.0,"300hp @ 5,800rpm",8 speed automatic,"300 lb.-ft. @ 1,200rpm",,,,,,,,,,,,,24,,,,,,,,,,,
BMW,ActiveHybrid 5,2015,23 mpg,30 mpg,17.7gal.,5,13 cu.ft.,rear-wheel,i-6,3.0,"300hp @ 5,800rpm",8 speed automatic,"300 lb.-ft. @ 1,200rpm",4-wheel,3.0 l,182 cu.in.,300 hp,"40.5 ""","57.6 ""","73.2 ""","35.3 ""","41.4 ""","193.4 ""","38.3 ""","116.9 """,24,8,"4,365 lbs.","5,324 lbs.",,,,,,,,
BMW,ActiveHybrid 5,2014,,,17.7gal.,,,rear-wheel,i-6,3.0,"300hp @ 5,800rpm",8 speed automatic,"300 lb.-ft. @ 1,200rpm",,,,,,,,,,,,,24,,,,,,,,,,,
BMW,ActiveHybrid 5,2013,,,17.7gal.,,,rear-wheel,i-6,3.0,"300hp @ 5,800rpm",8 speed automatic,"300 lb.-ft. @ 1,200rpm",,,,,,,,,,,,,24,,,,,,,,,,,
BMW,ActiveHybrid 5,2012,,,17.7gal.,,,rear-wheel,i-6,3.0,"300hp @ 5,800rpm",8 speed automatic,"300 lb.-ft. @ 1,200rpm",,,,,,,,,,,,,24,,,,,,,,,,,
BMW,128,2013,,,14.0gal.,,,rear-wheel,i-6,3.0,"230hp @ 6,500rpm",6 speed automatic,"200 lb.-ft. @ 2,750rpm",,,,,,,,,,,,,24,,,,,,,,,,,
BMW,128,2012,,,14.0gal.,,,rear-wheel,i-6,3.0,"230hp @ 6,500rpm",6 speed automatic,"200 lb.-ft. @ 2,750rpm",,,,,,,,,,,,,24,,,,,,,,,,,
BMW,128,2011,,,14.0gal.,,,rear-wheel,i-6,3.0,"230hp @ 6,500rpm",6 speed automatic,"200 lb.-ft. @ 2,750rpm",,,,,,,,,,,,,24,,,,,,,,,,,
BMW,128,2010,,,14.0gal.,,,rear-wheel,i-6,3.0,"230hp @ 6,500rpm",6 speed automatic,"200 lb.-ft. @ 2,750rpm",,,,,,,,,,,,,24,,,,,,,,,,,
BMW,128,2009,,,14.0gal.,,,rear-wheel,i-6,3.0,"230hp @ 6,500rpm",6 speed automatic,"200 lb.-ft. @ 2,750rpm",,,,,,,,,,,,,24,,,,,,,,,,,
BMW,128,2008,,,14.0gal.,,,rear-wheel,i-6,3.0,"230hp @ 6,500rpm",6 speed automatic,"200 lb.-ft. @ 2,750rpm",,,,,,,,,,,,,24,,,,,,,,,,,
BMW,135,2013,,,14.0gal.,,,rear-wheel,i-6,3.0,"300hp @ 5,800rpm",7 speed automatic with auto-shift,"300 lb.-ft. @ 1,200rpm",,,,,,,,,,,,,24,,,,,,,,,,,
BMW,135,2012,,,14.0gal.,,,rear-wheel,i-6,3.0,"300hp @ 5,800rpm",7 speed automatic with auto-shift,"300 lb.-ft. @ 1,200rpm",,,,,,,,,,,,,24,,,,,,,,,,,
BMW,135,2011,,,14.0gal.,,,rear-wheel,i-6,3.0,"300hp @ 5,800rpm",7 speed automatic with auto-shift,"300 lb.-ft. @ 1,200rpm",,,,,,,,,,,,,24,,,,,,,,,,,
BMW,135,2010,,,14.0gal.,,,rear-wheel,i-6,3.0,"300hp @ 5,800rpm",6 speed automatic,"300 lb.-ft. @ 1,400rpm",,,,,,,,,,,,,24,,,,,,,,,,,
BMW,135,2009,,,14.0gal.,,,rear-wheel,i-6,3.0,"300hp @ 5,800rpm",6 speed automatic,"300 lb.-ft. @ 1,400rpm",,,,,,,,,,,,,24,,,,,,,,,,,
BMW,135,2008,,,14.0gal.,,,rear-wheel,i-6,3.0,"300hp @ 5,800rpm",6 speed automatic,"300 lb.-ft. @ 1,400rpm",,,,,,,,,,,,,24,,,,,,,,,,,
BMW,228,2016,22 mpg,34 mpg,13.7gal.,4,14 cu.ft.,rear-wheel,i-4,2.0,"240hp @ 5,000rpm",6 speed manual,"255 lb.-ft. @ 1,250rpm",4-wheel,2.0 l,122 cu.in.,240 hp,"40.1 ""","55.8 ""","69.8 ""","33.0 ""","41.5 ""","174.7 ""","36.5 ""","105.9 """,16,6,"3,260 lbs.","4,165 lbs.",,,,,,,,
BMW,228,2015,23 mpg,36 mpg,13.7gal.,4,14 cu.ft.,rear-wheel,i-4,2.0,"240hp @ 5,000rpm",6 speed manual,"255 lb.-ft. @ 1,250rpm",4-wheel,2.0 l,122 cu.in.,240 hp,"40.1 ""","55.8 ""","69.8 ""","33.0 ""","41.5 ""","174.7 ""","36.5 ""","105.9 """,16,8,"3,300 lbs.","4,211 lbs.",,,,,,,,
BMW,228,2014,,,13.7gal.,,,rear-wheel,i-4,2.0,"240hp @ 5,000rpm",6 speed manual,"255 lb.-ft. @ 1,250rpm",,,,,,,,,,,,,16,,,,,,,,,,,
BMW,230,2019,24 mpg,35 mpg,13.7gal.,4,14 cu.ft.,rear-wheel,i-4,2.0,"248hp @ 5,200rpm",6 speed manual,"258 lb.-ft. @ 1,450rpm",4-wheel,2.0 l,122 cu.in.,248 hp,"40.1 ""","55.8 ""","69.8 ""","33.0 ""","41.5 ""","174.7 ""","36.5 ""","105.9 """,16,8,"3,373 lbs.",,,,,,,,,
BMW,230,2018,24 mpg,35 mpg,13.7gal.,4,14 cu.ft.,rear-wheel,i-4,2.0,"248hp @ 5,200rpm",6 speed manual,"258 lb.-ft. @ 1,450rpm",4-wheel,2.0 l,122 cu.in.,248 hp,"40.1 ""","55.8 ""","69.8 ""","33.0 ""","41.5 ""","174.7 ""","36.5 ""","105.9 """,16,8,"3,373 lbs.",,,,,,,,,
BMW,230,2017,24 mpg,35 mpg,13.7gal.,4,14 cu.ft.,rear-wheel,i-4,2.0,"248hp @ 5,200rpm",8 speed automatic,"258 lb.-ft. @ 1,450rpm",4-wheel,2.0 l,122 cu.in.,248 hp,"40.1 ""","55.8 ""","69.8 ""","33.0 ""","41.5 ""","174.7 ""","36.5 ""","105.9 """,16,8,,,,,,,,,,
BMW,318,1999,,,14.5gal.,,,rear-wheel,i-4,1.9,"138hp @ 6,000rpm",5 speed manual,"133 lb.-ft. @ 4,300rpm",,,,,,,,,,,,,16,,,,,,,,,,,
BMW,320,2018,24 mpg,35 mpg,15.8gal.,5,13 cu.ft.,rear-wheel,i-4,2.0,"180hp @ 5,000rpm",6 speed manual,"200 lb.-ft. @ 1,250rpm",4-wheel,2.0 l,122 cu.in.,180 hp,"40.3 ""","56.3 ""","71.3 ""","35.1 ""","42.0 ""","182.5 ""","37.7 ""","110.6 """,16,8,"3,295 lbs.","4,340 lbs.",,,,,,,,
BMW,320,2017,,,15.8gal.,,,rear-wheel,i-4,2.0,"180hp @ 5,000rpm",6 speed manual,"200 lb.-ft. @ 1,250rpm",,,,,,,,,,,,,16,,,,,,,,,,,
BMW,320,2016,,,15.8gal.,,,rear-wheel,i-4,2.0,"180hp @ 5,000rpm",6 speed manual,"200 lb.-ft. @ 1,250rpm",,,,,,,,,,,,,16,,,,,,,,,,,
BMW,320,2015,24 mpg,36 mpg,15.8gal.,5,13 cu.ft.,rear-wheel,i-4,2.0,"180hp @ 5,000rpm",6 speed manual,"200 lb.-ft. @ 1,250rpm",4-wheel,2.0 l,122 cu.in.,180 hp,"40.3 ""","56.3 ""","71.3 ""","35.1 ""","42.0 ""","182.5 ""","37.7 ""","110.6 """,16,8,"3,295 lbs.","4,340 lbs.",,,,,,,,
BMW,320,2014,,,15.8gal.,,,rear-wheel,i-4,2.0,"180hp @ 5,000rpm",6 speed manual,"200 lb.-ft. @ 1,250rpm",,,,,,,,,,,,,16,,,,,,,,,,,
BMW,320,2013,,,15.8gal.,,,rear-wheel,i-4,2.0,"180hp @ 5,000rpm",8 speed automatic,"200 lb.-ft. @ 1,250rpm",,,,,,,,,,,,,16,,,,,,,,,,,
BMW,323,2000,,,16.6gal.,,,rear-wheel,i-6,2.5,"170hp @ 5,500rpm",5 speed automatic,"181 lb.-ft. @ 3,500rpm",,,,,,,,,,,,,24,,,,,,,,,,,
BMW,323,1999,,,16.6gal.,,,rear-wheel,i-6,2.5,"170hp @ 5,500rpm",5 speed automatic,"181 lb.-ft. @ 3,500rpm",,,,,,,,,,,,,24,,,,,,,,,,,
BMW,325,2006,,,15.9gal.,,,rear-wheel,i-6,3.0,"215hp @ 6,250rpm",6 speed automatic,"185 lb.-ft. @ 2,750rpm",,,,,,,,,,,,,24,,,,,,,,,,,
BMW,325,2005,,,16.6gal.,,,rear-wheel,i-6,2.5,"184hp @ 6,000rpm",5 speed automatic,"175 lb.-ft. @ 3,500rpm",,,,,,,,,,,,,24,,,,,,,,,,,
BMW,325,2004,,,16.6gal.,,,rear-wheel,i-6,2.5,"184hp @ 6,000rpm",6 speed automatic with auto-shift,"175 lb.-ft. @ 3,500rpm",,,,,,,,,,,,,24,,,,,,,,,,,
BMW,325,2003,,,16.6gal.,,,rear-wheel,i-6,2.5,"184hp @ 6,000rpm",5 speed automatic,"175 lb.-ft. @ 3,500rpm",,,,,,,,,,,,,24,,,,,,,,,,,
BMW,325,2002,,,16.6gal.,,,rear-wheel,i-6,2.5,"184hp @ 6,000rpm",5 speed automatic,"175 lb.-ft. @ 3,500rpm",,,,,,,,,,,,,24,,,,,,,,,,,
BMW,325,2001,,,16.6gal.,,,rear-wheel,i-6,2.5,"184hp @ 6,000rpm",5 speed automatic,"175 lb.-ft. @ 3,500rpm",,,,,,,,,,,,,24,,,,,,,,,,,
BMW,328,2016,,,15.8gal.,,,rear-wheel,i-4,2.0,"240hp @ 5,000rpm",6 speed manual,"255 lb.-ft. @ 1,250rpm",,,,,,,,,,,,,16,,,,,,,,,,,
BMW,328,2015,22 mpg,33 mpg,15.8gal.,5,53 cu.ft.,all-wheel drive,i-4,2.0,"240hp @ 5,000rpm",8 speed automatic,"255 lb.-ft. @ 1,250rpm",4-wheel,2.0 l,122 cu.in.,240 hp,"40.4 ""","56.5 ""","71.5 ""","35.0 ""","42.0 ""","178.6 ""","38.3 ""","108.7 """,16,8,"3,780 lbs.","4,760 lbs.",,,,,,,,
BMW,328,2014,,,15.8gal.,,,all-wheel drive,i-4,2.0,"240hp @ 5,000rpm",8 speed automatic,"255 lb.-ft. @ 1,250rpm",,,,,,,,,,,,,16,,,,,,,,,,,
BMW,328,2013,,,16.1gal.,,,rear-wheel,i-6,3.0,"230hp @ 6,500rpm",6 speed automatic,"200 lb.-ft. @ 2,750rpm",,,,,,,,,,,,,24,,,,,,,,,,,
BMW,328,2012,,,16.1gal.,,,rear-wheel,i-6,3.0,"230hp @ 6,500rpm",6 speed automatic,"200 lb.-ft. @ 2,750rpm",,,,,,,,,,,,,24,,,,,,,,,,,
BMW,328,2011,,,16.1gal.,,,rear-wheel,i-6,3.0,"230hp @ 6,500rpm",6 speed automatic,"200 lb.-ft. @ 2,750rpm",,,,,,,,,,,,,24,,,,,,,,,,,
BMW,328,2010,,,16.1gal.,,,rear-wheel,i-6,3.0,"230hp @ 6,500rpm",6 speed automatic,"200 lb.-ft. @ 2,750rpm",,,,,,,,,,,,,24,,,,,,,,,,,
BMW,328,2009,,,16.1gal.,,,rear-wheel,i-6,3.0,"230hp @ 6,500rpm",6 speed automatic,"200 lb.-ft. @ 2,750rpm",,,,,,,,,,,,,24,,,,,,,,,,,
BMW,328,2008,,,16.1gal.,,,rear-wheel,i-6,3.0,"230hp @ 6,500rpm",6 speed automatic,"200 lb.-ft. @ 2,750rpm",,,,,,,,,,,,,24,,,,,,,,,,,
BMW,328,2007,,,16.1gal.,,,rear-wheel,i-6,3.0,"230hp @ 6,500rpm",6 speed automatic,"200 lb.-ft. @ 2,750rpm",,,,,,,,,,,,,24,,,,,,,,,,,
BMW,328,2000,,,16.6gal.,,,rear-wheel,i-6,2.8,"193hp @ 5,500rpm",5 speed automatic,"206 lb.-ft. @ 3,500rpm",,,,,,,,,,,,,24,,,,,,,,,,,
BMW,328,1999,,,16.6gal.,,,rear-wheel,i-6,2.8,"193hp @ 5,500rpm",5 speed automatic,"206 lb.-ft. @ 3,500rpm",,,,,,,,,,,,,24,,,,,,,,,,,
BMW,328 Gran Turismo,2016,,,15.8gal.,,,all-wheel drive,i-4,2.0,"240hp @ 5,000rpm",8 speed automatic,"255 lb.-ft. @ 1,250rpm",,,,,,,,,,,,,16,,,,,,,,,,,
BMW,328 Gran Turismo,2015,22 mpg,33 mpg,15.8gal.,5,57 cu.ft.,all-wheel drive,i-4,2.0,"240hp @ 5,000rpm",8 speed automatic,"255 lb.-ft. @ 1,250rpm",4-wheel,2.0 l,122 cu.in.,240 hp,"41.3 ""","59.4 ""","72.0 ""","39.2 ""","42.0 ""","190.0 ""","38.3 ""","115.0 """,16,8,"3,915 lbs.","4,915 lbs.",,,,,,,,
BMW,328 Gran Turismo,2014,,,15.8gal.,,,all-wheel drive,i-4,2.0,"240hp @ 5,000rpm",8 speed automatic,"255 lb.-ft. @ 1,250rpm",,,,,,,,,,,,,16,,,,,,,,,,,
BMW,328d,2018,31 mpg,43 mpg,15.0gal.,5,13 cu.ft.,rear-wheel,i-4,2.0,"180hp @ 4,000rpm",8 speed automatic,"280 lb.-ft. @ 1,750rpm",4-wheel,2.0 l,122 cu.in.,180 hp,"40.3 ""","56.3 ""","71.3 ""","35.1 ""","42.0 ""","182.5 ""","37.7 ""","110.6 """,16,8,"3,460 lbs.","4,365 lbs.",,,,,,,,
BMW,328d,2017,,,15.0gal.,,,rear-wheel,i-4,2.0,"180hp @ 4,000rpm",8 speed automatic,"280 lb.-ft. @ 1,750rpm",,,,,,,,,,,,,16,,,,,,,,,,,
BMW,328d,2016,,,15.0gal.,,,rear-wheel,i-4,2.0,"180hp @ 4,000rpm",8 speed automatic,"280 lb.-ft. @ 1,750rpm",,,,,,,,,,,,,16,,,,,,,,,,,
BMW,328d,2015,31 mpg,43 mpg,15.0gal.,5,53 cu.ft.,all-wheel drive,i-4,2.0,"180hp @ 4,000rpm",8 speed automatic,"280 lb.-ft. @ 1,750rpm",4-wheel,2.0 l,122 cu.in.,180 hp,"40.4 ""","56.3 ""","71.5 ""","35.0 ""","42.0 ""","178.6 ""","38.3 ""","108.7 """,16,8,"3,790 lbs.","4,705 lbs.",,,,,,,,
BMW,328d,2014,,,15.0gal.,,,rear-wheel,i-4,2.0,"180hp @ 4,000rpm",8 speed automatic,"280 lb.-ft. @ 1,750rpm",,,,,,,,,,,,,16,,,,,,,,,,,
BMW,330,2019,23 mpg,33 mpg,15.8gal.,5,53 cu.ft.,all-wheel drive,i-4,2.0,"248hp @ 5,200rpm",8 speed automatic,"258 lb.-ft. @ 1,450rpm",4-wheel,2.0 l,122 cu.in.,248 hp,"40.4 ""","56.5 ""","71.5 ""","35.0 ""","42.0 ""","178.6 ""","38.3 ""","108.7 """,16,8,"3,780 lbs.","4,760 lbs.",,,,,,,,
BMW,330,2018,24 mpg,34 mpg,15.8gal.,5,13 cu.ft.,rear-wheel,i-4,2.0,"248hp @ 5,200rpm",6 speed manual,"258 lb.-ft. @ 1,450rpm",4-wheel,2.0 l,122 cu.in.,248 hp,"40.3 ""","56.3 ""","71.3 ""","35.1 ""","42.0 ""","182.5 ""","37.7 ""","110.6 """,16,8,"3,410 lbs.","4,420 lbs.",,,,,,,,
BMW,330,2017,,,15.8gal.,,,rear-wheel,i-4,2.0,"248hp @ 5,200rpm",6 speed manual,"258 lb.-ft. @ 1,450rpm",,,,,,,,,,,,,16,,,,,,,,,,,
BMW,330,2006,,,15.9gal.,,,rear-wheel,i-6,3.0,"255hp @ 6,600rpm",6 speed automatic with auto-shift,"220 lb.-ft. @ 2,750rpm",,,,,,,,,,,,,24,,,,,,,,,,,
BMW,330,2005,,,16.6gal.,,,rear-wheel,i-6,3.0,"235hp @ 5,900rpm",6 speed automatic with auto-shift,"222 lb.-ft. @ 3,500rpm",,,,,,,,,,,,,24,,,,,,,,,,,
BMW,330,2004,,,16.6gal.,,,rear-wheel,i-6,3.0,"235hp @ 5,900rpm",6 speed automatic with auto-shift,"222 lb.-ft. @ 3,500rpm",,,,,,,,,,,,,24,,,,,,,,,,,
BMW,330,2003,,,16.6gal.,,,rear-wheel,i-6,3.0,"225hp @ 5,900rpm",5 speed automatic,"214 lb.-ft. @ 3,500rpm",,,,,,,,,,,,,24,,,,,,,,,,,
BMW,330,2002,,,16.6gal.,,,rear-wheel,i-6,3.0,"225hp @ 5,900rpm",5 speed automatic,"214 lb.-ft. @ 3,500rpm",,,,,,,,,,,,,24,,,,,,,,,,,
BMW,330,2001,,,16.6gal.,,,rear-wheel,i-6,3.0,"225hp @ 5,900rpm",5 speed automatic,"214 lb.-ft. @ 3,500rpm",,,,,,,,,,,,,24,,,,,,,,,,,
BMW,330 Gran Turismo,2019,23 mpg,33 mpg,15.8gal.,5,57 cu.ft.,all-wheel drive,i-4,2.0,"248hp @ 5,200rpm",8 speed automatic,"258 lb.-ft. @ 1,450rpm",4-wheel,2.0 l,122 cu.in.,248 hp,"41.3 ""","59.4 ""","72.0 ""","39.2 ""","42.0 ""","190.0 ""","38.3 ""","115.0 """,16,8,"3,915 lbs.","4,915 lbs.",,,,,,,,
BMW,330 Gran Turismo,2018,23 mpg,33 mpg,15.8gal.,5,57 cu.ft.,all-wheel drive,i-4,2.0,"248hp @ 5,200rpm",8 speed automatic,"258 lb.-ft. @ 1,450rpm",4-wheel,2.0 l,122 cu.in.,248 hp,"41.3 ""","59.4 ""","72.0 ""","39.2 ""","42.0 ""","190.0 ""","38.3 ""","115.0 """,16,8,"3,915 lbs.","4,915 lbs.",,,,,,,,
BMW,330 Gran Turismo,2017,,,15.8gal.,,,all-wheel drive,i-4,2.0,"248hp @ 5,200rpm",8 speed automatic,"258 lb.-ft. @ 1,450rpm",,,,,,,,,,,,,16,,,,,,,,,,,
BMW,335,2015,21 mpg,32 mpg,15.8gal.,5,13 cu.ft.,rear-wheel,i-6,3.0,"300hp @ 5,800rpm",8 speed automatic,"300 lb.-ft. @ 1,200rpm",4-wheel,3.0 l,182 cu.in.,300 hp,"40.3 ""","56.3 ""","71.3 ""","35.1 ""","42.0 ""","182.5 ""","37.7 ""","110.6 """,24,8,"3,555 lbs.","4,565 lbs.",,,,,,,,
BMW,335,2014,,,15.8gal.,,,rear-wheel,i-6,3.0,"300hp @ 5,800rpm",8 speed automatic,"300 lb.-ft. @ 1,200rpm",,,,,,,,,,,,,24,,,,,,,,,,,
BMW,335,2013,,,16.1gal.,,,rear-wheel,i-6,3.0,"300hp @ 5,800rpm",6 speed automatic,"300 lb.-ft. @ 1,200rpm",,,,,,,,,,,,,24,,,,,,,,,,,
BMW,335,2012,,,16.1gal.,,,rear-wheel,i-6,3.0,"300hp @ 5,800rpm",6 speed automatic,"300 lb.-ft. @ 1,200rpm",,,,,,,,,,,,,24,,,,,,,,,,,
BMW,335,2011,,,16.1gal.,,,rear-wheel,i-6,3.0,"300hp @ 5,800rpm",6 speed automatic,"300 lb.-ft. @ 1,200rpm",,,,,,,,,,,,,24,,,,,,,,,,,
BMW,335,2010,,,16.1gal.,,,rear-wheel,i-6,3.0,"300hp @ 5,800rpm",6 speed automatic,"300 lb.-ft. @ 1,400rpm",,,,,,,,,,,,,24,,,,,,,,,,,
BMW,335,2009,,,16.1gal.,,,rear-wheel,i-6,3.0,"300hp @ 5,800rpm",6 speed automatic,"300 lb.-ft. @ 1,400rpm",,,,,,,,,,,,,24,,,,,,,,,,,
BMW,335,2008,,,16.1gal.,,,rear-wheel,i-6,3.0,"300hp @ 5,800rpm",6 speed automatic,"300 lb.-ft. @ 1,400rpm",,,,,,,,,,,,,24,,,,,,,,,,,
BMW,335,2007,,,16.1gal.,,,rear-wheel,i-6,3.0,"300hp @ 5,800rpm",6 speed automatic,"300 lb.-ft. @ 1,400rpm",,,,,,,,,,,,,24,,,,,,,,,,,
BMW,335 Gran Turismo,2016,,,15.8gal.,,,all-wheel drive,i-6,3.0,"300hp @ 5,800rpm",8 speed automatic,"300 lb.-ft. @ 1,200rpm",,,,,,,,,,,,,24,,,,,,,,,,,
BMW,335 Gran Turismo,2015,20 mpg,30 mpg,15.8gal.,5,57 cu.ft.,all-wheel drive,i-6,3.0,"300hp @ 5,800rpm",8 speed automatic,"300 lb.-ft. @ 1,200rpm",4-wheel,3.0 l,182 cu.in.,300 hp,"41.3 ""","59.4 ""","72.0 ""","39.2 ""","42.0 ""","190.0 ""","38.3 ""","115.0 """,24,8,"4,010 lbs.","5,035 lbs.",,,,,,,,
BMW,335 Gran Turismo,2014,,,15.8gal.,,,all-wheel drive,i-6,3.0,"300hp @ 5,800rpm",8 speed automatic,"300 lb.-ft. @ 1,200rpm",,,,,,,,,,,,,24,,,,,,,,,,,
BMW,335d,2011,,,16.1gal.,,,rear-wheel,i-6,3.0,"265hp @ 4,200rpm",6 speed manual,"425 lb.-ft. @ 1,750rpm",,,,,,,,,,,,,24,,,,,,,,,,,
BMW,335d,2010,,,16.1gal.,,,rear-wheel,i-6,3.0,"265hp @ 4,200rpm",6 speed automatic,"425 lb.-ft. @ 1,750rpm",,,,,,,,,,,,,24,,,,,,,,,,,
BMW,335d,2009,,,16.1gal.,,,rear-wheel,i-6,3.0,"265hp @ 4,200rpm",6 speed automatic,"425 lb.-ft. @ 1,750rpm",,,,,,,,,,,,,24,,,,,,,,,,,
BMW,340,2018,21 mpg,32 mpg,15.8gal.,5,13 cu.ft.,rear-wheel,i-6,3.0,"320hp @ 5,500rpm",6 speed manual,"330 lb.-ft. @ 1,380rpm",4-wheel,3.0 l,183 cu.in.,320 hp,"40.3 ""","56.3 ""","71.3 ""","35.1 ""","42.0 ""","182.5 ""","37.7 ""","110.6 """,24,8,"3,555 lbs.","4,565 lbs.",,,,,,,,
BMW,340,2017,,,15.8gal.,,,rear-wheel,i-6,3.0,"320hp @ 5,500rpm",6 speed manual,"330 lb.-ft. @ 1,380rpm",,,,,,,,,,,,,24,,,,,,,,,,,
BMW,340,2016,,,15.8gal.,,,rear-wheel,i-6,3.0,"320hp @ 5,500rpm",6 speed manual,"330 lb.-ft. @ 1,380rpm",,,,,,,,,,,,,24,,,,,,,,,,,
BMW,340 Gran Turismo,2019,20 mpg,29 mpg,15.8gal.,5,57 cu.ft.,all-wheel drive,i-6,3.0,"320hp @ 5,500rpm",8 speed automatic,"330 lb.-ft. @ 1,380rpm",4-wheel,3.0 l,183 cu.in.,320 hp,"41.3 ""","59.4 ""","72.0 ""","39.2 ""","42.0 ""","190.0 ""","38.3 ""","115.0 """,24,8,"4,010 lbs.","5,035 lbs.",,,,,,,,
BMW,340 Gran Turismo,2018,20 mpg,29 mpg,15.8gal.,5,57 cu.ft.,all-wheel drive,i-6,3.0,"320hp @ 5,500rpm",8 speed automatic,"330 lb.-ft. @ 1,380rpm",4-wheel,3.0 l,183 cu.in.,320 hp,"41.3 ""","59.4 ""","72.0 ""","39.2 ""","42.0 ""","190.0 ""","38.3 ""","115.0 """,24,8,"4,010 lbs.","5,035 lbs.",,,,,,,,
BMW,340 Gran Turismo,2017,,,15.8gal.,,,all-wheel drive,i-6,3.0,"320hp @ 5,500rpm",8 speed automatic,"330 lb.-ft. @ 1,380rpm",,,,,,,,,,,,,24,,,,,,,,,,,
BMW,428,2016,,,15.8gal.,,,rear-wheel,i-4,2.0,"240hp @ 5,000rpm",6 speed manual,"255 lb.-ft. @ 1,250rpm",,,,,,,,,,,,,16,,,,,,,,,,,
BMW,428,2015,23 mpg,35 mpg,15.8gal.,4,16 cu.ft.,rear-wheel,i-4,2.0,"240hp @ 5,000rpm",6 speed manual,"255 lb.-ft. @ 1,250rpm",4-wheel,2.0 l,122 cu.in.,240 hp,"39.8 ""","54.2 ""","71.9 ""","33.7 ""","42.2 ""","182.6 ""","36.1 ""","110.6 """,16,8,"3,495 lbs.","4,385 lbs.",,,,,,,,
BMW,428,2014,,,15.8gal.,,,rear-wheel,i-4,2.0,"240hp @ 5,000rpm",6 speed manual,"255 lb.-ft. @ 1,250rpm",,,,,,,,,,,,,16,,,,,,,,,,,
BMW,428 Gran Coupe,2016,,,15.8gal.,,,rear-wheel,i-4,2.0,"240hp @ 5,000rpm",8 speed automatic,"255 lb.-ft. @ 1,250rpm",,,,,,,,,,,,,16,,,,,,,,,,,
BMW,428 Gran Coupe,2015,23 mpg,34 mpg,15.8gal.,5,46 cu.ft.,rear-wheel,i-4,2.0,"240hp @ 5,000rpm",8 speed automatic,"255 lb.-ft. @ 1,250rpm",4-wheel,2.0 l,122 cu.in.,240 hp,"39.8 ""","54.6 ""","71.8 ""","33.7 ""","42.2 ""","182.5 ""","37.2 ""","110.6 """,16,8,"3,610 lbs.","4,605 lbs.",,,,,,,,
BMW,430,2019,24 mpg,34 mpg,15.8gal.,4,16 cu.ft.,rear-wheel,i-4,2.0,"248hp @ 5,200rpm",6 speed manual,"258 lb.-ft. @ 1,450rpm",4-wheel,2.0 l,122 cu.in.,248 hp,"39.8 ""","54.2 ""","71.9 ""","33.7 ""","42.2 ""","182.6 ""","36.1 ""","110.6 """,16,8,"3,495 lbs.","4,385 lbs.",,,,,,,,
BMW,430,2018,24 mpg,34 mpg,15.8gal.,4,16 cu.ft.,rear-wheel,i-4,2.0,"248hp @ 5,200rpm",6 speed manual,"258 lb.-ft. @ 1,450rpm",4-wheel,2.0 l,122 cu.in.,248 hp,"39.8 ""","54.2 ""","71.9 ""","33.7 ""","42.2 ""","182.6 ""","36.1 ""","110.6 """,16,8,"3,495 lbs.","4,385 lbs.",,,,,,,,
BMW,430,2017,,,15.8gal.,,,rear-wheel,i-4,2.0,"248hp @ 5,200rpm",6 speed manual,"258 lb.-ft. @ 1,450rpm",,,,,,,,,,,,,16,,,,,,,,,,,
BMW,430 Gran Coupe,2019,24 mpg,34 mpg,15.8gal.,5,46 cu.ft.,rear-wheel,i-4,2.0,"248hp @ 5,200rpm",8 speed automatic,"258 lb.-ft. @ 1,450rpm",4-wheel,2.0 l,122 cu.in.,248 hp,"39.8 ""","54.6 ""","71.8 ""","33.7 ""","42.2 ""","182.5 ""","37.2 ""","110.6 """,16,8,"3,610 lbs.","4,605 lbs.",,,,,,,,
BMW,430 Gran Coupe,2018,24 mpg,34 mpg,15.8gal.,5,46 cu.ft.,rear-wheel,i-4,2.0,"248hp @ 5,200rpm",8 speed automatic,"258 lb.-ft. @ 1,450rpm",4-wheel,2.0 l,122 cu.in.,248 hp,"39.8 ""","54.6 ""","71.8 ""","33.7 ""","42.2 ""","182.5 ""","37.2 ""","110.6 """,16,8,"3,610 lbs.","4,605 lbs.",,,,,,,,
BMW,430 Gran Coupe,2017,,,15.8gal.,,,rear-wheel,i-4,2.0,"248hp @ 5,200rpm",8 speed automatic,"258 lb.-ft. @ 1,450rpm",,,,,,,,,,,,,16,,,,,,,,,,,
BMW,435,2016,,,15.8gal.,,,rear-wheel,i-6,3.0,"300hp @ 5,800rpm",6 speed manual,"300 lb.-ft. @ 1,200rpm",,,,,,,,,,,,,24,,,,,,,,,,,
BMW,435,2015,21 mpg,32 mpg,15.8gal.,4,16 cu.ft.,rear-wheel,i-6,3.0,"300hp @ 5,800rpm",6 speed manual,"300 lb.-ft. @ 1,200rpm",4-wheel,3.0 l,182 cu.in.,300 hp,"39.8 ""","54.2 ""","71.9 ""","33.7 ""","42.2 ""","182.6 ""","36.1 ""","110.6 """,24,8,"3,635 lbs.","4,510 lbs.",,,,,,,,
BMW,435,2014,,,15.8gal.,,,rear-wheel,i-6,3.0,"300hp @ 5,800rpm",6 speed manual,"300 lb.-ft. @ 1,200rpm",,,,,,,,,,,,,24,,,,,,,,,,,
BMW,435 Gran Coupe,2016,,,15.8gal.,,,rear-wheel,i-6,3.0,"300hp @ 5,800rpm",8 speed automatic,"300 lb.-ft. @ 1,200rpm",,,,,,,,,,,,,24,,,,,,,,,,,
BMW,435 Gran Coupe,2015,21 mpg,32 mpg,15.8gal.,5,46 cu.ft.,rear-wheel,i-6,3.0,"300hp @ 5,800rpm",8 speed automatic,"300 lb.-ft. @ 1,200rpm",4-wheel,3.0 l,182 cu.in.,300 hp,"39.8 ""","54.6 ""","71.8 ""","33.7 ""","42.2 ""","182.5 ""","37.2 ""","110.6 """,24,8,"3,740 lbs.","4,730 lbs.",,,,,,,,
BMW,440,2019,21 mpg,32 mpg,15.8gal.,4,16 cu.ft.,rear-wheel,i-6,3.0,"320hp @ 5,500rpm",6 speed manual,"330 lb.-ft. @ 1,380rpm",4-wheel,3.0 l,183 cu.in.,320 hp,"39.8 ""","54.2 ""","71.9 ""","33.7 ""","42.2 ""","182.6 ""","36.1 ""","110.6 """,24,8,"3,635 lbs.","4,510 lbs.",,,,,,,,
BMW,440,2018,21 mpg,32 mpg,15.8gal.,4,16 cu.ft.,rear-wheel,i-6,3.0,"320hp @ 5,500rpm",6 speed manual,"330 lb.-ft. @ 1,380rpm",4-wheel,3.0 l,183 cu.in.,320 hp,"39.8 ""","54.2 ""","71.9 ""","33.7 ""","42.2 ""","182.6 ""","36.1 ""","110.6 """,24,8,"3,635 lbs.","4,510 lbs.",,,,,,,,
BMW,440,2017,,,15.8gal.,,,rear-wheel,i-6,3.0,"320hp @ 5,500rpm",6 speed manual,"330 lb.-ft. @ 1,380rpm",,,,,,,,,,,,,24,,,,,,,,,,,
BMW,440 Gran Coupe,2019,21 mpg,32 mpg,15.8gal.,5,46 cu.ft.,rear-wheel,i-6,3.0,"320hp @ 5,500rpm",8 speed automatic,"330 lb.-ft. @ 1,380rpm",4-wheel,3.0 l,183 cu.in.,320 hp,"39.8 ""","54.6 ""","71.8 ""","33.7 ""","42.2 ""","182.5 ""","37.2 ""","110.6 """,24,8,"3,740 lbs.","4,730 lbs.",,,,,,,,
BMW,440 Gran Coupe,2018,21 mpg,32 mpg,15.8gal.,5,46 cu.ft.,rear-wheel,i-6,3.0,"320hp @ 5,500rpm",8 speed automatic,"330 lb.-ft. @ 1,380rpm",4-wheel,3.0 l,183 cu.in.,320 hp,"39.8 ""","54.6 ""","71.8 ""","33.7 ""","42.2 ""","182.5 ""","37.2 ""","110.6 """,24,8,"3,740 lbs.","4,730 lbs.",,,,,,,,
BMW,440 Gran Coupe,2017,,,15.8gal.,,,rear-wheel,i-6,3.0,"320hp @ 5,500rpm",8 speed automatic,"330 lb.-ft. @ 1,380rpm",,,,,,,,,,,,,24,,,,,,,,,,,
BMW,525,2007,,,18.5gal.,,,rear-wheel,i-6,3.0,"215hp @ 6,250rpm",6 speed automatic,"185 lb.-ft. @ 2,750rpm",,,,,,,,,,,,,24,,,,,,,,,,,
BMW,525,2006,,,18.5gal.,,,rear-wheel,i-6,3.0,"215hp @ 6,250rpm",6 speed automatic,"185 lb.-ft. @ 2,750rpm",,,,,,,,,,,,,24,,,,,,,,,,,
BMW,525,2005,,,18.5gal.,,,rear-wheel,i-6,2.5,"184hp @ 6,000rpm",6 speed manual,"175 lb.-ft. @ 3,500rpm",,,,,,,,,,,,,24,,,,,,,,,,,
BMW,525,2004,,,18.5gal.,,,rear-wheel,i-6,2.5,"184hp @ 6,000rpm",6 speed manual,"175 lb.-ft. @ 3,500rpm",,,,,,,,,,,,,24,,,,,,,,,,,
BMW,525,2003,,,18.5gal.,,,rear-wheel,i-6,2.5,"184hp @ 6,000rpm",5 speed manual,"175 lb.-ft. @ 3,500rpm",,,,,,,,,,,,,24,,,,,,,,,,,
BMW,525,2002,,,18.5gal.,,,rear-wheel,i-6,2.5,"184hp @ 6,000rpm",5 speed manual,"175 lb.-ft. @ 3,500rpm",,,,,,,,,,,,,24,,,,,,,,,,,
BMW,525,2001,,,18.5gal.,,,rear-wheel,i-6,2.5,"184hp @ 6,000rpm",5 speed manual,"175 lb.-ft. @ 3,500rpm",,,,,,,,,,,,,24,,,,,,,,,,,
BMW,528,2016,,,18.5gal.,,,rear-wheel,i-4,2.0,"240hp @ 5,000rpm",8 speed automatic,"260 lb.-ft. @ 1,450rpm",,,,,,,,,,,,,16,,,,,,,,,,,
BMW,528,2015,23 mpg,34 mpg,18.5gal.,5,14 cu.ft.,rear-wheel,i-4,2.0,"240hp @ 5,000rpm",8 speed automatic,"260 lb.-ft. @ 1,450rpm",4-wheel,2.0 l,122 cu.in.,240 hp,"40.5 ""","57.6 ""","73.2 ""","35.3 ""","41.4 ""","193.4 ""","38.3 ""","116.9 """,16,8,"3,814 lbs.","4,971 lbs.",,,,,,,,
BMW,528,2014,,,18.5gal.,,,rear-wheel,i-4,2.0,"240hp @ 5,000rpm",8 speed automatic,"260 lb.-ft. @ 1,250rpm",,,,,,,,,,,,,16,,,,,,,,,,,
BMW,528,2013,,,18.5gal.,,,rear-wheel,i-4,2.0,"240hp @ 5,000rpm",8 speed automatic,"260 lb.-ft. @ 1,250rpm",,,,,,,,,,,,,16,,,,,,,,,,,
BMW,528,2012,,,18.5gal.,,,rear-wheel,i-4,2.0,"240hp @ 5,000rpm",8 speed automatic,"260 lb.-ft. @ 1,250rpm",,,,,,,,,,,,,16,,,,,,,,,,,
BMW,528,2011,,,18.5gal.,,,rear-wheel,i-6,3.0,"240hp @ 6,600rpm",8 speed automatic,"230 lb.-ft. @ 2,600rpm",,,,,,,,,,,,,24,,,,,,,,,,,
BMW,528,2010,,,18.5gal.,,,rear-wheel,i-6,3.0,"230hp @ 6,500rpm",6 speed automatic,"200 lb.-ft. @ 2,750rpm",,,,,,,,,,,,,24,,,,,,,,,,,
BMW,528,2009,,,18.5gal.,,,rear-wheel,i-6,3.0,"230hp @ 6,500rpm",6 speed automatic,"200 lb.-ft. @ 2,750rpm",,,,,,,,,,,,,24,,,,,,,,,,,
BMW,528,2008,,,18.5gal.,,,rear-wheel,i-6,3.0,"230hp @ 6,500rpm",6 speed automatic,"200 lb.-ft. @ 2,750rpm",,,,,,,,,,,,,24,,,,,,,,,,,
BMW,528,2000,,,18.5gal.,,,rear-wheel,i-6,2.8,"193hp @ 5,500rpm",5 speed manual,"206 lb.-ft. @ 3,500rpm",,,,,,,,,,,,,24,,,,,,,,,,,
BMW,528,1999,,,18.5gal.,,,rear-wheel,i-6,2.8,"193hp @ 5,500rpm",5 speed manual,"206 lb.-ft. @ 3,500rpm",,,,,,,,,,,,,24,,,,,,,,,,,
BMW,530,2019,24 mpg,34 mpg,18.0gal.,5,19 cu.ft.,rear-wheel,i-4,2.0,"248hp @ 5,200rpm",8 speed automatic,"258 lb.-ft. @ 1,450rpm",4-wheel,2.0 l,122 cu.in.,248 hp,"38.8 ""","58.2 ""","73.5 ""","36.5 ""","41.4 ""","194.6 ""","37.5 ""","117.1 """,16,8,"3,746 lbs.",,,,,,,,,
BMW,530,2018,24 mpg,34 mpg,18.0gal.,5,19 cu.ft.,rear-wheel,i-4,2.0,"248hp @ 5,200rpm",8 speed automatic,"258 lb.-ft. @ 1,450rpm",4-wheel,2.0 l,122 cu.in.,248 hp,"38.8 ""","58.2 ""","73.5 ""","36.5 ""","41.4 ""","194.6 ""","37.5 ""","117.1 """,16,8,"3,746 lbs.",,,,,,,,,
BMW,530,2017,24 mpg,34 mpg,18.0gal.,5,19 cu.ft.,rear-wheel,i-4,2.0,"248hp @ 5,200rpm",8 speed automatic,"258 lb.-ft. @ 1,450rpm",4-wheel,2.0 l,122 cu.in.,248 hp,"38.8 ""","58.2 ""","73.5 ""","36.5 ""","41.4 ""","194.6 ""","37.5 ""","117.1 """,16,8,"3,746 lbs.",,,,,,,,,
BMW,530,2007,,,18.5gal.,,,rear-wheel,i-6,3.0,"255hp @ 6,600rpm",6 speed automatic with auto-shift,"220 lb.-ft. @ 2,750rpm",,,,,,,,,,,,,24,,,,,,,,,,,
BMW,530,2006,,,18.5gal.,,,rear-wheel,i-6,3.0,"255hp @ 6,600rpm",6 speed automatic with auto-shift,"220 lb.-ft. @ 2,750rpm",,,,,,,,,,,,,24,,,,,,,,,,,
BMW,530,2005,,,18.5gal.,,,rear-wheel,i-6,3.0,"225hp @ 5,900rpm",6 speed automatic with auto-shift,"214 lb.-ft. @ 3,500rpm",,,,,,,,,,,,,24,,,,,,,,,,,
BMW,530,2004,,,18.5gal.,,,rear-wheel,i-6,3.0,"225hp @ 5,900rpm",6 speed automatic with auto-shift,"214 lb.-ft. @ 3,500rpm",,,,,,,,,,,,,24,,,,,,,,,,,
BMW,530,2003,,,18.5gal.,,,rear-wheel,i-6,3.0,"225hp @ 5,900rpm",5 speed manual,"214 lb.-ft. @ 3,500rpm",,,,,,,,,,,,,24,,,,,,,,,,,
BMW,530,2002,,,18.5gal.,,,rear-wheel,i-6,3.0,"225hp @ 5,900rpm",5 speed manual,"214 lb.-ft. @ 3,500rpm",,,,,,,,,,,,,24,,,,,,,,,,,
BMW,530,2001,,,18.5gal.,,,rear-wheel,i-6,3.0,"225hp @ 5,900rpm",5 speed manual,"214 lb.-ft. @ 3,500rpm",,,,,,,,,,,,,24,,,,,,,,,,,
BMW,530e,2019,,,12.1gal.,5,14 cu.ft.,all-wheel drive,i-4,2.0,"180hp @ 4,000rpm",8 speed automatic,"255 lb.-ft. @ 1,800rpm",4-wheel,2.0 l,122 cu.in.,180 hp,"38.8 ""","58.4 ""","73.5 ""","36.5 ""","41.4 ""","194.6 ""","37.5 ""","117.1 """,16,8,"4,385 lbs.",,,,,,,,,
BMW,530e,2018,,,12.1gal.,5,14 cu.ft.,all-wheel drive,i-4,2.0,"180hp @ 4,000rpm",8 speed automatic,"255 lb.-ft. @ 1,800rpm",4-wheel,2.0 l,122 cu.in.,180 hp,"38.8 ""","58.4 ""","73.5 ""","36.5 ""","41.4 ""","194.6 ""","37.5 ""","117.1 """,16,8,"4,385 lbs.",,,,,,,,,
BMW,535,2016,,,18.5gal.,,,rear-wheel,i-6,3.0,"300hp @ 5,800rpm",8 speed automatic,"300 lb.-ft. @ 1,200rpm",,,,,,,,,,,,,24,,,,,,,,,,,
BMW,535,2015,20 mpg,31 mpg,18.5gal.,5,14 cu.ft.,rear-wheel,i-6,3.0,"300hp @ 5,800rpm",8 speed automatic,"300 lb.-ft. @ 1,200rpm",4-wheel,3.0 l,182 cu.in.,300 hp,"40.5 ""","57.6 ""","73.2 ""","35.3 ""","41.4 ""","193.4 ""","38.3 ""","116.9 """,24,8,"4,090 lbs.","5,181 lbs.",,,,,,,,
BMW,535,2014,,,18.5gal.,,,rear-wheel,i-6,3.0,"300hp @ 5,800rpm",6 speed manual,"300 lb.-ft. @ 1,200rpm",,,,,,,,,,,,,24,,,,,,,,,,,
BMW,535,2013,,,18.5gal.,,,rear-wheel,i-6,3.0,"300hp @ 5,800rpm",6 speed manual,"300 lb.-ft. @ 1,200rpm",,,,,,,,,,,,,24,,,,,,,,,,,
BMW,535,2012,,,18.5gal.,,,rear-wheel,i-6,3.0,"300hp @ 5,800rpm",8 speed automatic,"300 lb.-ft. @ 1,200rpm",,,,,,,,,,,,,24,,,,,,,,,,,
BMW,535,2011,,,18.5gal.,,,rear-wheel,i-6,3.0,"300hp @ 5,800rpm",6 speed manual,"300 lb.-ft. @ 1,200rpm",,,,,,,,,,,,,24,,,,,,,,,,,
BMW,535,2010,,,18.5gal.,,,rear-wheel,i-6,3.0,"300hp @ 5,800rpm",6 speed manual,"300 lb.-ft. @ 1,400rpm",,,,,,,,,,,,,24,,,,,,,,,,,
BMW,535,2009,,,18.5gal.,,,rear-wheel,i-6,3.0,"300hp @ 5,800rpm",6 speed automatic,"300 lb.-ft. @ 1,400rpm",,,,,,,,,,,,,24,,,,,,,,,,,
BMW,535,2008,,,18.5gal.,,,rear-wheel,i-6,3.0,"300hp @ 5,800rpm",6 speed automatic,"300 lb.-ft. @ 1,400rpm",,,,,,,,,,,,,24,,,,,,,,,,,
BMW,535 Gran Turismo,2017,19 mpg,27 mpg,18.5gal.,5,63 cu.ft.,rear-wheel,i-6,3.0,"300hp @ 5,800rpm",8 speed automatic,"300 lb.-ft. @ 1,300rpm",4-wheel,3.0 l,182 cu.in.,300 hp,"41.4 ""","61.4 ""","74.8 ""","41.8 ""","40.6 ""","196.8 ""","39.0 ""","120.7 """,24,8,"4,641 lbs.","5,754 lbs.",,,,,,,,
BMW,535 Gran Turismo,2016,,,18.5gal.,,,rear-wheel,i-6,3.0,"300hp @ 5,800rpm",8 speed automatic,"300 lb.-ft. @ 1,200rpm",,,,,,,,,,,,,24,,,,,,,,,,,
BMW,535 Gran Turismo,2015,19 mpg,28 mpg,18.5gal.,5,63 cu.ft.,rear-wheel,i-6,3.0,"300hp @ 5,800rpm",8 speed automatic,"300 lb.-ft. @ 1,200rpm",4-wheel,3.0 l,182 cu.in.,300 hp,"41.4 ""","61.4 ""","74.8 ""","41.8 ""","40.6 ""","196.8 ""","39.0 ""","120.7 """,24,8,"4,641 lbs.","5,754 lbs.",,,,,,,,
BMW,535 Gran Turismo,2014,,,18.5gal.,,,rear-wheel,i-6,3.0,"300hp @ 5,800rpm",8 speed automatic,"300 lb.-ft. @ 1,200rpm",,,,,,,,,,,,,24,,,,,,,,,,,
BMW,535 Gran Turismo,2013,,,18.5gal.,,,rear-wheel,i-6,3.0,"300hp @ 5,800rpm",8 speed automatic,"300 lb.-ft. @ 1,200rpm",,,,,,,,,,,,,24,,,,,,,,,,,
BMW,535 Gran Turismo,2012,,,18.5gal.,,,rear-wheel,i-6,3.0,"300hp @ 5,800rpm",8 speed automatic,"300 lb.-ft. @ 1,200rpm",,,,,,,,,,,,,24,,,,,,,,,,,
BMW,535 Gran Turismo,2011,,,18.5gal.,,,rear-wheel,i-6,3.0,"300hp @ 5,800rpm",8 speed automatic,"300 lb.-ft. @ 1,200rpm",,,,,,,,,,,,,24,,,,,,,,,,,
BMW,535 Gran Turismo,2010,,,18.5gal.,,,rear-wheel,i-6,3.0,"300hp @ 5,800rpm",8 speed automatic,"300 lb.-ft. @ 1,200rpm",,,,,,,,,,,,,24,,,,,,,,,,,
BMW,535d,2016,,,18.5gal.,,,rear-wheel,i-6,3.0,"255hp @ 4,000rpm",8 speed automatic,"413 lb.-ft. @ 1,500rpm",,,,,,,,,,,,,24,,,,,,,,,,,
BMW,535d,2015,26 mpg,38 mpg,18.5gal.,5,14 cu.ft.,rear-wheel,i-6,3.0,"255hp @ 4,000rpm",8 speed automatic,"413 lb.-ft. @ 1,500rpm",4-wheel,3.0 l,183 cu.in.,255 hp,"40.5 ""","57.6 ""","73.2 ""","35.3 ""","41.4 ""","193.4 ""","38.3 ""","116.9 """,24,8,"4,085 lbs.","5,300 lbs.",,,,,,,,
BMW,535d,2014,,,18.5gal.,,,rear-wheel,i-6,3.0,"255hp @ 4,000rpm",8 speed automatic,"413 lb.-ft. @ 1,500rpm",,,,,,,,,,,,,24,,,,,,,,,,,
BMW,540,2019,21 mpg,30 mpg,18.0gal.,5,19 cu.ft.,rear-wheel,i-6,3.0,"335hp @ 5,500rpm",8 speed automatic,"332 lb.-ft. @ 1,380rpm",4-wheel,3.0 l,183 cu.in.,335 hp,"38.8 ""","58.2 ""","73.5 ""","36.5 ""","41.4 ""","194.6 ""","37.5 ""","117.1 """,24,8,"3,847 lbs.",,,,,,,,,
BMW,540,2018,21 mpg,30 mpg,18.0gal.,5,19 cu.ft.,rear-wheel,i-6,3.0,"335hp @ 5,500rpm",8 speed automatic,"332 lb.-ft. @ 1,380rpm",4-wheel,3.0 l,183 cu.in.,335 hp,"38.8 ""","58.2 ""","73.5 ""","36.5 ""","41.4 ""","194.6 ""","37.5 ""","117.1 """,24,8,"3,847 lbs.",,,,,,,,,
BMW,540,2017,20 mpg,30 mpg,18.0gal.,5,19 cu.ft.,rear-wheel,i-6,3.0,"335hp @ 5,500rpm",8 speed automatic,"332 lb.-ft. @ 1,380rpm",4-wheel,3.0 l,183 cu.in.,335 hp,"38.8 ""","58.2 ""","73.5 ""","36.5 ""","41.4 ""","194.6 ""","37.5 ""","117.1 """,24,8,"3,847 lbs.",,,,,,,,,
BMW,540,2003,,,18.5gal.,,,rear-wheel,v-8,4.4,"290hp @ 5,400rpm",6 speed manual,"324 lb.-ft. @ 3,600rpm",,,,,,,,,,,,,32,,,,,,,,,,,
BMW,540,2002,,,18.5gal.,,,rear-wheel,v-8,4.4,"290hp @ 5,400rpm",6 speed manual,"324 lb.-ft. @ 3,600rpm",,,,,,,,,,,,,32,,,,,,,,,,,
BMW,540,2001,,,18.5gal.,,,rear-wheel,v-8,4.4,"282hp @ 5,400rpm",6 speed manual,"324 lb.-ft. @ 3,600rpm",,,,,,,,,,,,,32,,,,,,,,,,,
BMW,540,2000,,,18.5gal.,,,rear-wheel,v-8,4.4,"282hp @ 5,400rpm",6 speed manual,"324 lb.-ft. @ 3,600rpm",,,,,,,,,,,,,32,,,,,,,,,,,
BMW,540,1999,18 mpg,24 mpg,18.5gal.,5,11 cu.ft.,rear-wheel,v-8,4.4,"282hp @ 5,400rpm",5 speed automatic,"324 lb.-ft. @ 3,600rpm",4-wheel,4.4 l,268 cu.in.,282 hp,"37.4 ""","56.5 ""","70.9 ""","34.2 ""","41.7 ""","188.0 ""","37.2 ""","111.4 """,32,5,"3,803 lbs.",,,,,,,,,
BMW,540d,2019,26 mpg,36 mpg,17.4gal.,5,19 cu.ft.,all-wheel drive,i-6,3.0,"261hp @ 4,000rpm",8 speed automatic,"457 lb.-ft. @ 2,000rpm",4-wheel,3.0 l,183 cu.in.,261 hp,"38.8 ""","58.2 ""","73.5 ""","36.5 ""","41.4 ""","194.6 ""","37.5 ""","117.1 """,24,8,"4,209 lbs.",,,,,,,,,
BMW,540d,2018,26 mpg,36 mpg,17.4gal.,5,19 cu.ft.,all-wheel drive,i-6,3.0,"261hp @ 4,000rpm",8 speed automatic,"457 lb.-ft. @ 2,000rpm",4-wheel,3.0 l,183 cu.in.,261 hp,"38.8 ""","58.2 ""","73.5 ""","36.5 ""","41.4 ""","194.6 ""","37.5 ""","117.1 """,24,8,"4,209 lbs.",,,,,,,,,
BMW,545,2005,,,18.5gal.,,,rear-wheel,v-8,4.4,"325hp @ 6,100rpm",6 speed automatic with auto-shift,"330 lb.-ft. @ 3,600rpm",,,,,,,,,,,,,32,,,,,,,,,,,
BMW,545,2004,,,18.5gal.,,,rear-wheel,v-8,4.4,"325hp @ 6,100rpm",6 speed manual,"330 lb.-ft. @ 3,600rpm",,,,,,,,,,,,,32,,,,,,,,,,,
BMW,550,2016,,,18.5gal.,,,rear-wheel,v-8,4.4,"445hp @ 5,500rpm",8 speed automatic,"480 lb.-ft. @ 1,750rpm",,,,,,,,,,,,,32,,,,,,,,,,,
BMW,550,2015,17 mpg,25 mpg,18.5gal.,5,14 cu.ft.,rear-wheel,v-8,4.4,"445hp @ 5,500rpm",8 speed automatic,"480 lb.-ft. @ 1,750rpm",4-wheel,4.4 l,268 cu.in.,445 hp,"40.5 ""","57.6 ""","73.2 ""","35.3 ""","41.4 ""","193.4 ""","38.3 ""","116.9 """,32,8,"4,365 lbs.","5,401 lbs.",,,,,,,,
BMW,550,2014,,,18.5gal.,,,rear-wheel,v-8,4.4,"445hp @ 5,500rpm",8 speed automatic,"480 lb.-ft. @ 1,750rpm",,,,,,,,,,,,,32,,,,,,,,,,,
BMW,550,2013,,,18.5gal.,,,rear-wheel,v-8,4.4,"400hp @ 5,500rpm",8 speed automatic,"450 lb.-ft. @ 1,750rpm",,,,,,,,,,,,,32,,,,,,,,,,,
BMW,550,2012,,,18.5gal.,,,rear-wheel,v-8,4.4,"400hp @ 5,500rpm",8 speed automatic,"450 lb.-ft. @ 1,750rpm",,,,,,,,,,,,,32,,,,,,,,,,,
BMW,550,2011,,,18.5gal.,,,rear-wheel,v-8,4.4,"400hp @ 5,500rpm",6 speed manual,"450 lb.-ft. @ 1,750rpm",,,,,,,,,,,,,32,,,,,,,,,,,
BMW,550,2010,,,18.5gal.,,,rear-wheel,v-8,4.8,"360hp @ 6,300rpm",6 speed manual,"360 lb.-ft. @ 3,400rpm",,,,,,,,,,,,,32,,,,,,,,,,,
BMW,550,2009,,,18.5gal.,,,rear-wheel,v-8,4.8,"360hp @ 6,300rpm",6 speed manual,"360 lb.-ft. @ 3,400rpm",,,,,,,,,,,,,32,,,,,,,,,,,
BMW,550,2008,,,18.5gal.,,,rear-wheel,v-8,4.8,"360hp @ 6,300rpm",6 speed manual,"360 lb.-ft. @ 3,400rpm",,,,,,,,,,,,,32,,,,,,,,,,,
BMW,550,2007,,,18.5gal.,,,rear-wheel,v-8,4.8,"360hp @ 6,300rpm",6 speed automatic with auto-shift,"360 lb.-ft. @ 3,400rpm",,,,,,,,,,,,,32,,,,,,,,,,,
BMW,550,2006,,,18.5gal.,,,rear-wheel,v-8,4.8,"360hp @ 6,300rpm",6 speed automatic with auto-shift,"360 lb.-ft. @ 3,400rpm",,,,,,,,,,,,,32,,,,,,,,,,,
BMW,550 Gran Turismo,2017,15 mpg,24 mpg,18.5gal.,5,63 cu.ft.,all-wheel drive,v-8,4.4,"445hp @ 5,500rpm",8 speed automatic,"480 lb.-ft. @ 1,750rpm",4-wheel,4.4 l,268 cu.in.,445 hp,"41.4 ""","61.4 ""","74.8 ""","41.8 ""","40.6 ""","196.8 ""","39.0 ""","120.7 """,32,8,"5,060 lbs.","6,096 lbs.",,,,,,,,
BMW,550 Gran Turismo,2016,,,18.5gal.,,,all-wheel drive,v-8,4.4,"445hp @ 5,500rpm",8 speed automatic,"480 lb.-ft. @ 1,750rpm",,,,,,,,,,,,,32,,,,,,,,,,,
BMW,550 Gran Turismo,2015,16 mpg,25 mpg,18.5gal.,5,63 cu.ft.,rear-wheel,v-8,4.4,"445hp @ 5,500rpm",8 speed automatic,"480 lb.-ft. @ 1,750rpm",4-wheel,4.4 l,268 cu.in.,445 hp,"41.4 ""","61.4 ""","74.8 ""","41.8 ""","40.6 ""","196.8 ""","39.0 ""","120.7 """,32,8,"4,894 lbs.","5,952 lbs.",,,,,,,,
BMW,550 Gran Turismo,2014,,,18.5gal.,,,rear-wheel,v-8,4.4,"445hp @ 5,500rpm",8 speed automatic,"480 lb.-ft. @ 1,750rpm",,,,,,,,,,,,,32,,,,,,,,,,,
BMW,550 Gran Turismo,2013,,,18.5gal.,,,rear-wheel,v-8,4.4,"400hp @ 5,500rpm",8 speed automatic,"450 lb.-ft. @ 1,750rpm",,,,,,,,,,,,,32,,,,,,,,,,,
BMW,550 Gran Turismo,2012,,,18.5gal.,,,rear-wheel,v-8,4.4,"400hp @ 5,500rpm",8 speed automatic,"450 lb.-ft. @ 1,750rpm",,,,,,,,,,,,,32,,,,,,,,,,,
BMW,550 Gran Turismo,2011,,,18.5gal.,,,rear-wheel,v-8,4.4,"400hp @ 5,500rpm",8 speed automatic,"450 lb.-ft. @ 1,750rpm",,,,,,,,,,,,,32,,,,,,,,,,,
BMW,550 Gran Turismo,2010,,,18.5gal.,,,rear-wheel,v-8,4.4,"400hp @ 5,500rpm",8 speed automatic,"450 lb.-ft. @ 1,800rpm",,,,,,,,,,,,,32,,,,,,,,,,,
BMW,640,2018,20 mpg,29 mpg,18.5gal.,4,12 cu.ft.,rear-wheel,i-6,3.0,"315hp @ 5,800rpm",8 speed automatic,"330 lb.-ft. @ 1,400rpm",4-wheel,3.0 l,182 cu.in.,315 hp,"40.3 ""","53.7 ""","74.6 ""","30.5 ""","42.1 ""","192.8 ""","36.5 ""","112.4 """,24,8,"4,255 lbs.","5,115 lbs.",,,,,,,,
BMW,640,2017,,,18.5gal.,,,rear-wheel,i-6,3.0,"315hp @ 5,800rpm",8 speed automatic,"330 lb.-ft. @ 1,400rpm",,,,,,,,,,,,,24,,,,,,,,,,,
BMW,640,2016,,,18.5gal.,,,rear-wheel,i-6,3.0,"315hp @ 5,800rpm",8 speed automatic,"330 lb.-ft. @ 1,400rpm",,,,,,,,,,,,,24,,,,,,,,,,,
BMW,640,2015,21 mpg,32 mpg,18.5gal.,4,16 cu.ft.,rear-wheel,i-6,3.0,"315hp @ 5,800rpm",8 speed automatic,"330 lb.-ft. @ 1,400rpm",4-wheel,3.0 l,182 cu.in.,315 hp,"40.0 ""","53.9 ""","74.6 ""","30.5 ""","42.1 ""","192.8 ""","35.7 ""","112.4 """,24,8,"4,001 lbs.","4,828 lbs.",,,,,,,,
BMW,640,2014,,,18.5gal.,,,rear-wheel,i-6,3.0,"315hp @ 5,800rpm",8 speed automatic,"330 lb.-ft. @ 1,400rpm",,,,,,,,,,,,,24,,,,,,,,,,,
BMW,640,2013,,,18.5gal.,,,rear-wheel,i-6,3.0,"315hp @ 5,800rpm",8 speed automatic,"332 lb.-ft. @ 1,400rpm",,,,,,,,,,,,,24,,,,,,,,,,,
BMW,640,2012,,,18.5gal.,,,rear-wheel,i-6,3.0,"315hp @ 5,800rpm",8 speed automatic,"332 lb.-ft. @ 1,400rpm",,,,,,,,,,,,,24,,,,,,,,,,,
BMW,640 Gran Coupe,2019,20 mpg,29 mpg,18.5gal.,5,45 cu.ft.,rear-wheel,i-6,3.0,"315hp @ 5,800rpm",8 speed automatic,"330 lb.-ft. @ 1,300rpm",4-wheel,3.0 l,182 cu.in.,315 hp,"40.6 ""","54.8 ""","74.6 ""","35.3 ""","42.1 ""","197.2 ""","37.0 ""","116.9 """,24,8,"4,165 lbs.","5,205 lbs.",,,,,,,,
BMW,640 Gran Coupe,2018,20 mpg,29 mpg,18.5gal.,5,16 cu.ft.,rear-wheel,i-6,3.0,"315hp @ 5,800rpm",8 speed automatic,"330 lb.-ft. @ 1,400rpm",4-wheel,3.0 l,182 cu.in.,315 hp,"40.6 ""","54.8 ""","74.6 ""","35.3 ""","42.1 ""","197.2 ""","37.0 ""","116.9 """,24,8,"4,190 lbs.","5,205 lbs.",,,,,,,,
BMW,640 Gran Coupe,2017,20 mpg,29 mpg,18.5gal.,5,16 cu.ft.,rear-wheel,i-6,3.0,"315hp @ 5,800rpm",8 speed automatic,"330 lb.-ft. @ 1,400rpm",4-wheel,3.0 l,182 cu.in.,315 hp,"40.6 ""","54.8 ""","74.6 ""","35.3 ""","42.1 ""","197.2 ""","37.0 ""","116.9 """,24,8,"4,190 lbs.","5,205 lbs.",,,,,,,,
BMW,640 Gran Coupe,2016,20 mpg,31 mpg,18.5gal.,5,16 cu.ft.,rear-wheel,i-6,3.0,"315hp @ 5,800rpm",8 speed automatic,"330 lb.-ft. @ 1,400rpm",4-wheel,3.0 l,182 cu.in.,315 hp,"40.6 ""","54.8 ""","74.6 ""","35.3 ""","42.1 ""","197.2 ""","37.0 ""","116.9 """,24,8,"4,190 lbs.","5,205 lbs.",,,,,,,,
BMW,640 Gran Coupe,2015,20 mpg,31 mpg,18.5gal.,5,16 cu.ft.,rear-wheel,i-6,3.0,"315hp @ 5,800rpm",8 speed automatic,"330 lb.-ft. @ 1,400rpm",4-wheel,3.0 l,182 cu.in.,315 hp,"40.6 ""","54.8 ""","74.6 ""","35.3 ""","42.1 ""","197.2 ""","37.0 ""","116.9 """,24,8,"4,190 lbs.","5,205 lbs.",,,,,,,,
BMW,640 Gran Coupe,2014,,,18.5gal.,,,rear-wheel,i-6,3.0,"315hp @ 5,800rpm",8 speed automatic,"330 lb.-ft. @ 1,400rpm",,,,,,,,,,,,,24,,,,,,,,,,,
BMW,640 Gran Coupe,2013,,,18.5gal.,,,rear-wheel,i-6,3.0,"315hp @ 5,800rpm",8 speed automatic,"332 lb.-ft. @ 1,400rpm",,,,,,,,,,,,,24,,,,,,,,,,,
BMW,328,2016,,,15.8gal.,,,rear-wheel,i-4,2.0,"240hp @ 5,000rpm",6 speed manual,"255 lb.-ft. @ 1,250rpm",,,,,,,,,,,,,16,,,,,,,,,,,
BMW,328,2015,22 mpg,33 mpg,15.8gal.,5,53 cu.ft.,all-wheel drive,i-4,2.0,"240hp @ 5,000rpm",8 speed automatic,"255 lb.-ft. @ 1,250rpm",4-wheel,2.0 l,122 cu.in.,240 hp,"40.4 ""","56.5 ""","71.5 ""","35.0 ""","42.0 ""","178.6 ""","38.3 ""","108.7 """,16,8,"3,780 lbs.","4,760 lbs.",,,,,,,,
BMW,328,2014,,,15.8gal.,,,all-wheel drive,i-4,2.0,"240hp @ 5,000rpm",8 speed automatic,"255 lb.-ft. @ 1,250rpm",,,,,,,,,,,,,16,,,,,,,,,,,
BMW,328,2013,,,16.1gal.,,,rear-wheel,i-6,3.0,"230hp @ 6,500rpm",6 speed automatic,"200 lb.-ft. @ 2,750rpm",,,,,,,,,,,,,24,,,,,,,,,,,
BMW,328,2012,,,16.1gal.,,,rear-wheel,i-6,3.0,"230hp @ 6,500rpm",6 speed automatic,"200 lb.-ft. @ 2,750rpm",,,,,,,,,,,,,24,,,,,,,,,,,
BMW,328,2011,,,16.1gal.,,,rear-wheel,i-6,3.0,"230hp @ 6,500rpm",6 speed automatic,"200 lb.-ft. @ 2,750rpm",,,,,,,,,,,,,24,,,,,,,,,,,
BMW,328,2010,,,16.1gal.,,,rear-wheel,i-6,3.0,"230hp @ 6,500rpm",6 speed automatic,"200 lb.-ft. @ 2,750rpm",,,,,,,,,,,,,24,,,,,,,,,,,
BMW,328,2009,,,16.1gal.,,,rear-wheel,i-6,3.0,"230hp @ 6,500rpm",6 speed automatic,"200 lb.-ft. @ 2,750rpm",,,,,,,,,,,,,24,,,,,,,,,,,
BMW,328,2008,,,16.1gal.,,,rear-wheel,i-6,3.0,"230hp @ 6,500rpm",6 speed automatic,"200 lb.-ft. @ 2,750rpm",,,,,,,,,,,,,24,,,,,,,,,,,
BMW,328,2007,,,16.1gal.,,,rear-wheel,i-6,3.0,"230hp @ 6,500rpm",6 speed automatic,"200 lb.-ft. @ 2,750rpm",,,,,,,,,,,,,24,,,,,,,,,,,
BMW,328,2000,,,16.6gal.,,,rear-wheel,i-6,2.8,"193hp @ 5,500rpm",5 speed automatic,"206 lb.-ft. @ 3,500rpm",,,,,,,,,,,,,24,,,,,,,,,,,
BMW,328,1999,,,16.6gal.,,,rear-wheel,i-6,2.8,"193hp @ 5,500rpm",5 speed automatic,"206 lb.-ft. @ 3,500rpm",,,,,,,,,,,,,24,,,,,,,,,,,
BMW,328d,2018,31 mpg,43 mpg,15.0gal.,5,13 cu.ft.,rear-wheel,i-4,2.0,"180hp @ 4,000rpm",8 speed automatic,"280 lb.-ft. @ 1,750rpm",4-wheel,2.0 l,122 cu.in.,180 hp,"40.3 ""","56.3 ""","71.3 ""","35.1 ""","42.0 ""","182.5 ""","37.7 ""","110.6 """,16,8,"3,460 lbs.","4,365 lbs.",,,,,,,,
BMW,328d,2017,,,15.0gal.,,,rear-wheel,i-4,2.0,"180hp @ 4,000rpm",8 speed automatic,"280 lb.-ft. @ 1,750rpm",,,,,,,,,,,,,16,,,,,,,,,,,
BMW,328d,2016,,,15.0gal.,,,rear-wheel,i-4,2.0,"180hp @ 4,000rpm",8 speed automatic,"280 lb.-ft. @ 1,750rpm",,,,,,,,,,,,,16,,,,,,,,,,,
BMW,328d,2015,31 mpg,43 mpg,15.0gal.,5,53 cu.ft.,all-wheel drive,i-4,2.0,"180hp @ 4,000rpm",8 speed automatic,"280 lb.-ft. @ 1,750rpm",4-wheel,2.0 l,122 cu.in.,180 hp,"40.4 ""","56.3 ""","71.5 ""","35.0 ""","42.0 ""","178.6 ""","38.3 ""","108.7 """,16,8,"3,790 lbs.","4,705 lbs.",,,,,,,,
BMW,328d,2014,,,15.0gal.,,,rear-wheel,i-4,2.0,"180hp @ 4,000rpm",8 speed automatic,"280 lb.-ft. @ 1,750rpm",,,,,,,,,,,,,16,,,,,,,,,,,
BMW,X2,2018,21 mpg,31 mpg,16.1gal.,5,50 cu.ft.,xdrive all-wheel drive,i-4,2.0,"228hp @ 5,000rpm",8 speed automatic,"258 lb.-ft. @ 1,450rpm",4-wheel,2.0 l,122 cu.in.,228 hp,"39.8 ""","60.1 ""","71.8 ""","36.7 ""","40.3 ""","172.2 ""","37.1 ""","105.1 """,16,8,"3,662 lbs.","4,729 lbs.",,,,,,,,
BMW,X1,2018,23 mpg,32 mpg,16.1gal.,5,59 cu.ft.,front-wheel,i-4,2.0,"228hp @ 5,000rpm",8 speed automatic,"258 lb.-ft. @ 1,450rpm",4-wheel,2.0 l,122 cu.in.,228 hp,"41.9 ""","62.9 ""","71.7 ""","37.0 ""","40.4 ""","175.4 ""","39.4 ""","105.1 """,16,8,"3,543 lbs.","4,720 lbs.",,,,,,,,
BMW,X1,2017,,,16.1gal.,,,front-wheel,i-4,2.0,"228hp @ 5,000rpm",8 speed automatic,"258 lb.-ft. @ 1,250rpm",,,,,,,,,,,,,16,,,,,,,,,,,
BMW,X1,2016,,,16.1gal.,,,all-wheel drive,i-4,2.0,"228hp @ 5,000rpm",8 speed automatic,"258 lb.-ft. @ 1,250rpm",,,,,,,,,,,,,16,,,,,,,,,,,
BMW,X1,2015,23 mpg,34 mpg,16.6gal.,5,56 cu.ft.,rear-wheel,i-4,2.0,"240hp @ 5,000rpm",8 speed automatic,"260 lb.-ft. @ 1,450rpm",4-wheel,2.0 l,122 cu.in.,240 hp,"41.3 ""","60.8 ""","70.8 ""","34.9 ""","41.4 ""","176.5 ""","39.7 ""","108.7 """,16,8,"3,527 lbs.","4,497 lbs.",,,,,,,,
BMW,X1,2014,,,16.6gal.,,,rear-wheel,i-4,2.0,"240hp @ 5,000rpm",8 speed automatic,"260 lb.-ft. @ 1,250rpm",,,,,,,,,,,,,16,,,,,,,,,,,
BMW,X1,2013,,,16.6gal.,,,rear-wheel,i-4,2.0,"240hp @ 5,000rpm",8 speed automatic,"260 lb.-ft. @ 1,250rpm",,,,,,,,,,,,,16,,,,,,,,,,,
BMW,X2,2018,21 mpg,31 mpg,16.1gal.,5,50 cu.ft.,xdrive all-wheel drive,i-4,2.0,"228hp @ 5,000rpm",8 speed automatic,"258 lb.-ft. @ 1,450rpm",4-wheel,2.0 l,122 cu.in.,228 hp,"39.8 ""","60.1 ""","71.8 ""","36.7 ""","40.3 ""","172.2 ""","37.1 ""","105.1 """,16,8,"3,662 lbs.","4,729 lbs.",,,,,,,,
BMW,X3,2019,23 mpg,30 mpg,17.2gal.,5,63 cu.ft.,rear-wheel,i-4,2.0,"248hp @ 5,200rpm",8 speed automatic,"258 lb.-ft. @ 1,450rpm",4-wheel,2.0 l,122 cu.in.,248 hp,"41.1 ""","66.0 ""","74.4 ""","36.4 ""","40.3 ""","185.9 ""","39.1 ""","112.8 """,16,8,,,"4,400 lbs.",,,,,,,
BMW,X3,2018,22 mpg,29 mpg,17.2gal.,5,63 cu.ft.,all-wheel drive,i-4,2.0,"248hp @ 5,200rpm",8 speed automatic,"258 lb.-ft. @ 1,450rpm",4-wheel,2.0 l,122 cu.in.,248 hp,"41.1 ""","66.0 ""","74.4 ""","36.4 ""","40.3 ""","185.9 ""","39.1 ""","112.8 """,16,8,"4,156 lbs.",,"4,400 lbs.",,,,,,,
BMW,X3,2017,,,17.7gal.,,,all-wheel drive,i-4,2.0,"240hp @ 5,000rpm",8 speed automatic,"258 lb.-ft. @ 1,450rpm",,,,,,,,,,,,,16,,,,,,,,,,,
BMW,X3,2016,,,17.7gal.,,,all-wheel drive,i-4,2.0,"240hp @ 5,000rpm",8 speed automatic,"260 lb.-ft. @ 1,450rpm",,,,,,,,,,,,,16,,,,,,,,,,,
BMW,X3,2015,21 mpg,28 mpg,17.7gal.,5,63 cu.ft.,all-wheel drive,i-4,2.0,"240hp @ 5,000rpm",8 speed automatic,"260 lb.-ft. @ 1,450rpm",4-wheel,2.0 l,122 cu.in.,240 hp,"40.7 ""","66.1 ""","74.1 ""","36.5 ""","39.9 ""","183.8 ""","39.1 ""","110.6 """,16,8,"4,150 lbs.","5,080 lbs.","3,500 lbs.",,,,,,,
BMW,X3,2014,,,17.7gal.,,,all-wheel drive,i-4,2.0,"240hp @ 5,000rpm",8 speed automatic,"260 lb.-ft. @ 1,250rpm",,,,,,,,,,,,,16,,,,,,,,,,,
BMW,X3,2013,,,17.7gal.,,,all-wheel drive,i-4,2.0,"240hp @ 5,000rpm",8 speed automatic,"260 lb.-ft. @ 1,250rpm",,,,,,,,,,,,,16,,,,,,,,,,,
BMW,X3,2012,,,17.7gal.,,,all-wheel drive,i-6,3.0,"240hp @ 6,600rpm",8 speed automatic,"221 lb.-ft. @ 2,750rpm",,,,,,,,,,,,,24,,,,,,,,,,,
BMW,X3,2011,,,17.7gal.,,,all-wheel drive,i-6,3.0,"240hp @ 6,600rpm",8 speed automatic,"221 lb.-ft. @ 2,750rpm",,,,,,,,,,,,,24,,,,,,,,,,,
BMW,X3,2010,,,17.7gal.,,,all-wheel drive,i-6,3.0,"260hp @ 6,600rpm",6 speed manual,"225 lb.-ft. @ 2,750rpm",,,,,,,,,,,,,24,,,,,,,,,,,
BMW,X3,2009,,,17.7gal.,,,all-wheel drive,i-6,3.0,"260hp @ 6,600rpm",6 speed manual,"225 lb.-ft. @ 2,750rpm",,,,,,,,,,,,,24,,,,,,,,,,,
BMW,X3,2008,,,17.7gal.,,,all-wheel drive,i-6,3.0,"260hp @ 6,600rpm",6 speed automatic,"225 lb.-ft. @ 2,750rpm",,,,,,,,,,,,,24,,,,,,,,,,,
BMW,X3,2007,,,17.7gal.,,,all-wheel drive,i-6,3.0,"260hp @ 6,600rpm",6 speed automatic,"225 lb.-ft. @ 2,750rpm",,,,,,,,,,,,,24,,,,,,,,,,,
BMW,X3,2006,,,17.7gal.,,,all-wheel drive,i-6,3.0,"225hp @ 5,900rpm",5 speed automatic,"214 lb.-ft. @ 3,500rpm",,,,,,,,,,,,,24,,,,,,,,,,,
BMW,X3,2005,,,17.7gal.,,,all-wheel drive,i-6,2.5,"184hp @ 6,000rpm",5 speed automatic,"175 lb.-ft. @ 3,500rpm",,,,,,,,,,,,,24,,,,,,,,,,,
BMW,X3,2004,,,17.7gal.,,,all-wheel drive,i-6,2.5,"184hp @ 6,000rpm",5 speed automatic,"175 lb.-ft. @ 3,500rpm",,,,,,,,,,,,,24,,,,,,,,,,,
BMW,X4,2019,,,17.2gal.,5,50 cu.ft.,all-wheel drive,i-4,2.0,"248hp @ 5,200rpm",8 speed automatic,"258 lb.-ft. @ 1,450rpm",4-wheel,2.0 l,122 cu.in.,248 hp,"39.5 ""","63.8 ""","75.5 ""","35.5 ""","40.7 ""","187.5 ""","37.2 ""","112.7 """,16,8,"4,146 lbs.",,,,,,,,,
BMW,X4,2018,20 mpg,28 mpg,17.7gal.,5,49 cu.ft.,all-wheel drive,i-4,2.0,"240hp @ 5,000rpm",8 speed automatic,"258 lb.-ft. @ 1,450rpm",4-wheel,2.0 l,122 cu.in.,240 hp,"40.0 ""","63.9 ""","74.1 ""","34.8 ""","40.4 ""","184.3 ""","37.4 ""","110.6 """,16,8,"4,130 lbs.","5,060 lbs.","3,500 lbs.",,,,,,,
BMW,X4,2017,,,17.7gal.,,,all-wheel drive,i-4,2.0,"240hp @ 5,000rpm",8 speed automatic,"258 lb.-ft. @ 1,450rpm",,,,,,,,,,,,,16,,,,,,,,,,,
BMW,X4,2016,,,17.7gal.,,,all-wheel drive,i-4,2.0,"240hp @ 5,000rpm",8 speed automatic,"260 lb.-ft. @ 1,450rpm",,,,,,,,,,,,,16,,,,,,,,,,,
BMW,X4,2015,20 mpg,28 mpg,17.7gal.,5,49 cu.ft.,all-wheel drive,i-4,2.0,"240hp @ 5,000rpm",8 speed automatic,"260 lb.-ft. @ 1,450rpm",4-wheel,2.0 l,122 cu.in.,240 hp,"40.0 ""","63.9 ""","74.1 ""","34.8 ""","40.4 ""","184.3 ""","37.4 ""","110.6 """,16,8,"4,130 lbs.","5,060 lbs.","3,500 lbs.",,,,,,,
BMW,X5,2018,18 mpg,24 mpg,22.4gal.,5,77 cu.ft.,all-wheel drive,i-6,3.0,"300hp @ 5,800rpm",8 speed automatic,"300 lb.-ft. @ 1,200rpm",4-wheel,3.0 l,182 cu.in.,300 hp,"40.5 ""","69.4 ""","76.3 ""","36.6 ""","40.4 ""","192.4 ""","38.8 ""","115.5 """,24,8,"4,790 lbs.","6,063 lbs.","5,952 lbs.",,,,,,,
BMW,X5,2017,,,22.4gal.,,,all-wheel drive,i-6,3.0,"300hp @ 5,800rpm",8 speed automatic,"300 lb.-ft. @ 1,300rpm",,,,,,,,,,,,,24,,,,,,,,,,,
BMW,X5,2016,,,22.4gal.,,,all-wheel drive,i-6,3.0,"300hp @ 5,800rpm",8 speed automatic,"300 lb.-ft. @ 1,200rpm",,,,,,,,,,,,,24,,,,,,,,,,,
BMW,X5,2015,18 mpg,27 mpg,22.4gal.,5,77 cu.ft.,all-wheel drive,i-6,3.0,"300hp @ 5,800rpm",8 speed automatic,"300 lb.-ft. @ 1,200rpm",4-wheel,3.0 l,182 cu.in.,300 hp,"40.5 ""","68.5 ""","76.1 ""","36.6 ""","40.4 ""","191.1 ""","38.8 ""","115.5 """,24,8,"4,790 lbs.","6,063 lbs.","5,952 lbs.",,,,,,,
BMW,X5,2014,,,22.4gal.,,,all-wheel drive,i-6,3.0,"300hp @ 5,800rpm",8 speed automatic,"300 lb.-ft. @ 1,200rpm",,,,,,,,,,,,,24,,,,,,,,,,,
BMW,X5,2013,,,22.5gal.,,,all-wheel drive,i-6,3.0,"300hp @ 5,800rpm",8 speed automatic,"300 lb.-ft. @ 1,200rpm",,,,,,,,,,,,,24,,,,,,,,,,,
BMW,X5,2012,,,22.5gal.,,,all-wheel drive,i-6,3.0,"300hp @ 5,800rpm",8 speed automatic,"300 lb.-ft. @ 1,200rpm",,,,,,,,,,,,,24,,,,,,,,,,,
BMW,X5,2011,,,22.5gal.,,,all-wheel drive,i-6,3.0,"300hp @ 5,800rpm",8 speed automatic,"300 lb.-ft. @ 1,200rpm",,,,,,,,,,,,,24,,,,,,,,,,,
BMW,X5,2010,,,22.5gal.,,,all-wheel drive,i-6,3.0,"260hp @ 6,600rpm",6 speed automatic,"225 lb.-ft. @ 2,750rpm",,,,,,,,,,,,,24,,,,,,,,,,,
BMW,X5,2009,,,22.5gal.,,,all-wheel drive,i-6,3.0,"260hp @ 6,600rpm",6 speed automatic,"225 lb.-ft. @ 2,750rpm",,,,,,,,,,,,,24,,,,,,,,,,,
BMW,X5,2008,,,22.5gal.,,,all-wheel drive,i-6,3.0,"260hp @ 6,600rpm",6 speed automatic,"225 lb.-ft. @ 2,750rpm",,,,,,,,,,,,,24,,,,,,,,,,,
BMW,X5,2007,,,22.5gal.,,,all-wheel drive,i-6,3.0,"260hp @ 6,600rpm",6 speed automatic,"225 lb.-ft. @ 2,750rpm",,,,,,,,,,,,,24,,,,,,,,,,,
BMW,X5,2006,,,24.3gal.,,,all-wheel drive,i-6,3.0,"225hp @ 5,900rpm",6 speed manual,"214 lb.-ft. @ 3,500rpm",,,,,,,,,,,,,24,,,,,,,,,,,
BMW,X5,2005,,,24.3gal.,,,all-wheel drive,i-6,3.0,"225hp @ 5,900rpm",5 speed automatic,"214 lb.-ft. @ 3,500rpm",,,,,,,,,,,,,24,,,,,,,,,,,
BMW,X5,2004,,,24.3gal.,,,all-wheel drive,v-8,4.4,"315hp @ 5,400rpm",6 speed automatic,"324 lb.-ft. @ 3,600rpm",,,,,,,,,,,,,32,,,,,,,,,,,
BMW,X5,2003,,,24.3gal.,,,all-wheel drive,v-8,4.4,"290hp @ 5,400rpm",5 speed automatic,"324 lb.-ft. @ 3,600rpm",,,,,,,,,,,,,32,,,,,,,,,,,
BMW,X5,2002,,,24.3gal.,,,all-wheel drive,i-6,3.0,"225hp @ 5,900rpm",5 speed automatic,"214 lb.-ft. @ 3,500rpm",,,,,,,,,,,,,24,,,,,,,,,,,
BMW,X5,2001,,,24.3gal.,,,all-wheel drive,i-6,3.0,"225hp @ 5,900rpm",5 speed automatic,"214 lb.-ft. @ 3,500rpm",,,,,,,,,,,,,24,,,,,,,,,,,
BMW,X5,2000,,,24.3gal.,,,all-wheel drive,v-8,4.4,"282hp @ 5,400rpm",5 speed automatic,"324 lb.-ft. @ 3,600rpm",,,,,,,,,,,,,32,,,,,,,,,,,
BMW,328d,2018,31 mpg,43 mpg,15.0gal.,5,13 cu.ft.,rear-wheel,i-4,2.0,"180hp @ 4,000rpm",8 speed automatic,"280 lb.-ft. @ 1,750rpm",4-wheel,2.0 l,122 cu.in.,180 hp,"40.3 ""","56.3 ""","71.3 ""","35.1 ""","42.0 ""","182.5 ""","37.7 ""","110.6 """,16,8,"3,460 lbs.","4,365 lbs.",,,,,,,,
BMW,328d,2017,,,15.0gal.,,,rear-wheel,i-4,2.0,"180hp @ 4,000rpm",8 speed automatic,"280 lb.-ft. @ 1,750rpm",,,,,,,,,,,,,16,,,,,,,,,,,
BMW,328d,2016,,,15.0gal.,,,rear-wheel,i-4,2.0,"180hp @ 4,000rpm",8 speed automatic,"280 lb.-ft. @ 1,750rpm",,,,,,,,,,,,,16,,,,,,,,,,,
BMW,328d,2015,31 mpg,43 mpg,15.0gal.,5,53 cu.ft.,all-wheel drive,i-4,2.0,"180hp @ 4,000rpm",8 speed automatic,"280 lb.-ft. @ 1,750rpm",4-wheel,2.0 l,122 cu.in.,180 hp,"40.4 ""","56.3 ""","71.5 ""","35.0 ""","42.0 ""","178.6 ""","38.3 ""","108.7 """,16,8,"3,790 lbs.","4,705 lbs.",,,,,,,,
BMW,328d,2014,,,15.0gal.,,,rear-wheel,i-4,2.0,"180hp @ 4,000rpm",8 speed automatic,"280 lb.-ft. @ 1,750rpm",,,,,,,,,,,,,16,,,,,,,,,,,
