make,model,year,city,highway,fuel tank capacity,total seating capacity,max cargo capacity,drive type,cylinder configuration,engine liters,horsepower,transmission,torque,abs,size,displacement,horse power,front head room,overall height,overall width,rear leg room,front leg room,overall length,rear head room,wheelbase,number of valves,number of speeds,curb weight,gross vehicle weight,towing capacity,number of doors,speakers,approach angle,ground clearance (max),ramp breakover angle,departure angle,ground clearance
Chevrolet,Aveo,2011,,,12.0gal.,,,front-wheel,i-4,1.6,"108hp @ 6,400rpm",5 speed manual,"105 lb.-ft. @ 4,000rpm",,,,,,,,,,,,,16,,,,,,,,,,,
Chevrolet,Aveo,2010,,,12.0gal.,,,front-wheel,i-4,1.6,"108hp @ 6,400rpm",5 speed manual,"105 lb.-ft. @ 4,000rpm",,,,,,,,,,,,,16,,,,,,,,,,,
Chevrolet,Aveo,2009,,,12.0gal.,,,front-wheel,i-4,1.6,"106hp @ 6,400rpm",5 speed manual,"105 lb.-ft. @ 3,800rpm",,,,,,,,,,,,,16,,,,,,,,,,,
Chevrolet,Aveo,2008,,,12.0gal.,,,front-wheel,i-4,1.6,"103hp @ 5,800rpm",4 speed automatic,"107 lb.-ft. @ 3,400rpm",,,,,,,,,,,,,16,,,,,,,,,,,
Chevrolet,Aveo,2007,,,12.0gal.,,,front-wheel,i-4,1.6,"103hp @ 5,800rpm",4 speed automatic,"107 lb.-ft. @ 3,600rpm",,,,,,,,,,,,,16,,,,,,,,,,,
Chevrolet,Aveo,2006,,,11.0gal.,,,front-wheel,i-4,1.6,"103hp @ 6,000rpm",4 speed automatic,"107 lb.-ft. @ 3,600rpm",,,,,,,,,,,,,16,,,,,,,,,,,
Chevrolet,Aveo,2005,,,11.9gal.,,,front-wheel,i-4,1.6,"103hp @ 6,000rpm",5 speed manual,"107 lb.-ft. @ 3,600rpm",,,,,,,,,,,,,16,,,,,,,,,,,
Chevrolet,Aveo,2004,,,11.0gal.,,,front-wheel,i-4,1.6,"103hp @ 6,000rpm",5 speed manual,"107 lb.-ft. @ 3,600rpm",,,,,,,,,,,,,16,,,,,,,,,,,
Chevrolet,Aveo 5,2008,,,11.0gal.,,,front-wheel,i-4,1.6,"103hp @ 5,800rpm",4 speed automatic,"107 lb.-ft. @ 3,400rpm",,,,,,,,,,,,,16,,,,,,,,,,,
Chevrolet,Aveo 5,2007,,,11.0gal.,,,front-wheel,i-4,1.6,"103hp @ 5,800rpm",5 speed manual,"107 lb.-ft. @ 3,600rpm",,,,,,,,,,,,,16,,,,,,,,,,,
Chevrolet,Bolt EV,2019,128 mpg,110 mpg,,5,,front-wheel,,,200hp @ rpm,1 speed automatic,266 lb.-ft. @ rpm,4-wheel,,,200 hp,"39.7 ""","62.8 ""","69.5 ""","36.5 ""","41.6 ""","164.0 ""","37.9 ""","102.4 """,,1,"3,563 lbs.",,,,,,,,,
Chevrolet,Bolt EV,2018,128 mpg,110 mpg,,5,,front-wheel,,,200hp @ rpm,1 speed automatic,266 lb.-ft. @ rpm,4-wheel,,,200 hp,"39.7 ""","62.8 ""","69.5 ""","36.5 ""","41.6 ""","164.0 ""","37.9 ""","102.4 """,,1,"3,563 lbs.",,,,,,,,,
Chevrolet,Bolt EV,2017,,,,,,front-wheel,,,200hp @ rpm,1 speed automatic,266 lb.-ft. @ rpm,,,,,,,,,,,,,,,,,,,,,,,,
Chevrolet,Cavalier,2005,,,14.0gal.,,,front-wheel,i-4,2.2,"140hp @ 5,600rpm",5 speed manual,"150 lb.-ft. @ 4,000rpm",,,,,,,,,,,,,16,,,,,,,,,,,
Chevrolet,Cavalier,2004,,,14.0gal.,,,front-wheel,i-4,2.2,"140hp @ 5,600rpm",4 speed automatic,"150 lb.-ft. @ 4,000rpm",,,,,,,,,,,,,16,,,,,,,,,,,
Chevrolet,Cavalier,2003,,,14.1gal.,,,front-wheel,i-4,2.2,"140hp @ 5,600rpm",4 speed automatic,"150 lb.-ft. @ 4,000rpm",,,,,,,,,,,,,16,,,,,,,,,,,
Chevrolet,Cavalier,2002,,,14.1gal.,,,front-wheel,i-4,2.2,"115hp @ 5,000rpm",4 speed automatic,"135 lb.-ft. @ 3,600rpm",,,,,,,,,,,,,8,,,,,,,,,,,
Chevrolet,Cavalier,2001,,,14.3gal.,,,front-wheel,i-4,2.2,"115hp @ 5,000rpm",4 speed automatic,"135 lb.-ft. @ 3,600rpm",,,,,,,,,,,,,8,,,,,,,,,,,
Chevrolet,Cavalier,2000,,,14.3gal.,,,front-wheel,i-4,2.2,"115hp @ 5,000rpm",4 speed automatic,"135 lb.-ft. @ 3,600rpm",,,,,,,,,,,,,8,,,,,,,,,,,
Chevrolet,Cavalier,1999,24 mpg,34 mpg,15.0gal.,5,13 cu.ft.,front-wheel,i-4,2.2,"115hp @ 5,000rpm",4 speed automatic,"135 lb.-ft. @ 3,600rpm",4-wheel,2.2 l,134 cu.in.,115 hp,"37.6 ""","53.0 ""","68.7 ""","32.7 ""","41.9 ""","180.7 ""","36.6 ""","104.1 """,8,5,"2,617 lbs.",,,,,,,,,
Chevrolet,Cobalt,2010,,,13.0gal.,,,front-wheel,i-4,2.2,"155hp @ 6,100rpm",5 speed manual,"150 lb.-ft. @ 4,900rpm",,,,,,,,,,,,,16,,,,,,,,,,,
Chevrolet,Cobalt,2009,,,13.0gal.,,,front-wheel,i-4,2.2,"155hp @ 6,100rpm",4 speed automatic,"150 lb.-ft. @ 4,900rpm",,,,,,,,,,,,,16,,,,,,,,,,,
Chevrolet,Cobalt,2008,,,13.0gal.,,,front-wheel,i-4,2.2,"148hp @ 5,600rpm",4 speed automatic,"152 lb.-ft. @ 4,200rpm",,,,,,,,,,,,,16,,,,,,,,,,,
Chevrolet,Cobalt,2007,,,13.0gal.,,,front-wheel,i-4,2.2,"148hp @ 5,600rpm",4 speed automatic,"152 lb.-ft. @ 4,200rpm",,,,,,,,,,,,,16,,,,,,,,,,,
Chevrolet,Cobalt,2006,,,13.0gal.,,,front-wheel,i-4,2.2,"145hp @ 5,600rpm",4 speed automatic,"155 lb.-ft. @ 4,000rpm",,,,,,,,,,,,,16,,,,,,,,,,,
Chevrolet,Cobalt,2005,,,13.0gal.,,,front-wheel,i-4,2.2,"145hp @ 5,600rpm",4 speed automatic,"155 lb.-ft. @ 4,000rpm",,,,,,,,,,,,,16,,,,,,,,,,,
Chevrolet,Cruze,2019,29 mpg,40 mpg,13.7gal.,5,,front-wheel,i-4,1.4,"153hp @ 5,600rpm",6 speed automatic,"177 lb.-ft. @ 2,000rpm",4-wheel,1.4 l,83 cu.in.,153 hp,"38.9 ""","57.4 ""","70.5 ""","36.1 ""","42.0 ""","183.7 ""","37.3 ""","106.3 """,16,6,,,,,,,,,,
Chevrolet,Cruze,2018,27 mpg,40 mpg,13.7gal.,5,,front-wheel,i-4,1.4,"153hp @ 5,600rpm",6 speed manual,"177 lb.-ft. @ 2,000rpm",4-wheel,1.4 l,83 cu.in.,153 hp,"38.9 ""","57.4 ""","70.5 ""","36.1 ""","42.0 ""","183.7 ""","37.3 ""","106.3 """,16,6,,,,,,,,,,
Chevrolet,Cruze,2017,28 mpg,39 mpg,13.7gal.,5,,front-wheel,i-4,1.4,"153hp @ 5,600rpm",6 speed manual,"177 lb.-ft. @ 2,000rpm",4-wheel,1.4 l,83 cu.in.,153 hp,"38.9 ""","57.4 ""","70.5 ""","36.1 ""","42.0 ""","183.7 ""","37.3 ""","106.3 """,16,6,,,,,,,,,,
Chevrolet,Cruze,2016,29 mpg,41 mpg,13.7gal.,5,15 cu.ft.,front-wheel,i-4,1.4,"153hp @ 5,600rpm",6 speed manual,"177 lb.-ft. @ 2,000rpm",4-wheel,1.4 l,83 cu.in.,153 hp,"38.9 ""","57.4 ""","70.5 ""","36.1 ""","42.0 ""","183.7 ""","37.3 ""","106.3 """,16,6,,,,,,,,,,
Chevrolet,Cruze,2015,,,15.6gal.,,,front-wheel,i-4,1.8,"138hp @ 6,300rpm",6 speed manual,"125 lb.-ft. @ 3,800rpm",,,,,,,,,,,,,16,,,,,,,,,,,
Chevrolet,Cruze,2014,,,15.6gal.,,,front-wheel,i-4,2.0,"151hp @ 4,000rpm",6 speed automatic,"264 lb.-ft. @ 2,600rpm",,,,,,,,,,,,,16,,,,,,,,,,,
Chevrolet,Cruze,2013,,,15.6gal.,,,front-wheel,i-4,1.8,"138hp @ 6,300rpm",6 speed manual,"125 lb.-ft. @ 3,800rpm",,,,,,,,,,,,,16,,,,,,,,,,,
Chevrolet,Cruze,2012,,,15.6gal.,,,front-wheel,i-4,1.8,"138hp @ 6,300rpm",6 speed automatic,"125 lb.-ft. @ 3,800rpm",,,,,,,,,,,,,16,,,,,,,,,,,
Chevrolet,Cruze,2011,,,15.6gal.,,,front-wheel,i-4,1.8,"136hp @ 6,300rpm",6 speed automatic,"123 lb.-ft. @ 3,800rpm",,,,,,,,,,,,,16,,,,,,,,,,,
Chevrolet,Cruze Limited,2016,,,15.6gal.,,,front-wheel,i-4,1.8,"138hp @ 6,300rpm",6 speed manual,"125 lb.-ft. @ 3,800rpm",,,,,,,,,,,,,16,,,,,,,,,,,
Chevrolet,Camaro,2019,20 mpg,30 mpg,19.0gal.,4,9 cu.ft.,rear-wheel,i-4,2.0,"275hp @ 5,600rpm",8 speed automatic,"295 lb.-ft. @ 3,000rpm",4-wheel,2.0 l,122 cu.in.,275 hp,"38.5 ""","53.1 ""","74.7 """,,"43.9 ""","188.3 """,,"110.7 """,16,6,"3,354 lbs.",,,,,,,,,
Chevrolet,Camaro,2018,20 mpg,30 mpg,19.0gal.,4,9 cu.ft.,rear-wheel,v-6,3.6,"335hp @ 6,800rpm",6 speed manual,"284 lb.-ft. @ 5,300rpm",4-wheel,2.0 l,122 cu.in.,275 hp,"38.5 ""","53.1 ""","74.7 """,,"43.9 ""","188.3 """,,"110.7 """,24,6,"3,354 lbs.",,,,,,,,,
Chevrolet,Camaro,2017,22 mpg,31 mpg,19.0gal.,4,9 cu.ft.,rear-wheel,v-6,3.6,"335hp @ 6,800rpm",6 speed manual,"295 lb.-ft. @ 3,000rpm",4-wheel,2.0 l,122 cu.in.,275 hp,"38.5 ""","53.1 ""","74.7 """,,"43.9 ""","188.3 """,,"110.7 """,24,8,"3,339 lbs.",,,,,,,,,
Chevrolet,Camaro,2016,21 mpg,30 mpg,19.0gal.,4,9 cu.ft.,rear-wheel,v-6,3.6,"335hp @ 6,800rpm",8 speed automatic,"284 lb.-ft. @ 5,300rpm",4-wheel,2.0 l,122 cu.in.,275 hp,"38.5 ""","53.1 ""","74.7 """,,"43.9 ""","188.3 """,,"110.7 """,24,6,"3,339 lbs.",,,,,,,,,
Chevrolet,Camaro,2015,17 mpg,28 mpg,19.0gal.,4,11 cu.ft.,rear-wheel,v-6,3.6,"323hp @ 6,800rpm",6 speed manual,"278 lb.-ft. @ 4,800rpm",4-wheel,3.6 l,217 cu.in.,323 hp,"37.4 ""","54.2 ""","75.5 ""","29.9 ""","42.4 ""","190.6 ""","35.3 ""","112.3 """,24,6,"3,719 lbs.",,,,,,,,,
Chevrolet,Camaro,2014,17 mpg,28 mpg,19.0gal.,4,11 cu.ft.,rear-wheel,v-6,3.6,"323hp @ 6,800rpm",6 speed manual,"278 lb.-ft. @ 4,800rpm",4-wheel,3.6 l,217 cu.in.,323 hp,"37.4 ""","54.2 ""","75.5 ""","29.9 ""","42.4 ""","190.6 ""","35.3 ""","112.3 """,24,6,"3,719 lbs.",,,,,,,,,
Chevrolet,Camaro,2013,17 mpg,28 mpg,19.0gal.,4,11 cu.ft.,rear-wheel,v-6,3.6,"323hp @ 6,800rpm",6 speed manual,"278 lb.-ft. @ 4,800rpm",4-wheel,3.6 l,217 cu.in.,323 hp,"37.4 ""","54.2 ""","75.5 ""","29.9 ""","42.4 ""","190.4 ""","35.3 ""","112.3 """,24,6,"3,780 lbs.",,,,,,,,,
Chevrolet,Camaro,2012,17 mpg,28 mpg,19.0gal.,4,11 cu.ft.,rear-wheel,v-6,3.6,"323hp @ 6,800rpm",6 speed manual,"278 lb.-ft. @ 4,800rpm",4-wheel,3.6 l,217 cu.in.,323 hp,"37.4 ""","54.2 ""","75.5 ""","29.9 ""","42.4 ""","190.4 ""","35.3 ""","112.3 """,24,6,"3,780 lbs.",,,,,,,,,
Chevrolet,Camaro,2011,17 mpg,28 mpg,19.0gal.,4,11 cu.ft.,rear-wheel,v-6,3.6,"312hp @ 6,500rpm",6 speed automatic,"278 lb.-ft. @ 5,100rpm",4-wheel,3.6 l,217 cu.in.,312 hp,"37.4 ""","54.2 ""","75.5 ""","29.9 ""","42.4 ""","190.4 ""","35.3 ""","112.3 """,24,6,"3,780 lbs.",,,,,,,,,
Chevrolet,Camaro,2010,16 mpg,24 mpg,19.0gal.,4,11 cu.ft.,rear-wheel,v-8,6.2,"400hp @ 5,900rpm",6 speed automatic,"420 lb.-ft. @ 4,600rpm",4-wheel,6.2 l,376 cu.in.,426 hp,"37.4 ""","54.2 ""","75.5 ""","29.9 ""","42.4 ""","190.4 ""","35.3 ""","112.3 """,16,6,"3,860 lbs.",,,,,,,,,
Chevrolet,Camaro,2002,,,16.8gal.,,,rear-wheel,v-6,3.8,"200hp @ 5,200rpm",4 speed automatic,"225 lb.-ft. @ 4,000rpm",,,,,,,,,,,,,12,,,,,,,,,,,
Chevrolet,Camaro,2001,,,16.8gal.,,,rear-wheel,v-6,3.8,"205hp @ 5,200rpm",4 speed automatic,"225 lb.-ft. @ 4,000rpm",,,,,,,,,,,,,12,,,,,,,,,,,
Chevrolet,Camaro,2000,,,16.8gal.,,,rear-wheel,v-6,3.8,"200hp @ 5,200rpm",4 speed automatic,"225 lb.-ft. @ 4,000rpm",,,,,,,,,,,,,12,,,,,,,,,,,
Chevrolet,Camaro,1999,19 mpg,30 mpg,16.8gal.,4,13 cu.ft.,rear-wheel,v-6,3.8,"200hp @ 5,200rpm",4 speed automatic,"225 lb.-ft. @ 4,000rpm",4-wheel,3.8 l,231 cu.in.,200 hp,"37.2 ""","51.3 ""","74.1 ""","26.8 ""","43.0 ""","193.2 ""","35.3 ""","101.1 """,12,5,"3,306 lbs.",,"1,000 lbs.",,,,,,,
Chevrolet,Corvette,2019,16 mpg,25 mpg,18.5gal.,2,15 cu.ft.,rear-wheel,v-8,6.2,"455hp @ 6,000rpm",8 speed automatic,"465 lb.-ft. @ 4,600rpm",4-wheel,6.2 l,376 cu.in.,455 hp,"37.9 ""","48.8 ""","73.9 """,,"43.0 ""","176.9 """,,"106.7 """,16,7,"3,298 lbs.",,,,,,,,,
Chevrolet,Corvette,2018,16 mpg,25 mpg,18.5gal.,2,15 cu.ft.,rear-wheel,v-8,6.2,"460hp @ 6,000rpm",8 speed automatic,"460 lb.-ft. @ 4,600rpm",4-wheel,6.2 l,376 cu.in.,455 hp,"37.9 ""","48.8 ""","73.9 """,,"43.0 ""","176.9 """,,"106.7 """,16,7,"3,298 lbs.",,,,,,,,,
Chevrolet,Corvette,2017,,,18.5gal.,,,rear-wheel,v-8,6.2,"460hp @ 6,000rpm",8 speed automatic,"465 lb.-ft. @ 4,600rpm",,,,,,,,,,,,,16,,,,,,,,,,,
Chevrolet,Corvette,2016,,,18.5gal.,,,rear-wheel,v-8,6.2,"460hp @ 6,000rpm",7 speed manual,"465 lb.-ft. @ 4,600rpm",,,,,,,,,,,,,16,,,,,,,,,,,
Chevrolet,Corvette,2015,,,18.5gal.,,,rear-wheel,v-8,6.2,"460hp @ 6,000rpm",8 speed automatic,"460 lb.-ft. @ 4,600rpm",,,,,,,,,,,,,16,,,,,,,,,,,
Chevrolet,Corvette,2013,16 mpg,26 mpg,18.0gal.,2,11 cu.ft.,rear-wheel,v-8,6.2,"436hp @ 5,900rpm",6 speed automatic,"428 lb.-ft. @ 4,600rpm",4-wheel,6.2 l,376 cu.in.,430 hp,"37.7 ""","49.1 ""","72.6 """,,"43.1 ""","174.6 """,,"105.7 """,16,6,"3,239 lbs.",,,,,,,,,
Chevrolet,Corvette,2012,,,18.0gal.,,,rear-wheel,v-8,6.2,"436hp @ 5,900rpm",6 speed automatic,"428 lb.-ft. @ 4,600rpm",,,,,,,,,,,,,16,,,,,,,,,,,
Chevrolet,Corvette,2011,,,18.0gal.,,,rear-wheel,v-8,6.2,"436hp @ 5,900rpm",6 speed automatic,"428 lb.-ft. @ 4,600rpm",,,,,,,,,,,,,16,,,,,,,,,,,
Chevrolet,Corvette,2010,,,18.0gal.,,,rear-wheel,v-8,6.2,"436hp @ 5,900rpm",6 speed automatic,"428 lb.-ft. @ 4,600rpm",,,,,,,,,,,,,16,,,,,,,,,,,
Chevrolet,Corvette,2009,,,18.0gal.,,,rear-wheel,v-8,6.2,"436hp @ 5,900rpm",6 speed automatic,"428 lb.-ft. @ 4,600rpm",,,,,,,,,,,,,16,,,,,,,,,,,
Chevrolet,Corvette,2008,16 mpg,26 mpg,18.0gal.,2,11 cu.ft.,rear-wheel,v-8,6.2,"436hp @ 5,900rpm",6 speed automatic,"428 lb.-ft. @ 4,600rpm",4-wheel,6.2 l,376 cu.in.,430 hp,"37.9 ""","49.1 ""","72.6 """,,"43.1 ""","174.6 """,,"105.7 """,16,6,"3,199 lbs.",,,,,,,,,
Chevrolet,Corvette,2007,,,18.0gal.,,,rear-wheel,v-8,6.0,"400hp @ 6,000rpm",6 speed automatic,"400 lb.-ft. @ 4,400rpm",,,,,,,,,,,,,16,,,,,,,,,,,
Chevrolet,Corvette,2006,,,18.0gal.,,,rear-wheel,v-8,7.0,"505hp @ 6,300rpm",6 speed manual,"470 lb.-ft. @ 4,800rpm",,,,,,,,,,,,,16,,,,,,,,,,,
Chevrolet,Corvette,2005,,,18.0gal.,,,rear-wheel,v-8,6.0,"400hp @ 6,000rpm",4 speed automatic,"400 lb.-ft. @ 4,400rpm",,,,,,,,,,,,,16,,,,,,,,,,,
Chevrolet,Corvette,2004,,,18.0gal.,,,rear-wheel,v-8,5.7,"350hp @ 5,200rpm",6 speed manual,"375 lb.-ft. @ 4,000rpm",,,,,,,,,,,,,16,,,,,,,,,,,
Chevrolet,Corvette,2003,,,18.5gal.,,,rear-wheel,v-8,5.7,"350hp @ 5,200rpm",6 speed manual,"375 lb.-ft. @ 4,000rpm",,,,,,,,,,,,,16,,,,,,,,,,,
Chevrolet,Corvette,2002,,,18.5gal.,,,rear-wheel,v-8,5.7,"350hp @ 5,600rpm",6 speed manual,"375 lb.-ft. @ 4,400rpm",,,,,,,,,,,,,16,,,,,,,,,,,
Chevrolet,Corvette,2001,,,18.5gal.,,,rear-wheel,v-8,5.7,"350hp @ 5,600rpm",6 speed manual,"375 lb.-ft. @ 4,400rpm",,,,,,,,,,,,,16,,,,,,,,,,,
Chevrolet,Corvette,2000,,,19.1gal.,,,rear-wheel,v-8,5.7,"345hp @ 5,600rpm",6 speed manual,"350 lb.-ft. @ 4,400rpm",,,,,,,,,,,,,16,,,,,,,,,,,
Chevrolet,Corvette,1999,17 mpg,25 mpg,19.1gal.,2,14 cu.ft.,rear-wheel,v-8,5.7,"345hp @ 5,600rpm",6 speed manual,"350 lb.-ft. @ 4,400rpm",4-wheel,5.7 l,347 cu.in.,345 hp,"37.9 ""","47.7 ""","73.6 """,,"42.7 ""","179.7 """,,"104.5 """,16,4,"3,217 lbs.",,,,,,,,,
Chevrolet,Corvette Stingray,2014,,,18.5gal.,,,rear-wheel,v-8,6.2,"460hp @ 6,000rpm",6 speed automatic,"465 lb.-ft. @ 4,600rpm",,,,,,,,,,,,,16,,,,,,,,,,,
Chevrolet,Camaro,2019,20 mpg,30 mpg,19.0gal.,4,9 cu.ft.,rear-wheel,i-4,2.0,"275hp @ 5,600rpm",8 speed automatic,"295 lb.-ft. @ 3,000rpm",4-wheel,2.0 l,122 cu.in.,275 hp,"38.5 ""","53.1 ""","74.7 """,,"43.9 ""","188.3 """,,"110.7 """,16,6,"3,354 lbs.",,,,,,,,,
Chevrolet,Camaro,2018,20 mpg,30 mpg,19.0gal.,4,9 cu.ft.,rear-wheel,v-6,3.6,"335hp @ 6,800rpm",6 speed manual,"284 lb.-ft. @ 5,300rpm",4-wheel,2.0 l,122 cu.in.,275 hp,"38.5 ""","53.1 ""","74.7 """,,"43.9 ""","188.3 """,,"110.7 """,24,6,"3,354 lbs.",,,,,,,,,
Chevrolet,Camaro,2017,22 mpg,31 mpg,19.0gal.,4,9 cu.ft.,rear-wheel,v-6,3.6,"335hp @ 6,800rpm",6 speed manual,"295 lb.-ft. @ 3,000rpm",4-wheel,2.0 l,122 cu.in.,275 hp,"38.5 ""","53.1 ""","74.7 """,,"43.9 ""","188.3 """,,"110.7 """,24,8,"3,339 lbs.",,,,,,,,,
Chevrolet,Camaro,2016,21 mpg,30 mpg,19.0gal.,4,9 cu.ft.,rear-wheel,v-6,3.6,"335hp @ 6,800rpm",8 speed automatic,"284 lb.-ft. @ 5,300rpm",4-wheel,2.0 l,122 cu.in.,275 hp,"38.5 ""","53.1 ""","74.7 """,,"43.9 ""","188.3 """,,"110.7 """,24,6,"3,339 lbs.",,,,,,,,,
Chevrolet,Camaro,2015,17 mpg,28 mpg,19.0gal.,4,11 cu.ft.,rear-wheel,v-6,3.6,"323hp @ 6,800rpm",6 speed manual,"278 lb.-ft. @ 4,800rpm",4-wheel,3.6 l,217 cu.in.,323 hp,"37.4 ""","54.2 ""","75.5 ""","29.9 ""","42.4 ""","190.6 ""","35.3 ""","112.3 """,24,6,"3,719 lbs.",,,,,,,,,
Chevrolet,Camaro,2014,17 mpg,28 mpg,19.0gal.,4,11 cu.ft.,rear-wheel,v-6,3.6,"323hp @ 6,800rpm",6 speed manual,"278 lb.-ft. @ 4,800rpm",4-wheel,3.6 l,217 cu.in.,323 hp,"37.4 ""","54.2 ""","75.5 ""","29.9 ""","42.4 ""","190.6 ""","35.3 ""","112.3 """,24,6,"3,719 lbs.",,,,,,,,,
Chevrolet,Camaro,2013,17 mpg,28 mpg,19.0gal.,4,11 cu.ft.,rear-wheel,v-6,3.6,"323hp @ 6,800rpm",6 speed manual,"278 lb.-ft. @ 4,800rpm",4-wheel,3.6 l,217 cu.in.,323 hp,"37.4 ""","54.2 ""","75.5 ""","29.9 ""","42.4 ""","190.4 ""","35.3 ""","112.3 """,24,6,"3,780 lbs.",,,,,,,,,
Chevrolet,Camaro,2012,17 mpg,28 mpg,19.0gal.,4,11 cu.ft.,rear-wheel,v-6,3.6,"323hp @ 6,800rpm",6 speed manual,"278 lb.-ft. @ 4,800rpm",4-wheel,3.6 l,217 cu.in.,323 hp,"37.4 ""","54.2 ""","75.5 ""","29.9 ""","42.4 ""","190.4 ""","35.3 ""","112.3 """,24,6,"3,780 lbs.",,,,,,,,,
Chevrolet,Camaro,2011,17 mpg,28 mpg,19.0gal.,4,11 cu.ft.,rear-wheel,v-6,3.6,"312hp @ 6,500rpm",6 speed automatic,"278 lb.-ft. @ 5,100rpm",4-wheel,3.6 l,217 cu.in.,312 hp,"37.4 ""","54.2 ""","75.5 ""","29.9 ""","42.4 ""","190.4 ""","35.3 ""","112.3 """,24,6,"3,780 lbs.",,,,,,,,,
Chevrolet,Camaro,2010,16 mpg,24 mpg,19.0gal.,4,11 cu.ft.,rear-wheel,v-8,6.2,"400hp @ 5,900rpm",6 speed automatic,"420 lb.-ft. @ 4,600rpm",4-wheel,6.2 l,376 cu.in.,426 hp,"37.4 ""","54.2 ""","75.5 ""","29.9 ""","42.4 ""","190.4 ""","35.3 ""","112.3 """,16,6,"3,860 lbs.",,,,,,,,,
Chevrolet,Camaro,2002,,,16.8gal.,,,rear-wheel,v-6,3.8,"200hp @ 5,200rpm",4 speed automatic,"225 lb.-ft. @ 4,000rpm",,,,,,,,,,,,,12,,,,,,,,,,,
Chevrolet,Camaro,2001,,,16.8gal.,,,rear-wheel,v-6,3.8,"205hp @ 5,200rpm",4 speed automatic,"225 lb.-ft. @ 4,000rpm",,,,,,,,,,,,,12,,,,,,,,,,,
Chevrolet,Camaro,2000,,,16.8gal.,,,rear-wheel,v-6,3.8,"200hp @ 5,200rpm",4 speed automatic,"225 lb.-ft. @ 4,000rpm",,,,,,,,,,,,,12,,,,,,,,,,,
Chevrolet,Camaro,1999,19 mpg,30 mpg,16.8gal.,4,13 cu.ft.,rear-wheel,v-6,3.8,"200hp @ 5,200rpm",4 speed automatic,"225 lb.-ft. @ 4,000rpm",4-wheel,3.8 l,231 cu.in.,200 hp,"37.2 ""","51.3 ""","74.1 ""","26.8 ""","43.0 ""","193.2 ""","35.3 ""","101.1 """,12,5,"3,306 lbs.",,"1,000 lbs.",,,,,,,
Chevrolet,Corvette,2019,16 mpg,25 mpg,18.5gal.,2,15 cu.ft.,rear-wheel,v-8,6.2,"455hp @ 6,000rpm",8 speed automatic,"465 lb.-ft. @ 4,600rpm",4-wheel,6.2 l,376 cu.in.,455 hp,"37.9 ""","48.8 ""","73.9 """,,"43.0 ""","176.9 """,,"106.7 """,16,7,"3,298 lbs.",,,,,,,,,
Chevrolet,Corvette,2018,16 mpg,25 mpg,18.5gal.,2,15 cu.ft.,rear-wheel,v-8,6.2,"460hp @ 6,000rpm",8 speed automatic,"465 lb.-ft. @ 4,600rpm",4-wheel,6.2 l,376 cu.in.,455 hp,"37.9 ""","48.8 ""","73.9 """,,"43.0 ""","176.9 """,,"106.7 """,16,7,"3,298 lbs.",,,,,,,,,
Chevrolet,Corvette,2017,,,18.5gal.,,,rear-wheel,v-8,6.2,"460hp @ 6,000rpm",8 speed automatic,"465 lb.-ft. @ 4,600rpm",,,,,,,,,,,,,16,,,,,,,,,,,
Chevrolet,Corvette,2016,,,18.5gal.,,,rear-wheel,v-8,6.2,"455hp @ 6,000rpm",7 speed manual,"460 lb.-ft. @ 4,600rpm",,,,,,,,,,,,,16,,,,,,,,,,,
Chevrolet,Corvette,2015,,,18.5gal.,,,rear-wheel,v-8,6.2,"460hp @ 6,000rpm",8 speed automatic,"460 lb.-ft. @ 4,600rpm",,,,,,,,,,,,,16,,,,,,,,,,,
Chevrolet,Corvette,2013,16 mpg,26 mpg,18.0gal.,2,11 cu.ft.,rear-wheel,v-8,6.2,"436hp @ 5,900rpm",6 speed automatic,"428 lb.-ft. @ 4,600rpm",4-wheel,6.2 l,376 cu.in.,430 hp,"37.7 ""","49.1 ""","72.6 """,,"43.1 ""","174.6 """,,"105.7 """,16,6,"3,239 lbs.",,,,,,,,,
Chevrolet,Corvette,2012,,,18.0gal.,,,rear-wheel,v-8,6.2,"436hp @ 5,900rpm",6 speed automatic,"428 lb.-ft. @ 4,600rpm",,,,,,,,,,,,,16,,,,,,,,,,,
Chevrolet,Corvette,2011,,,18.0gal.,,,rear-wheel,v-8,6.2,"436hp @ 5,900rpm",6 speed automatic,"428 lb.-ft. @ 4,600rpm",,,,,,,,,,,,,16,,,,,,,,,,,
Chevrolet,Corvette,2010,,,18.0gal.,,,rear-wheel,v-8,6.2,"436hp @ 5,900rpm",6 speed automatic,"428 lb.-ft. @ 4,600rpm",,,,,,,,,,,,,16,,,,,,,,,,,
Chevrolet,Corvette,2009,,,18.0gal.,,,rear-wheel,v-8,6.2,"436hp @ 5,900rpm",6 speed automatic,"428 lb.-ft. @ 4,600rpm",,,,,,,,,,,,,16,,,,,,,,,,,
Chevrolet,Corvette,2008,16 mpg,26 mpg,18.0gal.,2,11 cu.ft.,rear-wheel,v-8,6.2,"430hp @ 5,900rpm",6 speed manual,"424 lb.-ft. @ 4,600rpm",4-wheel,6.2 l,376 cu.in.,430 hp,"37.9 ""","49.1 ""","72.6 """,,"43.1 ""","174.6 """,,"105.7 """,16,6,"3,199 lbs.",,,,,,,,,
Chevrolet,Corvette,2007,,,18.0gal.,,,rear-wheel,v-8,6.0,"400hp @ 6,000rpm",6 speed automatic,"400 lb.-ft. @ 4,400rpm",,,,,,,,,,,,,16,,,,,,,,,,,
Chevrolet,Corvette,2006,,,18.0gal.,,,rear-wheel,v-8,7.0,"505hp @ 6,300rpm",6 speed manual,"470 lb.-ft. @ 4,800rpm",,,,,,,,,,,,,16,,,,,,,,,,,
Chevrolet,Corvette,2005,,,18.0gal.,,,rear-wheel,v-8,6.0,"400hp @ 6,000rpm",4 speed automatic,"400 lb.-ft. @ 4,400rpm",,,,,,,,,,,,,16,,,,,,,,,,,
Chevrolet,Corvette,2004,,,18.0gal.,,,rear-wheel,v-8,5.7,"350hp @ 5,200rpm",6 speed manual,"375 lb.-ft. @ 4,000rpm",,,,,,,,,,,,,16,,,,,,,,,,,
Chevrolet,Corvette,2003,,,18.5gal.,,,rear-wheel,v-8,5.7,"350hp @ 5,200rpm",4 speed automatic,"360 lb.-ft. @ 4,000rpm",,,,,,,,,,,,,16,,,,,,,,,,,
Chevrolet,Corvette,2002,,,18.5gal.,,,rear-wheel,v-8,5.7,"350hp @ 5,600rpm",6 speed manual,"375 lb.-ft. @ 4,400rpm",,,,,,,,,,,,,16,,,,,,,,,,,
Chevrolet,Corvette,2001,,,18.5gal.,,,rear-wheel,v-8,5.7,"350hp @ 5,600rpm",6 speed manual,"375 lb.-ft. @ 4,400rpm",,,,,,,,,,,,,16,,,,,,,,,,,
Chevrolet,Corvette,2000,,,19.1gal.,,,rear-wheel,v-8,5.7,"345hp @ 5,600rpm",6 speed manual,"350 lb.-ft. @ 4,400rpm",,,,,,,,,,,,,16,,,,,,,,,,,
Chevrolet,Corvette,1999,17 mpg,25 mpg,19.1gal.,2,14 cu.ft.,rear-wheel,v-8,5.7,"345hp @ 5,600rpm",6 speed manual,"350 lb.-ft. @ 4,400rpm",4-wheel,5.7 l,347 cu.in.,345 hp,"37.9 ""","47.7 ""","73.6 """,,"42.7 ""","179.7 """,,"104.5 """,16,4,"3,217 lbs.",,,,,,,,,
Chevrolet,Bolt EV,2019,128 mpg,110 mpg,,5,,front-wheel,,,200hp @ rpm,1 speed automatic,266 lb.-ft. @ rpm,4-wheel,,,200 hp,"39.7 ""","62.8 ""","69.5 ""","36.5 ""","41.6 ""","164.0 ""","37.9 ""","102.4 """,,1,"3,563 lbs.",,,,,,,,,
Chevrolet,Bolt EV,2018,128 mpg,110 mpg,,5,,front-wheel,,,200hp @ rpm,1 speed automatic,266 lb.-ft. @ rpm,4-wheel,,,200 hp,"39.7 ""","62.8 ""","69.5 ""","36.5 ""","41.6 ""","164.0 ""","37.9 ""","102.4 """,,1,"3,563 lbs.",,,,,,,,,
Chevrolet,Bolt EV,2017,,,,,,front-wheel,,,200hp @ rpm,1 speed automatic,266 lb.-ft. @ rpm,,,,,,,,,,,,,,,,,,,,,,,,
Chevrolet,Malibu Hybrid,2018,49 mpg,43 mpg,13.0gal.,5,12 cu.ft.,front-wheel,i-4,1.8,"124hp @ 5,000rpm",1 speed automatic,"129 lb.-ft. @ 4,750rpm",4-wheel,1.8 l,110 cu.in.,124 hp,"39.1 ""","57.6 ""","73.0 ""","38.1 ""","42.0 ""","193.8 ""","37.5 ""","111.4 """,16,1,"3,457 lbs.",,"1,000 lbs.",,,,,,,
Chevrolet,Malibu Hybrid,2017,,,13.0gal.,,,front-wheel,i-4,1.8,"124hp @ 5,000rpm",1 speed automatic,"129 lb.-ft. @ 4,750rpm",,,,,,,,,,,,,16,,,,,,,,,,,
Chevrolet,Malibu Hybrid,2016,,,13.0gal.,,,front-wheel,i-4,1.8,"124hp @ 5,000rpm",1 speed automatic,"129 lb.-ft. @ 4,750rpm",,,,,,,,,,,,,16,,,,,,,,,,,
Chevrolet,Malibu Hybrid,2010,,,16.0gal.,,,front-wheel,i-4,2.4,"164hp @ 6,400rpm",4 speed automatic,"159 lb.-ft. @ 5,000rpm",,,,,,,,,,,,,16,,,,,,,,,,,
Chevrolet,Malibu Hybrid,2009,,,16.0gal.,,,front-wheel,i-4,2.4,"164hp @ 6,400rpm",4 speed automatic,"159 lb.-ft. @ 5,000rpm",,,,,,,,,,,,,16,,,,,,,,,,,
Chevrolet,Malibu Hybrid,2008,,,16.0gal.,,,front-wheel,i-4,2.4,"164hp @ 6,400rpm",4 speed automatic,"159 lb.-ft. @ 5,000rpm",,,,,,,,,,,,,16,,,,,,,,,,,
Chevrolet,Spark EV,2016,,,,,,front-wheel,,,140hp @ rpm,1 speed automatic,327 lb.-ft. @ rpm,,,,,,,,,,,,,,,,,,,,,,,,
Chevrolet,Spark EV,2015,,,,,,front-wheel,,,140hp @ rpm,1 speed automatic,327 lb.-ft. @ rpm,,,,,,,,,,,,,,,,,,,,,,,,
Chevrolet,Spark EV,2014,,,,,,front-wheel,,,140hp @ rpm,1 speed automatic,400 lb.-ft. @ rpm,,,,,,,,,,,,,,,,,,,,,,,,
Chevrolet,Caprice,2017,,,19.0gal.,5,17 cu.ft.,rear-wheel,v-8,6.0,"355hp @ 5,300rpm",6 speed automatic,"384 lb.-ft. @ 4,400rpm",4-wheel,3.6 l,217 cu.in.,301 hp,"38.7 ""","58.7 ""","74.8 ""","43.2 ""","42.2 ""","204.2 ""","37.6 ""","118.5 """,16,6,"4,043 lbs.","5,247 lbs.",,,,,,,,
Chevrolet,Caprice,2016,,,19.0gal.,5,17 cu.ft.,rear-wheel,v-6,6.0,"355hp @ 5,300rpm",6 speed automatic,"384 lb.-ft. @ 4,400rpm",4-wheel,3.6 l,217 cu.in.,301 hp,"38.7 ""","58.7 ""","74.8 ""","43.2 ""","42.2 ""","204.2 ""","37.6 ""","118.5 """,16,6,"4,043 lbs.","5,247 lbs.",,,,,,,,
Chevrolet,Caprice,2015,,,19.0gal.,5,17 cu.ft.,rear-wheel,v-8,6.0,"355hp @ 5,300rpm",6 speed automatic,"384 lb.-ft. @ 4,400rpm",4-wheel,3.6 l,217 cu.in.,301 hp,"38.7 ""","58.7 ""","74.8 ""","43.2 ""","42.2 ""","204.2 ""","37.6 ""","118.5 """,16,6,"4,043 lbs.","5,247 lbs.",,,,,,,,
Chevrolet,Caprice,2014,,,19.0gal.,5,17 cu.ft.,rear-wheel,v-8,6.0,"355hp @ 5,300rpm",6 speed automatic,"384 lb.-ft. @ 4,400rpm",4-wheel,3.6 l,217 cu.in.,301 hp,"38.7 ""","58.7 ""","74.8 ""","43.2 ""","42.2 ""","204.2 ""","37.6 ""","118.5 """,16,6,"4,043 lbs.","5,247 lbs.",,,,,,,,
Chevrolet,Caprice,2013,,,19.0gal.,5,17 cu.ft.,rear-wheel,v-8,6.0,"355hp @ 5,300rpm",6 speed automatic,"384 lb.-ft. @ 4,400rpm",4-wheel,3.6 l,217 cu.in.,301 hp,"38.7 ""","58.7 ""","74.8 ""","43.2 ""","42.2 ""","204.2 ""","37.6 ""","118.5 """,16,6,"4,043 lbs.","5,247 lbs.",,,,,,,,
Chevrolet,Caprice,2012,,,19.0gal.,5,17 cu.ft.,rear-wheel,v-8,6.0,"355hp @ 5,300rpm",6 speed automatic,"384 lb.-ft. @ 4,400rpm",4-wheel,3.6 l,217 cu.in.,301 hp,"38.7 ""","58.7 ""","74.8 ""","43.2 ""","42.2 ""","204.2 ""","37.6 ""","118.5 """,16,6,"4,259 lbs.","5,339 lbs.",,,,,,,,
Chevrolet,Caprice,2011,,,19.0gal.,5,17 cu.ft.,rear-wheel,v-8,6.0,"355hp @ 5,300rpm",6 speed automatic,"384 lb.-ft. @ 4,400rpm",4-wheel,6.0 l,364 cu.in.,355 hp,"38.7 ""","58.7 ""","74.8 ""","43.2 ""","42.2 ""","204.2 ""","37.6 ""","118.5 """,16,6,"4,259 lbs.","5,339 lbs.",,,,,,,,
Chevrolet,Classic,2005,,,14.0gal.,,,front-wheel,i-4,2.2,"140hp @ 5,600rpm",4 speed automatic,"150 lb.-ft. @ 4,000rpm",,,,,,,,,,,,,16,,,,,,,,,,,
Chevrolet,Classic,2004,,,14.0gal.,,,front-wheel,i-4,2.2,"140hp @ 5,600rpm",4 speed automatic,"150 lb.-ft. @ 4,000rpm",,,,,,,,,,,,,16,,,,,,,,,,,
Chevrolet,Impala,2019,22 mpg,30 mpg,18.5gal.,5,19 cu.ft.,front-wheel,v-6,3.6,"305hp @ 6,800rpm",6 speed automatic,"264 lb.-ft. @ 5,200rpm",4-wheel,2.5 l,150 cu.in.,197 hp,"39.9 ""","58.9 ""","73.0 ""","39.8 ""","45.8 ""","201.3 ""","37.4 ""","111.7 """,24,6,"3,662 lbs.",,"1,000 lbs.",,,,,,,
Chevrolet,Impala,2018,22 mpg,30 mpg,18.5gal.,5,19 cu.ft.,front-wheel,v-6,3.6,"305hp @ 6,800rpm",6 speed automatic,"264 lb.-ft. @ 5,200rpm",4-wheel,2.5 l,150 cu.in.,197 hp,"39.9 ""","58.9 ""","73.0 ""","39.8 ""","45.8 ""","201.3 ""","37.4 ""","111.7 """,16,6,"3,662 lbs.",,"1,000 lbs.",,,,,,,
Chevrolet,Impala,2017,22 mpg,30 mpg,18.5gal.,5,19 cu.ft.,front-wheel,v-6,3.6,"305hp @ 6,800rpm",6 speed automatic,"264 lb.-ft. @ 5,200rpm",4-wheel,2.5 l,150 cu.in.,197 hp,"39.9 ""","58.9 ""","73.0 ""","39.8 ""","45.8 ""","201.3 ""","37.4 ""","111.7 """,24,6,"3,662 lbs.",,"1,000 lbs.",,,,,,,
Chevrolet,Impala,2016,22 mpg,31 mpg,18.5gal.,5,19 cu.ft.,front-wheel,i-4,2.5,"196hp @ 6,300rpm",6 speed automatic,"186 lb.-ft. @ 4,400rpm",4-wheel,2.5 l,150 cu.in.,196 hp,"39.9 ""","58.9 ""","73.0 ""","39.8 ""","45.8 ""","201.3 ""","37.4 ""","111.7 """,16,6,"3,662 lbs.",,"1,000 lbs.",,,,,,,
Chevrolet,Impala,2015,,,18.5gal.,,,front-wheel,i-4,2.5,"195hp @ 6,300rpm",6 speed automatic,"187 lb.-ft. @ 4,400rpm",,,,,,,,,,,,,16,,,,,,,,,,,
Chevrolet,Impala,2014,,,18.5gal.,,,front-wheel,v-6,3.6,"305hp @ 6,800rpm",6 speed automatic,"264 lb.-ft. @ 5,200rpm",,,,,,,,,,,,,24,,,,,,,,,,,
Chevrolet,Impala,2013,,,17.5gal.,,,front-wheel,v-6,3.6,"300hp @ 6,500rpm",6 speed automatic,"262 lb.-ft. @ 5,300rpm",,,,,,,,,,,,,24,,,,,,,,,,,
Chevrolet,Impala,2012,,,17.0gal.,,,front-wheel,v-6,3.6,"300hp @ 6,500rpm",6 speed automatic,"262 lb.-ft. @ 5,300rpm",,,,,,,,,,,,,24,,,,,,,,,,,
Chevrolet,Impala,2011,,,17.0gal.,,,front-wheel,v-6,3.5,"211hp @ 5,800rpm",4 speed automatic,"216 lb.-ft. @ 4,000rpm",,,,,,,,,,,,,12,,,,,,,,,,,
Chevrolet,Impala,2010,,,17.0gal.,,,front-wheel,v-6,3.5,"211hp @ 5,800rpm",4 speed automatic,"215 lb.-ft. @ 4,000rpm",,,,,,,,,,,,,12,,,,,,,,,,,
Chevrolet,Impala,2009,,,17.0gal.,,,front-wheel,v-6,3.9,"233hp @ 5,600rpm",4 speed automatic,"240 lb.-ft. @ 4,000rpm",,,,,,,,,,,,,12,,,,,,,,,,,
Chevrolet,Impala,2008,,,17.0gal.,,,front-wheel,v-6,3.9,"233hp @ 5,600rpm",4 speed automatic,"240 lb.-ft. @ 4,000rpm",,,,,,,,,,,,,12,,,,,,,,,,,
Chevrolet,Impala,2007,,,17.0gal.,,,front-wheel,v-6,3.5,"211hp @ 5,800rpm",4 speed automatic,"214 lb.-ft. @ 4,000rpm",,,,,,,,,,,,,12,,,,,,,,,,,
Chevrolet,Impala,2006,,,17.0gal.,,,front-wheel,v-6,3.9,"242hp @ 6,000rpm",4 speed automatic,"242 lb.-ft. @ 4,400rpm",,,,,,,,,,,,,12,,,,,,,,,,,
Chevrolet,Impala,2005,,,17.0gal.,,,front-wheel,v-6,3.8,"200hp @ 5,200rpm",4 speed automatic,"225 lb.-ft. @ 4,000rpm",,,,,,,,,,,,,12,,,,,,,,,,,
Chevrolet,Impala,2004,,,17.0gal.,,,front-wheel,v-6,3.8,"200hp @ 5,200rpm",4 speed automatic,"225 lb.-ft. @ 4,000rpm",,,,,,,,,,,,,12,,,,,,,,,,,
Chevrolet,Impala,2003,,,17.0gal.,,,front-wheel,v-6,3.8,"200hp @ 5,200rpm",4 speed automatic,"225 lb.-ft. @ 4,000rpm",,,,,,,,,,,,,12,,,,,,,,,,,
Chevrolet,Impala,2002,,,17.0gal.,,,front-wheel,v-6,3.8,"200hp @ 5,200rpm",4 speed automatic,"225 lb.-ft. @ 4,000rpm",,,,,,,,,,,,,12,,,,,,,,,,,
Chevrolet,Impala,2001,,,17.0gal.,,,front-wheel,v-6,3.8,"200hp @ 5,200rpm",4 speed automatic,"225 lb.-ft. @ 4,000rpm",,,,,,,,,,,,,12,,,,,,,,,,,
Chevrolet,Impala,2000,,,17.0gal.,,,front-wheel,v-6,3.8,"200hp @ 5,200rpm",4 speed automatic,"225 lb.-ft. @ 4,000rpm",,,,,,,,,,,,,12,,,,,,,,,,,
Chevrolet,Impala Limited,2016,,,17.5gal.,,,front-wheel,v-6,3.6,"300hp @ 6,500rpm",6 speed automatic,"262 lb.-ft. @ 5,300rpm",,,,,,,,,,,,,24,,,,,,,,,,,
Chevrolet,Impala Limited,2015,,,17.5gal.,,,front-wheel,v-6,3.6,"300hp @ 6,500rpm",6 speed automatic,"262 lb.-ft. @ 5,300rpm",,,,,,,,,,,,,24,,,,,,,,,,,
Chevrolet,Impala Limited,2014,,,17.5gal.,,,front-wheel,v-6,3.6,"300hp @ 6,500rpm",6 speed automatic,"262 lb.-ft. @ 5,300rpm",,,,,,,,,,,,,24,,,,,,,,,,,
Chevrolet,Lumina,2001,,,16.6gal.,,,front-wheel,v-6,3.1,"175hp @ 5,200rpm",4 speed automatic,"190 lb.-ft. @ 4,000rpm",,,,,,,,,,,,,12,,,,,,,,,,,
Chevrolet,Lumina,2000,,,16.6gal.,,,front-wheel,v-6,3.1,"175hp @ 5,200rpm",4 speed automatic,"190 lb.-ft. @ 4,000rpm",,,,,,,,,,,,,12,,,,,,,,,,,
Chevrolet,Lumina,1999,,,16.6gal.,,,front-wheel,v-6,3.8,"200hp @ 5,200rpm",4 speed automatic,"225 lb.-ft. @ 4,000rpm",,,,,,,,,,,,,12,,,,,,,,,,,
Chevrolet,Malibu,2018,27 mpg,36 mpg,15.8gal.,5,16 cu.ft.,front-wheel,i-4,1.5,"160hp @ 5,700rpm",6 speed automatic,"184 lb.-ft. @ 2,500rpm",4-wheel,1.5 l,91 cu.in.,160 hp,"39.1 ""","57.6 ""","73.0 ""","38.1 ""","42.0 ""","193.8 ""","37.5 ""","111.4 """,16,6,"3,086 lbs.",,"1,000 lbs.",,,,,,,
Chevrolet,Malibu,2017,,,13.0gal.,,,front-wheel,i-4,1.5,"160hp @ 5,700rpm",6 speed automatic,"184 lb.-ft. @ 2,500rpm",,,,,,,,,,,,,16,,,,,,,,,,,
Chevrolet,Malibu,2016,27 mpg,37 mpg,13.0gal.,5,16 cu.ft.,front-wheel,i-4,1.5,"160hp @ 5,700rpm",6 speed automatic,"184 lb.-ft. @ 2,500rpm",4-wheel,1.5 l,91 cu.in.,160 hp,"39.1 ""","57.6 ""","73.0 ""","38.1 ""","42.0 ""","193.8 ""","37.5 ""","111.4 """,16,6,"3,086 lbs.",,"1,000 lbs.",,,,,,,
Chevrolet,Malibu,2015,,,15.8gal.,,,front-wheel,i-4,2.5,"196hp @ 6,300rpm",6 speed automatic,"191 lb.-ft. @ 4,400rpm",,,,,,,,,,,,,16,,,,,,,,,,,
Chevrolet,Malibu,2014,,,15.8gal.,,,front-wheel,i-4,2.5,"196hp @ 6,300rpm",6 speed automatic,"191 lb.-ft. @ 4,400rpm",,,,,,,,,,,,,16,,,,,,,,,,,
Chevrolet,Malibu,2013,25 mpg,37 mpg,15.8gal.,5,13 cu.ft.,front-wheel,i-4,2.4,"182hp @ 6,200rpm",6 speed automatic,"171 lb.-ft. @ 4,900rpm",4-wheel,2.4 l,145 cu.in.,182 hp,"39.0 ""","57.6 ""","73.0 ""","36.8 ""","42.1 ""","191.5 ""","37.5 ""","107.8 """,16,6,"3,589 lbs.",,"1,000 lbs.",,,,,,,
Chevrolet,Malibu,2012,,,16.0gal.,,,front-wheel,i-4,2.4,"169hp @ 6,400rpm",6 speed automatic,"160 lb.-ft. @ 4,500rpm",,,,,,,,,,,,,16,,,,,,,,,,,
Chevrolet,Malibu,2011,,,16.0gal.,,,front-wheel,i-4,2.4,"170hp @ 6,200rpm",6 speed automatic,"158 lb.-ft. @ 5,200rpm",,,,,,,,,,,,,16,,,,,,,,,,,
Chevrolet,Malibu,2010,,,16.0gal.,,,front-wheel,i-4,2.4,"170hp @ 6,200rpm",4 speed automatic,"158 lb.-ft. @ 5,200rpm",,,,,,,,,,,,,16,,,,,,,,,,,
Chevrolet,Malibu,2009,,,16.0gal.,,,front-wheel,i-4,2.4,"169hp @ 6,400rpm",4 speed automatic,"160 lb.-ft. @ 4,500rpm",,,,,,,,,,,,,16,,,,,,,,,,,
Chevrolet,Malibu,2008,,,16.0gal.,,,front-wheel,i-4,2.4,"169hp @ 6,400rpm",4 speed automatic,"160 lb.-ft. @ 4,500rpm",,,,,,,,,,,,,16,,,,,,,,,,,
Chevrolet,Malibu,2007,,,16.1gal.,,,front-wheel,i-4,2.2,"144hp @ 5,600rpm",4 speed automatic,"155 lb.-ft. @ 4,000rpm",,,,,,,,,,,,,16,,,,,,,,,,,
Chevrolet,Malibu,2006,,,16.1gal.,,,front-wheel,i-4,2.2,"144hp @ 5,600rpm",4 speed automatic,"155 lb.-ft. @ 4,000rpm",,,,,,,,,,,,,16,,,,,,,,,,,
Chevrolet,Malibu,2005,,,16.1gal.,,,front-wheel,v-6,3.5,"200hp @ 5,400rpm",4 speed automatic,"220 lb.-ft. @ 3,200rpm",,,,,,,,,,,,,12,,,,,,,,,,,
Chevrolet,Malibu,2004,,,16.1gal.,,,front-wheel,v-6,3.5,"200hp @ 5,400rpm",4 speed automatic,"220 lb.-ft. @ 3,200rpm",,,,,,,,,,,,,12,,,,,,,,,,,
Chevrolet,Malibu,2003,,,14.1gal.,,,front-wheel,v-6,3.1,"170hp @ 5,200rpm",4 speed automatic,"190 lb.-ft. @ 4,000rpm",,,,,,,,,,,,,12,,,,,,,,,,,
Chevrolet,Malibu,2002,,,14.8gal.,,,front-wheel,v-6,3.1,"170hp @ 5,200rpm",4 speed automatic,"190 lb.-ft. @ 4,000rpm",,,,,,,,,,,,,12,,,,,,,,,,,
Chevrolet,Malibu,2001,,,14.8gal.,,,front-wheel,v-6,3.1,"170hp @ 5,200rpm",4 speed automatic,"190 lb.-ft. @ 4,000rpm",,,,,,,,,,,,,12,,,,,,,,,,,
Chevrolet,Malibu,2000,,,14.3gal.,,,front-wheel,v-6,3.1,"170hp @ 5,200rpm",4 speed automatic,"190 lb.-ft. @ 4,000rpm",,,,,,,,,,,,,12,,,,,,,,,,,
Chevrolet,Malibu,1999,22 mpg,30 mpg,15.0gal.,5,17 cu.ft.,front-wheel,v-6,3.1,"150hp @ 4,800rpm",4 speed automatic,"180 lb.-ft. @ 3,200rpm",4-wheel,2.4 l,146 cu.in.,150 hp,"39.4 ""","56.7 ""","69.4 ""","38.0 ""","42.2 ""","190.4 ""","37.6 ""","107.0 """,12,4,"3,051 lbs.",,,,,,,,,
Chevrolet,Malibu Classic,2008,,,16.1gal.,,,front-wheel,v-6,3.5,"219hp @ 5,900rpm",4 speed automatic,"219 lb.-ft. @ 3,200rpm",,,,,,,,,,,,,12,,,,,,,,,,,
Chevrolet,Captiva Sport,2015,,,19.0gal.,,,front-wheel,i-4,2.4,"180hp @ 6,700rpm",6 speed automatic,"172 lb.-ft. @ 4,900rpm",,,,,,,,,,,,,16,,,,,,,,,,,
Chevrolet,Captiva Sport,2014,,,19.0gal.,,,front-wheel,i-4,2.4,"180hp @ 6,700rpm",6 speed automatic,"172 lb.-ft. @ 4,900rpm",,,,,,,,,,,,,16,,,,,,,,,,,
Chevrolet,Captiva Sport,2013,,,19.0gal.,,,front-wheel,i-4,2.4,"180hp @ 6,700rpm",6 speed automatic,"172 lb.-ft. @ 4,900rpm",,,,,,,,,,,,,16,,,,,,,,,,,
Chevrolet,Captiva Sport,2012,,,19.2gal.,,,front-wheel,i-4,2.4,"182hp @ 6,700rpm",6 speed automatic,"172 lb.-ft. @ 4,900rpm",,,,,,,,,,,,,16,,,,,,,,,,,
Chevrolet,Equinox,2019,26 mpg,32 mpg,14.9gal.,5,63 cu.ft.,front-wheel,i-4,1.5,"170hp @ 5,600rpm",6 speed automatic,"203 lb.-ft. @ 2,000rpm",4-wheel,1.5 l,91 cu.in.,170 hp,"40.0 ""","65.4 ""","72.6 ""","39.7 ""","40.9 ""","183.1 ""","38.5 ""","107.3 """,16,6,"3,274 lbs.","4,464 lbs.","1,500 lbs.",,,,,,,
Chevrolet,Equinox,2018,26 mpg,32 mpg,14.9gal.,5,63 cu.ft.,front-wheel,i-4,1.5,"170hp @ 5,600rpm",6 speed automatic,"203 lb.-ft. @ 2,000rpm",4-wheel,1.5 l,91 cu.in.,170 hp,"40.0 ""","65.4 ""","72.6 ""","39.7 ""","40.9 ""","183.1 ""","38.5 ""","107.3 """,16,6,"3,274 lbs.","4,464 lbs.","1,500 lbs.",,,,,,,
Chevrolet,Equinox,2017,,,18.8gal.,,,front-wheel,i-4,2.4,"182hp @ 6,700rpm",6 speed automatic,"172 lb.-ft. @ 4,900rpm",,,,,,,,,,,,,16,,,,,,,,,,,
Chevrolet,Equinox,2016,,,18.8gal.,,,front-wheel,i-4,2.4,"182hp @ 6,700rpm",6 speed automatic,"172 lb.-ft. @ 4,900rpm",,,,,,,,,,,,,16,,,,,,,,,,,
Chevrolet,Equinox,2015,,,18.8gal.,,,front-wheel,i-4,2.4,"182hp @ 6,700rpm",6 speed automatic,"172 lb.-ft. @ 4,900rpm",,,,,,,,,,,,,16,,,,,,,,,,,
Chevrolet,Equinox,2014,,,18.8gal.,,,front-wheel,i-4,2.4,"182hp @ 6,700rpm",6 speed automatic,"172 lb.-ft. @ 4,900rpm",,,,,,,,,,,,,16,,,,,,,,,,,
Chevrolet,Equinox,2013,,,18.8gal.,,,front-wheel,i-4,2.4,"182hp @ 6,700rpm",6 speed automatic,"172 lb.-ft. @ 4,900rpm",,,,,,,,,,,,,16,,,,,,,,,,,
Chevrolet,Equinox,2012,,,18.8gal.,,,front-wheel,i-4,2.4,"182hp @ 6,700rpm",6 speed automatic,"172 lb.-ft. @ 4,900rpm",,,,,,,,,,,,,16,,,,,,,,,,,
Chevrolet,Equinox,2011,,,18.0gal.,,,front-wheel,i-4,2.4,"182hp @ 6,700rpm",6 speed automatic,"172 lb.-ft. @ 4,900rpm",,,,,,,,,,,,,16,,,,,,,,,,,
Chevrolet,Equinox,2010,,,18.0gal.,,,front-wheel,i-4,2.4,"182hp @ 6,700rpm",6 speed automatic,"172 lb.-ft. @ 4,900rpm",,,,,,,,,,,,,16,,,,,,,,,,,
Chevrolet,Equinox,2009,,,20.0gal.,,,front-wheel,v-6,3.4,"185hp @ 5,200rpm",5 speed automatic,"210 lb.-ft. @ 3,800rpm",,,,,,,,,,,,,12,,,,,,,,,,,
Chevrolet,Equinox,2008,,,20.0gal.,,,front-wheel,v-6,3.4,"185hp @ 5,200rpm",5 speed automatic,"210 lb.-ft. @ 3,800rpm",,,,,,,,,,,,,12,,,,,,,,,,,
Chevrolet,Equinox,2007,,,20.0gal.,,,front-wheel,v-6,3.4,"185hp @ 5,200rpm",5 speed automatic,"210 lb.-ft. @ 3,800rpm",,,,,,,,,,,,,12,,,,,,,,,,,
Chevrolet,Equinox,2006,,,16.0gal.,,,front-wheel,v-6,3.4,"185hp @ 5,200rpm",5 speed automatic,"210 lb.-ft. @ 3,800rpm",,,,,,,,,,,,,12,,,,,,,,,,,
Chevrolet,Equinox,2005,,,16.6gal.,,,front-wheel,v-6,3.4,"185hp @ 5,200rpm",5 speed automatic,"210 lb.-ft. @ 3,800rpm",,,,,,,,,,,,,12,,,,,,,,,,,
Chevrolet,Traverse,2019,18 mpg,27 mpg,19.4gal.,8,98 cu.ft.,front-wheel,v-6,3.6,"310hp @ 6,800rpm",9 speed automatic,"266 lb.-ft. @ 2,800rpm",4-wheel,3.6 l,223 cu.in.,310 hp,"41.3 ""","70.7 ""","78.6 ""","38.4 ""","41.0 ""","204.3 ""","40.0 ""","120.9 """,24,9,"4,362 lbs.","6,160 lbs.","1,500 lbs.",,,,,,,
Chevrolet,Traverse,2018,18 mpg,27 mpg,19.4gal.,8,98 cu.ft.,front-wheel,v-6,3.6,"310hp @ 6,800rpm",9 speed automatic,"266 lb.-ft. @ 2,800rpm",4-wheel,3.6 l,223 cu.in.,310 hp,"41.3 ""","70.7 ""","78.6 ""","38.4 ""","41.0 ""","204.3 ""","40.0 ""","120.9 """,24,9,"4,362 lbs.","6,160 lbs.","1,500 lbs.",,,,,,,
Chevrolet,Traverse,2017,,,22.0gal.,,,front-wheel,v-6,3.6,"288hp @ 6,300rpm",6 speed automatic,"270 lb.-ft. @ 3,400rpm",,,,,,,,,,,,,24,,,,,,,,,,,
Chevrolet,Traverse,2016,,,22.0gal.,,,front-wheel,v-6,3.6,"281hp @ 6,300rpm",6 speed automatic,"266 lb.-ft. @ 3,400rpm",,,,,,,,,,,,,24,,,,,,,,,,,
Chevrolet,Traverse,2015,,,22.0gal.,,,front-wheel,v-6,3.6,"281hp @ 6,300rpm",6 speed automatic,"266 lb.-ft. @ 3,400rpm",,,,,,,,,,,,,24,,,,,,,,,,,
Chevrolet,Traverse,2014,,,22.0gal.,,,front-wheel,v-6,3.6,"281hp @ 6,300rpm",6 speed automatic,"266 lb.-ft. @ 3,400rpm",,,,,,,,,,,,,24,,,,,,,,,,,
Chevrolet,Traverse,2013,,,22.0gal.,,,front-wheel,v-6,3.6,"281hp @ 6,300rpm",6 speed automatic,"266 lb.-ft. @ 3,400rpm",,,,,,,,,,,,,24,,,,,,,,,,,
Chevrolet,Traverse,2012,,,22.0gal.,,,front-wheel,v-6,3.6,"281hp @ 6,300rpm",6 speed automatic,"266 lb.-ft. @ 3,400rpm",,,,,,,,,,,,,24,,,,,,,,,,,
Chevrolet,Traverse,2011,,,22.0gal.,,,front-wheel,v-6,3.6,"281hp @ 6,300rpm",6 speed automatic,"266 lb.-ft. @ 3,400rpm",,,,,,,,,,,,,24,,,,,,,,,,,
Chevrolet,Traverse,2010,,,22.0gal.,,,all-wheel drive,v-6,3.6,"281hp @ 6,300rpm",6 speed automatic,"266 lb.-ft. @ 3,400rpm",,,,,,,,,,,,,24,,,,,,,,,,,
Chevrolet,Traverse,2009,,,22.0gal.,,,front-wheel,v-6,3.6,"281hp @ 6,300rpm",6 speed automatic,"266 lb.-ft. @ 3,400rpm",,,,,,,,,,,,,24,,,,,,,,,,,
Chevrolet,Astro,2005,,,27.0gal.,,,rear-wheel,v-6,4.3,"190hp @ 4,400rpm",4 speed automatic,"250 lb.-ft. @ 2,800rpm",,,,,,,,,,,,,12,,,,,,,,,,,
Chevrolet,Astro,2004,,,27.0gal.,,,all-wheel drive,v-6,4.3,"190hp @ 4,400rpm",4 speed automatic,"250 lb.-ft. @ 2,800rpm",,,,,,,,,,,,,12,,,,,,,,,,,
Chevrolet,Astro,2003,,,27.0gal.,,,all-wheel drive,v-6,4.3,"190hp @ 4,400rpm",4 speed automatic,"250 lb.-ft. @ 2,800rpm",,,,,,,,,,,,,12,,,,,,,,,,,
Chevrolet,Astro,2002,,,27.0gal.,,,all-wheel drive,v-6,4.3,"190hp @ 4,400rpm",4 speed automatic,"250 lb.-ft. @ 2,800rpm",,,,,,,,,,,,,12,,,,,,,,,,,
Chevrolet,Astro,2001,,,27.0gal.,,,rear-wheel,v-6,4.3,"190hp @ 4,400rpm",4 speed automatic,"250 lb.-ft. @ 2,800rpm",,,,,,,,,,,,,12,,,,,,,,,,,
Chevrolet,Astro,2000,,,27.0gal.,,,rear-wheel,v-6,4.3,"190hp @ 4,400rpm",4 speed automatic,"250 lb.-ft. @ 2,800rpm",,,,,,,,,,,,,12,,,,,,,,,,,
Chevrolet,Astro,1999,,,25.0gal.,,,rear-wheel,v-6,4.3,"190hp @ 4,400rpm",4 speed automatic,"250 lb.-ft. @ 2,800rpm",,,,,,,,,,,,,12,,,,,,,,,,,
Chevrolet,City Express,2018,24 mpg,26 mpg,14.5gal.,2,123 cu.ft.,front-wheel,i-4,2.0,"131hp @ 5,200rpm",continuously variable automatic,"139 lb.-ft. @ 4,900rpm",4-wheel,2.0 l,122 cu.in.,131 hp,"41.7 ""","73.7 ""","68.1 """,,"42.6 ""","186.3 """,,"115.2 """,16,continuously variable,"3,260 lbs.","4,751 lbs.",,,,,,,,
Chevrolet,City Express,2017,24 mpg,26 mpg,14.5gal.,2,123 cu.ft.,front-wheel,i-4,2.0,"131hp @ 5,200rpm",continuously variable automatic,"139 lb.-ft. @ 4,900rpm",4-wheel,2.0 l,122 cu.in.,131 hp,"41.7 ""","73.7 ""","68.1 """,,"42.6 ""","186.3 """,,"115.2 """,16,continuously variable,"3,260 lbs.","4,751 lbs.",,,,,,,,
Chevrolet,City Express,2016,,,14.5gal.,,,front-wheel,i-4,2.0,"131hp @ 5,200rpm",continuously variable automatic,"139 lb.-ft. @ 4,900rpm",,,,,,,,,,,,,16,,,,,,,,,,,
Chevrolet,City Express,2015,,,14.5gal.,,,front-wheel,i-4,2.0,"131hp @ 5,200rpm",continuously variable automatic,"139 lb.-ft. @ 4,900rpm",,,,,,,,,,,,,16,,,,,,,,,,,
Chevrolet,Express,2008,,,31.0gal.,,,rear-wheel,v-8,5.3,"301hp @ 5,200rpm",4 speed automatic,"325 lb.-ft. @ 4,500rpm",,,,,,,,,,,,,16,,,,,,,,,,,
Chevrolet,Express,2007,,,31.0gal.,,,rear-wheel,v-8,5.3,"295hp @ 5,200rpm",4 speed automatic,"335 lb.-ft. @ 4,000rpm",,,,,,,,,,,,,16,,,,,,,,,,,
Chevrolet,Express,2006,,,31.0gal.,,,rear-wheel,v-8,5.3,"295hp @ 5,200rpm",4 speed automatic,"335 lb.-ft. @ 4,000rpm",,,,,,,,,,,,,16,,,,,,,,,,,
Chevrolet,Express,2005,,,31.0gal.,,,rear-wheel,v-8,5.3,"295hp @ 5,200rpm",4 speed automatic,"330 lb.-ft. @ 4,000rpm",,,,,,,,,,,,,16,,,,,,,,,,,
Chevrolet,Express,2004,,,31.0gal.,,,rear-wheel,v-8,5.3,"285hp @ 5,200rpm",4 speed automatic,"325 lb.-ft. @ 4,000rpm",,,,,,,,,,,,,16,,,,,,,,,,,
Chevrolet,Express,2003,,,31.0gal.,,,rear-wheel,v-8,5.3,"285hp @ 5,200rpm",4 speed automatic,"325 lb.-ft. @ 4,000rpm",,,,,,,,,,,,,16,,,,,,,,,,,
Chevrolet,Express,2002,,,31.0gal.,,,rear-wheel,v-8,5.7,"255hp @ 4,600rpm",4 speed automatic,"330 lb.-ft. @ 2,800rpm",,,,,,,,,,,,,16,,,,,,,,,,,
Chevrolet,Express,2001,,,31.0gal.,,,rear-wheel,v-8,5.7,"255hp @ 4,600rpm",4 speed automatic,"330 lb.-ft. @ 2,800rpm",,,,,,,,,,,,,16,,,,,,,,,,,
Chevrolet,Express,2000,,,30.9gal.,,,rear-wheel,v-8,5.7,"255hp @ 4,600rpm",4 speed automatic,"330 lb.-ft. @ 2,800rpm",,,,,,,,,,,,,16,,,,,,,,,,,
Chevrolet,Express,1999,15 mpg,19 mpg,31.0gal.,8,267 cu.ft.,rear-wheel,v-8,5.7,"255hp @ 4,600rpm",4 speed automatic,"330 lb.-ft. @ 2,800rpm",4-wheel,4.3 l,262 cu.in.,200 hp,"40.6 ""","80.7 ""","79.4 ""","38.5 ""","41.1 ""","218.8 ""","39.0 ""","135.0 """,16,4,"5,166 lbs.","7,100 lbs.","4,000 lbs.",,,,,,,
Chevrolet,Express 1500,2014,,,31.0gal.,,,rear-wheel,v-6,4.3,"310hp @ 5,200rpm",4 speed automatic,"334 lb.-ft. @ 4,500rpm",,,,,,,,,,,,,16,,,,,,,,,,,
Chevrolet,Express 1500,2013,,,31.0gal.,,,rear-wheel,v-8,5.3,"310hp @ 5,200rpm",4 speed automatic,"334 lb.-ft. @ 4,500rpm",,,,,,,,,,,,,16,,,,,,,,,,,
Chevrolet,Express 1500,2012,,,31.0gal.,,,rear-wheel,v-8,5.3,"310hp @ 5,200rpm",4 speed automatic,"334 lb.-ft. @ 4,500rpm",,,,,,,,,,,,,16,,,,,,,,,,,
Chevrolet,Express 1500,2011,,,31.0gal.,,,rear-wheel,v-8,5.3,"310hp @ 5,200rpm",4 speed automatic,"334 lb.-ft. @ 4,500rpm",,,,,,,,,,,,,16,,,,,,,,,,,
Chevrolet,Express 1500,2010,,,31.0gal.,,,rear-wheel,v-8,5.3,"310hp @ 5,200rpm",4 speed automatic,"334 lb.-ft. @ 4,500rpm",,,,,,,,,,,,,16,,,,,,,,,,,
Chevrolet,Express 1500,2009,,,31.0gal.,,,all-wheel drive,v-8,5.3,"301hp @ 5,200rpm",4 speed automatic,"325 lb.-ft. @ 4,500rpm",,,,,,,,,,,,,16,,,,,,,,,,,
Chevrolet,Express 2500,2019,,,31.0gal.,12,216 cu.ft.,rear-wheel,i-4,2.8,"181hp @ 3,400rpm",6 speed automatic,"369 lb.-ft. @ 2,000rpm",4-wheel,4.3 l,262 cu.in.,276 hp,"39.8 ""","83.9 ""","79.2 ""","36.3 ""","41.3 ""","224.1 ""","38.4 ""","135.0 """,16,8,"5,983 lbs.","8,600 lbs.","6,500 lbs.",,,,,,,
Chevrolet,Express 2500,2018,,,31.0gal.,12,216 cu.ft.,rear-wheel,i-4,2.8,"341hp @ 5,400rpm",6 speed automatic,"369 lb.-ft. @ 2,000rpm",4-wheel,4.3 l,262 cu.in.,276 hp,"39.8 ""","83.9 ""","79.2 ""","36.3 ""","41.3 ""","224.1 ""","38.4 ""","135.0 """,16,8,"5,983 lbs.","8,600 lbs.","6,500 lbs.",,,,,,,
Chevrolet,Express 2500,2017,,,31.0gal.,,,rear-wheel,i-4,2.8,"181hp @ 3,400rpm",8 speed automatic,"369 lb.-ft. @ 2,000rpm",,,,,,,,,,,,,16,,,,,,,,,,,
Chevrolet,Express 2500,2016,,,31.0gal.,,,rear-wheel,v-8,6.0,"282hp @ 4,800rpm",6 speed automatic,"320 lb.-ft. @ 4,400rpm",,,,,,,,,,,,,16,,,,,,,,,,,
Chevrolet,Express 2500,2015,,,31.0gal.,,,rear-wheel,v-8,6.0,"282hp @ 4,700rpm",6 speed automatic,"320 lb.-ft. @ 4,400rpm",,,,,,,,,,,,,16,,,,,,,,,,,
Chevrolet,Express 2500,2014,,,31.0gal.,,,rear-wheel,v-8,6.0,"282hp @ 4,700rpm",6 speed automatic,"320 lb.-ft. @ 4,400rpm",,,,,,,,,,,,,16,,,,,,,,,,,
Chevrolet,Express 2500,2013,,,31.0gal.,,,rear-wheel,v-8,6.0,"324hp @ 4,700rpm",6 speed automatic,"373 lb.-ft. @ 4,400rpm",,,,,,,,,,,,,16,,,,,,,,,,,
Chevrolet,Express 2500,2012,,,31.0gal.,,,rear-wheel,v-8,6.0,"324hp @ 4,700rpm",6 speed automatic,"373 lb.-ft. @ 4,400rpm",,,,,,,,,,,,,16,,,,,,,,,,,
Chevrolet,Express 2500,2011,,,31.0gal.,,,rear-wheel,v-8,6.0,"280hp @ 5,200rpm",6 speed automatic,"373 lb.-ft. @ 4,400rpm",,,,,,,,,,,,,16,,,,,,,,,,,
Chevrolet,Express 2500,2010,,,31.0gal.,,,rear-wheel,v-8,6.0,"323hp @ 4,600rpm",6 speed automatic,"373 lb.-ft. @ 4,400rpm",,,,,,,,,,,,,16,,,,,,,,,,,
Chevrolet,Express 2500,2009,,,31.0gal.,,,rear-wheel,v-8,6.6,"250hp @ 3,200rpm",4 speed automatic,"460 lb.-ft. @ 1,600rpm",,,,,,,,,,,,,32,,,,,,,,,,,
Chevrolet,Avalanche,2013,,,31.0gal.,,,rear-wheel,v-8,5.3,"320hp @ 5,400rpm",6 speed automatic,"335 lb.-ft. @ 4,000rpm",,,,,,,,,,,,,16,,,,,,,,,,,
Chevrolet,Avalanche 1500,2012,,,31.0gal.,,,rear-wheel,v-8,5.3,"320hp @ 5,400rpm",6 speed automatic,"335 lb.-ft. @ 4,000rpm",,,,,,,,,,,,,16,,,,,,,,,,,
Chevrolet,Avalanche 1500,2011,,,31.0gal.,,,rear-wheel,v-8,5.3,"320hp @ 5,400rpm",6 speed automatic,"335 lb.-ft. @ 4,000rpm",,,,,,,,,,,,,16,,,,,,,,,,,
Chevrolet,Avalanche 1500,2010,,,31.0gal.,,,rear-wheel,v-8,5.3,"320hp @ 5,400rpm",6 speed automatic,"335 lb.-ft. @ 4,000rpm",,,,,,,,,,,,,16,,,,,,,,,,,
Chevrolet,Avalanche 1500,2009,,,31.0gal.,,,rear-wheel,v-8,5.3,"310hp @ 5,200rpm",6 speed automatic,"335 lb.-ft. @ 4,400rpm",,,,,,,,,,,,,16,,,,,,,,,,,
Chevrolet,Avalanche 1500,2008,,,31.0gal.,,,rear-wheel,v-8,5.3,"320hp @ 5,200rpm",4 speed automatic,"340 lb.-ft. @ 4,200rpm",,,,,,,,,,,,,16,,,,,,,,,,,
Chevrolet,Avalanche 1500,2007,,,31.0gal.,,,rear-wheel,v-8,5.3,"320hp @ 5,200rpm",4 speed automatic,"340 lb.-ft. @ 4,200rpm",,,,,,,,,,,,,16,,,,,,,,,,,
Chevrolet,Avalanche 1500,2006,,,31.0gal.,,,rear-wheel,v-8,5.3,"295hp @ 5,200rpm",4 speed automatic,"335 lb.-ft. @ 4,000rpm",,,,,,,,,,,,,16,,,,,,,,,,,
Chevrolet,Avalanche 1500,2005,,,31.0gal.,,,rear-wheel,v-8,5.3,"295hp @ 5,200rpm",4 speed automatic,"335 lb.-ft. @ 4,000rpm",,,,,,,,,,,,,16,,,,,,,,,,,
Chevrolet,Avalanche 1500,2004,,,31.0gal.,,,rear-wheel,v-8,5.3,"295hp @ 5,200rpm",4 speed automatic,"330 lb.-ft. @ 4,000rpm",,,,,,,,,,,,,16,,,,,,,,,,,
Chevrolet,Avalanche 1500,2003,,,31.0gal.,,,rear-wheel,v-8,5.3,"285hp @ 5,200rpm",4 speed automatic,"325 lb.-ft. @ 4,000rpm",,,,,,,,,,,,,16,,,,,,,,,,,
Chevrolet,Avalanche 1500,2002,,,31.0gal.,,,rear-wheel,v-8,5.3,"285hp @ 5,200rpm",4 speed automatic,"325 lb.-ft. @ 4,000rpm",,,,,,,,,,,,,16,,,,,,,,,,,
Chevrolet,Avalanche 2500,2006,,,37.0gal.,,,four-wheel,v-8,8.1,"325hp @ 4,200rpm",4 speed automatic,"447 lb.-ft. @ 3,200rpm",,,,,,,,,,,,,16,,,,,,,,,,,
Chevrolet,Avalanche 2500,2005,,,37.0gal.,,,four-wheel,v-8,8.1,"320hp @ 4,200rpm",4 speed automatic,"440 lb.-ft. @ 3,200rpm",,,,,,,,,,,,,16,,,,,,,,,,,
Chevrolet,Avalanche 2500,2004,,,37.0gal.,,,four-wheel,v-8,8.1,"320hp @ 4,200rpm",4 speed automatic,"440 lb.-ft. @ 3,200rpm",,,,,,,,,,,,,16,,,,,,,,,,,
Chevrolet,Avalanche 2500,2003,,,37.0gal.,,,rear-wheel,v-8,8.1,"320hp @ 4,200rpm",4 speed automatic,"440 lb.-ft. @ 3,200rpm",,,,,,,,,,,,,16,,,,,,,,,,,
Chevrolet,Avalanche 2500,2002,,,37.5gal.,,,rear-wheel,v-8,8.1,"340hp @ 4,200rpm",4 speed automatic,"455 lb.-ft. @ 3,200rpm",,,,,,,,,,,,,16,,,,,,,,,,,
Chevrolet,C1500,1999,15 mpg,19 mpg,25.0gal.,6,40 cu.ft.,rear-wheel,v-8,5.7,"255hp @ 4,600rpm",4 speed automatic,"330 lb.-ft. @ 2,800rpm",4-wheel,5.0 l,305 cu.in.,230 hp,"39.9 ""","70.6 ""","77.1 ""","34.8 ""","41.7 ""","217.5 ""","37.5 ""","141.5 """,16,4,"4,173 lbs.","6,200 lbs.","5,000 lbs.",,,,,,,
Chevrolet,C2500,2000,,,34.0gal.,,,rear-wheel,v-8,6.5,"195hp @ 3,400rpm",4 speed automatic,"430 lb.-ft. @ 1,800rpm",,,,,,,,,,,,,16,,,,,,,,,,,
Chevrolet,C2500,1999,,,34.0gal.,3,,rear-wheel,v-8,6.5,"195hp @ 3,400rpm",4 speed automatic,"430 lb.-ft. @ 1,800rpm",4-wheel,5.7 l,350 cu.in.,255 hp,"39.9 ""","71.2 ""","76.8 """,,"41.7 ""","213.4 """,,"131.5 """,16,5,"4,737 lbs.","8,600 lbs.","8,000 lbs.",,,,,,,
Chevrolet,C3500,2000,,,34.0gal.,,,rear-wheel,v-8,5.7,"255hp @ 4,600rpm",5 speed manual,"330 lb.-ft. @ 2,800rpm",,,,,,,,,,,,,16,,,,,,,,,,,
Chevrolet,C3500,1999,,,34.0gal.,3,,rear-wheel,v-8,5.7,"255hp @ 4,600rpm",5 speed manual,"330 lb.-ft. @ 2,800rpm",4-wheel,5.7 l,350 cu.in.,255 hp,"39.9 ""","70.0 ""","76.8 """,,"41.7 ""","213.4 """,,"131.5 """,16,5,"4,838 lbs.","9,000 lbs.","7,500 lbs.",,,,,,,
Chevrolet,Colorado,2019,20 mpg,26 mpg,21.0gal.,2,,rear-wheel,i-4,2.5,"200hp @ 6,300rpm",6 speed manual,"191 lb.-ft. @ 4,400rpm",4-wheel,2.5 l,150 cu.in.,200 hp,"41.4 ""","70.4 ""","74.3 """,,"45.0 ""","212.7 """,,"128.3 """,16,6,"3,986 lbs.","5,400 lbs.","3,500 lbs.",,,,,,,
Chevrolet,Colorado,2018,20 mpg,26 mpg,21.0gal.,2,,rear-wheel,i-4,2.5,"200hp @ 6,300rpm",6 speed manual,"191 lb.-ft. @ 4,400rpm",4-wheel,2.5 l,150 cu.in.,200 hp,"41.4 ""","70.4 ""","74.3 """,,"45.0 ""","212.7 """,,"128.3 """,16,6,"3,986 lbs.","5,400 lbs.","3,500 lbs.",,,,,,,
Chevrolet,Colorado,2017,,,21.0gal.,,,rear-wheel,v-6,3.6,"308hp @ 6,800rpm",6 speed automatic,"275 lb.-ft. @ 4,000rpm",,,,,,,,,,,,,16,,,,,,,,,,,
Chevrolet,Colorado,2016,,,21.0gal.,,,rear-wheel,i-4,2.5,"200hp @ 6,300rpm",6 speed manual,"191 lb.-ft. @ 4,400rpm",,,,,,,,,,,,,16,,,,,,,,,,,
Chevrolet,Colorado,2015,,,21.0gal.,,,rear-wheel,v-6,3.6,"305hp @ 6,800rpm",6 speed automatic,"191 lb.-ft. @ 4,400rpm",,,,,,,,,,,,,24,,,,,,,,,,,
Chevrolet,Colorado,2012,,,19.6gal.,,,rear-wheel,i-4,2.9,"185hp @ 5,600rpm",4 speed automatic,"190 lb.-ft. @ 2,800rpm",,,,,,,,,,,,,16,,,,,,,,,,,
Chevrolet,Colorado,2011,,,19.6gal.,,,rear-wheel,i-4,3.7,"185hp @ 5,600rpm",5 speed manual,"242 lb.-ft. @ 4,600rpm",,,,,,,,,,,,,20,,,,,,,,,,,
Chevrolet,Colorado,2010,,,19.6gal.,,,four-wheel,v-8,5.3,"300hp @ 5,200rpm",4 speed automatic,"320 lb.-ft. @ 3,600rpm",,,,,,,,,,,,,16,,,,,,,,,,,
Chevrolet,Colorado,2009,,,19.6gal.,,,four-wheel,i-5,3.7,"242hp @ 5,600rpm",4 speed automatic,"242 lb.-ft. @ 4,600rpm",,,,,,,,,,,,,20,,,,,,,,,,,
Chevrolet,Colorado,2008,,,19.6gal.,,,four-wheel,i-5,3.7,"242hp @ 5,600rpm",4 speed automatic,"242 lb.-ft. @ 4,600rpm",,,,,,,,,,,,,20,,,,,,,,,,,
Chevrolet,Colorado,2007,,,19.6gal.,,,four-wheel,i-4,2.9,"185hp @ 5,600rpm",4 speed automatic,"190 lb.-ft. @ 2,800rpm",,,,,,,,,,,,,16,,,,,,,,,,,
Chevrolet,Colorado,2006,,,19.6gal.,,,four-wheel,i-4,2.8,"175hp @ 5,600rpm",4 speed automatic,"185 lb.-ft. @ 2,800rpm",,,,,,,,,,,,,16,,,,,,,,,,,
Chevrolet,Colorado,2005,,,19.6gal.,,,rear-wheel,i-4,2.8,"175hp @ 5,600rpm",5 speed manual,"185 lb.-ft. @ 2,800rpm",,,,,,,,,,,,,16,,,,,,,,,,,
Chevrolet,Colorado,2004,,,19.0gal.,,,rear-wheel,i-4,2.8,"175hp @ 5,600rpm",5 speed manual,"185 lb.-ft. @ 2,800rpm",,,,,,,,,,,,,16,,,,,,,,,,,
Chevrolet,K1500,1999,14 mpg,18 mpg,25.0gal.,6,40 cu.ft.,four-wheel,v-8,5.7,"255hp @ 4,600rpm",4 speed automatic,"330 lb.-ft. @ 2,800rpm",4-wheel,5.0 l,305 cu.in.,230 hp,"39.9 ""","72.6 ""","77.1 ""","34.8 ""","41.7 ""","217.9 ""","37.5 ""","141.5 """,16,4,"4,566 lbs.","6,200 lbs.","5,000 lbs.",,,,,,,
Chevrolet,K2500,2000,,,34.0gal.,,,four-wheel,v-8,6.5,"195hp @ 3,400rpm",4 speed automatic,"430 lb.-ft. @ 1,800rpm",,,,,,,,,,,,,16,,,,,,,,,,,
Chevrolet,K2500,1999,,,34.0gal.,3,,four-wheel,v-8,6.5,"195hp @ 3,400rpm",4 speed automatic,"430 lb.-ft. @ 1,800rpm",4-wheel,5.7 l,350 cu.in.,255 hp,"39.9 ""","76.0 ""","76.8 """,,"41.7 ""","213.4 """,,"131.5 """,16,5,"5,165 lbs.","8,600 lbs.","7,500 lbs.",,,,,,,
Chevrolet,K3500,2000,,,34.0gal.,,,four-wheel,v-8,6.5,"195hp @ 3,400rpm",4 speed automatic,"430 lb.-ft. @ 1,800rpm",,,,,,,,,,,,,16,,,,,,,,,,,
Chevrolet,K3500,1999,,,34.0gal.,3,,four-wheel,v-8,6.5,"195hp @ 3,400rpm",4 speed automatic,"430 lb.-ft. @ 1,800rpm",4-wheel,5.7 l,350 cu.in.,255 hp,"39.9 ""","74.0 ""","76.8 """,,"41.7 ""","213.4 """,,"131.5 """,16,5,"5,229 lbs.","9,200 lbs.","7,000 lbs.",,,,,,,
Chevrolet,S-10,2004,,,17.0gal.,,,four-wheel,v-6,4.3,"190hp @ 4,400rpm",4 speed automatic,"250 lb.-ft. @ 2,800rpm",,,,,,,,,,,,,12,,,,,,,,,,,
Chevrolet,S-10,2003,,,18.0gal.,,,rear-wheel,v-6,4.3,"180hp @ 4,400rpm",4 speed automatic,"245 lb.-ft. @ 2,800rpm",,,,,,,,,,,,,12,,,,,,,,,,,
Chevrolet,S-10,2002,,,18.0gal.,,,rear-wheel,i-4,4.3,"120hp @ 5,000rpm",4 speed automatic,"140 lb.-ft. @ 3,600rpm",,,,,,,,,,,,,8,,,,,,,,,,,
Chevrolet,S-10,2001,,,18.0gal.,,,rear-wheel,v-6,4.3,"190hp @ 4,400rpm",4 speed automatic,"250 lb.-ft. @ 2,800rpm",,,,,,,,,,,,,12,,,,,,,,,,,
Chevrolet,S-10,2000,,,19.0gal.,,,rear-wheel,v-6,4.3,"180hp @ 4,400rpm",4 speed automatic,"245 lb.-ft. @ 2,800rpm",,,,,,,,,,,,,12,,,,,,,,,,,
Chevrolet,S-10,1999,23 mpg,29 mpg,19.0gal.,3,,rear-wheel,i-4,2.2,"120hp @ 5,000rpm",5 speed manual,"140 lb.-ft. @ 3,600rpm",4-wheel,2.2 l,133 cu.in.,120 hp,"39.5 ""","63.2 ""","67.9 """,,"42.4 ""","190.1 """,,"108.3 """,12,5,"3,029 lbs.","4,200 lbs.","2,000 lbs.",,,,,,,
Chevrolet,Silverado 1500,2019,,,,6,,rear-wheel,v-8,5.3,"355hp @ 5,600rpm",8 speed automatic,"383 lb.-ft. @ 4,100rpm",4-wheel,2.7 l,325 cu.in.,310 hp,"43.0 ""","75.6 ""","81.2 ""","35.2 ""","44.5 ""","231.7 ""","39.9 ""","147.4 """,16,8,,"6,800 lbs.",,,,,,,,
Chevrolet,Silverado 1500,2018,18 mpg,24 mpg,26.0gal.,3,,rear-wheel,v-6,5.3,"355hp @ 5,600rpm",6 speed automatic,"383 lb.-ft. @ 4,100rpm",4-wheel,4.3 l,262 cu.in.,285 hp,"42.4 ""","74.0 ""","80.0 """,,"45.3 ""","205.6 """,,"119.0 """,16,6,"4,515 lbs.","6,500 lbs.","6,000 lbs.",,,,,,,
Chevrolet,Silverado 1500,2017,,,26.0gal.,,,rear-wheel,v-8,5.3,"355hp @ 5,600rpm",6 speed automatic,"383 lb.-ft. @ 4,100rpm",,,,,,,,,,,,,12,,,,,,,,,,,
Chevrolet,Silverado 1500,2016,,,26.0gal.,,,rear-wheel,v-8,5.3,"355hp @ 5,600rpm",6 speed automatic,"383 lb.-ft. @ 4,100rpm",,,,,,,,,,,,,16,,,,,,,,,,,
Chevrolet,Silverado 1500,2015,,,26.0gal.,,,rear-wheel,v-8,5.3,"355hp @ 5,600rpm",6 speed automatic,"383 lb.-ft. @ 4,100rpm",,,,,,,,,,,,,16,,,,,,,,,,,
Chevrolet,Silverado 1500,2014,,,26.0gal.,,,rear-wheel,v-8,5.3,"355hp @ 5,600rpm",6 speed automatic,"383 lb.-ft. @ 4,100rpm",,,,,,,,,,,,,16,,,,,,,,,,,
Chevrolet,Silverado 1500,2013,,,26.0gal.,,,rear-wheel,v-8,5.3,"315hp @ 5,200rpm",6 speed automatic,"335 lb.-ft. @ 4,000rpm",,,,,,,,,,,,,16,,,,,,,,,,,
Chevrolet,Silverado 1500,2012,,,26.0gal.,,,rear-wheel,v-8,5.3,"302hp @ 5,600rpm",6 speed automatic,"335 lb.-ft. @ 4,000rpm",,,,,,,,,,,,,16,,,,,,,,,,,
Chevrolet,Silverado 1500,2011,,,26.0gal.,,,rear-wheel,v-8,4.8,"315hp @ 5,200rpm",6 speed automatic,"335 lb.-ft. @ 4,000rpm",,,,,,,,,,,,,16,,,,,,,,,,,
Chevrolet,Silverado 1500,2010,,,26.0gal.,,,four-wheel,v-8,4.8,"302hp @ 5,600rpm",4 speed automatic,"305 lb.-ft. @ 4,600rpm",,,,,,,,,,,,,16,,,,,,,,,,,
Chevrolet,Silverado 1500,2009,,,26.0gal.,,,four-wheel,v-8,4.8,"295hp @ 5,600rpm",4 speed automatic,"305 lb.-ft. @ 4,600rpm",,,,,,,,,,,,,16,,,,,,,,,,,
Chevrolet,Silverado 1500,2008,,,26.0gal.,,,four-wheel,v-8,4.8,"295hp @ 5,600rpm",4 speed automatic,"305 lb.-ft. @ 4,800rpm",,,,,,,,,,,,,16,,,,,,,,,,,
Chevrolet,Silverado 1500,2007,,,26.0gal.,,,four-wheel,v-8,6.0,"367hp @ 5,500rpm",4 speed automatic,"375 lb.-ft. @ 4,300rpm",,,,,,,,,,,,,16,,,,,,,,,,,
Chevrolet,Silverado 1500,2006,,,34.0gal.,,,four-wheel,v-8,5.3,"295hp @ 5,200rpm",4 speed automatic,"335 lb.-ft. @ 4,000rpm",,,,,,,,,,,,,16,,,,,,,,,,,
Chevrolet,Silverado 1500,2005,,,34.0gal.,,,rear-wheel,v-8,5.3,"295hp @ 5,200rpm",4 speed automatic,"335 lb.-ft. @ 4,000rpm",,,,,,,,,,,,,16,,,,,,,,,,,
Chevrolet,Silverado 1500,2004,,,26.0gal.,,,all-wheel drive,v-8,6.0,"345hp @ 5,200rpm",4 speed automatic,"380 lb.-ft. @ 4,000rpm",,,,,,,,,,,,,16,,,,,,,,,,,
Chevrolet,Silverado 1500,2003,,,26.0gal.,,,rear-wheel,v-8,5.3,"285hp @ 5,200rpm",4 speed automatic,"325 lb.-ft. @ 4,000rpm",,,,,,,,,,,,,16,,,,,,,,,,,
Chevrolet,Silverado 1500,2002,,,26.0gal.,,,rear-wheel,v-8,5.3,"285hp @ 5,200rpm",4 speed automatic,"325 lb.-ft. @ 4,000rpm",,,,,,,,,,,,,16,,,,,,,,,,,
Chevrolet,Silverado 1500,2001,,,26.0gal.,,,rear-wheel,v-8,5.3,"285hp @ 5,200rpm",4 speed automatic,"325 lb.-ft. @ 4,000rpm",,,,,,,,,,,,,16,,,,,,,,,,,
Chevrolet,Silverado 1500,2000,,,26.0gal.,,,rear-wheel,v-8,5.3,"285hp @ 5,200rpm",4 speed automatic,"325 lb.-ft. @ 4,000rpm",,,,,,,,,,,,,16,,,,,,,,,,,
Chevrolet,Silverado 1500,1999,17 mpg,23 mpg,26.0gal.,3,,rear-wheel,v-8,5.3,"270hp @ 5,000rpm",4 speed automatic,"315 lb.-ft. @ 4,000rpm",4-wheel,4.3 l,262 cu.in.,200 hp,"41.0 ""","71.2 ""","78.5 """,,"41.3 ""","203.3 """,,"119.0 """,16,5,"3,923 lbs.","6,100 lbs.",,,,,,,,
Chevrolet,Silverado 1500 Classic,2007,,,34.0gal.,,,four-wheel,v-8,5.3,"295hp @ 5,200rpm",4 speed automatic,"335 lb.-ft. @ 4,000rpm",,,,,,,,,,,,,16,,,,,,,,,,,
Chevrolet,Silverado 1500 Hybrid,2013,,,26.0gal.,,,rear-wheel,v-8,6.0,"332hp @ 5,100rpm",automatic/cvt,"367 lb.-ft. @ 4,100rpm",,,,,,,,,,,,,16,,,,,,,,,,,
Chevrolet,Silverado 1500 Hybrid,2012,,,26.0gal.,,,rear-wheel,v-8,6.0,"332hp @ 5,100rpm",automatic/cvt,"367 lb.-ft. @ 4,100rpm",,,,,,,,,,,,,16,,,,,,,,,,,
Chevrolet,Silverado 1500 Hybrid,2011,,,26.0gal.,,,rear-wheel,v-8,6.0,"332hp @ 5,100rpm",automatic/cvt,"367 lb.-ft. @ 4,100rpm",,,,,,,,,,,,,16,,,,,,,,,,,
Chevrolet,Silverado 1500 Hybrid,2010,,,26.0gal.,,,four-wheel,v-8,6.0,"332hp @ 5,100rpm",automatic/cvt,"367 lb.-ft. @ 4,100rpm",,,,,,,,,,,,,16,,,,,,,,,,,
Chevrolet,Silverado 1500 Hybrid,2009,,,26.0gal.,,,four-wheel,v-8,6.0,"332hp @ 5,100rpm",automatic/cvt,"367 lb.-ft. @ 4,100rpm",,,,,,,,,,,,,16,,,,,,,,,,,
Chevrolet,Silverado 1500 Hybrid,2006,,,26.0gal.,,,rear-wheel,v-8,5.3,"295hp @ 5,200rpm",4 speed automatic,"335 lb.-ft. @ 4,000rpm",,,,,,,,,,,,,16,,,,,,,,,,,
Chevrolet,Blazer,2005,,,19.0gal.,,,rear-wheel,v-6,4.3,"190hp @ 4,400rpm",4 speed automatic,"250 lb.-ft. @ 2,800rpm",,,,,,,,,,,,,12,,,,,,,,,,,
Chevrolet,Blazer,2004,,,19.0gal.,,,rear-wheel,v-6,4.3,"190hp @ 4,400rpm",4 speed automatic,"250 lb.-ft. @ 2,800rpm",,,,,,,,,,,,,12,,,,,,,,,,,
Chevrolet,Blazer,2003,,,19.0gal.,,,rear-wheel,v-6,4.3,"190hp @ 4,400rpm",4 speed automatic,"250 lb.-ft. @ 2,800rpm",,,,,,,,,,,,,12,,,,,,,,,,,
Chevrolet,Blazer,2002,,,19.0gal.,,,rear-wheel,v-6,4.3,"190hp @ 4,400rpm",4 speed automatic,"250 lb.-ft. @ 2,800rpm",,,,,,,,,,,,,12,,,,,,,,,,,
Chevrolet,Blazer,2001,,,19.0gal.,,,rear-wheel,v-6,4.3,"190hp @ 4,400rpm",4 speed automatic,"250 lb.-ft. @ 2,800rpm",,,,,,,,,,,,,12,,,,,,,,,,,
Chevrolet,Blazer,2000,,,19.0gal.,,,rear-wheel,v-6,4.3,"190hp @ 4,400rpm",4 speed automatic,"250 lb.-ft. @ 2,800rpm",,,,,,,,,,,,,12,,,,,,,,,,,
Chevrolet,Blazer,1999,17 mpg,23 mpg,19.0gal.,5,67 cu.ft.,rear-wheel,v-6,4.3,"190hp @ 4,400rpm",4 speed automatic,"250 lb.-ft. @ 2,800rpm",4-wheel,4.3 l,262 cu.in.,190 hp,"39.6 ""","64.9 ""","67.8 ""","35.6 ""","42.4 ""","176.8 ""","38.3 ""","100.5 """,12,5,"3,536 lbs.","4,450 lbs.","3,500 lbs.",,,,,,,
Chevrolet,Captiva Sport,2015,,,19.0gal.,,,front-wheel,i-4,2.4,"180hp @ 6,700rpm",6 speed automatic,"172 lb.-ft. @ 4,900rpm",,,,,,,,,,,,,16,,,,,,,,,,,
Chevrolet,Captiva Sport,2014,,,19.0gal.,,,front-wheel,i-4,2.4,"180hp @ 6,700rpm",6 speed automatic,"172 lb.-ft. @ 4,900rpm",,,,,,,,,,,,,16,,,,,,,,,,,
Chevrolet,Captiva Sport,2013,,,19.0gal.,,,front-wheel,i-4,2.4,"180hp @ 6,700rpm",6 speed automatic,"172 lb.-ft. @ 4,900rpm",,,,,,,,,,,,,16,,,,,,,,,,,
Chevrolet,Captiva Sport,2012,,,19.2gal.,,,front-wheel,i-4,2.4,"182hp @ 6,700rpm",6 speed automatic,"172 lb.-ft. @ 4,900rpm",,,,,,,,,,,,,16,,,,,,,,,,,
Chevrolet,Equinox,2019,26 mpg,32 mpg,14.9gal.,5,63 cu.ft.,front-wheel,i-4,1.5,"170hp @ 5,600rpm",6 speed automatic,"203 lb.-ft. @ 2,000rpm",4-wheel,1.5 l,91 cu.in.,170 hp,"40.0 ""","65.4 ""","72.6 ""","39.7 ""","40.9 ""","183.1 ""","38.5 ""","107.3 """,16,6,"3,274 lbs.","4,464 lbs.","1,500 lbs.",,,,,,,
Chevrolet,Equinox,2018,26 mpg,32 mpg,14.9gal.,5,63 cu.ft.,front-wheel,i-4,1.5,"170hp @ 5,600rpm",6 speed automatic,"203 lb.-ft. @ 2,000rpm",4-wheel,1.5 l,91 cu.in.,170 hp,"40.0 ""","65.4 ""","72.6 ""","39.7 ""","40.9 ""","183.1 ""","38.5 ""","107.3 """,16,6,"3,274 lbs.","4,464 lbs.","1,500 lbs.",,,,,,,
Chevrolet,Equinox,2017,,,18.8gal.,,,front-wheel,i-4,2.4,"182hp @ 6,700rpm",6 speed automatic,"172 lb.-ft. @ 4,900rpm",,,,,,,,,,,,,16,,,,,,,,,,,
Chevrolet,Equinox,2016,,,18.8gal.,,,front-wheel,i-4,2.4,"182hp @ 6,700rpm",6 speed automatic,"172 lb.-ft. @ 4,900rpm",,,,,,,,,,,,,16,,,,,,,,,,,
Chevrolet,Equinox,2015,,,18.8gal.,,,front-wheel,i-4,2.4,"182hp @ 6,700rpm",6 speed automatic,"172 lb.-ft. @ 4,900rpm",,,,,,,,,,,,,16,,,,,,,,,,,
Chevrolet,Equinox,2014,,,18.8gal.,,,front-wheel,i-4,2.4,"182hp @ 6,700rpm",6 speed automatic,"172 lb.-ft. @ 4,900rpm",,,,,,,,,,,,,16,,,,,,,,,,,
Chevrolet,Equinox,2013,,,18.8gal.,,,front-wheel,i-4,2.4,"182hp @ 6,700rpm",6 speed automatic,"172 lb.-ft. @ 4,900rpm",,,,,,,,,,,,,16,,,,,,,,,,,
Chevrolet,Equinox,2012,,,18.8gal.,,,front-wheel,i-4,2.4,"182hp @ 6,700rpm",6 speed automatic,"172 lb.-ft. @ 4,900rpm",,,,,,,,,,,,,16,,,,,,,,,,,
Chevrolet,Equinox,2011,,,18.0gal.,,,front-wheel,i-4,2.4,"182hp @ 6,700rpm",6 speed automatic,"172 lb.-ft. @ 4,900rpm",,,,,,,,,,,,,16,,,,,,,,,,,
Chevrolet,Equinox,2010,,,18.0gal.,,,front-wheel,i-4,2.4,"182hp @ 6,700rpm",6 speed automatic,"172 lb.-ft. @ 4,900rpm",,,,,,,,,,,,,16,,,,,,,,,,,
Chevrolet,Equinox,2009,,,20.0gal.,,,front-wheel,v-6,3.4,"185hp @ 5,200rpm",5 speed automatic,"210 lb.-ft. @ 3,800rpm",,,,,,,,,,,,,12,,,,,,,,,,,
Chevrolet,Equinox,2008,,,20.0gal.,,,front-wheel,v-6,3.4,"185hp @ 5,200rpm",5 speed automatic,"210 lb.-ft. @ 3,800rpm",,,,,,,,,,,,,12,,,,,,,,,,,
Chevrolet,Equinox,2007,,,20.0gal.,,,front-wheel,v-6,3.4,"185hp @ 5,200rpm",5 speed automatic,"210 lb.-ft. @ 3,800rpm",,,,,,,,,,,,,12,,,,,,,,,,,
Chevrolet,Equinox,2006,,,16.0gal.,,,front-wheel,v-6,3.4,"185hp @ 5,200rpm",5 speed automatic,"210 lb.-ft. @ 3,800rpm",,,,,,,,,,,,,12,,,,,,,,,,,
Chevrolet,Equinox,2005,,,16.6gal.,,,front-wheel,v-6,3.4,"185hp @ 5,200rpm",5 speed automatic,"210 lb.-ft. @ 3,800rpm",,,,,,,,,,,,,12,,,,,,,,,,,
Chevrolet,HHR,2011,,,16.0gal.,,,front-wheel,i-4,2.2,"155hp @ 6,100rpm",5 speed manual,"150 lb.-ft. @ 4,800rpm",,,,,,,,,,,,,16,,,,,,,,,,,
Chevrolet,HHR,2010,,,16.0gal.,,,front-wheel,i-4,2.2,"155hp @ 6,100rpm",4 speed automatic,"150 lb.-ft. @ 4,800rpm",,,,,,,,,,,,,16,,,,,,,,,,,
Chevrolet,HHR,2009,,,16.0gal.,,,front-wheel,i-4,2.2,"155hp @ 6,100rpm",4 speed automatic,"150 lb.-ft. @ 4,800rpm",,,,,,,,,,,,,16,,,,,,,,,,,
Chevrolet,HHR,2008,,,16.0gal.,,,front-wheel,i-4,2.2,"149hp @ 5,600rpm",4 speed automatic,"152 lb.-ft. @ 4,200rpm",,,,,,,,,,,,,16,,,,,,,,,,,
Chevrolet,HHR,2007,,,16.0gal.,,,front-wheel,i-4,2.2,"149hp @ 5,600rpm",5 speed manual,"152 lb.-ft. @ 4,200rpm",,,,,,,,,,,,,16,,,,,,,,,,,
Chevrolet,HHR,2006,,,16.0gal.,,,front-wheel,i-4,2.2,"143hp @ 6,000rpm",4 speed automatic,"150 lb.-ft. @ 4,000rpm",,,,,,,,,,,,,16,,,,,,,,,,,
Chevrolet,HHR Panel,2011,,,16.0gal.,,,front-wheel,i-4,2.2,"155hp @ 6,100rpm",4 speed automatic,"150 lb.-ft. @ 4,800rpm",,,,,,,,,,,,,16,,,,,,,,,,,
Chevrolet,HHR Panel,2010,,,16.0gal.,,,front-wheel,i-4,2.4,"155hp @ 6,100rpm",4 speed automatic,"167 lb.-ft. @ 4,500rpm",,,,,,,,,,,,,16,,,,,,,,,,,
Chevrolet,HHR Panel,2009,,,16.0gal.,,,front-wheel,i-4,2.2,"155hp @ 6,100rpm",4 speed automatic,"150 lb.-ft. @ 4,800rpm",,,,,,,,,,,,,16,,,,,,,,,,,
Chevrolet,HHR Panel,2008,,,16.0gal.,,,front-wheel,i-4,2.2,"149hp @ 5,600rpm",4 speed automatic,"152 lb.-ft. @ 4,200rpm",,,,,,,,,,,,,16,,,,,,,,,,,
Chevrolet,HHR Panel,2007,,,16.0gal.,,,front-wheel,i-4,2.2,"149hp @ 5,600rpm",4 speed automatic,"152 lb.-ft. @ 4,200rpm",,,,,,,,,,,,,16,,,,,,,,,,,
Chevrolet,Suburban,2019,16 mpg,23 mpg,31.0gal.,8,122 cu.ft.,rear-wheel,v-8,5.3,"355hp @ 5,600rpm",6 speed automatic,"383 lb.-ft. @ 4,100rpm",4-wheel,5.3 l,325 cu.in.,355 hp,"42.8 ""","74.4 ""","80.5 ""","39.7 ""","45.3 ""","224.4 ""","39.1 ""","130.0 """,16,6,"5,586 lbs.","7,300 lbs.","6,300 lbs.",,,,,,,
Chevrolet,Suburban,2018,16 mpg,23 mpg,31.0gal.,8,122 cu.ft.,rear-wheel,v-8,5.3,"355hp @ 5,600rpm",6 speed automatic,"383 lb.-ft. @ 4,100rpm",4-wheel,5.3 l,325 cu.in.,355 hp,"42.8 ""","74.4 ""","80.5 ""","39.7 ""","45.3 ""","224.4 ""","39.1 ""","130.0 """,16,6,"5,586 lbs.","7,300 lbs.","6,300 lbs.",,,,,,,
Chevrolet,Suburban,2017,16 mpg,23 mpg,31.0gal.,8,122 cu.ft.,rear-wheel,v-8,5.3,"355hp @ 5,600rpm",6 speed automatic,"383 lb.-ft. @ 4,100rpm",4-wheel,5.3 l,325 cu.in.,355 hp,"42.8 ""","74.4 ""","80.5 ""","39.7 ""","45.3 ""","224.4 ""","39.1 ""","130.0 """,16,6,"5,586 lbs.","7,300 lbs.","6,300 lbs.",,,,,,,
Chevrolet,Suburban,2016,16 mpg,23 mpg,31.0gal.,8,122 cu.ft.,rear-wheel,v-8,5.3,"355hp @ 5,600rpm",6 speed automatic,"383 lb.-ft. @ 4,100rpm",4-wheel,5.3 l,325 cu.in.,355 hp,"42.8 ""","74.4 ""","80.5 ""","39.7 ""","45.3 ""","224.4 ""","39.1 ""","130.0 """,16,6,"5,586 lbs.","7,300 lbs.","6,300 lbs.",,,,,,,
Chevrolet,Suburban 1500,2015,,,31.0gal.,,,rear-wheel,v-8,5.3,"355hp @ 5,600rpm",6 speed automatic,"383 lb.-ft. @ 4,100rpm",,,,,,,,,,,,,16,,,,,,,,,,,
Chevrolet,Suburban 1500,2014,,,31.0gal.,,,rear-wheel,v-8,5.3,"320hp @ 5,400rpm",6 speed automatic,"335 lb.-ft. @ 4,000rpm",,,,,,,,,,,,,16,,,,,,,,,,,
Chevrolet,Suburban 1500,2013,,,31.0gal.,,,rear-wheel,v-8,5.3,"320hp @ 5,400rpm",6 speed automatic,"335 lb.-ft. @ 4,000rpm",,,,,,,,,,,,,16,,,,,,,,,,,
Chevrolet,Suburban 1500,2012,,,31.0gal.,,,rear-wheel,v-8,5.3,"320hp @ 5,400rpm",6 speed automatic,"335 lb.-ft. @ 4,000rpm",,,,,,,,,,,,,16,,,,,,,,,,,
Chevrolet,Suburban 1500,2011,,,31.0gal.,,,rear-wheel,v-8,5.3,"320hp @ 5,400rpm",6 speed automatic,"335 lb.-ft. @ 4,000rpm",,,,,,,,,,,,,16,,,,,,,,,,,
Chevrolet,Suburban 1500,2010,,,31.0gal.,,,rear-wheel,v-8,5.3,"320hp @ 5,400rpm",6 speed automatic,"335 lb.-ft. @ 4,000rpm",,,,,,,,,,,,,16,,,,,,,,,,,
Chevrolet,Suburban 1500,2009,,,31.0gal.,,,rear-wheel,v-8,5.3,"310hp @ 5,200rpm",6 speed automatic,"335 lb.-ft. @ 4,400rpm",,,,,,,,,,,,,16,,,,,,,,,,,
Chevrolet,Suburban 1500,2008,,,31.0gal.,,,rear-wheel,v-8,5.3,"320hp @ 5,200rpm",4 speed automatic,"340 lb.-ft. @ 4,200rpm",,,,,,,,,,,,,16,,,,,,,,,,,
Chevrolet,Suburban 1500,2007,,,31.0gal.,,,rear-wheel,v-8,5.3,"320hp @ 5,200rpm",4 speed automatic,"340 lb.-ft. @ 4,200rpm",,,,,,,,,,,,,16,,,,,,,,,,,
Chevrolet,Suburban 1500,2006,,,31.0gal.,,,rear-wheel,v-8,5.3,"295hp @ 5,200rpm",4 speed automatic,"335 lb.-ft. @ 4,000rpm",,,,,,,,,,,,,16,,,,,,,,,,,
Chevrolet,Suburban 1500,2005,,,31.0gal.,,,rear-wheel,v-8,5.3,"295hp @ 5,200rpm",4 speed automatic,"335 lb.-ft. @ 4,000rpm",,,,,,,,,,,,,16,,,,,,,,,,,
Chevrolet,Suburban 1500,2004,,,31.0gal.,,,rear-wheel,v-8,5.3,"295hp @ 5,200rpm",4 speed automatic,"330 lb.-ft. @ 4,000rpm",,,,,,,,,,,,,16,,,,,,,,,,,
Chevrolet,Suburban 1500,2003,,,31.0gal.,,,rear-wheel,v-8,5.3,"285hp @ 5,200rpm",4 speed automatic,"325 lb.-ft. @ 4,000rpm",,,,,,,,,,,,,16,,,,,,,,,,,
Chevrolet,Suburban 1500,2002,,,31.0gal.,,,rear-wheel,v-8,5.3,"285hp @ 5,200rpm",4 speed automatic,"325 lb.-ft. @ 4,000rpm",,,,,,,,,,,,,16,,,,,,,,,,,
Chevrolet,Suburban 1500,2001,,,32.5gal.,,,rear-wheel,v-8,5.3,"285hp @ 5,200rpm",4 speed automatic,"325 lb.-ft. @ 4,000rpm",,,,,,,,,,,,,16,,,,,,,,,,,
Chevrolet,Suburban 1500,2000,,,32.5gal.,,,rear-wheel,v-8,5.3,"285hp @ 5,200rpm",4 speed automatic,"325 lb.-ft. @ 4,000rpm",,,,,,,,,,,,,16,,,,,,,,,,,
Chevrolet,Suburban 1500,1999,14 mpg,18 mpg,42.0gal.,3,150 cu.ft.,rear-wheel,v-8,6.5,"195hp @ 3,400rpm",4 speed automatic,"430 lb.-ft. @ 1,800rpm",4-wheel,5.7 l,350 cu.in.,255 hp,"39.9 ""","71.3 ""","76.7 """,,"41.3 ""","219.5 """,,"131.5 """,16,4,"4,769 lbs.","6,800 lbs.","6,500 lbs.",,,,,,,
Chevrolet,Suburban 2500,2013,,,39.0gal.,,,rear-wheel,v-8,6.0,"352hp @ 5,400rpm",6 speed automatic,"382 lb.-ft. @ 4,200rpm",,,,,,,,,,,,,16,,,,,,,,,,,
Chevrolet,Suburban 2500,2012,,,39.0gal.,,,rear-wheel,v-8,6.0,"352hp @ 5,400rpm",6 speed automatic,"382 lb.-ft. @ 4,200rpm",,,,,,,,,,,,,16,,,,,,,,,,,
Chevrolet,Suburban 2500,2011,,,39.0gal.,,,rear-wheel,v-8,6.0,"352hp @ 5,400rpm",6 speed automatic,"382 lb.-ft. @ 4,200rpm",,,,,,,,,,,,,16,,,,,,,,,,,
Chevrolet,Suburban 2500,2010,,,39.0gal.,,,rear-wheel,v-8,6.0,"352hp @ 5,400rpm",6 speed automatic,"382 lb.-ft. @ 4,200rpm",,,,,,,,,,,,,16,,,,,,,,,,,
Chevrolet,Suburban 2500,2009,,,39.0gal.,,,rear-wheel,v-8,6.0,"352hp @ 5,400rpm",6 speed automatic,"382 lb.-ft. @ 4,200rpm",,,,,,,,,,,,,16,,,,,,,,,,,
Chevrolet,Suburban 2500,2008,,,39.0gal.,,,rear-wheel,v-8,6.0,"352hp @ 5,400rpm",6 speed automatic,"383 lb.-ft. @ 4,300rpm",,,,,,,,,,,,,16,,,,,,,,,,,
Chevrolet,Suburban 2500,2007,,,39.0gal.,,,rear-wheel,v-8,6.0,"352hp @ 5,400rpm",4 speed automatic,"383 lb.-ft. @ 4,300rpm",,,,,,,,,,,,,16,,,,,,,,,,,
Chevrolet,Suburban 2500,2006,,,37.0gal.,,,rear-wheel,v-8,8.1,"325hp @ 4,200rpm",4 speed automatic,"447 lb.-ft. @ 3,200rpm",,,,,,,,,,,,,16,,,,,,,,,,,
Chevrolet,Suburban 2500,2005,,,37.0gal.,,,rear-wheel,v-8,8.1,"320hp @ 4,200rpm",4 speed automatic,"440 lb.-ft. @ 3,200rpm",,,,,,,,,,,,,16,,,,,,,,,,,
Chevrolet,Suburban 2500,2004,,,37.0gal.,,,rear-wheel,v-8,8.1,"320hp @ 4,200rpm",4 speed automatic,"440 lb.-ft. @ 3,200rpm",,,,,,,,,,,,,16,,,,,,,,,,,
Chevrolet,Suburban 2500,2003,,,37.0gal.,,,rear-wheel,v-8,8.1,"320hp @ 4,200rpm",4 speed automatic,"440 lb.-ft. @ 3,200rpm",,,,,,,,,,,,,16,,,,,,,,,,,
Chevrolet,Suburban 2500,2002,,,37.5gal.,,,rear-wheel,v-8,8.1,"340hp @ 4,200rpm",4 speed automatic,"455 lb.-ft. @ 3,200rpm",,,,,,,,,,,,,16,,,,,,,,,,,
Chevrolet,Suburban 2500,2001,,,38.5gal.,,,rear-wheel,v-8,6.0,"315hp @ 5,000rpm",4 speed automatic,"365 lb.-ft. @ 4,000rpm",,,,,,,,,,,,,16,,,,,,,,,,,
Chevrolet,Suburban 2500,2000,,,38.5gal.,,,rear-wheel,v-8,6.0,"300hp @ 4,800rpm",4 speed automatic,"355 lb.-ft. @ 4,000rpm",,,,,,,,,,,,,16,,,,,,,,,,,
Chevrolet,Suburban 2500,1999,,,42.0gal.,3,150 cu.ft.,rear-wheel,v-8,6.5,"195hp @ 3,400rpm",4 speed automatic,"430 lb.-ft. @ 1,800rpm",4-wheel,5.7 l,350 cu.in.,255 hp,"39.9 ""","73.6 ""","76.7 """,,"41.3 ""","219.5 """,,"131.5 """,16,4,"4,769 lbs.","8,600 lbs.","7,516 lbs.",,,,,,,
Chevrolet,Suburban 3500HD,2019,,,39.0gal.,8,121 cu.ft.,four-wheel,v-8,6.0,"360hp @ 5,400rpm",6 speed automatic,"380 lb.-ft. @ 4,200rpm",4-wheel,6.0 l,364 cu.in.,360 hp,"42.8 ""","75.6 ""","80.5 ""","39.7 ""","45.3 ""","224.0 ""","39.1 ""","130.0 """,16,6,"6,585 lbs.","11,000 lbs.","3,000 lbs.",,,,,,,
Chevrolet,Suburban 3500HD,2018,,,39.0gal.,8,121 cu.ft.,four-wheel,v-8,6.0,"360hp @ 5,400rpm",6 speed automatic,"380 lb.-ft. @ 4,200rpm",4-wheel,6.0 l,364 cu.in.,360 hp,"42.8 ""","75.6 ""","80.5 ""","39.7 ""","45.3 ""","224.0 ""","39.1 ""","130.0 """,16,6,"6,585 lbs.","11,000 lbs.","3,000 lbs.",,,,,,,
Chevrolet,Suburban 3500HD,2017,,,39.0gal.,8,121 cu.ft.,four-wheel,v-8,6.0,"360hp @ 5,400rpm",6 speed automatic,"380 lb.-ft. @ 4,200rpm",4-wheel,6.0 l,364 cu.in.,360 hp,"42.8 ""","75.6 ""","80.5 ""","39.7 ""","45.3 ""","224.0 ""","39.1 ""","130.0 """,16,6,"6,585 lbs.","11,000 lbs.","3,000 lbs.",,,,,,,
Chevrolet,Suburban 3500HD,2016,,,39.0gal.,8,121 cu.ft.,four-wheel,v-8,6.0,"360hp @ 5,400rpm",6 speed automatic,"380 lb.-ft. @ 4,200rpm",4-wheel,6.0 l,364 cu.in.,360 hp,"42.8 ""","75.6 ""","80.5 ""","39.7 ""","45.3 ""","224.0 ""","39.1 ""","130.0 """,16,6,"6,585 lbs.","11,000 lbs.","6,000 lbs.",,,,,,,
