make,model,year,city,highway,fuel tank capacity,total seating capacity,max cargo capacity,drive type,cylinder configuration,engine liters,horsepower,transmission,torque,abs,size,displacement,horse power,front head room,overall height,overall width,rear leg room,front leg room,overall length,rear head room,wheelbase,number of valves,number of speeds,curb weight,gross vehicle weight,towing capacity,number of doors,speakers,approach angle,ground clearance (max),ramp breakover angle,departure angle,ground clearance
Chrysler,200,2017,,,15.8gal.,,,front-wheel,i-4,2.4,"184hp @ 6,250rpm",9 speed automatic,"171 lb.-ft. @ 4,800rpm",,,,,,,,,,,,,16,,,,,,,,,,,
Chrysler,200,2016,,,15.8gal.,,,front-wheel,i-4,2.4,"184hp @ 6,250rpm",9 speed automatic,"171 lb.-ft. @ 4,800rpm",,,,,,,,,,,,,16,,,,,,,,,,,
Chrysler,200,2015,,,15.8gal.,,,front-wheel,i-4,2.4,"184hp @ 6,250rpm",9 speed automatic,"171 lb.-ft. @ 4,800rpm",,,,,,,,,,,,,16,,,,,,,,,,,
Chrysler,200,2014,,,18.5gal.,,,front-wheel,v-6,3.6,"283hp @ 6,400rpm",4 speed automatic,"260 lb.-ft. @ 4,400rpm",,,,,,,,,,,,,24,,,,,,,,,,,
Chrysler,200,2013,,,18.5gal.,,,front-wheel,i-4,3.6,"173hp @ 6,000rpm",4 speed automatic,"166 lb.-ft. @ 4,400rpm",,,,,,,,,,,,,24,,,,,,,,,,,
Chrysler,200,2012,,,18.5gal.,,,front-wheel,v-6,3.6,"283hp @ 6,400rpm",multi-speed automatic,"260 lb.-ft. @ 4,400rpm",,,,,,,,,,,,,24,,,,,,,,,,,
Chrysler,200,2011,,,18.5gal.,,,front-wheel,i-4,3.6,"283hp @ 6,400rpm",4 speed automatic,"260 lb.-ft. @ 4,400rpm",,,,,,,,,,,,,24,,,,,,,,,,,
Chrysler,PT Cruiser,2010,,,15.0gal.,,,front-wheel,i-4,2.4,"150hp @ 5,100rpm",4 speed automatic,"165 lb.-ft. @ 4,000rpm",,,,,,,,,,,,,16,,,,,,,,,,,
Chrysler,PT Cruiser,2009,,,15.0gal.,,,front-wheel,i-4,2.4,"150hp @ 5,100rpm",4 speed automatic,"165 lb.-ft. @ 4,000rpm",,,,,,,,,,,,,16,,,,,,,,,,,
Chrysler,PT Cruiser,2008,,,15.0gal.,,,front-wheel,i-4,2.4,"150hp @ 5,100rpm",4 speed automatic,"165 lb.-ft. @ 4,000rpm",,,,,,,,,,,,,16,,,,,,,,,,,
Chrysler,PT Cruiser,2007,,,15.0gal.,,,front-wheel,i-4,2.4,"150hp @ 5,100rpm",4 speed automatic,"165 lb.-ft. @ 4,000rpm",,,,,,,,,,,,,16,,,,,,,,,,,
Chrysler,PT Cruiser,2006,,,15.0gal.,,,front-wheel,i-4,2.4,"150hp @ 5,100rpm",4 speed automatic,"165 lb.-ft. @ 4,000rpm",,,,,,,,,,,,,16,,,,,,,,,,,
Chrysler,PT Cruiser,2005,,,15.0gal.,,,front-wheel,i-4,2.4,"150hp @ 5,100rpm",4 speed automatic,"165 lb.-ft. @ 4,000rpm",,,,,,,,,,,,,16,,,,,,,,,,,
Chrysler,PT Cruiser,2004,,,15.0gal.,,,front-wheel,i-4,2.4,"150hp @ 5,500rpm",4 speed automatic,"162 lb.-ft. @ 4,000rpm",,,,,,,,,,,,,16,,,,,,,,,,,
Chrysler,PT Cruiser,2003,,,15.0gal.,,,front-wheel,i-4,2.4,"150hp @ 5,500rpm",4 speed automatic,"162 lb.-ft. @ 4,000rpm",,,,,,,,,,,,,16,,,,,,,,,,,
Chrysler,PT Cruiser,2002,,,15.0gal.,,,front-wheel,i-4,2.4,"150hp @ 5,500rpm",4 speed automatic,"162 lb.-ft. @ 4,000rpm",,,,,,,,,,,,,16,,,,,,,,,,,
Chrysler,PT Cruiser,2001,,,15.0gal.,,,front-wheel,i-4,2.4,"150hp @ 5,600rpm",4 speed automatic,"162 lb.-ft. @ 4,000rpm",,,,,,,,,,,,,16,,,,,,,,,,,
Chrysler,Sebring,2011,,,16.9gal.,,,front-wheel,i-4,2.4,"173hp @ 6,000rpm",multi-speed automatic,"166 lb.-ft. @ 4,400rpm",,,,,,,,,,,,,16,,,,,,,,,,,
Chrysler,Sebring,2010,,,18.5gal.,,,front-wheel,v-6,3.5,"173hp @ 6,000rpm",multi-speed automatic,"166 lb.-ft. @ 4,400rpm",,,,,,,,,,,,,24,,,,,,,,,,,
Chrysler,Sebring,2009,,,16.9gal.,,,front-wheel,v-6,3.5,"235hp @ 6,400rpm",multi-speed automatic,"232 lb.-ft. @ 4,000rpm",,,,,,,,,,,,,24,,,,,,,,,,,
Chrysler,Sebring,2008,,,16.9gal.,,,front-wheel,i-4,2.4,"173hp @ 6,000rpm",4 speed automatic,"166 lb.-ft. @ 4,400rpm",,,,,,,,,,,,,16,,,,,,,,,,,
Chrysler,Sebring,2007,,,16.9gal.,,,front-wheel,v-6,2.7,"189hp @ 6,400rpm",4 speed automatic,"191 lb.-ft. @ 4,000rpm",,,,,,,,,,,,,24,,,,,,,,,,,
Chrysler,Sebring,2006,,,16.0gal.,,,front-wheel,i-4,2.4,"150hp @ 5,500rpm",4 speed automatic,"160 lb.-ft. @ 4,200rpm",,,,,,,,,,,,,16,,,,,,,,,,,
Chrysler,Sebring,2005,,,16.0gal.,,,front-wheel,i-4,2.4,"150hp @ 5,500rpm",4 speed automatic,"160 lb.-ft. @ 4,200rpm",,,,,,,,,,,,,16,,,,,,,,,,,
Chrysler,Sebring,2004,,,16.0gal.,,,front-wheel,v-6,2.7,"200hp @ 5,800rpm",4 speed automatic,"190 lb.-ft. @ 4,850rpm",,,,,,,,,,,,,24,,,,,,,,,,,
Chrysler,Sebring,2003,,,16.0gal.,,,front-wheel,v-6,2.7,"200hp @ 5,800rpm",4 speed automatic,"190 lb.-ft. @ 4,850rpm",,,,,,,,,,,,,24,,,,,,,,,,,
Chrysler,Sebring,2002,,,16.0gal.,,,front-wheel,v-6,2.7,"200hp @ 5,800rpm",4 speed automatic,"190 lb.-ft. @ 4,850rpm",,,,,,,,,,,,,24,,,,,,,,,,,
Chrysler,Sebring,2001,,,16.0gal.,,,front-wheel,v-6,2.7,"200hp @ 5,900rpm",4 speed automatic,"192 lb.-ft. @ 4,300rpm",,,,,,,,,,,,,24,,,,,,,,,,,
Chrysler,Sebring,2000,,,15.9gal.,,,front-wheel,v-6,2.5,"163hp @ 5,500rpm",4 speed automatic,"170 lb.-ft. @ 4,350rpm",,,,,,,,,,,,,24,,,,,,,,,,,
Chrysler,Sebring,1999,22 mpg,31 mpg,15.9gal.,5,13 cu.ft.,front-wheel,v-6,2.5,"163hp @ 5,500rpm",4 speed automatic,"170 lb.-ft. @ 4,350rpm",4-wheel,2.0 l,122 cu.in.,140 hp,"39.1 ""","53.0 ""","69.7 ""","35.0 ""","43.3 ""","190.9 ""","36.5 ""","103.7 """,24,5,"2,967 lbs.",,,,,,,,,
Chrysler,Pacifica Hybrid,2019,,,16.5gal.,7,140 cu.ft.,front-wheel,v-6,3.6,,1 speed automatic,,4-wheel,3.6 l,220 cu.in.,,"40.1 ""","69.9 ""","79.6 ""","39.0 ""","41.1 ""","203.8 ""","39.6 ""","121.6 """,24,1,"4,987 lbs.","6,300 lbs.",,,,,,,,
Chrysler,Pacifica Hybrid,2018,,,16.5gal.,7,140 cu.ft.,front-wheel,v-6,3.6,,1 speed automatic,,4-wheel,3.6 l,220 cu.in.,,"40.1 ""","69.9 ""","79.6 ""","39.0 ""","41.1 ""","203.8 ""","39.6 ""","121.6 """,24,1,"4,987 lbs.","6,300 lbs.",,,,,,,,
Chrysler,Pacifica Hybrid,2017,,,16.5gal.,7,140 cu.ft.,front-wheel,v-6,3.6,,1 speed automatic,,4-wheel,3.6 l,220 cu.in.,,"40.1 ""","69.9 ""","79.6 ""","39.0 ""","41.1 ""","203.8 ""","39.6 ""","121.6 """,24,1,"4,943 lbs.","6,300 lbs.",,,,,,,,
Chrysler,200,2017,,,15.8gal.,,,front-wheel,i-4,2.4,"184hp @ 6,250rpm",9 speed automatic,"171 lb.-ft. @ 4,800rpm",,,,,,,,,,,,,16,,,,,,,,,,,
Chrysler,200,2016,,,15.8gal.,,,front-wheel,i-4,2.4,"184hp @ 6,250rpm",9 speed automatic,"171 lb.-ft. @ 4,800rpm",,,,,,,,,,,,,16,,,,,,,,,,,
Chrysler,200,2015,,,15.8gal.,,,front-wheel,i-4,2.4,"184hp @ 6,250rpm",9 speed automatic,"171 lb.-ft. @ 4,800rpm",,,,,,,,,,,,,16,,,,,,,,,,,
Chrysler,200,2014,,,18.5gal.,,,front-wheel,v-6,3.6,"283hp @ 6,400rpm",4 speed automatic,"260 lb.-ft. @ 4,400rpm",,,,,,,,,,,,,24,,,,,,,,,,,
Chrysler,200,2013,,,16.9gal.,,,front-wheel,i-4,3.6,"173hp @ 6,000rpm",4 speed automatic,"166 lb.-ft. @ 4,400rpm",,,,,,,,,,,,,24,,,,,,,,,,,
Chrysler,200,2012,,,18.5gal.,,,front-wheel,v-6,3.6,"283hp @ 6,400rpm",multi-speed automatic,"260 lb.-ft. @ 4,400rpm",,,,,,,,,,,,,24,,,,,,,,,,,
Chrysler,200,2011,,,18.5gal.,,,front-wheel,i-4,3.6,"283hp @ 6,400rpm",4 speed automatic,"260 lb.-ft. @ 4,400rpm",,,,,,,,,,,,,24,,,,,,,,,,,
Chrysler,300,2019,,,18.5gal.,5,16 cu.ft.,rear-wheel,v-6,3.6,"292hp @ 6,350rpm",8 speed automatic,"260 lb.-ft. @ 4,800rpm",4-wheel,3.6 l,220 cu.in.,292 hp,"38.6 ""","58.5 ""","75.0 ""","40.1 ""","41.8 ""","198.6 ""","37.9 ""","120.2 """,24,8,"4,013 lbs.","5,100 lbs.","1,000 lbs.",,,,,,,
Chrysler,300,2018,19 mpg,30 mpg,18.5gal.,5,16 cu.ft.,rear-wheel,v-6,3.6,"292hp @ 6,350rpm",8 speed automatic,"260 lb.-ft. @ 4,800rpm",4-wheel,3.6 l,220 cu.in.,292 hp,"38.6 ""","58.5 ""","75.0 ""","40.1 ""","41.8 ""","198.6 ""","37.9 ""","120.2 """,24,8,"4,013 lbs.","5,100 lbs.","1,000 lbs.",,,,,,,
Chrysler,300,2017,18 mpg,27 mpg,18.5gal.,5,16 cu.ft.,all-wheel drive,v-6,3.6,"300hp @ 6,350rpm",8 speed automatic,"264 lb.-ft. @ 4,800rpm",4-wheel,3.6 l,220 cu.in.,300 hp,"38.6 ""","58.5 ""","75.0 ""","40.1 ""","41.8 ""","198.6 ""","37.9 ""","120.2 """,24,8,"4,235 lbs.","5,350 lbs.","1,000 lbs.",,,,,,,
Chrysler,300,2016,19 mpg,31 mpg,18.5gal.,5,16 cu.ft.,rear-wheel,v-6,3.6,"292hp @ 6,350rpm",8 speed automatic,"260 lb.-ft. @ 4,800rpm",4-wheel,3.6 l,220 cu.in.,292 hp,"38.6 ""","58.4 ""","75.0 ""","40.1 ""","41.8 ""","198.6 ""","37.9 ""","120.2 """,24,8,"4,029 lbs.","5,100 lbs.","1,000 lbs.",,,,,,,
Chrysler,300,2015,,,18.5gal.,,,rear-wheel,v-6,3.6,"292hp @ 6,350rpm",8 speed automatic,"260 lb.-ft. @ 4,800rpm",,,,,,,,,,,,,24,,,,,,,,,,,
Chrysler,300,2014,,,19.5gal.,,,rear-wheel,v-6,3.6,"292hp @ 6,350rpm",8 speed automatic,"260 lb.-ft. @ 4,800rpm",,,,,,,,,,,,,24,,,,,,,,,,,
Chrysler,300,2013,,,19.1gal.,,,rear-wheel,v-6,3.6,"292hp @ 6,350rpm",8 speed automatic,"260 lb.-ft. @ 4,800rpm",,,,,,,,,,,,,24,,,,,,,,,,,
Chrysler,300,2012,,,19.1gal.,,,rear-wheel,v-6,3.6,"292hp @ 6,350rpm",8 speed automatic,"260 lb.-ft. @ 4,800rpm",,,,,,,,,,,,,24,,,,,,,,,,,
Chrysler,300,2011,,,19.1gal.,,,rear-wheel,v-6,3.6,"292hp @ 6,350rpm",5 speed automatic,"260 lb.-ft. @ 4,800rpm",,,,,,,,,,,,,24,,,,,,,,,,,
Chrysler,300,2010,,,18.0gal.,,,rear-wheel,v-6,3.5,"250hp @ 6,400rpm",4 speed automatic,"250 lb.-ft. @ 3,800rpm",,,,,,,,,,,,,24,,,,,,,,,,,
Chrysler,300,2009,,,19.0gal.,,,all-wheel drive,v-6,3.5,"250hp @ 6,400rpm",5 speed automatic,"250 lb.-ft. @ 3,800rpm",,,,,,,,,,,,,24,,,,,,,,,,,
Chrysler,300,2008,,,18.0gal.,,,rear-wheel,v-6,3.5,"250hp @ 6,400rpm",4 speed automatic,"250 lb.-ft. @ 3,800rpm",,,,,,,,,,,,,24,,,,,,,,,,,
Chrysler,300,2007,,,18.0gal.,,,rear-wheel,v-6,2.7,"190hp @ 6,400rpm",4 speed automatic,"190 lb.-ft. @ 4,000rpm",,,,,,,,,,,,,24,,,,,,,,,,,
Chrysler,300,2006,,,18.0gal.,,,rear-wheel,v-6,2.7,"190hp @ 6,400rpm",4 speed automatic,"190 lb.-ft. @ 4,000rpm",,,,,,,,,,,,,24,,,,,,,,,,,
Chrysler,300,2005,,,18.0gal.,,,rear-wheel,v-6,2.7,"190hp @ 6,400rpm",4 speed automatic,"190 lb.-ft. @ 4,000rpm",,,,,,,,,,,,,24,,,,,,,,,,,
Chrysler,300C,2017,19 mpg,30 mpg,18.5gal.,5,16 cu.ft.,rear-wheel,v-6,5.7,"292hp @ 6,350rpm",8 speed automatic,"394 lb.-ft. @ 4,200rpm",4-wheel,3.6 l,220 cu.in.,292 hp,"36.9 ""","58.5 ""","75.0 ""","40.1 ""","41.8 ""","198.6 ""","36.9 ""","120.2 """,16,8,"4,029 lbs.","5,100 lbs.","1,000 lbs.",,,,,,,
Chrysler,300C,2016,19 mpg,31 mpg,18.5gal.,5,16 cu.ft.,rear-wheel,v-8,5.7,"363hp @ 5,200rpm",8 speed automatic,"394 lb.-ft. @ 4,200rpm",4-wheel,3.6 l,220 cu.in.,292 hp,"36.9 ""","58.5 ""","75.0 ""","40.1 ""","41.8 ""","198.6 ""","36.9 ""","120.2 """,16,8,"4,029 lbs.","5,100 lbs.","1,000 lbs.",,,,,,,
Chrysler,300C,2015,,,18.5gal.,,,rear-wheel,v-8,5.7,"363hp @ 5,200rpm",8 speed automatic,"260 lb.-ft. @ 4,800rpm",,,,,,,,,,,,,24,,,,,,,,,,,
Chrysler,300C,2014,,,19.5gal.,,,rear-wheel,v-6,5.7,"363hp @ 5,200rpm",5 speed automatic,"394 lb.-ft. @ 4,200rpm",,,,,,,,,,,,,24,,,,,,,,,,,
Chrysler,300C,2013,,,19.1gal.,,,rear-wheel,v-8,5.7,"292hp @ 6,350rpm",5 speed automatic,"394 lb.-ft. @ 4,200rpm",,,,,,,,,,,,,16,,,,,,,,,,,
Chrysler,300C,2012,,,19.1gal.,,,rear-wheel,v-8,5.7,"363hp @ 5,200rpm",5 speed automatic,"394 lb.-ft. @ 4,200rpm",,,,,,,,,,,,,16,,,,,,,,,,,
Chrysler,300C,2011,,,19.1gal.,,,rear-wheel,v-8,5.7,"363hp @ 5,200rpm",5 speed automatic,"394 lb.-ft. @ 4,200rpm",,,,,,,,,,,,,16,,,,,,,,,,,
Chrysler,300C,2010,,,19.0gal.,,,all-wheel drive,v-8,5.7,"360hp @ 5,150rpm",5 speed automatic,"389 lb.-ft. @ 4,250rpm",,,,,,,,,,,,,16,,,,,,,,,,,
Chrysler,300C,2009,,,19.0gal.,,,all-wheel drive,v-8,5.7,"360hp @ 5,150rpm",5 speed automatic,"389 lb.-ft. @ 4,250rpm",,,,,,,,,,,,,16,,,,,,,,,,,
Chrysler,300C,2008,,,19.0gal.,,,rear-wheel,v-8,5.7,"350hp @ 5,000rpm",5 speed automatic,"390 lb.-ft. @ 4,000rpm",,,,,,,,,,,,,16,,,,,,,,,,,
Chrysler,300C,2007,,,19.0gal.,,,rear-wheel,v-8,5.7,"350hp @ 5,200rpm",5 speed automatic,"390 lb.-ft. @ 4,000rpm",,,,,,,,,,,,,16,,,,,,,,,,,
Chrysler,300C,2006,,,19.0gal.,,,rear-wheel,v-8,5.7,"340hp @ 5,000rpm",5 speed automatic,"390 lb.-ft. @ 4,000rpm",,,,,,,,,,,,,16,,,,,,,,,,,
Chrysler,300C,2005,,,19.0gal.,,,rear-wheel,v-8,5.7,"340hp @ 5,000rpm",5 speed automatic,"390 lb.-ft. @ 4,000rpm",,,,,,,,,,,,,16,,,,,,,,,,,
Chrysler,300M,2004,,,17.2gal.,,,front-wheel,v-6,3.5,"255hp @ 6,500rpm",4 speed automatic,"258 lb.-ft. @ 3,950rpm",,,,,,,,,,,,,24,,,,,,,,,,,
Chrysler,300M,2003,,,17.2gal.,,,front-wheel,v-6,3.5,"250hp @ 6,400rpm",4 speed automatic,"250 lb.-ft. @ 3,900rpm",,,,,,,,,,,,,24,,,,,,,,,,,
Chrysler,300M,2002,,,17.2gal.,,,front-wheel,v-6,3.5,"250hp @ 6,400rpm",4 speed automatic,"250 lb.-ft. @ 3,900rpm",,,,,,,,,,,,,24,,,,,,,,,,,
Chrysler,300M,2001,,,17.2gal.,,,front-wheel,v-6,3.5,"250hp @ 6,400rpm",4 speed automatic,"250 lb.-ft. @ 3,900rpm",,,,,,,,,,,,,24,,,,,,,,,,,
Chrysler,300M,2000,,,17.0gal.,,,front-wheel,v-6,3.5,"253hp @ 6,400rpm",4 speed automatic,"255 lb.-ft. @ 3,950rpm",,,,,,,,,,,,,24,,,,,,,,,,,
Chrysler,300M,1999,,,17.0gal.,,,front-wheel,v-6,3.5,"253hp @ 6,400rpm",4 speed automatic,"255 lb.-ft. @ 3,950rpm",,,,,,,,,,,,,24,,,,,,,,,,,
Chrysler,Cirrus,2000,,,16.0gal.,,,front-wheel,i-4,2.4,"150hp @ 5,200rpm",4 speed automatic,"167 lb.-ft. @ 4,000rpm",,,,,,,,,,,,,16,,,,,,,,,,,
Chrysler,Cirrus,1999,19 mpg,27 mpg,16.0gal.,5,16 cu.ft.,front-wheel,v-6,2.5,"168hp @ 5,800rpm",4 speed automatic,"170 lb.-ft. @ 4,350rpm",4-wheel,2.5 l,153 cu.in.,168 hp,"38.4 ""","54.1 ""","71.0 ""","38.1 ""","42.3 ""","186.0 ""","36.8 ""","108.0 """,24,4,"3,168 lbs.",,"1,000 lbs.",,,,,,,
Chrysler,300,2019,,,18.5gal.,5,16 cu.ft.,rear-wheel,v-6,3.6,"292hp @ 6,350rpm",8 speed automatic,"260 lb.-ft. @ 4,800rpm",4-wheel,3.6 l,220 cu.in.,292 hp,"38.6 ""","58.5 ""","75.0 ""","40.1 ""","41.8 ""","198.6 ""","37.9 ""","120.2 """,24,8,"4,013 lbs.","5,100 lbs.","1,000 lbs.",,,,,,,
Chrysler,300,2018,19 mpg,30 mpg,18.5gal.,5,16 cu.ft.,rear-wheel,v-6,3.6,"292hp @ 6,350rpm",8 speed automatic,"260 lb.-ft. @ 4,800rpm",4-wheel,3.6 l,220 cu.in.,292 hp,"38.6 ""","58.5 ""","75.0 ""","40.1 ""","41.8 ""","198.6 ""","37.9 ""","120.2 """,24,8,"4,013 lbs.","5,100 lbs.","1,000 lbs.",,,,,,,
Chrysler,300,2017,18 mpg,27 mpg,18.5gal.,5,16 cu.ft.,all-wheel drive,v-6,3.6,"300hp @ 6,350rpm",8 speed automatic,"264 lb.-ft. @ 4,800rpm",4-wheel,3.6 l,220 cu.in.,300 hp,"38.6 ""","58.5 ""","75.0 ""","40.1 ""","41.8 ""","198.6 ""","37.9 ""","120.2 """,24,8,"4,235 lbs.","5,350 lbs.","1,000 lbs.",,,,,,,
Chrysler,300,2016,19 mpg,31 mpg,18.5gal.,5,16 cu.ft.,rear-wheel,v-6,3.6,"292hp @ 6,350rpm",8 speed automatic,"260 lb.-ft. @ 4,800rpm",4-wheel,3.6 l,220 cu.in.,292 hp,"38.6 ""","58.4 ""","75.0 ""","40.1 ""","41.8 ""","198.6 ""","37.9 ""","120.2 """,24,8,"4,029 lbs.","5,100 lbs.","1,000 lbs.",,,,,,,
Chrysler,300,2015,,,18.5gal.,,,rear-wheel,v-6,3.6,"292hp @ 6,350rpm",8 speed automatic,"260 lb.-ft. @ 4,800rpm",,,,,,,,,,,,,24,,,,,,,,,,,
Chrysler,300,2014,,,19.5gal.,,,rear-wheel,v-6,3.6,"292hp @ 6,350rpm",8 speed automatic,"260 lb.-ft. @ 4,800rpm",,,,,,,,,,,,,24,,,,,,,,,,,
Chrysler,300,2013,,,19.1gal.,,,rear-wheel,v-6,3.6,"292hp @ 6,350rpm",8 speed automatic,"260 lb.-ft. @ 4,800rpm",,,,,,,,,,,,,24,,,,,,,,,,,
Chrysler,300,2012,,,19.1gal.,,,rear-wheel,v-6,3.6,"292hp @ 6,350rpm",8 speed automatic,"260 lb.-ft. @ 4,800rpm",,,,,,,,,,,,,24,,,,,,,,,,,
Chrysler,300,2011,,,19.1gal.,,,rear-wheel,v-6,3.6,"292hp @ 6,350rpm",5 speed automatic,"260 lb.-ft. @ 4,800rpm",,,,,,,,,,,,,24,,,,,,,,,,,
Chrysler,300,2010,,,18.0gal.,,,rear-wheel,v-6,3.5,"250hp @ 6,400rpm",4 speed automatic,"250 lb.-ft. @ 3,800rpm",,,,,,,,,,,,,24,,,,,,,,,,,
Chrysler,300,2009,,,19.0gal.,,,all-wheel drive,v-6,3.5,"250hp @ 6,400rpm",5 speed automatic,"250 lb.-ft. @ 3,800rpm",,,,,,,,,,,,,24,,,,,,,,,,,
Chrysler,300,2008,,,18.0gal.,,,rear-wheel,v-6,3.5,"250hp @ 6,400rpm",4 speed automatic,"250 lb.-ft. @ 3,800rpm",,,,,,,,,,,,,24,,,,,,,,,,,
Chrysler,300,2007,,,18.0gal.,,,rear-wheel,v-6,2.7,"190hp @ 6,400rpm",4 speed automatic,"190 lb.-ft. @ 4,000rpm",,,,,,,,,,,,,24,,,,,,,,,,,
Chrysler,300,2006,,,18.0gal.,,,rear-wheel,v-6,2.7,"190hp @ 6,400rpm",4 speed automatic,"190 lb.-ft. @ 4,000rpm",,,,,,,,,,,,,24,,,,,,,,,,,
Chrysler,300,2005,,,18.0gal.,,,rear-wheel,v-6,2.7,"190hp @ 6,400rpm",4 speed automatic,"190 lb.-ft. @ 4,000rpm",,,,,,,,,,,,,24,,,,,,,,,,,
Chrysler,300C,2017,19 mpg,30 mpg,18.5gal.,5,16 cu.ft.,rear-wheel,v-6,5.7,"292hp @ 6,350rpm",8 speed automatic,"394 lb.-ft. @ 4,200rpm",4-wheel,3.6 l,220 cu.in.,292 hp,"36.9 ""","58.5 ""","75.0 ""","40.1 ""","41.8 ""","198.6 ""","36.9 ""","120.2 """,16,8,"4,029 lbs.","5,100 lbs.","1,000 lbs.",,,,,,,
Chrysler,300C,2016,19 mpg,31 mpg,18.5gal.,5,16 cu.ft.,rear-wheel,v-8,5.7,"363hp @ 5,200rpm",8 speed automatic,"394 lb.-ft. @ 4,200rpm",4-wheel,3.6 l,220 cu.in.,292 hp,"36.9 ""","58.5 ""","75.0 ""","40.1 ""","41.8 ""","198.6 ""","36.9 ""","120.2 """,16,8,"4,029 lbs.","5,100 lbs.","1,000 lbs.",,,,,,,
Chrysler,300C,2015,,,18.5gal.,,,rear-wheel,v-8,5.7,"363hp @ 5,200rpm",8 speed automatic,"260 lb.-ft. @ 4,800rpm",,,,,,,,,,,,,24,,,,,,,,,,,
Chrysler,300C,2014,,,19.5gal.,,,rear-wheel,v-6,5.7,"363hp @ 5,200rpm",5 speed automatic,"394 lb.-ft. @ 4,200rpm",,,,,,,,,,,,,24,,,,,,,,,,,
Chrysler,300C,2013,,,19.1gal.,,,rear-wheel,v-8,5.7,"292hp @ 6,350rpm",5 speed automatic,"394 lb.-ft. @ 4,200rpm",,,,,,,,,,,,,16,,,,,,,,,,,
Chrysler,300C,2012,,,19.1gal.,,,rear-wheel,v-8,5.7,"363hp @ 5,200rpm",5 speed automatic,"394 lb.-ft. @ 4,200rpm",,,,,,,,,,,,,16,,,,,,,,,,,
Chrysler,300C,2011,,,19.1gal.,,,rear-wheel,v-8,5.7,"363hp @ 5,200rpm",5 speed automatic,"394 lb.-ft. @ 4,200rpm",,,,,,,,,,,,,16,,,,,,,,,,,
Chrysler,300C,2010,,,19.0gal.,,,all-wheel drive,v-8,5.7,"360hp @ 5,150rpm",5 speed automatic,"389 lb.-ft. @ 4,250rpm",,,,,,,,,,,,,16,,,,,,,,,,,
Chrysler,300C,2009,,,19.0gal.,,,all-wheel drive,v-8,5.7,"360hp @ 5,150rpm",5 speed automatic,"389 lb.-ft. @ 4,250rpm",,,,,,,,,,,,,16,,,,,,,,,,,
Chrysler,300C,2008,,,19.0gal.,,,rear-wheel,v-8,5.7,"340hp @ 5,000rpm",5 speed automatic,"390 lb.-ft. @ 4,000rpm",,,,,,,,,,,,,16,,,,,,,,,,,
Chrysler,300C,2007,,,19.0gal.,,,rear-wheel,v-8,5.7,"350hp @ 5,200rpm",5 speed automatic,"390 lb.-ft. @ 4,000rpm",,,,,,,,,,,,,16,,,,,,,,,,,
Chrysler,300C,2006,,,19.0gal.,,,rear-wheel,v-8,5.7,"340hp @ 5,000rpm",5 speed automatic,"390 lb.-ft. @ 4,000rpm",,,,,,,,,,,,,16,,,,,,,,,,,
Chrysler,300C,2005,,,19.0gal.,,,rear-wheel,v-8,5.7,"340hp @ 5,000rpm",5 speed automatic,"390 lb.-ft. @ 4,000rpm",,,,,,,,,,,,,16,,,,,,,,,,,
Chrysler,300M,2004,,,17.2gal.,,,front-wheel,v-6,3.5,"255hp @ 6,500rpm",4 speed automatic,"258 lb.-ft. @ 3,950rpm",,,,,,,,,,,,,24,,,,,,,,,,,
Chrysler,300M,2003,,,17.2gal.,,,front-wheel,v-6,3.5,"250hp @ 6,400rpm",4 speed automatic,"250 lb.-ft. @ 3,900rpm",,,,,,,,,,,,,24,,,,,,,,,,,
Chrysler,300M,2002,,,17.2gal.,,,front-wheel,v-6,3.5,"250hp @ 6,400rpm",4 speed automatic,"250 lb.-ft. @ 3,900rpm",,,,,,,,,,,,,24,,,,,,,,,,,
Chrysler,300M,2001,,,17.2gal.,,,front-wheel,v-6,3.5,"250hp @ 6,400rpm",4 speed automatic,"250 lb.-ft. @ 3,900rpm",,,,,,,,,,,,,24,,,,,,,,,,,
Chrysler,300M,2000,,,17.0gal.,,,front-wheel,v-6,3.5,"253hp @ 6,400rpm",4 speed automatic,"255 lb.-ft. @ 3,950rpm",,,,,,,,,,,,,24,,,,,,,,,,,
Chrysler,300M,1999,,,17.0gal.,,,front-wheel,v-6,3.5,"253hp @ 6,400rpm",4 speed automatic,"255 lb.-ft. @ 3,950rpm",,,,,,,,,,,,,24,,,,,,,,,,,
Chrysler,Concorde,2004,,,17.2gal.,,,front-wheel,v-6,2.7,"200hp @ 5,800rpm",4 speed automatic,"190 lb.-ft. @ 4,850rpm",,,,,,,,,,,,,24,,,,,,,,,,,
Chrysler,Concorde,2003,,,17.2gal.,,,front-wheel,v-6,2.7,"200hp @ 5,800rpm",4 speed automatic,"190 lb.-ft. @ 4,850rpm",,,,,,,,,,,,,24,,,,,,,,,,,
Chrysler,Concorde,2002,,,17.0gal.,,,front-wheel,v-6,3.5,"250hp @ 6,400rpm",4 speed automatic,"250 lb.-ft. @ 3,900rpm",,,,,,,,,,,,,24,,,,,,,,,,,
Chrysler,Concorde,2001,,,17.2gal.,,,front-wheel,v-6,2.7,"200hp @ 5,800rpm",4 speed automatic,"190 lb.-ft. @ 4,850rpm",,,,,,,,,,,,,24,,,,,,,,,,,
Chrysler,Concorde,2000,,,17.0gal.,,,front-wheel,v-6,2.7,"200hp @ 5,800rpm",4 speed automatic,"190 lb.-ft. @ 4,850rpm",,,,,,,,,,,,,24,,,,,,,,,,,
Chrysler,Concorde,1999,21 mpg,30 mpg,17.0gal.,5,19 cu.ft.,front-wheel,v-6,2.7,"200hp @ 5,800rpm",4 speed automatic,"190 lb.-ft. @ 4,850rpm",4-wheel,2.7 l,167 cu.in.,200 hp,"38.3 ""","55.8 ""","74.4 ""","41.6 ""","42.2 ""","209.1 ""","37.2 ""","113.0 """,24,4,"3,452 lbs.",,"1,500 lbs.",,,,,,,
Chrysler,Grand Voyager,2000,18 mpg,25 mpg,20.0gal.,7,172 cu.ft.,front-wheel,v-6,3.0,"150hp @ 5,200rpm",4 speed automatic,"176 lb.-ft. @ 4,000rpm",4-wheel,3.0 l,183 cu.in.,150 hp,"39.8 ""","68.5 ""","76.8 ""","39.6 ""","41.1 ""","199.6 ""","40.0 ""","119.3 """,12,4,"3,836 lbs.",,"3,500 lbs.",,,,,,,
Chrysler,Pacifica,2019,18 mpg,28 mpg,19.0gal.,7,140 cu.ft.,front-wheel,v-6,3.6,"287hp @ 6,400rpm",9 speed automatic,"262 lb.-ft. @ 4,000rpm",4-wheel,3.6 l,220 cu.in.,287 hp,"40.1 ""","69.9 ""","79.6 ""","39.0 ""","41.1 ""","203.8 ""","39.6 ""","121.6 """,24,9,"4,330 lbs.","6,055 lbs.","3,600 lbs.",,,,,,,
Chrysler,Pacifica,2018,18 mpg,28 mpg,19.0gal.,7,140 cu.ft.,front-wheel,v-6,3.6,"287hp @ 6,400rpm",9 speed automatic,"262 lb.-ft. @ 4,000rpm",4-wheel,3.6 l,220 cu.in.,287 hp,"40.1 ""","69.9 ""","79.6 ""","39.0 ""","41.1 ""","203.6 ""","39.6 ""","121.6 """,24,9,"4,330 lbs.","6,005 lbs.","3,600 lbs.",,,,,,,
Chrysler,Pacifica,2017,19 mpg,28 mpg,19.0gal.,7,140 cu.ft.,front-wheel,v-6,3.6,"287hp @ 6,400rpm",9 speed automatic,"262 lb.-ft. @ 4,000rpm",4-wheel,3.6 l,220 cu.in.,287 hp,"40.1 ""","69.9 ""","79.6 ""","39.0 ""","41.1 ""","203.6 ""","39.6 ""","121.6 """,24,9,"4,330 lbs.","6,005 lbs.","3,600 lbs.",,,,,,,
Chrysler,Pacifica,2008,,,23.0gal.,,,front-wheel,v-6,4.0,"253hp @ 6,000rpm",multi-speed automatic,"262 lb.-ft. @ 4,100rpm",,,,,,,,,,,,,24,,,,,,,,,,,
Chrysler,Pacifica,2007,,,23.0gal.,,,front-wheel,v-6,3.8,"200hp @ 5,000rpm",4 speed automatic,"235 lb.-ft. @ 4,000rpm",,,,,,,,,,,,,12,,,,,,,,,,,
Chrysler,Pacifica,2006,,,23.0gal.,,,front-wheel,v-6,3.5,"250hp @ 6,400rpm",4 speed automatic,"250 lb.-ft. @ 3,950rpm",,,,,,,,,,,,,24,,,,,,,,,,,
Chrysler,Pacifica,2005,,,23.0gal.,,,front-wheel,v-6,3.5,"250hp @ 6,400rpm",4 speed automatic,"250 lb.-ft. @ 3,950rpm",,,,,,,,,,,,,24,,,,,,,,,,,
Chrysler,Pacifica,2004,,,23.0gal.,,,all-wheel drive,v-6,3.5,"250hp @ 6,400rpm",4 speed automatic,"250 lb.-ft. @ 3,950rpm",,,,,,,,,,,,,24,,,,,,,,,,,
Chrysler,Pacifica Hybrid,2019,,,16.5gal.,7,140 cu.ft.,front-wheel,v-6,3.6,,1 speed automatic,,4-wheel,3.6 l,220 cu.in.,,"40.1 ""","69.9 ""","79.6 ""","39.0 ""","41.1 ""","203.8 ""","39.6 ""","121.6 """,24,1,"4,987 lbs.","6,300 lbs.",,,,,,,,
Chrysler,Pacifica Hybrid,2018,,,16.5gal.,7,140 cu.ft.,front-wheel,v-6,3.6,,1 speed automatic,,4-wheel,3.6 l,220 cu.in.,,"40.1 ""","69.9 ""","79.6 ""","39.0 ""","41.1 ""","203.8 ""","39.6 ""","121.6 """,24,1,"4,987 lbs.","6,300 lbs.",,,,,,,,
Chrysler,Pacifica Hybrid,2017,,,16.5gal.,7,140 cu.ft.,front-wheel,v-6,3.6,,1 speed automatic,,4-wheel,3.6 l,220 cu.in.,,"40.1 ""","69.9 ""","79.6 ""","39.0 ""","41.1 ""","203.8 ""","39.6 ""","121.6 """,24,1,"4,943 lbs.","6,300 lbs.",,,,,,,,
Chrysler,Aspen,2009,,,27.0gal.,,,rear-wheel,v-8,5.7,"335hp @ 5,200rpm",multi-speed automatic,"370 lb.-ft. @ 4,200rpm",,,,,,,,,,,,,16,,,,,,,,,,,
Chrysler,Aspen,2008,,,27.0gal.,,,rear-wheel,v-8,5.7,"335hp @ 5,200rpm",multi-speed automatic,"370 lb.-ft. @ 4,200rpm",,,,,,,,,,,,,16,,,,,,,,,,,
Chrysler,Aspen,2007,,,27.0gal.,,,rear-wheel,v-8,5.7,"335hp @ 5,400rpm",multi-speed automatic,"375 lb.-ft. @ 4,200rpm",,,,,,,,,,,,,16,,,,,,,,,,,
Chrysler,Aspen Hybrid,2009,,,27.0gal.,,,four-wheel,v-8,5.7,"345hp @ 5,300rpm",,"381 lb.-ft. @ 4,200rpm",,,,,,,,,,,,,16,,,,,,,,,,,
Chrysler,Pacifica,2019,18 mpg,28 mpg,19.0gal.,7,140 cu.ft.,front-wheel,v-6,3.6,"287hp @ 6,400rpm",9 speed automatic,"262 lb.-ft. @ 4,000rpm",4-wheel,3.6 l,220 cu.in.,287 hp,"40.1 ""","69.9 ""","79.6 ""","39.0 ""","41.1 ""","203.8 ""","39.6 ""","121.6 """,24,9,"4,330 lbs.","6,055 lbs.","3,600 lbs.",,,,,,,
Chrysler,Pacifica,2018,18 mpg,28 mpg,19.0gal.,7,140 cu.ft.,front-wheel,v-6,3.6,"287hp @ 6,400rpm",9 speed automatic,"262 lb.-ft. @ 4,000rpm",4-wheel,3.6 l,220 cu.in.,287 hp,"40.1 ""","69.9 ""","79.6 ""","39.0 ""","41.1 ""","203.6 ""","39.6 ""","121.6 """,24,9,"4,330 lbs.","6,005 lbs.","3,600 lbs.",,,,,,,
Chrysler,Pacifica,2017,19 mpg,28 mpg,19.0gal.,7,140 cu.ft.,front-wheel,v-6,3.6,"287hp @ 6,400rpm",9 speed automatic,"262 lb.-ft. @ 4,000rpm",4-wheel,3.6 l,220 cu.in.,287 hp,"40.1 ""","69.9 ""","79.6 ""","39.0 ""","41.1 ""","203.6 ""","39.6 ""","121.6 """,24,9,"4,330 lbs.","6,005 lbs.","3,600 lbs.",,,,,,,
Chrysler,Pacifica,2008,,,23.0gal.,,,front-wheel,v-6,4.0,"253hp @ 6,000rpm",multi-speed automatic,"262 lb.-ft. @ 4,100rpm",,,,,,,,,,,,,24,,,,,,,,,,,
Chrysler,Pacifica,2007,,,23.0gal.,,,front-wheel,v-6,3.8,"200hp @ 5,000rpm",4 speed automatic,"235 lb.-ft. @ 4,000rpm",,,,,,,,,,,,,12,,,,,,,,,,,
Chrysler,Pacifica,2006,,,23.0gal.,,,front-wheel,v-6,3.5,"250hp @ 6,400rpm",4 speed automatic,"250 lb.-ft. @ 3,950rpm",,,,,,,,,,,,,24,,,,,,,,,,,
Chrysler,Pacifica,2005,,,23.0gal.,,,front-wheel,v-6,3.5,"250hp @ 6,400rpm",4 speed automatic,"250 lb.-ft. @ 3,950rpm",,,,,,,,,,,,,24,,,,,,,,,,,
Chrysler,Pacifica,2004,,,23.0gal.,,,all-wheel drive,v-6,3.5,"250hp @ 6,400rpm",4 speed automatic,"250 lb.-ft. @ 3,950rpm",,,,,,,,,,,,,24,,,,,,,,,,,
