make,model,year,city,highway,fuel tank capacity,total seating capacity,max cargo capacity,drive type,cylinder configuration,engine liters,horsepower,transmission,torque,abs,size,displacement,horse power,front head room,overall height,overall width,rear leg room,front leg room,overall length,rear head room,wheelbase,number of valves,number of speeds,curb weight,gross vehicle weight,towing capacity,number of doors,speakers,approach angle,ground clearance (max),ramp breakover angle,departure angle,ground clearance
Daewoo,Lanos,2002,,,12.7gal.,,,front-wheel,i-4,1.6,"105hp @ 5,800rpm",4 speed automatic,"106 lb.-ft. @ 3,400rpm",,,,,,,,,,,,,16,,,,,,,,,,,
Daewoo,Lanos,2001,,,12.7gal.,,,front-wheel,i-4,1.6,"105hp @ 5,800rpm",4 speed automatic,"106 lb.-ft. @ 3,400rpm",,,,,,,,,,,,,16,,,,,,,,,,,
Daewoo,Lanos,2000,,,12.7gal.,,,front-wheel,i-4,1.6,"105hp @ 5,800rpm",5 speed manual,"106 lb.-ft. @ 3,400rpm",,,,,,,,,,,,,16,,,,,,,,,,,
Daewoo,Lanos,1999,,,12.7gal.,,,front-wheel,i-4,1.6,"105hp @ 5,800rpm",5 speed manual,"106 lb.-ft. @ 3,400rpm",,,,,,,,,,,,,16,,,,,,,,,,,
Daewoo,Nubira,2002,,,13.7gal.,,,front-wheel,i-4,2.0,"129hp @ 5,400rpm",4 speed automatic,"136 lb.-ft. @ 4,400rpm",,,,,,,,,,,,,16,,,,,,,,,,,
Daewoo,Nubira,2001,,,13.7gal.,,,front-wheel,i-4,2.0,"129hp @ 5,400rpm",4 speed automatic,"136 lb.-ft. @ 4,400rpm",,,,,,,,,,,,,16,,,,,,,,,,,
Daewoo,Nubira,2000,,,13.7gal.,,,front-wheel,i-4,2.0,"129hp @ 5,400rpm",5 speed manual,"136 lb.-ft. @ 4,400rpm",,,,,,,,,,,,,16,,,,,,,,,,,
Daewoo,Nubira,1999,,,13.7gal.,,,front-wheel,i-4,2.0,"129hp @ 5,400rpm",5 speed manual,"136 lb.-ft. @ 4,400rpm",,,,,,,,,,,,,16,,,,,,,,,,,
Daewoo,Lanos,2002,,,12.7gal.,,,front-wheel,i-4,1.6,"105hp @ 5,800rpm",4 speed automatic,"106 lb.-ft. @ 3,400rpm",,,,,,,,,,,,,16,,,,,,,,,,,
Daewoo,Lanos,2001,,,12.7gal.,,,front-wheel,i-4,1.6,"105hp @ 5,800rpm",4 speed automatic,"106 lb.-ft. @ 3,400rpm",,,,,,,,,,,,,16,,,,,,,,,,,
Daewoo,Lanos,2000,,,12.7gal.,,,front-wheel,i-4,1.6,"105hp @ 5,800rpm",5 speed manual,"106 lb.-ft. @ 3,400rpm",,,,,,,,,,,,,16,,,,,,,,,,,
Daewoo,Lanos,1999,,,12.7gal.,,,front-wheel,i-4,1.6,"105hp @ 5,800rpm",5 speed manual,"106 lb.-ft. @ 3,400rpm",,,,,,,,,,,,,16,,,,,,,,,,,
Daewoo,Leganza,2002,,,15.8gal.,,,front-wheel,i-4,2.2,"131hp @ 5,200rpm",4 speed automatic,"148 lb.-ft. @ 2,800rpm",,,,,,,,,,,,,16,,,,,,,,,,,
Daewoo,Leganza,2001,,,15.8gal.,,,front-wheel,i-4,2.2,"131hp @ 5,200rpm",4 speed automatic,"148 lb.-ft. @ 2,800rpm",,,,,,,,,,,,,16,,,,,,,,,,,
Daewoo,Leganza,2000,,,15.8gal.,,,front-wheel,i-4,2.2,"131hp @ 5,200rpm",5 speed manual,"148 lb.-ft. @ 2,800rpm",,,,,,,,,,,,,16,,,,,,,,,,,
Daewoo,Leganza,1999,,,17.2gal.,,,front-wheel,i-4,2.2,"131hp @ 5,200rpm",5 speed manual,"148 lb.-ft. @ 2,800rpm",,,,,,,,,,,,,16,,,,,,,,,,,
