make,model,year,city,highway,fuel tank capacity,total seating capacity,max cargo capacity,drive type,cylinder configuration,engine liters,horsepower,transmission,torque,abs,size,displacement,horse power,front head room,overall height,overall width,rear leg room,front leg room,overall length,rear head room,wheelbase,number of valves,number of speeds,curb weight,gross vehicle weight,towing capacity,number of doors,speakers,approach angle,ground clearance (max),ramp breakover angle,departure angle,ground clearance
FIAT,500,2018,28 mpg,33 mpg,10.5gal.,4,30 cu.ft.,front-wheel,i-4,1.4,"135hp @ 5,500rpm",6 speed automatic,"150 lb.-ft. @ 2,400rpm",4-wheel,1.4 l,83 cu.in.,135 hp,"38.9 ""","59.8 ""","64.1 ""","31.7 ""","40.7 ""","139.6 ""","35.6 ""","90.6 """,16,5,"2,366 lbs.","3,350 lbs.",,,,,,,,
FIAT,500,2017,,,10.5gal.,,,front-wheel,i-4,1.4,"101hp @ 6,500rpm",6 speed automatic,"98 lb.-ft. @ 4,000rpm",,,,,,,,,,,,,16,,,,,,,,,,,
FIAT,500,2016,,,10.5gal.,,,front-wheel,i-4,1.4,"101hp @ 6,500rpm",6 speed automatic,"98 lb.-ft. @ 4,000rpm",,,,,,,,,,,,,16,,,,,,,,,,,
FIAT,500,2015,,,10.5gal.,,,front-wheel,i-4,1.4,"101hp @ 6,500rpm",6 speed automatic,"98 lb.-ft. @ 4,000rpm",,,,,,,,,,,,,16,,,,,,,,,,,
FIAT,500,2014,,,10.5gal.,,,front-wheel,i-4,1.4,"101hp @ 6,500rpm",6 speed automatic,"98 lb.-ft. @ 4,000rpm",,,,,,,,,,,,,16,,,,,,,,,,,
FIAT,500,2013,,,10.5gal.,,,front-wheel,i-4,1.4,"101hp @ 6,500rpm",5 speed manual,"98 lb.-ft. @ 4,000rpm",,,,,,,,,,,,,16,,,,,,,,,,,
FIAT,500,2012,,,10.5gal.,,,front-wheel,i-4,1.4,"101hp @ 6,500rpm",6 speed automatic,"98 lb.-ft. @ 4,000rpm",,,,,,,,,,,,,16,,,,,,,,,,,
FIAT,500C,2018,28 mpg,33 mpg,10.5gal.,4,23 cu.ft.,front-wheel,i-4,1.4,"135hp @ 5,500rpm",6 speed automatic,"150 lb.-ft. @ 2,400rpm",4-wheel,1.4 l,83 cu.in.,135 hp,"38.6 ""","59.8 ""","64.1 ""","31.7 ""","40.7 ""","139.6 ""","36.8 ""","90.6 """,16,5,"2,424 lbs.","3,350 lbs.",,,,,,,,
FIAT,500C,2017,,,10.5gal.,,,front-wheel,i-4,1.4,"101hp @ 6,500rpm",6 speed automatic,"98 lb.-ft. @ 4,000rpm",,,,,,,,,,,,,16,,,,,,,,,,,
FIAT,500C,2016,,,10.5gal.,,,front-wheel,i-4,1.4,"101hp @ 6,500rpm",6 speed automatic,"98 lb.-ft. @ 4,000rpm",,,,,,,,,,,,,16,,,,,,,,,,,
FIAT,500C,2015,,,10.5gal.,,,front-wheel,i-4,1.4,"101hp @ 6,500rpm",6 speed automatic,"98 lb.-ft. @ 4,000rpm",,,,,,,,,,,,,16,,,,,,,,,,,
FIAT,500C,2014,,,10.5gal.,,,front-wheel,i-4,1.4,"101hp @ 6,500rpm",6 speed automatic,"98 lb.-ft. @ 4,000rpm",,,,,,,,,,,,,16,,,,,,,,,,,
FIAT,500C,2013,,,10.5gal.,,,front-wheel,i-4,1.4,"101hp @ 6,500rpm",6 speed automatic,"98 lb.-ft. @ 4,000rpm",,,,,,,,,,,,,16,,,,,,,,,,,
FIAT,500C,2012,,,10.5gal.,,,front-wheel,i-4,1.4,"101hp @ 6,500rpm",6 speed automatic,"98 lb.-ft. @ 4,000rpm",,,,,,,,,,,,,16,,,,,,,,,,,
FIAT,500e,2018,121 mpg,103 mpg,,4,7 cu.ft.,front-wheel,,,111hp @ rpm,1 speed automatic,147 lb.-ft. @ rpm,4-wheel,,,111 hp,"38.9 ""","60.1 ""","64.1 ""","27.6 ""","40.7 ""","142.4 ""","35.5 ""","90.6 """,,1,"2,980 lbs.","3,750 lbs.",,,,,,,,
FIAT,500e,2017,121 mpg,103 mpg,,4,7 cu.ft.,front-wheel,,,111hp @ rpm,1 speed automatic,147 lb.-ft. @ rpm,4-wheel,,,111 hp,"38.9 ""","60.1 ""","64.1 ""","27.6 ""","40.7 ""","142.4 ""","35.5 ""","90.6 """,,1,"2,980 lbs.",,,,,,,,,
FIAT,500e,2016,121 mpg,103 mpg,,4,7 cu.ft.,front-wheel,,,111hp @ rpm,1 speed automatic,147 lb.-ft. @ rpm,4-wheel,,,111 hp,"38.9 ""","60.1 ""","64.1 ""","27.6 ""","40.7 ""","142.4 ""","35.5 ""","90.6 """,,1,"2,980 lbs.",,,,,,,,,
FIAT,500e,2015,,,,,,front-wheel,,,111hp @ rpm,1 speed automatic,147 lb.-ft. @ rpm,,,,,,,,,,,,,,,,,,,,,,,,
FIAT,500e,2014,,,,,,front-wheel,,,111hp @ rpm,1 speed automatic,147 lb.-ft. @ rpm,,,,,,,,,,,,,,,,,,,,,,,,
FIAT,500e,2013,,,,,,front-wheel,,,111hp @ rpm,1 speed automatic,147 lb.-ft. @ rpm,,,,,,,,,,,,,,,,,,,,,,,,
FIAT,124 Spider,2019,26 mpg,35 mpg,11.9gal.,2,5 cu.ft.,rear-wheel,i-4,1.4,"160hp @ 5,500rpm",6 speed manual,"184 lb.-ft. @ 3,200rpm",4-wheel,1.4 l,83 cu.in.,160 hp,"37.4 ""","48.5 ""","68.5 """,,"43.1 ""","159.6 """,,"90.9 """,16,6,"2,436 lbs.","2,941 lbs.",,,,,,,,
FIAT,124 Spider,2018,26 mpg,35 mpg,11.9gal.,2,5 cu.ft.,rear-wheel,i-4,1.4,"160hp @ 5,500rpm",6 speed automatic,"184 lb.-ft. @ 3,200rpm",4-wheel,1.4 l,83 cu.in.,160 hp,"37.4 ""","48.5 ""","68.5 """,,"43.1 ""","159.6 """,,"90.9 """,16,6,"2,436 lbs.","2,941 lbs.",,,,,,,,
FIAT,124 Spider,2017,26 mpg,35 mpg,11.9gal.,2,5 cu.ft.,rear-wheel,i-4,1.4,"160hp @ 5,500rpm",6 speed automatic,"184 lb.-ft. @ 2,500rpm",4-wheel,1.4 l,83 cu.in.,160 hp,"37.4 ""","48.5 ""","68.5 """,,"43.1 ""","159.6 """,,"90.9 """,16,6,"2,436 lbs.",,,,,,,,,
FIAT,500C,2018,28 mpg,33 mpg,10.5gal.,4,23 cu.ft.,front-wheel,i-4,1.4,"135hp @ 5,500rpm",6 speed automatic,"150 lb.-ft. @ 2,400rpm",4-wheel,1.4 l,83 cu.in.,135 hp,"38.6 ""","59.8 ""","64.1 ""","31.7 ""","40.7 ""","139.6 ""","36.8 ""","90.6 """,16,5,"2,424 lbs.","3,350 lbs.",,,,,,,,
FIAT,500C,2017,,,10.5gal.,,,front-wheel,i-4,1.4,"101hp @ 6,500rpm",6 speed automatic,"98 lb.-ft. @ 4,000rpm",,,,,,,,,,,,,16,,,,,,,,,,,
FIAT,500C,2016,,,10.5gal.,,,front-wheel,i-4,1.4,"101hp @ 6,500rpm",6 speed automatic,"98 lb.-ft. @ 4,000rpm",,,,,,,,,,,,,16,,,,,,,,,,,
FIAT,500C,2015,,,10.5gal.,,,front-wheel,i-4,1.4,"101hp @ 6,500rpm",6 speed automatic,"98 lb.-ft. @ 4,000rpm",,,,,,,,,,,,,16,,,,,,,,,,,
FIAT,500C,2014,,,10.5gal.,,,front-wheel,i-4,1.4,"101hp @ 6,500rpm",6 speed automatic,"98 lb.-ft. @ 4,000rpm",,,,,,,,,,,,,16,,,,,,,,,,,
FIAT,500C,2013,,,10.5gal.,,,front-wheel,i-4,1.4,"101hp @ 6,500rpm",6 speed automatic,"98 lb.-ft. @ 4,000rpm",,,,,,,,,,,,,16,,,,,,,,,,,
FIAT,500C,2012,,,10.5gal.,,,front-wheel,i-4,1.4,"101hp @ 6,500rpm",6 speed automatic,"98 lb.-ft. @ 4,000rpm",,,,,,,,,,,,,16,,,,,,,,,,,
FIAT,500e,2018,121 mpg,103 mpg,,4,7 cu.ft.,front-wheel,,,111hp @ rpm,1 speed automatic,147 lb.-ft. @ rpm,4-wheel,,,111 hp,"38.9 ""","60.1 ""","64.1 ""","27.6 ""","40.7 ""","142.4 ""","35.5 ""","90.6 """,,1,"2,980 lbs.","3,750 lbs.",,,,,,,,
FIAT,500e,2017,121 mpg,103 mpg,,4,7 cu.ft.,front-wheel,,,111hp @ rpm,1 speed automatic,147 lb.-ft. @ rpm,4-wheel,,,111 hp,"38.9 ""","60.1 ""","64.1 ""","27.6 ""","40.7 ""","142.4 ""","35.5 ""","90.6 """,,1,"2,980 lbs.",,,,,,,,,
FIAT,500e,2016,121 mpg,103 mpg,,4,7 cu.ft.,front-wheel,,,111hp @ rpm,1 speed automatic,147 lb.-ft. @ rpm,4-wheel,,,111 hp,"38.9 ""","60.1 ""","64.1 ""","27.6 ""","40.7 ""","142.4 ""","35.5 ""","90.6 """,,1,"2,980 lbs.",,,,,,,,,
FIAT,500e,2015,,,,,,front-wheel,,,111hp @ rpm,1 speed automatic,147 lb.-ft. @ rpm,,,,,,,,,,,,,,,,,,,,,,,,
FIAT,500e,2014,,,,,,front-wheel,,,111hp @ rpm,1 speed automatic,147 lb.-ft. @ rpm,,,,,,,,,,,,,,,,,,,,,,,,
FIAT,500e,2013,,,,,,front-wheel,,,111hp @ rpm,1 speed automatic,147 lb.-ft. @ rpm,,,,,,,,,,,,,,,,,,,,,,,,
FIAT,500X,2018,25 mpg,33 mpg,12.7gal.,5,40 cu.ft.,front-wheel,i-4,2.4,"160hp @ 5,500rpm",9 speed automatic,"175 lb.-ft. @ 3,900rpm",4-wheel,1.4 l,83 cu.in.,160 hp,"39.1 ""","63.1 ""","70.7 ""","34.8 ""","41.4 ""","167.2 ""","37.8 ""","101.2 """,16,6,"2,967 lbs.","4,277 lbs.",,,,,,,,
FIAT,500X,2017,,,13.2gal.,,,front-wheel,i-4,2.4,"180hp @ 6,400rpm",9 speed automatic,"175 lb.-ft. @ 3,900rpm",,,,,,,,,,,,,16,,,,,,,,,,,
FIAT,500X,2016,,,13.2gal.,,,front-wheel,i-4,2.4,"180hp @ 6,400rpm",9 speed automatic,"175 lb.-ft. @ 3,900rpm",,,,,,,,,,,,,16,,,,,,,,,,,
FIAT,500L,2019,22 mpg,30 mpg,13.2gal.,5,68 cu.ft.,front-wheel,i-4,1.4,"160hp @ 5,500rpm",6 speed automatic,"184 lb.-ft. @ 2,500rpm",4-wheel,1.4 l,83 cu.in.,160 hp,"40.7 ""","65.7 ""","69.8 ""","36.7 ""","40.0 ""","167.3 ""","38.7 ""","102.8 """,16,6,"3,254 lbs.","4,299 lbs.",,,,,,,,
FIAT,500L,2018,22 mpg,30 mpg,13.2gal.,5,68 cu.ft.,front-wheel,i-4,1.4,"160hp @ 5,500rpm",6 speed automatic,"184 lb.-ft. @ 2,500rpm",4-wheel,1.4 l,83 cu.in.,160 hp,"40.7 ""","65.7 ""","69.8 ""","36.7 ""","40.0 ""","167.3 ""","38.7 ""","102.8 """,16,6,"3,254 lbs.","4,299 lbs.",,,,,,,,
FIAT,500L,2017,,,13.2gal.,,,front-wheel,i-4,1.4,"160hp @ 5,500rpm",6 speed automatic,"184 lb.-ft. @ 2,500rpm",,,,,,,,,,,,,16,,,,,,,,,,,
FIAT,500L,2016,,,13.2gal.,,,front-wheel,i-4,1.4,"160hp @ 5,500rpm",6 speed automatic with auto-shift,"184 lb.-ft. @ 2,500rpm",,,,,,,,,,,,,16,,,,,,,,,,,
FIAT,500L,2015,,,13.2gal.,,,front-wheel,i-4,1.4,"160hp @ 5,500rpm",6 speed automatic with auto-shift,"184 lb.-ft. @ 2,500rpm",,,,,,,,,,,,,16,,,,,,,,,,,
FIAT,500L,2014,,,13.2gal.,,,front-wheel,i-4,1.4,"160hp @ 5,500rpm",6 speed automatic with auto-shift,"184 lb.-ft. @ 2,500rpm",,,,,,,,,,,,,16,,,,,,,,,,,
