make,model,year,city,highway,fuel tank capacity,total seating capacity,max cargo capacity,drive type,cylinder configuration,engine liters,horsepower,transmission,torque,abs,size,displacement,horse power,front head room,overall height,overall width,rear leg room,front leg room,overall length,rear head room,wheelbase,number of valves,number of speeds,curb weight,gross vehicle weight,towing capacity,number of doors,speakers,approach angle,ground clearance (max),ramp breakover angle,departure angle,ground clearance
Ford,C-Max Energi,2017,,,14.0gal.,5,43 cu.ft.,front-wheel,i-4,2.0,"141hp @ 6,000rpm",continuously variable automatic,"129 lb.-ft. @ 4,000rpm",4-wheel,2.0 l,122 cu.in.,141 hp,"41.0 ""","63.8 ""","72.0 ""","36.5 ""","43.1 ""","173.6 ""","39.4 ""","104.3 """,16,continuously variable,"3,899 lbs.",,,,,,,,,
Ford,C-Max Energi,2016,40 mpg,36 mpg,14.0gal.,5,43 cu.ft.,front-wheel,i-4,2.0,"141hp @ 6,000rpm",continuously variable automatic,"129 lb.-ft. @ 4,000rpm",4-wheel,2.0 l,122 cu.in.,141 hp,"41.0 ""","63.8 ""","72.0 ""","36.5 ""","43.1 ""","173.6 ""","39.4 ""","104.3 """,16,continuously variable,"3,859 lbs.",,,,,,,,,
Ford,C-Max Energi,2015,,,14.0gal.,,,front-wheel,i-4,2.0,"141hp @ 6,000rpm",continuously variable automatic,"129 lb.-ft. @ 4,000rpm",,,,,,,,,,,,,16,,,,,,,,,,,
Ford,C-Max Energi,2014,,,14.0gal.,,,front-wheel,i-4,2.0,"141hp @ 6,000rpm",continuously variable automatic,"129 lb.-ft. @ 4,000rpm",,,,,,,,,,,,,16,,,,,,,,,,,
Ford,C-Max Energi,2013,,,14.0gal.,,,front-wheel,i-4,2.0,"141hp @ 6,000rpm",continuously variable automatic,"129 lb.-ft. @ 4,000rpm",,,,,,,,,,,,,16,,,,,,,,,,,
Ford,C-Max Hybrid,2018,42 mpg,38 mpg,13.5gal.,5,53 cu.ft.,front-wheel,i-4,2.0,"141hp @ 6,000rpm",continuously variable automatic,"129 lb.-ft. @ 4,000rpm",4-wheel,2.0 l,122 cu.in.,141 hp,"41.0 ""","63.9 ""","72.0 ""","36.5 ""","43.1 ""","173.6 ""","39.4 ""","104.3 """,16,continuously variable,"3,640 lbs.",,,,,,,,,
Ford,C-Max Hybrid,2017,42 mpg,38 mpg,13.5gal.,5,53 cu.ft.,front-wheel,i-4,2.0,"141hp @ 6,000rpm",continuously variable automatic,"129 lb.-ft. @ 4,000rpm",4-wheel,2.0 l,122 cu.in.,141 hp,"41.0 ""","63.9 ""","72.0 ""","36.5 ""","43.1 ""","173.6 ""","39.4 ""","104.3 """,16,continuously variable,"3,640 lbs.",,,,,,,,,
Ford,C-Max Hybrid,2016,42 mpg,37 mpg,13.5gal.,5,53 cu.ft.,front-wheel,i-4,2.0,"141hp @ 6,000rpm",continuously variable automatic,"129 lb.-ft. @ 4,000rpm",4-wheel,2.0 l,122 cu.in.,141 hp,"41.0 ""","63.9 ""","72.0 ""","36.5 ""","43.1 ""","173.6 ""","39.4 ""","104.3 """,16,continuously variable,"3,607 lbs.",,,,,,,,,
Ford,C-Max Hybrid,2015,,,13.5gal.,,,front-wheel,i-4,2.0,"141hp @ 6,000rpm",continuously variable automatic,"129 lb.-ft. @ 4,000rpm",,,,,,,,,,,,,16,,,,,,,,,,,
Ford,C-Max Hybrid,2014,,,13.5gal.,,,front-wheel,i-4,2.0,"141hp @ 6,000rpm",continuously variable automatic,"129 lb.-ft. @ 4,000rpm",,,,,,,,,,,,,16,,,,,,,,,,,
Ford,C-Max Hybrid,2013,,,13.5gal.,,,front-wheel,i-4,2.0,"141hp @ 6,000rpm",continuously variable automatic,"129 lb.-ft. @ 4,000rpm",,,,,,,,,,,,,16,,,,,,,,,,,
Ford,Escort,2002,,,12.8gal.,,,front-wheel,i-4,2.0,"130hp @ 5,300rpm",4 speed automatic,"135 lb.-ft. @ 4,500rpm",,,,,,,,,,,,,16,,,,,,,,,,,
Ford,Escort,2001,,,12.8gal.,,,front-wheel,i-4,2.0,"130hp @ 5,750rpm",4 speed automatic,"127 lb.-ft. @ 4,250rpm",,,,,,,,,,,,,16,,,,,,,,,,,
Ford,Escort,2000,,,12.8gal.,,,front-wheel,i-4,2.0,"130hp @ 5,750rpm",4 speed automatic,"127 lb.-ft. @ 4,250rpm",,,,,,,,,,,,,16,,,,,,,,,,,
Ford,Escort,1999,25 mpg,33 mpg,12.7gal.,4,12 cu.ft.,front-wheel,i-4,2.0,"130hp @ 5,750rpm",4 speed automatic,"127 lb.-ft. @ 4,250rpm",4-wheel,2.0 l,121 cu.in.,130 hp,"38.0 ""","52.3 ""","67.4 ""","33.4 ""","42.5 ""","175.2 ""","35.1 ""","98.4 """,16,5,"2,478 lbs.",,"1,000 lbs.",,,,,,,
Ford,Fiesta,2019,27 mpg,35 mpg,12.4gal.,5,13 cu.ft.,front-wheel,i-4,1.6,"120hp @ 6,350rpm",6 speed automatic with auto-shift,"112 lb.-ft. @ 5,000rpm",4-wheel,1.6 l,97 cu.in.,120 hp,"39.1 ""","58.0 ""","67.8 ""","31.2 ""","42.2 ""","173.6 ""","37.1 ""","98.0 """,16,5,"2,578 lbs.",,,,,,,,,
Ford,Fiesta,2018,27 mpg,35 mpg,12.4gal.,5,13 cu.ft.,front-wheel,i-4,1.6,"120hp @ 6,350rpm",6 speed automatic with auto-shift,"112 lb.-ft. @ 5,000rpm",4-wheel,1.6 l,97 cu.in.,120 hp,"39.1 ""","58.0 ""","67.8 ""","31.2 ""","42.2 ""","173.6 ""","37.1 ""","98.0 """,16,5,"2,578 lbs.",,,,,,,,,
Ford,Fiesta,2017,27 mpg,35 mpg,12.4gal.,5,13 cu.ft.,front-wheel,i-4,1.6,"120hp @ 6,350rpm",6 speed automatic with auto-shift,"112 lb.-ft. @ 5,000rpm",4-wheel,1.6 l,97 cu.in.,120 hp,"39.1 ""","58.0 ""","67.8 ""","31.2 ""","42.2 ""","173.6 ""","37.1 ""","98.0 """,16,5,"2,578 lbs.",,,,,,,,,
Ford,Fiesta,2016,28 mpg,36 mpg,12.4gal.,5,13 cu.ft.,front-wheel,i-4,1.6,"120hp @ 6,350rpm",6 speed automatic with auto-shift,"112 lb.-ft. @ 5,000rpm",4-wheel,1.6 l,97 cu.in.,120 hp,"39.1 ""","58.0 ""","67.8 ""","31.2 ""","42.2 ""","173.6 ""","37.1 ""","98.0 """,16,5,"2,578 lbs.",,,,,,,,,
Ford,Fiesta,2015,,,12.4gal.,,,front-wheel,i-4,1.6,"120hp @ 6,350rpm",6 speed automatic with auto-shift,"112 lb.-ft. @ 5,000rpm",,,,,,,,,,,,,16,,,,,,,,,,,
Ford,Fiesta,2014,,,12.4gal.,,,front-wheel,i-4,1.6,"120hp @ 6,350rpm",6 speed automatic with auto-shift,"112 lb.-ft. @ 5,000rpm",,,,,,,,,,,,,16,,,,,,,,,,,
Ford,Fiesta,2013,,,12.0gal.,,,front-wheel,i-4,1.6,"120hp @ 6,350rpm",6 speed automatic with auto-shift,"112 lb.-ft. @ 5,000rpm",,,,,,,,,,,,,16,,,,,,,,,,,
Ford,Fiesta,2012,,,12.0gal.,,,front-wheel,i-4,1.6,"120hp @ 6,350rpm",6 speed automatic with auto-shift,"112 lb.-ft. @ 5,000rpm",,,,,,,,,,,,,16,,,,,,,,,,,
Ford,Fiesta,2011,,,12.0gal.,,,front-wheel,i-4,1.6,"120hp @ 6,350rpm",5 speed manual,"112 lb.-ft. @ 5,000rpm",,,,,,,,,,,,,16,,,,,,,,,,,
Ford,Focus,2018,25 mpg,34 mpg,12.4gal.,5,13 cu.ft.,front-wheel,i-4,2.0,"160hp @ 6,500rpm",6 speed automatic with auto-shift,"146 lb.-ft. @ 4,500rpm",4-wheel,2.0 l,122 cu.in.,160 hp,"38.3 ""","57.7 ""","71.8 ""","33.2 ""","41.9 ""","178.5 ""","38.0 ""","104.3 """,16,5,"2,935 lbs.","3,990 lbs.",,,,,,,,
Ford,Focus,2017,30 mpg,40 mpg,12.4gal.,5,13 cu.ft.,front-wheel,i-4,2.0,"160hp @ 6,500rpm",6 speed automatic,"146 lb.-ft. @ 4,450rpm",4-wheel,1.0 l,61 cu.in.,123 hp,"38.3 ""","57.7 ""","71.8 ""","33.2 ""","41.9 ""","178.5 ""","38.0 ""","104.3 """,16,6,"2,960 lbs.","3,990 lbs.",,,,,,,,
Ford,Focus,2016,26 mpg,36 mpg,12.4gal.,5,13 cu.ft.,front-wheel,i-4,2.0,"159hp @ 6,500rpm",6 speed automatic with auto-shift,"146 lb.-ft. @ 4,450rpm",4-wheel,2.0 l,122 cu.in.,160 hp,"38.3 ""","57.7 ""","71.8 ""","33.2 ""","41.9 ""","178.5 ""","38.0 ""","104.3 """,16,5,"2,935 lbs.","3,990 lbs.",,,,,,,,
Ford,Focus,2015,,,12.4gal.,,,front-wheel,i-4,2.0,"159hp @ 6,500rpm",6 speed automatic with auto-shift,"146 lb.-ft. @ 4,450rpm",,,,,,,,,,,,,16,,,,,,,,,,,
Ford,Focus,2014,,,12.4gal.,,,front-wheel,i-4,2.0,"159hp @ 6,500rpm",6 speed automatic with auto-shift,"146 lb.-ft. @ 4,450rpm",,,,,,,,,,,,,16,,,,,,,,,,,
Ford,Focus,2013,,,12.4gal.,,,front-wheel,i-4,2.0,"159hp @ 6,500rpm",6 speed automatic with auto-shift,"146 lb.-ft. @ 4,450rpm",,,,,,,,,,,,,16,,,,,,,,,,,
Ford,Focus,2012,,,12.4gal.,,,front-wheel,i-4,2.0,"159hp @ 6,500rpm",6 speed automatic with auto-shift,"146 lb.-ft. @ 4,450rpm",,,,,,,,,,,,,16,,,,,,,,,,,
Ford,Focus,2011,,,13.5gal.,,,front-wheel,i-4,2.0,"132hp @ 6,000rpm",4 speed automatic,"133 lb.-ft. @ 4,250rpm",,,,,,,,,,,,,16,,,,,,,,,,,
Ford,Focus,2010,,,13.5gal.,,,front-wheel,i-4,2.0,"132hp @ 6,000rpm",4 speed automatic,"133 lb.-ft. @ 4,250rpm",,,,,,,,,,,,,16,,,,,,,,,,,
Ford,Focus,2009,,,13.5gal.,,,front-wheel,i-4,2.0,"132hp @ 6,000rpm",4 speed automatic,"133 lb.-ft. @ 4,250rpm",,,,,,,,,,,,,16,,,,,,,,,,,
Ford,Focus,2008,,,13.5gal.,,,front-wheel,i-4,2.0,"132hp @ 6,000rpm",4 speed automatic,"133 lb.-ft. @ 4,250rpm",,,,,,,,,,,,,16,,,,,,,,,,,
Ford,Focus,2007,,,14.0gal.,,,front-wheel,i-4,2.0,"130hp @ 6,000rpm",5 speed manual,"129 lb.-ft. @ 4,000rpm",,,,,,,,,,,,,16,,,,,,,,,,,
Ford,Focus,2006,,,14.0gal.,,,front-wheel,i-4,2.0,"130hp @ 6,000rpm",5 speed manual,"129 lb.-ft. @ 4,000rpm",,,,,,,,,,,,,16,,,,,,,,,,,
Ford,Focus,2005,,,14.0gal.,,,front-wheel,i-4,2.0,"130hp @ 6,000rpm",5 speed manual,"129 lb.-ft. @ 4,000rpm",,,,,,,,,,,,,16,,,,,,,,,,,
Ford,Focus,2004,,,13.2gal.,,,front-wheel,i-4,2.0,"170hp @ 7,000rpm",6 speed manual,"145 lb.-ft. @ 5,500rpm",,,,,,,,,,,,,16,,,,,,,,,,,
Ford,Focus,2003,,,14.0gal.,,,front-wheel,i-4,2.3,"145hp @ 5,750rpm",5 speed manual,"149 lb.-ft. @ 4,200rpm",,,,,,,,,,,,,16,,,,,,,,,,,
Ford,Focus,2002,,,13.2gal.,,,front-wheel,i-4,2.0,"130hp @ 5,300rpm",5 speed manual,"135 lb.-ft. @ 4,500rpm",,,,,,,,,,,,,16,,,,,,,,,,,
Ford,Focus,2001,,,13.2gal.,,,front-wheel,i-4,2.0,"130hp @ 5,300rpm",4 speed automatic,"135 lb.-ft. @ 4,500rpm",,,,,,,,,,,,,16,,,,,,,,,,,
Ford,Focus,2000,,,13.2gal.,,,front-wheel,i-4,2.0,"130hp @ 5,300rpm",4 speed automatic,"135 lb.-ft. @ 4,500rpm",,,,,,,,,,,,,16,,,,,,,,,,,
Ford,Escort,2002,,,12.8gal.,,,front-wheel,i-4,2.0,"130hp @ 5,300rpm",4 speed automatic,"135 lb.-ft. @ 4,500rpm",,,,,,,,,,,,,16,,,,,,,,,,,
Ford,Escort,2001,,,12.8gal.,,,front-wheel,i-4,2.0,"130hp @ 5,750rpm",4 speed automatic,"127 lb.-ft. @ 4,250rpm",,,,,,,,,,,,,16,,,,,,,,,,,
Ford,Escort,2000,,,12.8gal.,,,front-wheel,i-4,2.0,"130hp @ 5,750rpm",4 speed automatic,"127 lb.-ft. @ 4,250rpm",,,,,,,,,,,,,16,,,,,,,,,,,
Ford,Escort,1999,25 mpg,33 mpg,12.7gal.,4,12 cu.ft.,front-wheel,i-4,2.0,"130hp @ 5,750rpm",4 speed automatic,"127 lb.-ft. @ 4,250rpm",4-wheel,2.0 l,121 cu.in.,130 hp,"38.0 ""","52.3 ""","67.4 ""","33.4 ""","42.5 ""","175.2 ""","35.1 ""","98.4 """,16,5,"2,478 lbs.",,"1,000 lbs.",,,,,,,
Ford,Fiesta,2019,27 mpg,35 mpg,12.4gal.,5,13 cu.ft.,front-wheel,i-4,1.6,"120hp @ 6,350rpm",6 speed automatic with auto-shift,"112 lb.-ft. @ 5,000rpm",4-wheel,1.6 l,97 cu.in.,120 hp,"39.1 ""","58.0 ""","67.8 ""","31.2 ""","42.2 ""","173.6 ""","37.1 ""","98.0 """,16,5,"2,578 lbs.",,,,,,,,,
Ford,Fiesta,2018,27 mpg,35 mpg,12.4gal.,5,13 cu.ft.,front-wheel,i-4,1.6,"120hp @ 6,350rpm",5 speed manual,"112 lb.-ft. @ 5,000rpm",4-wheel,1.6 l,97 cu.in.,120 hp,"39.1 ""","58.0 ""","67.8 ""","31.2 ""","42.2 ""","173.6 ""","37.1 ""","98.0 """,16,5,"2,578 lbs.",,,,,,,,,
Ford,Fiesta,2017,27 mpg,35 mpg,12.4gal.,5,13 cu.ft.,front-wheel,i-4,1.6,"120hp @ 6,350rpm",6 speed automatic with auto-shift,"112 lb.-ft. @ 5,000rpm",4-wheel,1.6 l,97 cu.in.,120 hp,"39.1 ""","58.0 ""","67.8 ""","31.2 ""","42.2 ""","173.6 ""","37.1 ""","98.0 """,16,5,"2,578 lbs.",,,,,,,,,
Ford,Fiesta,2016,28 mpg,36 mpg,12.4gal.,5,13 cu.ft.,front-wheel,i-4,1.6,"120hp @ 6,350rpm",6 speed automatic with auto-shift,"112 lb.-ft. @ 5,000rpm",4-wheel,1.6 l,97 cu.in.,120 hp,"39.1 ""","58.0 ""","67.8 ""","31.2 ""","42.2 ""","173.6 ""","37.1 ""","98.0 """,16,5,"2,578 lbs.",,,,,,,,,
Ford,Fiesta,2015,,,12.4gal.,,,front-wheel,i-4,1.6,"120hp @ 6,350rpm",6 speed automatic with auto-shift,"112 lb.-ft. @ 5,000rpm",,,,,,,,,,,,,16,,,,,,,,,,,
Ford,Fiesta,2014,,,12.4gal.,,,front-wheel,i-4,1.6,"120hp @ 6,350rpm",6 speed automatic with auto-shift,"112 lb.-ft. @ 5,000rpm",,,,,,,,,,,,,16,,,,,,,,,,,
Ford,Fiesta,2013,,,12.0gal.,,,front-wheel,i-4,1.6,"120hp @ 6,350rpm",6 speed automatic with auto-shift,"112 lb.-ft. @ 5,000rpm",,,,,,,,,,,,,16,,,,,,,,,,,
Ford,Fiesta,2012,,,12.0gal.,,,front-wheel,i-4,1.6,"120hp @ 6,350rpm",6 speed automatic with auto-shift,"112 lb.-ft. @ 5,000rpm",,,,,,,,,,,,,16,,,,,,,,,,,
Ford,Fiesta,2011,,,12.0gal.,,,front-wheel,i-4,1.6,"120hp @ 6,350rpm",6 speed automatic with auto-shift,"112 lb.-ft. @ 5,000rpm",,,,,,,,,,,,,16,,,,,,,,,,,
Ford,Focus,2018,25 mpg,34 mpg,12.4gal.,5,13 cu.ft.,front-wheel,i-4,2.0,"160hp @ 6,500rpm",6 speed automatic with auto-shift,"146 lb.-ft. @ 4,500rpm",4-wheel,2.0 l,122 cu.in.,160 hp,"38.3 ""","57.7 ""","71.8 ""","33.2 ""","41.9 ""","178.5 ""","38.0 ""","104.3 """,16,5,"2,935 lbs.","3,990 lbs.",,,,,,,,
Ford,Focus,2017,30 mpg,40 mpg,12.4gal.,5,13 cu.ft.,front-wheel,i-4,2.0,"160hp @ 6,500rpm",6 speed automatic,"146 lb.-ft. @ 4,450rpm",4-wheel,1.0 l,61 cu.in.,123 hp,"38.3 ""","57.7 ""","71.8 ""","33.2 ""","41.9 ""","178.5 ""","38.0 ""","104.3 """,16,6,"2,960 lbs.","3,990 lbs.",,,,,,,,
Ford,Focus,2016,26 mpg,36 mpg,12.4gal.,5,13 cu.ft.,front-wheel,i-4,2.0,"159hp @ 6,500rpm",6 speed automatic with auto-shift,"146 lb.-ft. @ 4,450rpm",4-wheel,2.0 l,122 cu.in.,160 hp,"38.3 ""","57.7 ""","71.8 ""","33.2 ""","41.9 ""","178.5 ""","38.0 ""","104.3 """,16,5,"2,935 lbs.","3,990 lbs.",,,,,,,,
Ford,Focus,2015,,,12.4gal.,,,front-wheel,i-4,2.0,"159hp @ 6,500rpm",6 speed automatic with auto-shift,"146 lb.-ft. @ 4,450rpm",,,,,,,,,,,,,16,,,,,,,,,,,
Ford,Focus,2014,,,12.4gal.,,,front-wheel,i-4,2.0,"159hp @ 6,500rpm",6 speed automatic with auto-shift,"146 lb.-ft. @ 4,450rpm",,,,,,,,,,,,,16,,,,,,,,,,,
Ford,Focus,2013,,,12.4gal.,,,front-wheel,i-4,2.0,"159hp @ 6,500rpm",6 speed automatic with auto-shift,"146 lb.-ft. @ 4,450rpm",,,,,,,,,,,,,16,,,,,,,,,,,
Ford,Focus,2012,,,12.4gal.,,,front-wheel,i-4,2.0,"159hp @ 6,500rpm",6 speed automatic with auto-shift,"146 lb.-ft. @ 4,450rpm",,,,,,,,,,,,,16,,,,,,,,,,,
Ford,Focus,2011,,,13.5gal.,,,front-wheel,i-4,2.0,"132hp @ 6,000rpm",4 speed automatic,"133 lb.-ft. @ 4,250rpm",,,,,,,,,,,,,16,,,,,,,,,,,
Ford,Focus,2010,,,13.5gal.,,,front-wheel,i-4,2.0,"132hp @ 6,000rpm",4 speed automatic,"133 lb.-ft. @ 4,250rpm",,,,,,,,,,,,,16,,,,,,,,,,,
Ford,Focus,2009,,,13.5gal.,,,front-wheel,i-4,2.0,"132hp @ 6,000rpm",4 speed automatic,"133 lb.-ft. @ 4,250rpm",,,,,,,,,,,,,16,,,,,,,,,,,
Ford,Focus,2008,,,13.5gal.,,,front-wheel,i-4,2.0,"140hp @ 6,000rpm",5 speed manual,"136 lb.-ft. @ 4,250rpm",,,,,,,,,,,,,16,,,,,,,,,,,
Ford,Focus,2007,,,14.0gal.,,,front-wheel,i-4,2.0,"130hp @ 6,000rpm",5 speed manual,"129 lb.-ft. @ 4,000rpm",,,,,,,,,,,,,16,,,,,,,,,,,
Ford,Focus,2006,,,14.0gal.,,,front-wheel,i-4,2.0,"130hp @ 6,000rpm",5 speed manual,"129 lb.-ft. @ 4,000rpm",,,,,,,,,,,,,16,,,,,,,,,,,
Ford,Focus,2005,,,14.0gal.,,,front-wheel,i-4,2.0,"136hp @ 6,000rpm",5 speed manual,"133 lb.-ft. @ 4,500rpm",,,,,,,,,,,,,16,,,,,,,,,,,
Ford,Focus,2004,,,13.2gal.,,,front-wheel,i-4,2.0,"170hp @ 7,000rpm",6 speed manual,"145 lb.-ft. @ 5,500rpm",,,,,,,,,,,,,16,,,,,,,,,,,
Ford,Focus,2003,,,14.0gal.,,,front-wheel,i-4,2.3,"145hp @ 5,750rpm",5 speed manual,"149 lb.-ft. @ 4,200rpm",,,,,,,,,,,,,16,,,,,,,,,,,
Ford,Focus,2002,,,13.2gal.,,,front-wheel,i-4,2.0,"130hp @ 5,300rpm",5 speed manual,"135 lb.-ft. @ 4,500rpm",,,,,,,,,,,,,16,,,,,,,,,,,
Ford,Focus,2001,,,13.2gal.,,,front-wheel,i-4,2.0,"130hp @ 5,300rpm",4 speed automatic,"135 lb.-ft. @ 4,500rpm",,,,,,,,,,,,,16,,,,,,,,,,,
Ford,Focus,2000,,,13.2gal.,,,front-wheel,i-4,2.0,"130hp @ 5,300rpm",4 speed automatic,"135 lb.-ft. @ 4,500rpm",,,,,,,,,,,,,16,,,,,,,,,,,
Ford,Focus RS,2018,19 mpg,26 mpg,13.9gal.,5,45 cu.ft.,all-wheel drive,i-4,2.3,"350hp @ 6,000rpm",6 speed manual,"350 lb.-ft. @ 3,200rpm",4-wheel,2.3 l,138 cu.in.,350 hp,"39.1 ""","58.0 ""","71.7 ""","33.4 ""","41.9 ""","172.8 ""","37.9 ""","104.2 """,16,6,"3,434 lbs.","4,464 lbs.",,,,,,,,
Ford,Focus RS,2017,19 mpg,25 mpg,13.9gal.,5,45 cu.ft.,all-wheel drive,i-4,2.3,"350hp @ 6,000rpm",6 speed manual,"350 lb.-ft. @ 3,200rpm",4-wheel,2.3 l,138 cu.in.,350 hp,"39.1 ""","58.4 ""","71.7 ""","33.4 ""","41.9 ""","171.7 ""","37.9 ""","104.3 """,16,6,,,,,,,,,,
Ford,Focus RS,2016,19 mpg,25 mpg,13.9gal.,5,45 cu.ft.,all-wheel drive,i-4,2.3,"350hp @ 6,000rpm",6 speed manual,"350 lb.-ft. @ 3,200rpm",4-wheel,2.3 l,138 cu.in.,350 hp,"39.1 ""","58.4 ""","71.7 ""","33.4 ""","41.9 ""","171.7 ""","37.9 ""","104.3 """,16,6,,,,,,,,,,
Ford,Focus ST,2018,22 mpg,30 mpg,12.4gal.,5,45 cu.ft.,front-wheel,i-4,2.0,"252hp @ 5,500rpm",6 speed manual,"270 lb.-ft. @ 2,500rpm",4-wheel,2.0 l,122 cu.in.,252 hp,"39.1 ""","58.4 ""","71.7 ""","33.4 ""","41.9 ""","171.7 ""","37.9 ""","104.3 """,16,6,"3,223 lbs.",,,,,,,,,
Ford,Focus ST,2017,22 mpg,30 mpg,12.4gal.,5,45 cu.ft.,front-wheel,i-4,2.0,"252hp @ 5,500rpm",6 speed manual,"270 lb.-ft. @ 2,500rpm",4-wheel,2.0 l,122 cu.in.,252 hp,"39.1 ""","58.4 ""","71.7 ""","33.4 ""","41.9 ""","171.7 ""","37.9 ""","104.3 """,16,6,"3,223 lbs.",,,,,,,,,
Ford,Focus ST,2016,22 mpg,31 mpg,12.4gal.,5,45 cu.ft.,front-wheel,i-4,2.0,"252hp @ 5,500rpm",6 speed manual,"270 lb.-ft. @ 2,500rpm",4-wheel,2.0 l,122 cu.in.,252 hp,"39.1 ""","58.4 ""","71.7 ""","33.4 ""","41.9 ""","171.7 ""","37.9 ""","104.3 """,16,6,"3,223 lbs.",,,,,,,,,
Ford,Focus ST,2015,,,12.4gal.,,,front-wheel,i-4,2.0,"252hp @ 5,500rpm",6 speed manual,"270 lb.-ft. @ 2,500rpm",,,,,,,,,,,,,16,,,,,,,,,,,
Ford,Focus ST,2014,,,12.4gal.,,,front-wheel,i-4,2.0,"252hp @ 5,500rpm",6 speed manual,"270 lb.-ft. @ 2,500rpm",,,,,,,,,,,,,16,,,,,,,,,,,
Ford,Focus ST,2013,,,12.4gal.,,,front-wheel,i-4,2.0,"252hp @ 5,500rpm",6 speed manual,"270 lb.-ft. @ 2,500rpm",,,,,,,,,,,,,16,,,,,,,,,,,
Ford,Mustang,2019,21 mpg,31 mpg,15.5gal.,4,13 cu.ft.,rear-wheel,i-4,2.3,"310hp @ 5,500rpm",10 speed automatic,"320 lb.-ft. @ 2,500rpm",4-wheel,2.3 l,140 cu.in.,310 hp,"37.6 ""","54.4 ""","75.4 ""","30.6 ""","44.5 ""","188.3 ""","34.8 ""","107.1 """,16,6,"3,532 lbs.",,,,,,,,,
Ford,Mustang,2018,21 mpg,31 mpg,15.5gal.,4,13 cu.ft.,rear-wheel,i-4,2.3,"310hp @ 5,500rpm",10 speed automatic,"350 lb.-ft. @ 3,000rpm",4-wheel,2.3 l,140 cu.in.,310 hp,"37.6 ""","54.4 ""","75.4 ""","30.6 ""","44.5 ""","188.3 ""","34.8 ""","107.1 """,16,6,"3,532 lbs.",,,,,,,,,
Ford,Mustang,2017,18 mpg,27 mpg,16.0gal.,4,13 cu.ft.,rear-wheel,v-6,3.7,"300hp @ 6,500rpm",6 speed automatic,"280 lb.-ft. @ 4,000rpm",4-wheel,3.7 l,227 cu.in.,300 hp,"37.6 ""","54.4 ""","75.4 ""","30.6 ""","44.5 ""","188.3 ""","34.8 ""","107.1 """,24,6,"3,526 lbs.",,,,,,,,,
Ford,Mustang,2016,17 mpg,28 mpg,16.0gal.,4,13 cu.ft.,rear-wheel,v-6,3.7,"300hp @ 6,500rpm",6 speed automatic,"280 lb.-ft. @ 4,000rpm",4-wheel,3.7 l,227 cu.in.,300 hp,"37.6 ""","54.4 ""","75.4 ""","30.6 ""","44.5 ""","188.3 ""","34.8 ""","107.1 """,24,6,"3,526 lbs.",,,,,,,,,
Ford,Mustang,2015,,,16.0gal.,,,rear-wheel,v-6,3.7,"300hp @ 6,500rpm",6 speed automatic,"280 lb.-ft. @ 4,000rpm",,,,,,,,,,,,,24,,,,,,,,,,,
Ford,Mustang,2014,19 mpg,29 mpg,16.0gal.,4,13 cu.ft.,rear-wheel,v-6,3.7,"305hp @ 6,500rpm",6 speed automatic,"280 lb.-ft. @ 4,250rpm",4-wheel,3.7 l,228 cu.in.,305 hp,"38.5 ""","55.8 ""","73.9 ""","29.8 ""","42.4 ""","188.5 ""","34.7 ""","107.1 """,24,6,"3,501 lbs.",,"1,000 lbs.",,,,,,,
Ford,Mustang,2013,,,16.0gal.,,,rear-wheel,v-6,3.7,"305hp @ 6,500rpm",6 speed automatic,"280 lb.-ft. @ 4,250rpm",,,,,,,,,,,,,24,,,,,,,,,,,
Ford,Mustang,2012,,,16.0gal.,,,rear-wheel,v-6,3.7,"305hp @ 6,500rpm",6 speed automatic,"280 lb.-ft. @ 4,250rpm",,,,,,,,,,,,,24,,,,,,,,,,,
Ford,Mustang,2011,19 mpg,29 mpg,16.0gal.,4,13 cu.ft.,rear-wheel,v-6,3.7,"305hp @ 6,500rpm",6 speed automatic,"280 lb.-ft. @ 4,250rpm",4-wheel,3.7 l,228 cu.in.,305 hp,"38.5 ""","55.6 ""","73.9 ""","29.8 ""","42.4 ""","188.1 ""","34.7 ""","107.1 """,24,6,"3,401 lbs.",,"1,000 lbs.",,,,,,,
Ford,Mustang,2010,,,16.0gal.,,,rear-wheel,v-8,4.6,"315hp @ 6,000rpm",5 speed automatic,"325 lb.-ft. @ 4,250rpm",,,,,,,,,,,,,24,,,,,,,,,,,
Ford,Mustang,2009,,,16.0gal.,,,rear-wheel,v-8,4.6,"300hp @ 5,750rpm",5 speed automatic,"320 lb.-ft. @ 4,500rpm",,,,,,,,,,,,,24,,,,,,,,,,,
Ford,Mustang,2008,,,16.0gal.,,,rear-wheel,v-8,4.6,"300hp @ 5,750rpm",5 speed automatic,"320 lb.-ft. @ 4,500rpm",,,,,,,,,,,,,24,,,,,,,,,,,
Ford,Mustang,2007,,,16.0gal.,,,rear-wheel,v-8,4.6,"300hp @ 5,750rpm",5 speed automatic,"320 lb.-ft. @ 4,500rpm",,,,,,,,,,,,,24,,,,,,,,,,,
Ford,Mustang,2006,,,16.0gal.,,,rear-wheel,v-8,4.6,"300hp @ 5,750rpm",5 speed automatic,"320 lb.-ft. @ 4,500rpm",,,,,,,,,,,,,24,,,,,,,,,,,
Ford,Mustang,2005,,,16.0gal.,,,rear-wheel,v-8,4.6,"300hp @ 5,750rpm",5 speed automatic,"320 lb.-ft. @ 4,500rpm",,,,,,,,,,,,,24,,,,,,,,,,,
Ford,Mustang,2004,,,15.7gal.,,,rear-wheel,v-8,4.6,"390hp @ 6,000rpm",6 speed manual,"390 lb.-ft. @ 3,500rpm",,,,,,,,,,,,,32,,,,,,,,,,,
Ford,Mustang,2003,,,15.7gal.,,,rear-wheel,v-6,3.8,"193hp @ 5,500rpm",4 speed automatic,"225 lb.-ft. @ 2,800rpm",,,,,,,,,,,,,12,,,,,,,,,,,
Ford,Mustang,2002,,,15.5gal.,,,rear-wheel,v-6,3.8,"190hp @ 5,250rpm",4 speed automatic,"220 lb.-ft. @ 2,750rpm",,,,,,,,,,,,,12,,,,,,,,,,,
Ford,Mustang,2001,,,15.7gal.,,,rear-wheel,v-6,3.8,"193hp @ 5,500rpm",4 speed automatic,"225 lb.-ft. @ 2,800rpm",,,,,,,,,,,,,12,,,,,,,,,,,
Ford,Mustang,2000,,,15.7gal.,,,rear-wheel,v-6,3.8,"190hp @ 5,250rpm",4 speed automatic,"220 lb.-ft. @ 2,750rpm",,,,,,,,,,,,,12,,,,,,,,,,,
Ford,Mustang,1999,20 mpg,29 mpg,15.7gal.,4,11 cu.ft.,rear-wheel,v-6,3.8,"190hp @ 5,250rpm",4 speed automatic,"220 lb.-ft. @ 2,750rpm",4-wheel,3.8 l,232 cu.in.,190 hp,"38.1 ""","53.1 ""","73.1 ""","29.9 ""","42.6 ""","183.2 ""","35.5 ""","101.3 """,12,5,"3,069 lbs.",,"1,000 lbs.",,,,,,,
Ford,C-Max Energi,2017,,,14.0gal.,5,43 cu.ft.,front-wheel,i-4,2.0,"141hp @ 6,000rpm",continuously variable automatic,"129 lb.-ft. @ 4,000rpm",4-wheel,2.0 l,122 cu.in.,141 hp,"41.0 ""","63.8 ""","72.0 ""","36.5 ""","43.1 ""","173.6 ""","39.4 ""","104.3 """,16,continuously variable,"3,899 lbs.",,,,,,,,,
Ford,C-Max Energi,2016,40 mpg,36 mpg,14.0gal.,5,43 cu.ft.,front-wheel,i-4,2.0,"141hp @ 6,000rpm",continuously variable automatic,"129 lb.-ft. @ 4,000rpm",4-wheel,2.0 l,122 cu.in.,141 hp,"41.0 ""","63.8 ""","72.0 ""","36.5 ""","43.1 ""","173.6 ""","39.4 ""","104.3 """,16,continuously variable,"3,859 lbs.",,,,,,,,,
Ford,C-Max Energi,2015,,,14.0gal.,,,front-wheel,i-4,2.0,"141hp @ 6,000rpm",continuously variable automatic,"129 lb.-ft. @ 4,000rpm",,,,,,,,,,,,,16,,,,,,,,,,,
Ford,C-Max Energi,2014,,,14.0gal.,,,front-wheel,i-4,2.0,"141hp @ 6,000rpm",continuously variable automatic,"129 lb.-ft. @ 4,000rpm",,,,,,,,,,,,,16,,,,,,,,,,,
Ford,C-Max Energi,2013,,,14.0gal.,,,front-wheel,i-4,2.0,"141hp @ 6,000rpm",continuously variable automatic,"129 lb.-ft. @ 4,000rpm",,,,,,,,,,,,,16,,,,,,,,,,,
Ford,C-Max Hybrid,2018,42 mpg,38 mpg,13.5gal.,5,53 cu.ft.,front-wheel,i-4,2.0,"141hp @ 6,000rpm",continuously variable automatic,"129 lb.-ft. @ 4,000rpm",4-wheel,2.0 l,122 cu.in.,141 hp,"41.0 ""","63.9 ""","72.0 ""","36.5 ""","43.1 ""","173.6 ""","39.4 ""","104.3 """,16,continuously variable,"3,640 lbs.",,,,,,,,,
Ford,C-Max Hybrid,2017,42 mpg,38 mpg,13.5gal.,5,53 cu.ft.,front-wheel,i-4,2.0,"141hp @ 6,000rpm",continuously variable automatic,"129 lb.-ft. @ 4,000rpm",4-wheel,2.0 l,122 cu.in.,141 hp,"41.0 ""","63.9 ""","72.0 ""","36.5 ""","43.1 ""","173.6 ""","39.4 ""","104.3 """,16,continuously variable,"3,640 lbs.",,,,,,,,,
Ford,C-Max Hybrid,2016,42 mpg,37 mpg,13.5gal.,5,53 cu.ft.,front-wheel,i-4,2.0,"141hp @ 6,000rpm",continuously variable automatic,"129 lb.-ft. @ 4,000rpm",4-wheel,2.0 l,122 cu.in.,141 hp,"41.0 ""","63.9 ""","72.0 ""","36.5 ""","43.1 ""","173.6 ""","39.4 ""","104.3 """,16,continuously variable,"3,607 lbs.",,,,,,,,,
Ford,C-Max Hybrid,2015,,,13.5gal.,,,front-wheel,i-4,2.0,"141hp @ 6,000rpm",continuously variable automatic,"129 lb.-ft. @ 4,000rpm",,,,,,,,,,,,,16,,,,,,,,,,,
Ford,C-Max Hybrid,2014,,,13.5gal.,,,front-wheel,i-4,2.0,"141hp @ 6,000rpm",continuously variable automatic,"129 lb.-ft. @ 4,000rpm",,,,,,,,,,,,,16,,,,,,,,,,,
Ford,C-Max Hybrid,2013,,,13.5gal.,,,front-wheel,i-4,2.0,"141hp @ 6,000rpm",continuously variable automatic,"129 lb.-ft. @ 4,000rpm",,,,,,,,,,,,,16,,,,,,,,,,,
Ford,Focus Electric,2018,118 mpg,96 mpg,,5,33 cu.ft.,front-wheel,,,143hp @ rpm,1 speed automatic,184 lb.-ft. @ rpm,4-wheel,,,143 hp,"38.3 ""","58.2 ""","71.8 ""","33.2 ""","41.9 ""","172.9 ""","37.9 ""","104.3 """,,1,"3,640 lbs.",,,,,,,,,
Ford,Focus Electric,2017,118 mpg,96 mpg,,5,14 cu.ft.,front-wheel,,,143hp @ rpm,1 speed automatic,184 lb.-ft. @ rpm,4-wheel,,,143 hp,"38.3 ""","58.2 ""","71.8 ""","33.2 ""","41.9 ""","172.9 ""","37.9 ""","104.3 """,,1,"3,640 lbs.",,,,,,,,,
Ford,Focus Electric,2016,110 mpg,99 mpg,,5,14 cu.ft.,front-wheel,,,143hp @ rpm,1 speed automatic,184 lb.-ft. @ rpm,4-wheel,,,143 hp,"38.3 ""","58.2 ""","71.8 ""","33.2 ""","41.9 ""","172.9 ""","37.9 ""","104.3 """,,1,"3,640 lbs.",,,,,,,,,
Ford,Focus Electric,2015,,,,,,front-wheel,,,143hp @ rpm,1 speed automatic,184 lb.-ft. @ rpm,,,,,,,,,,,,,,,,,,,,,,,,
Ford,Focus Electric,2014,,,,,,front-wheel,,,143hp @ rpm,1 speed automatic,184 lb.-ft. @ rpm,,,,,,,,,,,,,,,,,,,,,,,,
Ford,Focus Electric,2013,,,,,,front-wheel,,,143hp @ rpm,1 speed automatic,184 lb.-ft. @ rpm,,,,,,,,,,,,,,,,,,,,,,,,
Ford,Focus Electric,2012,,,,,,front-wheel,,,143hp @ rpm,1 speed automatic,184 lb.-ft. @ rpm,,,,,,,,,,,,,,,,,,,,,,,,
Ford,Contour,2000,,,14.5gal.,,,front-wheel,v-6,2.5,"200hp @ 6,600rpm",5 speed manual,"169 lb.-ft. @ 5,500rpm",,,,,,,,,,,,,24,,,,,,,,,,,
Ford,Contour,1999,24 mpg,34 mpg,15.0gal.,5,14 cu.ft.,front-wheel,i-4,2.0,"125hp @ 5,500rpm",4 speed automatic,"130 lb.-ft. @ 4,000rpm",4-wheel,2.0 l,121 cu.in.,125 hp,"39.0 ""","54.4 ""","69.1 ""","34.4 ""","42.4 ""","184.6 ""","36.7 ""","106.5 """,16,5,"2,639 lbs.",,"1,000 lbs.",,,,,,,
Ford,Crown Victoria,2011,,,19.0gal.,,,rear-wheel,v-8,4.6,"239hp @ 4,900rpm",4 speed automatic,"281 lb.-ft. @ 4,100rpm",,,,,,,,,,,,,16,,,,,,,,,,,
Ford,Crown Victoria,2010,,,19.0gal.,,,rear-wheel,v-8,4.6,"224hp @ 4,750rpm",4 speed automatic,"265 lb.-ft. @ 4,000rpm",,,,,,,,,,,,,16,,,,,,,,,,,
Ford,Crown Victoria,2009,,,19.0gal.,,,rear-wheel,v-8,4.6,"224hp @ 4,750rpm",4 speed automatic,"265 lb.-ft. @ 4,000rpm",,,,,,,,,,,,,16,,,,,,,,,,,
Ford,Crown Victoria,2008,,,19.0gal.,,,rear-wheel,v-8,4.6,"224hp @ 4,750rpm",4 speed automatic,"265 lb.-ft. @ 4,000rpm",,,,,,,,,,,,,16,,,,,,,,,,,
Ford,Crown Victoria,2007,,,19.0gal.,,,rear-wheel,v-8,4.6,"224hp @ 4,750rpm",4 speed automatic,"276 lb.-ft. @ 4,000rpm",,,,,,,,,,,,,16,,,,,,,,,,,
Ford,Crown Victoria,2006,,,19.0gal.,,,rear-wheel,v-8,4.6,"224hp @ 4,750rpm",4 speed automatic,"276 lb.-ft. @ 4,000rpm",,,,,,,,,,,,,16,,,,,,,,,,,
Ford,Crown Victoria,2005,,,19.0gal.,,,rear-wheel,v-8,4.6,"224hp @ 4,750rpm",4 speed automatic,"265 lb.-ft. @ 4,000rpm",,,,,,,,,,,,,16,,,,,,,,,,,
Ford,Crown Victoria,2004,,,19.0gal.,,,rear-wheel,v-8,4.6,"224hp @ 4,750rpm",4 speed automatic,"265 lb.-ft. @ 4,000rpm",,,,,,,,,,,,,16,,,,,,,,,,,
Ford,Crown Victoria,2003,,,19.0gal.,,,rear-wheel,v-8,4.6,"224hp @ 4,800rpm",4 speed automatic,"272 lb.-ft. @ 4,000rpm",,,,,,,,,,,,,16,,,,,,,,,,,
Ford,Crown Victoria,2002,,,19.0gal.,,,rear-wheel,v-8,4.6,"235hp @ 4,750rpm",4 speed automatic,"276 lb.-ft. @ 4,000rpm",,,,,,,,,,,,,16,,,,,,,,,,,
Ford,Crown Victoria,2001,,,19.0gal.,,,rear-wheel,v-8,4.6,"175hp @ 4,500rpm",4 speed automatic,"235 lb.-ft. @ 2,000rpm",,,,,,,,,,,,,16,,,,,,,,,,,
Ford,Crown Victoria,2000,,,19.0gal.,,,rear-wheel,v-8,4.6,"175hp @ 4,500rpm",4 speed automatic,"235 lb.-ft. @ 2,000rpm",,,,,,,,,,,,,16,,,,,,,,,,,
Ford,Crown Victoria,1999,17 mpg,24 mpg,19.0gal.,6,21 cu.ft.,rear-wheel,v-8,4.6,"175hp @ 4,500rpm",4 speed automatic,"235 lb.-ft. @ 2,000rpm",4-wheel,4.6 l,281 cu.in.,200 hp,"39.4 ""","56.8 ""","78.2 ""","39.6 ""","42.5 ""","212.0 ""","38.0 ""","114.7 """,16,4,"3,917 lbs.",,"2,000 lbs.",,,,,,,
Ford,Five Hundred,2007,,,20.0gal.,,,front-wheel,v-6,3.0,"203hp @ 5,750rpm",6 speed automatic,"207 lb.-ft. @ 4,500rpm",,,,,,,,,,,,,24,,,,,,,,,,,
Ford,Five Hundred,2006,,,19.0gal.,,,front-wheel,v-6,3.0,"203hp @ 5,750rpm",6 speed automatic,"207 lb.-ft. @ 4,500rpm",,,,,,,,,,,,,24,,,,,,,,,,,
Ford,Five Hundred,2005,,,19.0gal.,,,all-wheel drive,v-6,3.0,"203hp @ 5,750rpm",continuously variable automatic,"207 lb.-ft. @ 4,500rpm",,,,,,,,,,,,,24,,,,,,,,,,,
Ford,Freestyle,2007,,,19.0gal.,,,front-wheel,v-6,3.0,"203hp @ 5,750rpm",continuously variable automatic,"207 lb.-ft. @ 4,500rpm",,,,,,,,,,,,,24,,,,,,,,,,,
Ford,Freestyle,2006,,,19.0gal.,,,front-wheel,v-6,3.0,"203hp @ 5,750rpm",continuously variable automatic,"207 lb.-ft. @ 4,500rpm",,,,,,,,,,,,,24,,,,,,,,,,,
Ford,Freestyle,2005,,,19.0gal.,,,all-wheel drive,v-6,3.0,"203hp @ 5,750rpm",continuously variable automatic,"207 lb.-ft. @ 4,500rpm",,,,,,,,,,,,,24,,,,,,,,,,,
Ford,Fusion,2019,21 mpg,32 mpg,16.5gal.,5,16 cu.ft.,front-wheel,i-4,2.5,"175hp @ 6,000rpm",6 speed automatic,"175 lb.-ft. @ 4,500rpm",4-wheel,2.5 l,152 cu.in.,175 hp,"39.2 ""","58.1 ""","75.2 ""","38.3 ""","44.3 ""","191.7 ""","37.8 ""","112.2 """,16,6,"3,411 lbs.",,"1,000 lbs.",,,,,,,
Ford,Fusion,2018,21 mpg,32 mpg,16.5gal.,5,16 cu.ft.,front-wheel,i-4,2.5,"175hp @ 6,000rpm",6 speed automatic,"175 lb.-ft. @ 4,500rpm",4-wheel,2.5 l,152 cu.in.,175 hp,"39.2 ""","58.1 ""","72.9 ""","38.3 ""","44.3 ""","191.7 ""","37.8 ""","112.2 """,16,6,"3,431 lbs.",,"1,000 lbs.",,,,,,,
Ford,Fusion,2017,21 mpg,32 mpg,16.5gal.,5,16 cu.ft.,front-wheel,i-4,2.5,"175hp @ 6,000rpm",6 speed automatic,"175 lb.-ft. @ 4,500rpm",4-wheel,2.5 l,152 cu.in.,175 hp,"39.2 ""","58.1 ""","72.9 ""","38.3 ""","44.3 ""","191.7 ""","37.8 ""","112.2 """,16,6,"3,431 lbs.",,"1,000 lbs.",,,,,,,
Ford,Fusion,2016,22 mpg,34 mpg,16.5gal.,5,16 cu.ft.,front-wheel,i-4,2.5,"175hp @ 6,000rpm",6 speed automatic,"175 lb.-ft. @ 4,500rpm",4-wheel,2.5 l,152 cu.in.,175 hp,"39.2 ""","58.1 ""","72.9 ""","38.3 ""","44.3 ""","191.7 ""","37.8 ""","112.2 """,16,6,"3,431 lbs.",,"1,000 lbs.",,,,,,,
Ford,Fusion,2015,,,16.5gal.,,,front-wheel,i-4,2.5,"175hp @ 6,000rpm",6 speed automatic,"175 lb.-ft. @ 4,500rpm",,,,,,,,,,,,,16,,,,,,,,,,,
Ford,Fusion,2014,,,16.5gal.,,,front-wheel,i-4,2.5,"175hp @ 6,000rpm",6 speed automatic,"175 lb.-ft. @ 4,500rpm",,,,,,,,,,,,,16,,,,,,,,,,,
Ford,Fusion,2013,,,16.5gal.,,,front-wheel,i-4,2.5,"175hp @ 6,000rpm",6 speed automatic,"175 lb.-ft. @ 4,500rpm",,,,,,,,,,,,,16,,,,,,,,,,,
Ford,Fusion,2012,,,17.5gal.,,,front-wheel,i-4,2.5,"175hp @ 6,000rpm",6 speed automatic,"172 lb.-ft. @ 4,500rpm",,,,,,,,,,,,,16,,,,,,,,,,,
Ford,Fusion,2011,,,17.5gal.,,,front-wheel,i-4,2.5,"175hp @ 6,000rpm",6 speed automatic,"172 lb.-ft. @ 4,500rpm",,,,,,,,,,,,,16,,,,,,,,,,,
Ford,Fusion,2010,,,17.5gal.,,,front-wheel,i-4,2.5,"175hp @ 6,000rpm",6 speed automatic,"172 lb.-ft. @ 4,500rpm",,,,,,,,,,,,,16,,,,,,,,,,,
Ford,Fusion,2009,,,17.5gal.,,,front-wheel,i-4,2.3,"160hp @ 6,250rpm",5 speed automatic,"156 lb.-ft. @ 4,250rpm",,,,,,,,,,,,,16,,,,,,,,,,,
Ford,Fusion,2008,,,17.5gal.,,,front-wheel,i-4,2.3,"160hp @ 6,250rpm",5 speed manual,"156 lb.-ft. @ 4,250rpm",,,,,,,,,,,,,16,,,,,,,,,,,
Ford,Fusion,2007,,,17.5gal.,,,front-wheel,i-4,2.3,"160hp @ 6,250rpm",5 speed automatic,"156 lb.-ft. @ 4,250rpm",,,,,,,,,,,,,16,,,,,,,,,,,
Ford,Fusion,2006,,,17.5gal.,,,front-wheel,i-4,2.3,"160hp @ 6,250rpm",5 speed automatic,"156 lb.-ft. @ 4,250rpm",,,,,,,,,,,,,16,,,,,,,,,,,
Ford,Fusion Energi,2019,,,14.0gal.,5,8 cu.ft.,front-wheel,i-4,2.0,"141hp @ 6,000rpm",continuously variable automatic,"129 lb.-ft. @ 4,000rpm",4-wheel,2.0 l,122 cu.in.,141 hp,"39.2 ""","58.0 ""","75.2 ""","38.3 ""","44.3 ""","191.8 ""","37.8 ""","112.2 """,16,continuously variable,"3,986 lbs.",,,,,,,,,
Ford,Fusion Energi,2018,,,14.0gal.,5,8 cu.ft.,front-wheel,i-4,2.0,"141hp @ 6,000rpm",continuously variable automatic,"129 lb.-ft. @ 4,000rpm",4-wheel,2.0 l,122 cu.in.,141 hp,"39.2 ""","58.0 ""","72.9 ""","38.3 ""","44.3 ""","191.8 ""","37.8 ""","112.2 """,16,continuously variable,"3,913 lbs.",,,,,,,,,
Ford,Fusion Energi,2017,,,14.0gal.,5,8 cu.ft.,front-wheel,i-4,2.0,"141hp @ 6,000rpm",continuously variable automatic,"129 lb.-ft. @ 4,000rpm",4-wheel,2.0 l,122 cu.in.,141 hp,"39.2 ""","58.0 ""","72.9 ""","38.3 ""","44.3 ""","191.8 ""","37.8 ""","112.2 """,16,continuously variable,"3,913 lbs.",,,,,,,,,
Ford,Fusion Energi,2016,40 mpg,36 mpg,14.0gal.,5,8 cu.ft.,front-wheel,i-4,2.0,"141hp @ 6,000rpm",continuously variable automatic,"129 lb.-ft. @ 4,000rpm",4-wheel,2.0 l,122 cu.in.,141 hp,"39.2 ""","58.0 ""","72.9 ""","38.3 ""","44.3 ""","191.8 ""","37.8 ""","112.2 """,16,continuously variable,"3,913 lbs.",,,,,,,,,
Ford,Fusion Energi,2015,,,14.0gal.,,,front-wheel,i-4,2.0,"141hp @ 6,000rpm",continuously variable automatic,"129 lb.-ft. @ 4,000rpm",,,,,,,,,,,,,16,,,,,,,,,,,
Ford,Fusion Energi,2014,,,14.0gal.,,,front-wheel,i-4,2.0,"141hp @ 6,000rpm",continuously variable automatic,"129 lb.-ft. @ 4,000rpm",,,,,,,,,,,,,16,,,,,,,,,,,
Ford,Fusion Energi,2013,,,14.0gal.,,,front-wheel,i-4,2.0,"141hp @ 6,000rpm",continuously variable automatic,"129 lb.-ft. @ 4,000rpm",,,,,,,,,,,,,16,,,,,,,,,,,
Ford,Fusion Hybrid,2019,43 mpg,41 mpg,14.0gal.,5,12 cu.ft.,front-wheel,i-4,2.0,"141hp @ 6,000rpm",continuously variable automatic,"129 lb.-ft. @ 4,000rpm",4-wheel,2.0 l,122 cu.in.,141 hp,"39.2 ""","58.0 ""","75.2 ""","38.3 ""","44.3 ""","191.8 ""","37.8 ""","112.2 """,16,continuously variable,"3,668 lbs.",,,,,,,,,
Ford,Fusion Hybrid,2018,43 mpg,41 mpg,14.0gal.,5,12 cu.ft.,front-wheel,i-4,2.0,"141hp @ 6,000rpm",continuously variable automatic,"129 lb.-ft. @ 4,000rpm",4-wheel,2.0 l,122 cu.in.,141 hp,"39.2 ""","58.0 ""","72.9 ""","38.3 ""","44.3 ""","191.8 ""","37.8 ""","112.2 """,16,continuously variable,"3,615 lbs.",,,,,,,,,
Ford,Fusion Hybrid,2017,43 mpg,41 mpg,14.0gal.,5,12 cu.ft.,front-wheel,i-4,2.0,"141hp @ 6,000rpm",continuously variable automatic,"129 lb.-ft. @ 4,000rpm",4-wheel,2.0 l,122 cu.in.,141 hp,"39.2 ""","58.0 ""","72.9 ""","38.3 ""","44.3 ""","191.8 ""","37.8 ""","112.2 """,16,continuously variable,"3,615 lbs.",,,,,,,,,
Ford,Fusion Hybrid,2016,44 mpg,41 mpg,14.0gal.,5,12 cu.ft.,front-wheel,i-4,2.0,"141hp @ 6,000rpm",continuously variable automatic,"129 lb.-ft. @ 4,000rpm",4-wheel,2.0 l,122 cu.in.,141 hp,"39.2 ""","58.0 ""","72.9 ""","38.3 ""","44.3 ""","191.8 ""","37.8 ""","112.2 """,16,continuously variable,"3,615 lbs.",,,,,,,,,
Ford,Fusion Hybrid,2015,,,14.0gal.,,,front-wheel,i-4,2.0,"141hp @ 6,000rpm",continuously variable automatic,"129 lb.-ft. @ 4,000rpm",,,,,,,,,,,,,16,,,,,,,,,,,
Ford,Fusion Hybrid,2014,44 mpg,41 mpg,14.0gal.,5,12 cu.ft.,front-wheel,i-4,2.0,"141hp @ 6,000rpm",continuously variable automatic,"129 lb.-ft. @ 4,000rpm",4-wheel,2.0 l,122 cu.in.,141 hp,"39.2 ""","58.0 ""","72.9 ""","38.3 ""","44.3 ""","191.8 ""","37.8 ""","112.2 """,16,continuously variable,"3,615 lbs.",,,,,,,,,
Ford,Fusion Hybrid,2013,,,14.0gal.,,,front-wheel,i-4,2.0,"141hp @ 6,000rpm",continuously variable automatic,"129 lb.-ft. @ 4,000rpm",,,,,,,,,,,,,16,,,,,,,,,,,
Ford,Fusion Hybrid,2012,,,17.5gal.,,,front-wheel,i-4,2.5,"156hp @ 6,000rpm",continuously variable automatic,"136 lb.-ft. @ 2,250rpm",,,,,,,,,,,,,16,,,,,,,,,,,
Ford,Fusion Hybrid,2011,,,17.5gal.,,,front-wheel,i-4,2.5,"156hp @ 6,000rpm",continuously variable automatic,"136 lb.-ft. @ 2,250rpm",,,,,,,,,,,,,16,,,,,,,,,,,
Ford,Fusion Hybrid,2010,,,17.5gal.,,,front-wheel,i-4,2.5,"156hp @ 6,000rpm",continuously variable automatic,"136 lb.-ft. @ 2,250rpm",,,,,,,,,,,,,16,,,,,,,,,,,
Ford,GT,2006,,,17.5gal.,,,rear-wheel,v-8,5.4,"550hp @ 6,500rpm",6 speed manual,"500 lb.-ft. @ 3,750rpm",,,,,,,,,,,,,32,,,,,,,,,,,
Ford,GT,2005,,,17.5gal.,,,rear-wheel,v-8,5.4,"550hp @ 6,500rpm",6 speed manual,"500 lb.-ft. @ 3,750rpm",,,,,,,,,,,,,32,,,,,,,,,,,
Ford,Thunderbird,2005,,,18.0gal.,,,rear-wheel,v-8,3.9,"280hp @ 6,000rpm",5 speed automatic,"286 lb.-ft. @ 4,000rpm",,,,,,,,,,,,,32,,,,,,,,,,,
Ford,Thunderbird,2004,,,18.0gal.,,,rear-wheel,v-8,3.9,"280hp @ 6,000rpm",5 speed automatic,"286 lb.-ft. @ 4,000rpm",,,,,,,,,,,,,32,,,,,,,,,,,
Ford,Thunderbird,2003,,,18.0gal.,,,rear-wheel,v-8,3.9,"280hp @ 6,000rpm",5 speed automatic,"286 lb.-ft. @ 4,000rpm",,,,,,,,,,,,,32,,,,,,,,,,,
Ford,Thunderbird,2002,,,18.0gal.,,,rear-wheel,v-8,3.9,"252hp @ 6,100rpm",5 speed automatic,"267 lb.-ft. @ 4,300rpm",,,,,,,,,,,,,32,,,,,,,,,,,
Ford,EcoSport,2018,27 mpg,29 mpg,13.6gal.,5,50 cu.ft.,front-wheel,i-3,1.0,"123hp @ 6,000rpm",6 speed automatic,"125 lb.-ft. @ 3,500rpm",4-wheel,1.0 l,61 cu.in.,123 hp,"39.6 ""","64.8 ""","69.5 ""","36.7 ""","42.9 ""","161.3 ""","37.5 ""","99.2 """,12,6,"3,020 lbs.",,"1,400 lbs.",,,,,,,
Ford,Edge,2019,,,18.0gal.,5,73 cu.ft.,front-wheel,i-4,2.0,"245hp @ 5,500rpm",8 speed automatic,"275 lb.-ft. @ 3,000rpm",4-wheel,2.0 l,122 cu.in.,245 hp,"40.2 ""","68.6 ""","75.9 ""","40.6 ""","42.6 ""","188.1 ""","40.3 ""","112.2 """,16,8,,,"1,500 lbs.",,,,,,,
Ford,Edge,2018,21 mpg,29 mpg,18.0gal.,5,73 cu.ft.,front-wheel,i-4,2.0,"245hp @ 5,500rpm",6 speed automatic,"275 lb.-ft. @ 3,000rpm",4-wheel,2.0 l,122 cu.in.,245 hp,"40.2 ""","68.6 ""","75.9 ""","40.6 ""","42.6 ""","188.1 ""","40.3 ""","112.2 """,16,6,"3,927 lbs.","5,320 lbs.","1,500 lbs.",,,,,,,
Ford,Edge,2017,20 mpg,27 mpg,18.0gal.,5,73 cu.ft.,all-wheel drive,v-6,3.5,"280hp @ 6,500rpm",6 speed automatic,"250 lb.-ft. @ 4,000rpm",4-wheel,2.0 l,122 cu.in.,245 hp,"40.2 ""","68.6 ""","75.9 ""","40.6 ""","42.6 ""","188.1 ""","40.3 ""","112.2 """,24,6,"4,095 lbs.","5,540 lbs.","1,500 lbs.",,,,,,,
Ford,Edge,2016,21 mpg,30 mpg,18.0gal.,5,73 cu.ft.,front-wheel,i-4,2.0,"245hp @ 5,500rpm",6 speed automatic,"275 lb.-ft. @ 3,000rpm",4-wheel,2.0 l,122 cu.in.,245 hp,"40.2 ""","68.6 ""","75.9 ""","40.6 ""","42.6 ""","188.1 ""","40.3 ""","112.2 """,16,6,"3,927 lbs.","5,320 lbs.","1,500 lbs.",,,,,,,
Ford,Edge,2015,,,18.0gal.,,,front-wheel,v-6,3.5,"280hp @ 6,500rpm",6 speed automatic,"250 lb.-ft. @ 4,000rpm",,,,,,,,,,,,,24,,,,,,,,,,,
Ford,Edge,2014,,,18.3gal.,,,front-wheel,i-4,2.0,"240hp @ 5,500rpm",6 speed automatic,"270 lb.-ft. @ 3,000rpm",,,,,,,,,,,,,16,,,,,,,,,,,
Ford,Edge,2013,,,18.0gal.,,,front-wheel,i-4,2.0,"285hp @ 6,500rpm",6 speed automatic,"270 lb.-ft. @ 3,000rpm",,,,,,,,,,,,,24,,,,,,,,,,,
Ford,Edge,2012,,,18.0gal.,,,front-wheel,i-4,2.0,"240hp @ 5,500rpm",6 speed automatic,"270 lb.-ft. @ 3,000rpm",,,,,,,,,,,,,16,,,,,,,,,,,
Ford,Edge,2011,,,18.0gal.,,,front-wheel,v-6,3.5,"285hp @ 6,500rpm",6 speed automatic,"253 lb.-ft. @ 4,000rpm",,,,,,,,,,,,,24,,,,,,,,,,,
Ford,Edge,2010,,,19.0gal.,,,front-wheel,v-6,3.5,"285hp @ 6,500rpm",6 speed automatic,"253 lb.-ft. @ 4,000rpm",,,,,,,,,,,,,24,,,,,,,,,,,
Ford,Edge,2009,,,19.0gal.,,,front-wheel,v-6,3.5,"265hp @ 6,250rpm",6 speed automatic,"250 lb.-ft. @ 4,500rpm",,,,,,,,,,,,,24,,,,,,,,,,,
Ford,Edge,2008,,,19.0gal.,,,front-wheel,v-6,3.5,"265hp @ 6,250rpm",6 speed automatic,"250 lb.-ft. @ 4,500rpm",,,,,,,,,,,,,24,,,,,,,,,,,
Ford,Edge,2007,,,19.0gal.,,,front-wheel,v-6,3.5,"265hp @ 6,250rpm",6 speed automatic,"250 lb.-ft. @ 4,500rpm",,,,,,,,,,,,,24,,,,,,,,,,,
Ford,Escape,2018,21 mpg,29 mpg,15.7gal.,5,68 cu.ft.,front-wheel,i-4,2.5,"168hp @ 6,000rpm",6 speed automatic,"170 lb.-ft. @ 4,500rpm",4-wheel,2.5 l,152 cu.in.,168 hp,"39.9 ""","66.3 ""","72.4 ""","36.8 ""","43.1 ""","178.1 ""","39.0 ""","105.9 """,16,6,"3,542 lbs.",,"1,500 lbs.",,,,,,,
Ford,Escape,2017,21 mpg,29 mpg,15.7gal.,5,68 cu.ft.,front-wheel,i-4,2.5,"168hp @ 6,000rpm",6 speed automatic,"170 lb.-ft. @ 4,500rpm",4-wheel,2.5 l,152 cu.in.,168 hp,"39.9 ""","66.3 ""","72.4 ""","36.8 ""","43.1 ""","178.1 ""","39.0 ""","105.9 """,16,6,"3,515 lbs.","4,620 lbs.","1,500 lbs.",,,,,,,
Ford,Escape,2016,22 mpg,31 mpg,15.1gal.,5,68 cu.ft.,front-wheel,i-4,2.5,"168hp @ 6,000rpm",6 speed automatic,"170 lb.-ft. @ 4,500rpm",4-wheel,2.5 l,152 cu.in.,168 hp,"39.9 ""","66.3 ""","72.4 ""","36.8 ""","43.1 ""","178.1 ""","39.0 ""","105.9 """,16,6,"3,515 lbs.","4,620 lbs.","1,500 lbs.",,,,,,,
Ford,Escape,2015,,,15.1gal.,,,front-wheel,i-4,2.5,"168hp @ 6,000rpm",6 speed automatic,"170 lb.-ft. @ 4,500rpm",,,,,,,,,,,,,16,,,,,,,,,,,
Ford,Escape,2014,,,15.1gal.,,,front-wheel,i-4,2.5,"168hp @ 6,000rpm",6 speed automatic,"170 lb.-ft. @ 4,500rpm",,,,,,,,,,,,,16,,,,,,,,,,,
Ford,Escape,2013,,,15.1gal.,,,front-wheel,i-4,2.5,"168hp @ 6,000rpm",6 speed automatic,"170 lb.-ft. @ 4,500rpm",,,,,,,,,,,,,16,,,,,,,,,,,
Ford,Escape,2012,,,17.5gal.,,,front-wheel,i-4,2.5,"171hp @ 6,000rpm",6 speed automatic,"171 lb.-ft. @ 4,500rpm",,,,,,,,,,,,,16,,,,,,,,,,,
Ford,Escape,2011,,,17.5gal.,,,front-wheel,i-4,2.5,"171hp @ 6,000rpm",6 speed automatic,"171 lb.-ft. @ 4,500rpm",,,,,,,,,,,,,16,,,,,,,,,,,
Ford,Escape,2010,,,16.5gal.,,,front-wheel,v-6,3.0,"171hp @ 6,000rpm",6 speed automatic,"223 lb.-ft. @ 4,300rpm",,,,,,,,,,,,,24,,,,,,,,,,,
Ford,Escape,2009,,,16.5gal.,,,four-wheel,i-4,2.5,"171hp @ 6,000rpm",6 speed automatic,"171 lb.-ft. @ 4,500rpm",,,,,,,,,,,,,16,,,,,,,,,,,
Ford,Escape,2008,,,16.5gal.,,,front-wheel,v-6,3.0,"200hp @ 6,000rpm",4 speed automatic,"193 lb.-ft. @ 4,850rpm",,,,,,,,,,,,,24,,,,,,,,,,,
Ford,Escape,2007,,,16.5gal.,,,front-wheel,v-6,3.0,"200hp @ 6,000rpm",4 speed automatic,"193 lb.-ft. @ 4,850rpm",,,,,,,,,,,,,24,,,,,,,,,,,
Ford,Escape,2006,,,16.5gal.,,,front-wheel,v-6,3.0,"200hp @ 6,000rpm",4 speed automatic,"193 lb.-ft. @ 4,850rpm",,,,,,,,,,,,,24,,,,,,,,,,,
Ford,Escape,2005,,,16.5gal.,,,front-wheel,i-4,2.3,"153hp @ 5,800rpm",5 speed manual,"152 lb.-ft. @ 4,250rpm",,,,,,,,,,,,,16,,,,,,,,,,,
Ford,Escape,2004,,,16.0gal.,,,front-wheel,i-4,2.0,"127hp @ 5,400rpm",5 speed manual,"135 lb.-ft. @ 4,500rpm",,,,,,,,,,,,,16,,,,,,,,,,,
Ford,Escape,2003,,,16.0gal.,,,front-wheel,i-4,2.0,"127hp @ 5,400rpm",5 speed manual,"135 lb.-ft. @ 4,500rpm",,,,,,,,,,,,,16,,,,,,,,,,,
Ford,Escape,2002,,,15.0gal.,,,front-wheel,i-4,2.0,"127hp @ 5,400rpm",5 speed manual,"135 lb.-ft. @ 4,500rpm",,,,,,,,,,,,,16,,,,,,,,,,,
Ford,Escape,2001,,,16.4gal.,,,front-wheel,v-6,3.0,"201hp @ 5,900rpm",4 speed automatic,"196 lb.-ft. @ 4,700rpm",,,,,,,,,,,,,24,,,,,,,,,,,
Ford,E-150,2014,,,33.0gal.,,,rear-wheel,v-8,5.4,"255hp @ 4,500rpm",4 speed automatic,"350 lb.-ft. @ 2,500rpm",,,,,,,,,,,,,16,,,,,,,,,,,
Ford,E-150,2013,,,33.0gal.,,,rear-wheel,v-8,5.4,"255hp @ 4,500rpm",4 speed automatic,"350 lb.-ft. @ 2,500rpm",,,,,,,,,,,,,16,,,,,,,,,,,
Ford,E-150,2012,,,33.0gal.,,,rear-wheel,v-8,5.4,"255hp @ 4,500rpm",4 speed automatic,"350 lb.-ft. @ 2,500rpm",,,,,,,,,,,,,16,,,,,,,,,,,
Ford,E-150,2011,,,33.0gal.,,,rear-wheel,v-8,5.4,"255hp @ 4,500rpm",4 speed automatic,"350 lb.-ft. @ 2,500rpm",,,,,,,,,,,,,16,,,,,,,,,,,
Ford,E-150,2010,,,35.0gal.,,,rear-wheel,v-8,5.4,"255hp @ 4,500rpm",4 speed automatic,"286 lb.-ft. @ 3,500rpm",,,,,,,,,,,,,16,,,,,,,,,,,
Ford,E-150,2009,,,35.0gal.,,,rear-wheel,v-8,5.4,"255hp @ 4,500rpm",4 speed automatic,"350 lb.-ft. @ 2,500rpm",,,,,,,,,,,,,16,,,,,,,,,,,
Ford,E-150,2008,,,35.0gal.,,,rear-wheel,v-8,5.4,"255hp @ 4,500rpm",4 speed automatic,"350 lb.-ft. @ 2,500rpm",,,,,,,,,,,,,16,,,,,,,,,,,
Ford,E-150,2007,,,35.0gal.,,,rear-wheel,v-8,5.4,"255hp @ 4,500rpm",4 speed automatic,"350 lb.-ft. @ 2,500rpm",,,,,,,,,,,,,16,,,,,,,,,,,
Ford,E-150,2006,,,35.0gal.,,,rear-wheel,v-8,5.4,"225hp @ 4,800rpm",4 speed automatic,"286 lb.-ft. @ 3,500rpm",,,,,,,,,,,,,16,,,,,,,,,,,
Ford,E-150,2005,,,35.0gal.,,,rear-wheel,v-8,5.4,"255hp @ 4,500rpm",4 speed automatic,"350 lb.-ft. @ 2,500rpm",,,,,,,,,,,,,16,,,,,,,,,,,
Ford,E-150,2004,,,35.0gal.,,,rear-wheel,v-8,5.4,"255hp @ 4,500rpm",4 speed automatic,"350 lb.-ft. @ 2,500rpm",,,,,,,,,,,,,16,,,,,,,,,,,
Ford,E-150,2003,14 mpg,17 mpg,35.0gal.,8,,rear-wheel,v-8,5.4,"255hp @ 4,500rpm",4 speed automatic,"350 lb.-ft. @ 2,500rpm",4-wheel,4.2 l,256 cu.in.,191 hp,"42.5 ""","80.7 ""","79.3 ""","36.9 ""","40.0 ""","211.9 ""","40.2 ""","138.0 """,16,4,"5,118 lbs.","7,000 lbs.","4,700 lbs.",,,,,,,
Ford,E-150,2002,,,35.0gal.,,,rear-wheel,v-8,5.4,"255hp @ 4,500rpm",4 speed automatic,"350 lb.-ft. @ 2,500rpm",,,,,,,,,,,,,16,,,,,,,,,,,
Ford,E-150,2001,,,35.0gal.,,,rear-wheel,v-8,5.4,"255hp @ 4,500rpm",4 speed automatic,"350 lb.-ft. @ 2,500rpm",,,,,,,,,,,,,16,,,,,,,,,,,
Ford,E-150,2000,,,35.0gal.,,,rear-wheel,v-8,5.4,"255hp @ 4,500rpm",4 speed automatic,"350 lb.-ft. @ 2,500rpm",,,,,,,,,,,,,16,,,,,,,,,,,
Ford,E-150,1999,14 mpg,18 mpg,35.0gal.,2,230 cu.ft.,rear-wheel,v-8,5.4,"235hp @ 4,250rpm",4 speed automatic,"335 lb.-ft. @ 3,000rpm",rear wheel,4.2 l,256 cu.in.,195 hp,"42.5 ""","80.9 ""","79.3 """,,"40.0 ""","211.9 """,,"138.0 """,16,4,"4,665 lbs.","6,050 lbs.",,,,,,,,
Ford,E-250,2014,,,33.0gal.,,,rear-wheel,v-8,5.4,"255hp @ 4,500rpm",4 speed automatic,"350 lb.-ft. @ 2,500rpm",,,,,,,,,,,,,16,,,,,,,,,,,
Ford,E-250,2013,,,33.0gal.,,,rear-wheel,v-8,5.4,"255hp @ 4,500rpm",4 speed automatic,"350 lb.-ft. @ 2,500rpm",,,,,,,,,,,,,16,,,,,,,,,,,
Ford,E-250,2012,,,33.0gal.,,,rear-wheel,v-8,5.4,"255hp @ 4,500rpm",4 speed automatic,"350 lb.-ft. @ 2,500rpm",,,,,,,,,,,,,16,,,,,,,,,,,
Ford,E-250,2011,,,33.0gal.,,,rear-wheel,v-8,5.4,"255hp @ 4,500rpm",4 speed automatic,"350 lb.-ft. @ 2,500rpm",,,,,,,,,,,,,16,,,,,,,,,,,
Ford,E-250,2010,,,35.0gal.,,,rear-wheel,v-8,4.6,"255hp @ 4,500rpm",4 speed automatic,"350 lb.-ft. @ 2,500rpm",,,,,,,,,,,,,16,,,,,,,,,,,
Ford,E-250,2009,,,35.0gal.,,,rear-wheel,v-8,5.4,"255hp @ 4,500rpm",4 speed automatic,"350 lb.-ft. @ 2,500rpm",,,,,,,,,,,,,16,,,,,,,,,,,
Ford,E-250,2008,,,35.0gal.,,,rear-wheel,v-8,5.4,"255hp @ 4,500rpm",4 speed automatic,"350 lb.-ft. @ 2,500rpm",,,,,,,,,,,,,16,,,,,,,,,,,
Ford,E-250,2007,,,35.0gal.,,,rear-wheel,v-8,5.4,"255hp @ 4,500rpm",4 speed automatic,"350 lb.-ft. @ 2,500rpm",,,,,,,,,,,,,16,,,,,,,,,,,
Ford,E-250,2006,,,35.0gal.,,,rear-wheel,v-8,5.4,"255hp @ 4,500rpm",4 speed automatic,"350 lb.-ft. @ 2,500rpm",,,,,,,,,,,,,16,,,,,,,,,,,
Ford,E-250,2005,,,35.0gal.,,,rear-wheel,v-8,5.4,"255hp @ 4,500rpm",4 speed automatic,"350 lb.-ft. @ 2,500rpm",,,,,,,,,,,,,16,,,,,,,,,,,
Ford,E-250,2004,,,16.2gal.,,,rear-wheel,v-8,5.4,"255hp @ 4,500rpm",4 speed automatic,"350 lb.-ft. @ 2,500rpm",,,,,,,,,,,,,16,,,,,,,,,,,
Ford,E-250,2003,14 mpg,17 mpg,16.2gal.,2,257 cu.ft.,rear-wheel,v-8,5.4,"225hp @ 4,500rpm",4 speed automatic,"325 lb.-ft. @ 2,400rpm",4-wheel,4.2 l,256 cu.in.,191 hp,"42.5 ""","83.4 ""","79.3 """,,"40.0 ""","211.9 """,,"138.0 """,16,4,"5,270 lbs.","8,600 lbs.","5,600 lbs.",,,,,,,
Ford,E-250,2002,,,16.2gal.,,,rear-wheel,v-8,5.4,"225hp @ 4,500rpm",4 speed automatic,"325 lb.-ft. @ 2,400rpm",,,,,,,,,,,,,16,,,,,,,,,,,
Ford,E-250,2001,,,16.2gal.,,,rear-wheel,v-8,5.4,"225hp @ 4,500rpm",4 speed automatic,"325 lb.-ft. @ 2,400rpm",,,,,,,,,,,,,16,,,,,,,,,,,
Ford,E-250,2000,,,16.2gal.,,,rear-wheel,v-8,5.4,"200hp @ 4,500rpm",4 speed automatic,"290 lb.-ft. @ 2,250rpm",,,,,,,,,,,,,16,,,,,,,,,,,
Ford,E-250,1999,14 mpg,18 mpg,35.0gal.,2,230 cu.ft.,rear-wheel,v-8,5.4,"195hp @ 4,500rpm",4 speed automatic,"290 lb.-ft. @ 2,250rpm",rear wheel,4.2 l,256 cu.in.,195 hp,"42.5 ""","83.4 ""","79.3 """,,"40.0 ""","211.9 """,,"138.0 """,16,4,"5,043 lbs.","7,200 lbs.",,,,,,,,
Ford,E-350 Super Duty,2014,,,33.0gal.,,,rear-wheel,v-10,6.8,"305hp @ 4,250rpm",5 speed automatic,"420 lb.-ft. @ 3,250rpm",,,,,,,,,,,,,20,,,,,,,,,,,
Ford,E-350 Super Duty,2013,,,33.0gal.,,,rear-wheel,v-10,6.8,"305hp @ 4,250rpm",5 speed automatic,"420 lb.-ft. @ 3,250rpm",,,,,,,,,,,,,20,,,,,,,,,,,
Ford,E-350 Super Duty,2012,,,33.0gal.,,,rear-wheel,v-10,6.8,"305hp @ 4,250rpm",5 speed automatic,"420 lb.-ft. @ 3,250rpm",,,,,,,,,,,,,20,,,,,,,,,,,
Ford,E-350 Super Duty,2011,,,33.0gal.,,,rear-wheel,v-10,6.8,"305hp @ 4,250rpm",5 speed automatic,"420 lb.-ft. @ 3,250rpm",,,,,,,,,,,,,20,,,,,,,,,,,
Ford,E-350 Super Duty,2010,,,35.0gal.,,,rear-wheel,v-10,6.8,"305hp @ 4,250rpm",5 speed automatic,"420 lb.-ft. @ 3,250rpm",,,,,,,,,,,,,32,,,,,,,,,,,
Ford,E-350 Super Duty,2009,,,35.0gal.,,,rear-wheel,v-10,6.8,"305hp @ 4,250rpm",5 speed automatic,"420 lb.-ft. @ 3,250rpm",,,,,,,,,,,,,20,,,,,,,,,,,
Ford,E-350 Super Duty,2008,,,35.0gal.,,,rear-wheel,v-8,6.0,"235hp @ 3,150rpm",5 speed automatic,"440 lb.-ft. @ 1,600rpm",,,,,,,,,,,,,32,,,,,,,,,,,
Ford,E-350 Super Duty,2007,,,35.0gal.,,,rear-wheel,v-10,6.0,"235hp @ 3,150rpm",5 speed automatic,"440 lb.-ft. @ 1,600rpm",,,,,,,,,,,,,32,,,,,,,,,,,
Ford,E-350 Super Duty,2006,,,35.0gal.,,,rear-wheel,v-10,6.0,"235hp @ 3,150rpm",5 speed automatic,"440 lb.-ft. @ 1,600rpm",,,,,,,,,,,,,32,,,,,,,,,,,
Ford,E-350 Super Duty,2005,13 mpg,17 mpg,35.0gal.,12,,rear-wheel,v-10,6.0,"235hp @ 3,300rpm",5 speed automatic,"440 lb.-ft. @ 2,000rpm",4-wheel,5.4 l,330 cu.in.,255 hp,"42.5 ""","83.4 ""","79.3 ""","36.9 ""","40.0 ""","211.9 ""","40.2 ""","138.0 """,32,4,"5,901 lbs.","8,600 lbs.","6,900 lbs.",,,,,,,
Ford,E-350 Super Duty,2004,,,16.2gal.,12,,rear-wheel,v-10,6.0,"235hp @ 3,300rpm",5 speed automatic,"440 lb.-ft. @ 2,000rpm",4-wheel,5.4 l,330 cu.in.,255 hp,"42.5 ""","83.4 ""","79.3 ""","36.9 ""","40.0 ""","211.9 ""","40.2 ""","138.0 """,32,4,"5,901 lbs.","8,600 lbs.","6,900 lbs.",,,,,,,
Ford,E-350 Super Duty,2003,13 mpg,17 mpg,16.2gal.,12,,rear-wheel,v-10,7.3,"215hp @ 2,600rpm",4 speed automatic,"425 lb.-ft. @ 1,800rpm",4-wheel,5.4 l,330 cu.in.,255 hp,"42.5 ""","83.4 ""","79.3 ""","36.9 ""","40.0 ""","211.9 ""","40.2 ""","138.0 """,20,4,"6,051 lbs.","8,600 lbs.","6,900 lbs.",,,,,,,
Ford,E-350 Super Duty,2002,,,16.2gal.,,,rear-wheel,v-10,7.3,"215hp @ 2,600rpm",4 speed automatic,"425 lb.-ft. @ 1,800rpm",,,,,,,,,,,,,20,,,,,,,,,,,
Ford,E-350 Super Duty,2001,,,16.2gal.,,,rear-wheel,v-10,7.3,"215hp @ 2,600rpm",4 speed automatic,"425 lb.-ft. @ 1,800rpm",,,,,,,,,,,,,20,,,,,,,,,,,
Ford,E-350 Super Duty,2000,,,16.2gal.,,,rear-wheel,v-10,7.3,"215hp @ 2,600rpm",4 speed automatic,"425 lb.-ft. @ 1,800rpm",,,,,,,,,,,,,20,,,,,,,,,,,
Ford,E-350 Super Duty,1999,,,35.0gal.,12,230 cu.ft.,rear-wheel,v-10,7.3,"215hp @ 2,700rpm",4 speed automatic,"425 lb.-ft. @ 2,000rpm",4-wheel,5.4 l,330 cu.in.,235 hp,"42.5 ""","83.4 ""","79.3 ""","36.9 ""","40.0 ""","211.9 ""","40.2 ""","138.0 """,20,4,"5,840 lbs.","8,700 lbs.",,,,,,,,
Ford,Freestar,2007,,,26.0gal.,,,front-wheel,v-6,4.2,"201hp @ 4,250rpm",4 speed automatic,"263 lb.-ft. @ 3,650rpm",,,,,,,,,,,,,12,,,,,,,,,,,
Ford,Freestar,2006,,,26.0gal.,,,front-wheel,v-6,4.2,"201hp @ 4,250rpm",4 speed automatic,"263 lb.-ft. @ 3,650rpm",,,,,,,,,,,,,12,,,,,,,,,,,
Ford,Freestar,2005,,,26.0gal.,,,front-wheel,v-6,4.2,"201hp @ 4,250rpm",4 speed automatic,"263 lb.-ft. @ 3,650rpm",,,,,,,,,,,,,12,,,,,,,,,,,
Ford,Freestar,2004,,,26.0gal.,,,front-wheel,v-6,3.9,"193hp @ 4,500rpm",4 speed automatic,"240 lb.-ft. @ 3,750rpm",,,,,,,,,,,,,12,,,,,,,,,,,
Ford,Transit Connect,2019,,,15.8gal.,2,,front-wheel,i-4,2.5,"169hp @ 6,000rpm",8 speed automatic,"171 lb.-ft. @ 4,500rpm",4-wheel,2.0 l,122 cu.in.,,,,,,,,,"104.8 """,16,8,20 lbs.,,"2,000 lbs.",,,,,,,
Ford,Transit Connect,2018,20 mpg,27 mpg,15.8gal.,2,106 cu.ft.,front-wheel,i-4,2.5,"169hp @ 6,000rpm",6 speed automatic,"171 lb.-ft. @ 4,500rpm",4-wheel,2.5 l,152 cu.in.,169 hp,"46.8 ""","72.5 ""","72.2 """,,"41.5 ""","173.9 """,,"104.8 """,16,6,"3,505 lbs.","5,020 lbs.","2,000 lbs.",,,,,,,
Ford,Transit Connect,2017,20 mpg,27 mpg,15.8gal.,2,131 cu.ft.,front-wheel,i-4,2.5,"169hp @ 6,000rpm",6 speed automatic,"171 lb.-ft. @ 4,500rpm",4-wheel,2.5 l,152 cu.in.,169 hp,"46.8 ""","72.8 ""","72.2 """,,"41.5 ""","189.7 """,,"120.6 """,16,6,"3,618 lbs.","5,270 lbs.","2,000 lbs.",,,,,,,
Ford,Transit Connect,2016,20 mpg,28 mpg,15.8gal.,2,106 cu.ft.,front-wheel,i-4,1.6,"173hp @ 5,700rpm",6 speed automatic,"184 lb.-ft. @ 2,500rpm",4-wheel,2.5 l,152 cu.in.,169 hp,"46.8 ""","72.5 ""","72.2 """,,"41.5 ""","173.9 """,,"104.8 """,16,6,"3,505 lbs.","5,020 lbs.","2,000 lbs.",,,,,,,
Ford,Transit Connect,2015,,,15.8gal.,,,front-wheel,i-4,1.6,"173hp @ 5,700rpm",6 speed automatic,"184 lb.-ft. @ 2,500rpm",,,,,,,,,,,,,16,,,,,,,,,,,
Ford,Transit Connect,2014,,,15.8gal.,,,front-wheel,i-4,1.6,"173hp @ 5,700rpm",6 speed automatic,"184 lb.-ft. @ 2,500rpm",,,,,,,,,,,,,16,,,,,,,,,,,
Ford,Transit Connect,2013,,,15.4gal.,,,front-wheel,i-4,2.0,"136hp @ 6,300rpm",4 speed automatic,"128 lb.-ft. @ 4,750rpm",,,,,,,,,,,,,16,,,,,,,,,,,
Ford,Transit Connect,2012,,,15.4gal.,,,front-wheel,i-4,2.0,"136hp @ 6,300rpm",4 speed automatic,"128 lb.-ft. @ 4,750rpm",,,,,,,,,,,,,16,,,,,,,,,,,
Ford,Transit Connect,2011,,,15.4gal.,,,front-wheel,i-4,2.0,"136hp @ 6,300rpm",4 speed automatic,"128 lb.-ft. @ 4,750rpm",,,,,,,,,,,,,16,,,,,,,,,,,
Ford,Transit Connect,2010,,,15.4gal.,,,front-wheel,i-4,2.0,"136hp @ 6,300rpm",4 speed automatic,"128 lb.-ft. @ 4,750rpm",,,,,,,,,,,,,16,,,,,,,,,,,
Ford,Explorer Sport Trac,2010,,,22.5gal.,,,rear-wheel,v-8,4.6,"292hp @ 5,700rpm",6 speed automatic,"300 lb.-ft. @ 4,000rpm",,,,,,,,,,,,,24,,,,,,,,,,,
Ford,Explorer Sport Trac,2009,,,22.5gal.,,,rear-wheel,v-6,4.0,"210hp @ 5,100rpm",5 speed automatic,"254 lb.-ft. @ 3,700rpm",,,,,,,,,,,,,12,,,,,,,,,,,
Ford,Explorer Sport Trac,2008,,,22.5gal.,,,rear-wheel,v-6,4.0,"210hp @ 5,100rpm",5 speed automatic,"254 lb.-ft. @ 3,700rpm",,,,,,,,,,,,,12,,,,,,,,,,,
Ford,Explorer Sport Trac,2007,,,22.5gal.,,,rear-wheel,v-6,4.0,"210hp @ 5,100rpm",5 speed automatic,"254 lb.-ft. @ 3,700rpm",,,,,,,,,,,,,12,,,,,,,,,,,
Ford,Explorer Sport Trac,2005,,,22.5gal.,,,rear-wheel,v-6,4.0,"210hp @ 5,200rpm",5 speed automatic,"240 lb.-ft. @ 3,000rpm",,,,,,,,,,,,,12,,,,,,,,,,,
Ford,Explorer Sport Trac,2004,,,22.5gal.,,,rear-wheel,v-6,4.0,"210hp @ 5,200rpm",5 speed automatic,"240 lb.-ft. @ 3,000rpm",,,,,,,,,,,,,12,,,,,,,,,,,
Ford,Explorer Sport Trac,2003,,,22.4gal.,,,rear-wheel,v-6,4.0,"210hp @ 5,200rpm",5 speed manual,"240 lb.-ft. @ 3,000rpm",,,,,,,,,,,,,12,,,,,,,,,,,
Ford,Explorer Sport Trac,2002,,,22.4gal.,,,rear-wheel,v-6,4.0,"210hp @ 5,200rpm",5 speed manual,"240 lb.-ft. @ 3,000rpm",,,,,,,,,,,,,12,,,,,,,,,,,
Ford,Explorer Sport Trac,2001,,,20.5gal.,,,rear-wheel,v-6,4.0,"205hp @ 5,200rpm",5 speed automatic,"240 lb.-ft. @ 3,000rpm",,,,,,,,,,,,,12,,,,,,,,,,,
Ford,F-150,2018,20 mpg,25 mpg,23.0gal.,3,12 cu.ft.,rear-wheel,v-8,5.0,"395hp @ 5,750rpm",10 speed automatic,"400 lb.-ft. @ 4,500rpm",4-wheel,3.3 l,164 cu.in.,290 hp,"40.8 ""","75.5 ""","79.9 """,,"43.9 ""","209.3 """,,"122.0 """,32,6,"4,069 lbs.","6,100 lbs.","5,000 lbs.",,,,,,,
Ford,F-150,2017,18 mpg,25 mpg,23.0gal.,3,12 cu.ft.,rear-wheel,v-8,5.0,"385hp @ 5,750rpm",6 speed automatic,"387 lb.-ft. @ 3,850rpm",4-wheel,3.5 l,213 cu.in.,282 hp,"40.8 ""","75.5 ""","79.9 """,,"43.9 ""","209.3 """,,"122.0 """,24,6,"4,051 lbs.","6,010 lbs.","5,000 lbs.",,,,,,,
Ford,F-150,2016,18 mpg,25 mpg,23.0gal.,3,12 cu.ft.,rear-wheel,v-8,5.0,"385hp @ 5,750rpm",6 speed automatic,"387 lb.-ft. @ 3,850rpm",4-wheel,3.5 l,213 cu.in.,282 hp,"40.8 ""","75.5 ""","79.9 """,,"43.9 ""","209.3 """,,"122.0 """,32,6,"4,049 lbs.","6,010 lbs.","5,000 lbs.",,,,,,,
Ford,F-150,2015,,,23.0gal.,,,rear-wheel,v-8,5.0,"385hp @ 5,750rpm",6 speed automatic,"253 lb.-ft. @ 4,250rpm",,,,,,,,,,,,,24,,,,,,,,,,,
Ford,F-150,2014,17 mpg,23 mpg,26.0gal.,3,17 cu.ft.,rear-wheel,v-8,5.0,"360hp @ 5,500rpm",6 speed automatic,"380 lb.-ft. @ 4,250rpm",4-wheel,3.7 l,228 cu.in.,302 hp,"41.0 ""","74.8 ""","79.2 """,,"41.4 ""","213.2 """,,"126.0 """,32,6,"4,685 lbs.","6,450 lbs.","5,500 lbs.",,,,,,,
Ford,F-150,2013,,,26.0gal.,,,four-wheel,v-8,6.2,"411hp @ 5,500rpm",6 speed automatic,"434 lb.-ft. @ 4,500rpm",,,,,,,,,,,,,16,,,,,,,,,,,
Ford,F-150,2012,17 mpg,23 mpg,26.0gal.,3,17 cu.ft.,rear-wheel,v-8,5.0,"360hp @ 5,500rpm",6 speed automatic,"380 lb.-ft. @ 4,250rpm",4-wheel,3.7 l,228 cu.in.,302 hp,"41.0 ""","74.8 ""","79.2 """,,"41.4 ""","213.2 """,,"126.0 """,32,6,"4,685 lbs.","6,450 lbs.","5,500 lbs.",,,,,,,
Ford,F-150,2011,17 mpg,23 mpg,26.0gal.,3,17 cu.ft.,rear-wheel,v-8,5.0,"360hp @ 5,500rpm",6 speed automatic,"380 lb.-ft. @ 4,250rpm",4-wheel,3.7 l,228 cu.in.,302 hp,"41.0 ""","74.8 ""","79.2 """,,"41.4 ""","213.2 """,,"126.0 """,32,6,"4,685 lbs.","6,450 lbs.","5,500 lbs.",,,,,,,
Ford,F-150,2010,15 mpg,19 mpg,26.0gal.,3,17 cu.ft.,rear-wheel,v-8,4.6,"248hp @ 4,750rpm",4 speed automatic,"294 lb.-ft. @ 4,000rpm",4-wheel,4.6 l,281 cu.in.,248 hp,"41.0 ""","74.6 ""","78.9 """,,"41.4 ""","213.1 """,,"126.0 """,16,4,"4,693 lbs.","6,450 lbs.","5,400 lbs.",,,,,,,
Ford,F-150,2009,,,26.0gal.,,,rear-wheel,v-8,4.6,"248hp @ 4,750rpm",4 speed automatic,"294 lb.-ft. @ 4,000rpm",,,,,,,,,,,,,16,,,,,,,,,,,
Ford,F-150,2008,,,26.0gal.,,,rear-wheel,v-8,4.6,"248hp @ 4,750rpm",4 speed automatic,"294 lb.-ft. @ 4,000rpm",,,,,,,,,,,,,16,,,,,,,,,,,
Ford,F-150,2007,,,26.0gal.,,,rear-wheel,v-8,4.6,"248hp @ 4,750rpm",4 speed automatic,"294 lb.-ft. @ 4,000rpm",,,,,,,,,,,,,16,,,,,,,,,,,
Ford,F-150,2006,,,26.0gal.,,,rear-wheel,v-8,4.6,"231hp @ 4,750rpm",4 speed automatic,"293 lb.-ft. @ 3,500rpm",,,,,,,,,,,,,16,,,,,,,,,,,
Ford,F-150,2005,,,26.0gal.,,,rear-wheel,v-8,5.4,"300hp @ 5,000rpm",4 speed automatic,"365 lb.-ft. @ 3,750rpm",,,,,,,,,,,,,24,,,,,,,,,,,
Ford,F-150,2004,,,26.0gal.,,,four-wheel,v-8,4.6,"231hp @ 4,750rpm",4 speed automatic,"293 lb.-ft. @ 3,500rpm",,,,,,,,,,,,,16,,,,,,,,,,,
Ford,F-150,2003,,,25.0gal.,,,rear-wheel,v-8,5.4,"260hp @ 4,500rpm",4 speed automatic,"350 lb.-ft. @ 2,500rpm",,,,,,,,,,,,,16,,,,,,,,,,,
Ford,F-150,2002,,,25.0gal.,,,rear-wheel,v-8,5.4,"260hp @ 4,500rpm",4 speed automatic,"350 lb.-ft. @ 2,500rpm",,,,,,,,,,,,,16,,,,,,,,,,,
Ford,F-150,2001,,,25.0gal.,,,rear-wheel,v-8,5.4,"260hp @ 4,500rpm",4 speed automatic,"350 lb.-ft. @ 2,500rpm",,,,,,,,,,,,,16,,,,,,,,,,,
Ford,F-150,2000,,,25.0gal.,,,rear-wheel,v-8,5.4,"260hp @ 4,500rpm",4 speed automatic,"350 lb.-ft. @ 2,500rpm",,,,,,,,,,,,,16,,,,,,,,,,,
Ford,F-150,1999,16 mpg,21 mpg,25.0gal.,3,,rear-wheel,v-8,4.6,"220hp @ 4,500rpm",4 speed automatic,"290 lb.-ft. @ 3,250rpm",rear wheel,4.2 l,256 cu.in.,205 hp,"40.8 ""","72.7 ""","78.4 """,,"40.9 ""","205.6 """,,"119.9 """,16,5,"3,923 lbs.","5,600 lbs.","2,300 lbs.",,,,,,,
Ford,F-150 Heritage,2004,,,25.0gal.,,,rear-wheel,v-8,4.6,"231hp @ 4,750rpm",4 speed automatic,"293 lb.-ft. @ 3,500rpm",,,,,,,,,,,,,16,,,,,,,,,,,
Ford,F-150 Police Responder,2018,17 mpg,23 mpg,26.0gal.,5,52 cu.ft.,four-wheel,v-6,3.5,"375hp @ 5,000rpm",10 speed automatic,"470 lb.-ft. @ 3,500rpm",4-wheel,3.5 l,213 cu.in.,375 hp,"40.8 ""","77.2 ""","79.9 ""","43.6 ""","43.9 ""","231.9 ""","40.4 ""","145.0 """,24,10,"4,729 lbs.","7,000 lbs.","7,000 lbs.",,,,,,,
Ford,F-150 SuperCrew,2009,14 mpg,20 mpg,26.0gal.,6,58 cu.ft.,rear-wheel,v-8,5.4,"320hp @ 5,200rpm",6 speed automatic,"390 lb.-ft. @ 3,500rpm",4-wheel,5.4 l,330 cu.in.,320 hp,"41.0 ""","74.3 ""","78.9 ""","43.5 ""","41.4 ""","231.7 ""","40.3 ""","145.0 """,24,6,"5,278 lbs.","7,100 lbs.","8,500 lbs.",,,,,,,
Ford,F-150 SuperCrew,2008,13 mpg,17 mpg,35.7gal.,6,48 cu.ft.,rear-wheel,v-8,5.4,"300hp @ 5,000rpm",4 speed automatic,"365 lb.-ft. @ 3,750rpm",4-wheel,5.4 l,330 cu.in.,300 hp,"40.1 ""","73.4 ""","78.9 ""","39.0 ""","41.3 ""","235.8 ""","39.6 ""","150.0 """,24,4,"5,323 lbs.","7,050 lbs.","8,000 lbs.",,,,,,,
Ford,F-150 SuperCrew,2007,15 mpg,19 mpg,35.7gal.,6,48 cu.ft.,rear-wheel,v-8,5.4,"300hp @ 5,000rpm",4 speed automatic,"365 lb.-ft. @ 3,750rpm",4-wheel,5.4 l,330 cu.in.,300 hp,"40.1 ""","73.5 ""","78.9 ""","39.0 ""","41.3 ""","235.8 ""","39.6 ""","150.0 """,24,4,"5,323 lbs.","7,050 lbs.","7,900 lbs.",,,,,,,
Ford,F-150 SuperCrew,2006,14 mpg,18 mpg,30.0gal.,6,48 cu.ft.,four-wheel,v-8,5.4,"300hp @ 5,000rpm",4 speed automatic,"365 lb.-ft. @ 3,750rpm",4-wheel,5.4 l,330 cu.in.,300 hp,"40.1 ""","76.0 ""","78.9 ""","39.0 ""","41.3 ""","223.8 ""","39.6 ""","139.0 """,24,4,"5,305 lbs.","7,200 lbs.","8,200 lbs.",,,,,,,
Ford,F-150 SuperCrew,2005,15 mpg,19 mpg,30.0gal.,6,48 cu.ft.,rear-wheel,v-8,5.4,"300hp @ 5,000rpm",4 speed automatic,"365 lb.-ft. @ 3,750rpm",4-wheel,4.6 l,281 cu.in.,231 hp,"40.1 ""","73.3 ""","78.9 ""","39.0 ""","41.3 ""","223.8 ""","39.6 ""","139.0 """,24,4,"5,502 lbs.","6,800 lbs.","6,300 lbs.",,,,,,,
Ford,F-150 SuperCrew,2004,15 mpg,19 mpg,30.0gal.,6,48 cu.ft.,rear-wheel,v-8,5.4,"300hp @ 5,000rpm",4 speed automatic,"365 lb.-ft. @ 3,750rpm",4-wheel,5.4 l,330 cu.in.,300 hp,"40.1 ""","73.3 ""","78.9 ""","39.0 ""","41.3 ""","223.8 ""","39.6 ""","139.0 """,24,4,"5,606 lbs.","7,050 lbs.","8,000 lbs.",,,,,,,
Ford,F-150 SuperCrew,2003,16 mpg,20 mpg,25.0gal.,6,,rear-wheel,v-8,5.4,"340hp @ 4,750rpm",4 speed automatic,"440 lb.-ft. @ 3,250rpm",4-wheel,4.6 l,281 cu.in.,231 hp,"39.8 ""","73.9 ""","79.1 ""","36.8 ""","41.0 ""","225.9 ""","39.8 ""","139.0 """,16,4,"4,644 lbs.","6,350 lbs.","8,000 lbs.",,,,,,,
Ford,F-150 SuperCrew,2002,16 mpg,20 mpg,25.0gal.,6,,rear-wheel,v-8,5.4,"340hp @ 4,750rpm",4 speed automatic,"440 lb.-ft. @ 3,250rpm",4-wheel,4.6 l,281 cu.in.,231 hp,"39.8 ""","73.9 ""","79.1 ""","36.8 ""","41.0 ""","225.9 ""","39.8 ""","139.0 """,16,4,"4,644 lbs.","6,350 lbs.","8,000 lbs.",,,,,,,
Ford,F-150 SuperCrew,2001,16 mpg,21 mpg,25.0gal.,6,,rear-wheel,v-8,5.4,"260hp @ 4,500rpm",4 speed automatic,"350 lb.-ft. @ 2,500rpm",4-wheel,4.6 l,281 cu.in.,231 hp,"39.8 ""","73.9 ""","79.1 ""","36.8 ""","41.0 ""","225.9 ""","39.8 ""","138.5 """,16,4,"4,644 lbs.","6,350 lbs.","8,000 lbs.",,,,,,,
Ford,Edge,2019,,,18.0gal.,5,73 cu.ft.,front-wheel,i-4,2.0,"245hp @ 5,500rpm",8 speed automatic,"275 lb.-ft. @ 3,000rpm",4-wheel,2.0 l,122 cu.in.,245 hp,"40.2 ""","68.6 ""","75.9 ""","40.6 ""","42.6 ""","188.1 ""","40.3 ""","112.2 """,16,8,,,"1,500 lbs.",,,,,,,
Ford,Edge,2018,21 mpg,29 mpg,18.0gal.,5,73 cu.ft.,front-wheel,i-4,2.0,"245hp @ 5,500rpm",6 speed automatic,"275 lb.-ft. @ 3,000rpm",4-wheel,2.0 l,122 cu.in.,245 hp,"40.2 ""","68.6 ""","75.9 ""","40.6 ""","42.6 ""","188.1 ""","40.3 ""","112.2 """,16,6,"3,927 lbs.","5,320 lbs.","1,500 lbs.",,,,,,,
Ford,Edge,2017,20 mpg,27 mpg,18.0gal.,5,73 cu.ft.,all-wheel drive,i-4,3.5,"245hp @ 5,500rpm",6 speed automatic,"275 lb.-ft. @ 3,000rpm",4-wheel,2.0 l,122 cu.in.,245 hp,"40.2 ""","68.6 ""","75.9 ""","40.6 ""","42.6 ""","188.1 ""","40.3 ""","112.2 """,16,6,"4,095 lbs.","5,540 lbs.","1,500 lbs.",,,,,,,
Ford,Edge,2016,21 mpg,30 mpg,18.0gal.,5,73 cu.ft.,front-wheel,i-4,2.0,"245hp @ 5,500rpm",6 speed automatic,"275 lb.-ft. @ 3,000rpm",4-wheel,2.0 l,122 cu.in.,245 hp,"40.2 ""","68.6 ""","75.9 ""","40.6 ""","42.6 ""","188.1 ""","40.3 ""","112.2 """,16,6,"3,927 lbs.","5,320 lbs.","1,500 lbs.",,,,,,,
Ford,Edge,2015,,,18.0gal.,,,front-wheel,v-6,3.5,"280hp @ 6,500rpm",6 speed automatic,"250 lb.-ft. @ 4,000rpm",,,,,,,,,,,,,24,,,,,,,,,,,
Ford,Edge,2014,,,18.3gal.,,,front-wheel,i-4,2.0,"240hp @ 5,500rpm",6 speed automatic,"270 lb.-ft. @ 3,000rpm",,,,,,,,,,,,,16,,,,,,,,,,,
Ford,Edge,2013,,,18.0gal.,,,front-wheel,i-4,2.0,"285hp @ 6,500rpm",6 speed automatic,"270 lb.-ft. @ 3,000rpm",,,,,,,,,,,,,24,,,,,,,,,,,
Ford,Edge,2012,,,18.0gal.,,,front-wheel,i-4,2.0,"240hp @ 5,500rpm",6 speed automatic,"270 lb.-ft. @ 3,000rpm",,,,,,,,,,,,,16,,,,,,,,,,,
Ford,Edge,2011,,,18.0gal.,,,front-wheel,v-6,3.5,"285hp @ 6,500rpm",6 speed automatic,"253 lb.-ft. @ 4,000rpm",,,,,,,,,,,,,24,,,,,,,,,,,
Ford,Edge,2010,,,19.0gal.,,,front-wheel,v-6,3.5,"285hp @ 6,500rpm",6 speed automatic,"253 lb.-ft. @ 4,000rpm",,,,,,,,,,,,,24,,,,,,,,,,,
Ford,Edge,2009,,,19.0gal.,,,front-wheel,v-6,3.5,"265hp @ 6,250rpm",6 speed automatic,"250 lb.-ft. @ 4,500rpm",,,,,,,,,,,,,24,,,,,,,,,,,
Ford,Edge,2008,,,19.0gal.,,,front-wheel,v-6,3.5,"265hp @ 6,250rpm",6 speed automatic,"250 lb.-ft. @ 4,500rpm",,,,,,,,,,,,,24,,,,,,,,,,,
Ford,Edge,2007,,,19.0gal.,,,front-wheel,v-6,3.5,"265hp @ 6,250rpm",6 speed automatic,"250 lb.-ft. @ 4,500rpm",,,,,,,,,,,,,24,,,,,,,,,,,
Ford,Escape Hybrid,2012,,,15.1gal.,,,front-wheel,i-4,2.5,"155hp @ 6,000rpm",continuously variable automatic,"136 lb.-ft. @ 4,500rpm",,,,,,,,,,,,,16,,,,,,,,,,,
Ford,Escape Hybrid,2011,,,15.1gal.,,,front-wheel,i-4,2.5,"155hp @ 6,000rpm",continuously variable automatic,"136 lb.-ft. @ 4,500rpm",,,,,,,,,,,,,16,,,,,,,,,,,
Ford,Escape Hybrid,2010,,,15.1gal.,,,front-wheel,i-4,2.5,"155hp @ 6,000rpm",continuously variable automatic,"136 lb.-ft. @ 4,500rpm",,,,,,,,,,,,,16,,,,,,,,,,,
Ford,Escape Hybrid,2009,,,15.1gal.,,,front-wheel,i-4,2.5,"153hp @ 6,000rpm",continuously variable automatic,"136 lb.-ft. @ 4,500rpm",,,,,,,,,,,,,16,,,,,,,,,,,
Ford,Escape Hybrid,2008,,,15.0gal.,,,front-wheel,i-4,2.3,"133hp @ 6,000rpm",continuously variable automatic,"124 lb.-ft. @ 4,250rpm",,,,,,,,,,,,,16,,,,,,,,,,,
Ford,Escape Hybrid,2007,,,15.0gal.,,,front-wheel,i-4,2.3,"133hp @ 6,000rpm",continuously variable automatic,"124 lb.-ft. @ 4,250rpm",,,,,,,,,,,,,16,,,,,,,,,,,
Ford,Escape Hybrid,2006,,,15.0gal.,,,front-wheel,i-4,2.3,"133hp @ 6,000rpm",continuously variable automatic,"124 lb.-ft. @ 4,250rpm",,,,,,,,,,,,,16,,,,,,,,,,,
Ford,Excursion,2005,,,44.0gal.,,,four-wheel,v-8,5.4,"255hp @ 4,500rpm",4 speed automatic,"350 lb.-ft. @ 2,500rpm",,,,,,,,,,,,,16,,,,,,,,,,,
Ford,Excursion,2004,,,44.0gal.,,,rear-wheel,v-8,5.4,"255hp @ 4,500rpm",4 speed automatic,"350 lb.-ft. @ 2,500rpm",,,,,,,,,,,,,16,,,,,,,,,,,
Ford,Excursion,2003,,,44.0gal.,,,rear-wheel,v-8,5.4,"255hp @ 4,500rpm",4 speed automatic,"350 lb.-ft. @ 2,500rpm",,,,,,,,,,,,,16,,,,,,,,,,,
Ford,Excursion,2002,,,44.0gal.,,,rear-wheel,v-8,5.4,"255hp @ 4,500rpm",4 speed automatic,"350 lb.-ft. @ 2,500rpm",,,,,,,,,,,,,16,,,,,,,,,,,
Ford,Excursion,2001,,,44.0gal.,,,rear-wheel,v-8,5.4,"255hp @ 4,500rpm",4 speed automatic,"350 lb.-ft. @ 2,500rpm",,,,,,,,,,,,,16,,,,,,,,,,,
Ford,Excursion,2000,,,44.0gal.,,,rear-wheel,v-10,7.3,"235hp @ 2,600rpm",4 speed automatic,"500 lb.-ft. @ 1,800rpm",,,,,,,,,,,,,20,,,,,,,,,,,
Ford,Expedition,2018,17 mpg,24 mpg,23.3gal.,5,105 cu.ft.,rear-wheel,v-6,3.5,"375hp @ 5,000rpm",10 speed automatic,"470 lb.-ft. @ 3,500rpm",4-wheel,3.5 l,213 cu.in.,375 hp,"42.0 ""","76.6 ""","83.6 ""","41.5 ""","43.9 ""","210.0 ""","40.0 ""","122.5 """,24,10,"5,443 lbs.","7,200 lbs.","6,000 lbs.",,,,,,,
Ford,Expedition,2017,15 mpg,21 mpg,28.0gal.,5,108 cu.ft.,rear-wheel,v-6,3.5,"365hp @ 5,000rpm",6 speed automatic,"420 lb.-ft. @ 2,500rpm",4-wheel,3.5 l,213 cu.in.,365 hp,"39.6 ""","77.2 ""","78.8 ""","39.1 ""","41.1 ""","206.5 ""","39.8 ""","119.0 """,24,6,"5,562 lbs.","7,260 lbs.","6,600 lbs.",,,,,,,
Ford,Expedition,2016,16 mpg,22 mpg,28.0gal.,5,108 cu.ft.,rear-wheel,v-6,3.5,"365hp @ 5,000rpm",6 speed automatic,"420 lb.-ft. @ 2,500rpm",4-wheel,3.5 l,213 cu.in.,365 hp,"39.6 ""","77.2 ""","78.8 ""","39.1 ""","41.1 ""","206.5 ""","39.8 ""","119.0 """,24,6,"5,562 lbs.","7,260 lbs.","6,600 lbs.",,,,,,,
Ford,Expedition,2015,,,28.0gal.,,,rear-wheel,v-6,3.5,"365hp @ 5,000rpm",6 speed automatic,"420 lb.-ft. @ 2,500rpm",,,,,,,,,,,,,24,,,,,,,,,,,
Ford,Expedition,2014,,,28.0gal.,,,rear-wheel,v-8,5.4,"310hp @ 5,100rpm",6 speed automatic,"365 lb.-ft. @ 3,600rpm",,,,,,,,,,,,,24,,,,,,,,,,,
Ford,Expedition,2013,,,28.0gal.,,,rear-wheel,v-8,5.4,"310hp @ 5,100rpm",6 speed automatic,"365 lb.-ft. @ 3,600rpm",,,,,,,,,,,,,24,,,,,,,,,,,
Ford,Expedition,2012,,,28.0gal.,,,rear-wheel,v-8,5.4,"310hp @ 5,100rpm",6 speed automatic,"365 lb.-ft. @ 3,600rpm",,,,,,,,,,,,,24,,,,,,,,,,,
Ford,Expedition,2011,,,28.0gal.,,,rear-wheel,v-8,5.4,"310hp @ 5,100rpm",6 speed automatic,"365 lb.-ft. @ 3,600rpm",,,,,,,,,,,,,24,,,,,,,,,,,
Ford,Expedition,2010,,,28.0gal.,,,rear-wheel,v-8,5.4,"310hp @ 5,100rpm",6 speed automatic,"365 lb.-ft. @ 3,600rpm",,,,,,,,,,,,,24,,,,,,,,,,,
Ford,Expedition,2009,,,28.0gal.,,,rear-wheel,v-8,5.4,"300hp @ 5,000rpm",6 speed automatic,"365 lb.-ft. @ 3,750rpm",,,,,,,,,,,,,24,,,,,,,,,,,
Ford,Expedition,2008,,,28.0gal.,,,rear-wheel,v-8,5.4,"300hp @ 5,000rpm",6 speed automatic,"365 lb.-ft. @ 3,750rpm",,,,,,,,,,,,,24,,,,,,,,,,,
Ford,Expedition,2007,,,28.0gal.,,,rear-wheel,v-8,5.4,"300hp @ 5,000rpm",6 speed automatic,"365 lb.-ft. @ 3,750rpm",,,,,,,,,,,,,24,,,,,,,,,,,
Ford,Expedition,2006,,,28.0gal.,,,rear-wheel,v-8,5.4,"300hp @ 5,000rpm",4 speed automatic,"365 lb.-ft. @ 3,750rpm",,,,,,,,,,,,,24,,,,,,,,,,,
Ford,Expedition,2005,,,28.0gal.,,,rear-wheel,v-8,5.4,"300hp @ 5,000rpm",4 speed automatic,"365 lb.-ft. @ 3,750rpm",,,,,,,,,,,,,24,,,,,,,,,,,
Ford,Expedition,2004,,,28.0gal.,,,rear-wheel,v-8,4.6,"232hp @ 4,750rpm",4 speed automatic,"291 lb.-ft. @ 3,450rpm",,,,,,,,,,,,,16,,,,,,,,,,,
Ford,Expedition,2003,,,28.0gal.,,,rear-wheel,v-8,4.6,"232hp @ 4,750rpm",4 speed automatic,"291 lb.-ft. @ 3,450rpm",,,,,,,,,,,,,16,,,,,,,,,,,
Ford,Expedition,2002,,,30.0gal.,,,rear-wheel,v-8,5.4,"260hp @ 4,500rpm",4 speed automatic,"350 lb.-ft. @ 2,500rpm",,,,,,,,,,,,,16,,,,,,,,,,,
Ford,Expedition,2001,,,30.0gal.,,,rear-wheel,v-8,5.4,"260hp @ 4,500rpm",4 speed automatic,"350 lb.-ft. @ 2,500rpm",,,,,,,,,,,,,16,,,,,,,,,,,
Ford,Expedition,2000,,,30.0gal.,,,rear-wheel,v-8,5.4,"260hp @ 4,500rpm",4 speed automatic,"350 lb.-ft. @ 2,500rpm",,,,,,,,,,,,,16,,,,,,,,,,,
Ford,Expedition,1999,13 mpg,18 mpg,26.0gal.,9,118 cu.ft.,rear-wheel,v-8,4.6,"240hp @ 4,750rpm",4 speed automatic,"293 lb.-ft. @ 3,500rpm",4-wheel,4.6 l,281 cu.in.,240 hp,"39.8 ""","76.5 ""","78.7 ""","38.9 ""","40.9 ""","204.6 ""","39.8 ""","119.0 """,16,4,"4,808 lbs.","6,700 lbs.","5,900 lbs.",,,,,,,
Ford,Expedition EL,2017,15 mpg,20 mpg,34.0gal.,8,131 cu.ft.,rear-wheel,v-6,3.5,"365hp @ 5,000rpm",6 speed automatic,"420 lb.-ft. @ 2,500rpm",4-wheel,3.5 l,213 cu.in.,365 hp,"39.5 ""","77.7 ""","78.8 ""","39.1 ""","41.1 ""","221.3 ""","39.7 ""","131.0 """,24,6,"5,841 lbs.","7,500 lbs.","6,600 lbs.",,,,,,,
Ford,Expedition EL,2016,15 mpg,21 mpg,34.0gal.,8,131 cu.ft.,rear-wheel,v-6,3.5,"365hp @ 5,000rpm",6 speed automatic,"420 lb.-ft. @ 2,500rpm",4-wheel,3.5 l,213 cu.in.,365 hp,"39.5 ""","77.7 ""","78.8 ""","39.1 ""","41.1 ""","221.3 ""","39.7 ""","131.0 """,24,6,"5,841 lbs.","7,500 lbs.","6,600 lbs.",,,,,,,
Ford,Expedition EL,2015,,,34.0gal.,,,rear-wheel,v-6,3.5,"365hp @ 5,000rpm",6 speed automatic,"420 lb.-ft. @ 2,500rpm",,,,,,,,,,,,,24,,,,,,,,,,,
Ford,Expedition EL,2014,,,34.0gal.,,,rear-wheel,v-8,5.4,"310hp @ 5,100rpm",6 speed automatic,"365 lb.-ft. @ 3,600rpm",,,,,,,,,,,,,24,,,,,,,,,,,
Ford,Expedition EL,2013,,,34.0gal.,,,rear-wheel,v-8,5.4,"310hp @ 5,100rpm",6 speed automatic,"365 lb.-ft. @ 3,600rpm",,,,,,,,,,,,,24,,,,,,,,,,,
Ford,Expedition EL,2012,,,34.0gal.,,,rear-wheel,v-8,5.4,"310hp @ 5,100rpm",6 speed automatic,"365 lb.-ft. @ 3,600rpm",,,,,,,,,,,,,24,,,,,,,,,,,
Ford,Expedition EL,2011,,,34.0gal.,,,rear-wheel,v-8,5.4,"310hp @ 5,100rpm",6 speed automatic,"365 lb.-ft. @ 3,600rpm",,,,,,,,,,,,,24,,,,,,,,,,,
Ford,Expedition EL,2010,,,34.0gal.,,,rear-wheel,v-8,5.4,"310hp @ 5,100rpm",6 speed automatic,"365 lb.-ft. @ 3,600rpm",,,,,,,,,,,,,24,,,,,,,,,,,
Ford,Expedition EL,2009,,,34.0gal.,,,rear-wheel,v-8,5.4,"300hp @ 5,000rpm",6 speed automatic,"365 lb.-ft. @ 3,750rpm",,,,,,,,,,,,,24,,,,,,,,,,,
Ford,Expedition EL,2008,,,34.0gal.,,,rear-wheel,v-8,5.4,"300hp @ 5,000rpm",6 speed automatic,"365 lb.-ft. @ 3,750rpm",,,,,,,,,,,,,24,,,,,,,,,,,
Ford,Expedition EL,2007,,,34.0gal.,,,rear-wheel,v-8,5.4,"300hp @ 5,000rpm",6 speed automatic,"365 lb.-ft. @ 3,750rpm",,,,,,,,,,,,,24,,,,,,,,,,,
Ford,Expedition Max,2018,17 mpg,23 mpg,28.3gal.,5,121 cu.ft.,rear-wheel,v-6,3.5,"375hp @ 5,000rpm",10 speed automatic,"470 lb.-ft. @ 3,500rpm",4-wheel,3.5 l,213 cu.in.,375 hp,"42.0 ""","76.4 ""","83.6 ""","42.6 ""","43.9 ""","221.9 ""","40.0 ""","131.6 """,24,10,"5,544 lbs.","7,300 lbs.","6,300 lbs.",,,,,,,
Ford,Explorer,2019,,,18.6gal.,7,81 cu.ft.,front-wheel,i-4,2.3,"285hp @ 5,500rpm",6 speed automatic,"305 lb.-ft. @ 2,750rpm",4-wheel,3.5 l,213 cu.in.,288 hp,"41.4 ""","70.0 ""","78.9 ""","39.5 ""","42.9 ""","198.3 ""","40.6 ""","112.8 """,16,6,"4,443 lbs.","6,160 lbs.","2,000 lbs.",,,,,,,
Ford,Explorer,2018,17 mpg,24 mpg,18.6gal.,7,81 cu.ft.,front-wheel,i-4,2.3,"280hp @ 5,600rpm",6 speed automatic,"310 lb.-ft. @ 3,000rpm",4-wheel,3.5 l,213 cu.in.,290 hp,"41.4 ""","70.0 ""","78.9 ""","39.5 ""","42.9 ""","198.3 ""","40.6 ""","112.8 """,16,6,"4,443 lbs.","6,160 lbs.","2,000 lbs.",,,,,,,
Ford,Explorer,2017,18 mpg,25 mpg,18.6gal.,7,81 cu.ft.,four-wheel,v-6,3.5,"280hp @ 5,600rpm",6 speed automatic,"255 lb.-ft. @ 4,000rpm",4-wheel,2.3 l,140 cu.in.,280 hp,"41.4 ""","70.0 ""","78.9 ""","39.5 ""","42.9 ""","198.3 ""","40.6 ""","112.8 """,24,6,"4,629 lbs.","6,160 lbs.","2,000 lbs.",,,,,,,
Ford,Explorer,2016,17 mpg,24 mpg,18.6gal.,7,81 cu.ft.,front-wheel,i-4,2.3,"280hp @ 5,600rpm",6 speed automatic,"310 lb.-ft. @ 3,000rpm",4-wheel,3.5 l,213 cu.in.,290 hp,"41.4 ""","70.0 ""","78.9 ""","39.5 ""","42.9 ""","198.3 ""","40.6 ""","112.8 """,16,6,"4,443 lbs.","6,160 lbs.","2,000 lbs.",,,,,,,
Ford,Explorer,2015,,,18.6gal.,,,front-wheel,i-4,3.5,"240hp @ 5,500rpm",6 speed automatic,"270 lb.-ft. @ 3,000rpm",,,,,,,,,,,,,16,,,,,,,,,,,
Ford,Explorer,2014,,,18.6gal.,,,front-wheel,i-4,3.5,"240hp @ 5,500rpm",6 speed automatic,"255 lb.-ft. @ 4,000rpm",,,,,,,,,,,,,16,,,,,,,,,,,
Ford,Explorer,2013,,,18.6gal.,,,front-wheel,i-4,2.0,"240hp @ 5,500rpm",6 speed automatic,"270 lb.-ft. @ 3,000rpm",,,,,,,,,,,,,16,,,,,,,,,,,
Ford,Explorer,2012,18 mpg,25 mpg,18.6gal.,7,81 cu.ft.,front-wheel,i-4,3.5,"240hp @ 5,500rpm",6 speed automatic,"270 lb.-ft. @ 3,000rpm",4-wheel,3.5 l,213 cu.in.,290 hp,"41.4 ""","70.4 ""","78.9 ""","39.8 ""","40.6 ""","197.1 ""","40.5 ""","112.6 """,16,6,"4,557 lbs.","6,160 lbs.","2,000 lbs.",,,,,,,
Ford,Explorer,2011,,,18.6gal.,,,front-wheel,i-4,2.0,"237hp @ 5,500rpm",6 speed automatic,"250 lb.-ft. @ 1,750rpm",,,,,,,,,,,,,16,,,,,,,,,,,
Ford,Explorer,2010,13 mpg,19 mpg,22.5gal.,7,84 cu.ft.,four-wheel,v-8,4.6,"292hp @ 5,700rpm",5 speed automatic,"300 lb.-ft. @ 4,000rpm",4-wheel,4.0 l,245 cu.in.,210 hp,"39.8 ""","71.9 ""","73.7 ""","36.9 ""","42.4 ""","193.4 ""","38.7 ""","113.7 """,24,5,"4,632 lbs.","6,280 lbs.","3,500 lbs.",,,,,,,
Ford,Explorer,2009,,,22.5gal.,,,four-wheel,v-6,4.0,"210hp @ 5,100rpm",5 speed automatic,"254 lb.-ft. @ 3,700rpm",,,,,,,,,,,,,12,,,,,,,,,,,
Ford,Explorer,2008,,,22.5gal.,,,four-wheel,v-6,4.0,"210hp @ 5,100rpm",5 speed automatic,"254 lb.-ft. @ 3,700rpm",,,,,,,,,,,,,12,,,,,,,,,,,
Ford,Explorer,2007,,,22.5gal.,,,four-wheel,v-6,4.0,"210hp @ 5,100rpm",5 speed automatic,"254 lb.-ft. @ 3,700rpm",,,,,,,,,,,,,12,,,,,,,,,,,
Ford,Explorer,2006,,,22.5gal.,,,four-wheel,v-6,4.0,"210hp @ 5,100rpm",5 speed automatic,"254 lb.-ft. @ 3,700rpm",,,,,,,,,,,,,12,,,,,,,,,,,
Ford,Explorer,2005,,,22.5gal.,,,four-wheel,v-6,4.0,"210hp @ 5,100rpm",5 speed automatic,"254 lb.-ft. @ 3,700rpm",,,,,,,,,,,,,12,,,,,,,,,,,
Ford,Explorer,2004,,,22.5gal.,,,rear-wheel,v-6,4.0,"210hp @ 5,100rpm",5 speed automatic,"254 lb.-ft. @ 3,700rpm",,,,,,,,,,,,,12,,,,,,,,,,,
Ford,Explorer,2003,,,22.5gal.,,,rear-wheel,v-6,4.0,"210hp @ 5,100rpm",5 speed automatic,"254 lb.-ft. @ 3,700rpm",,,,,,,,,,,,,12,,,,,,,,,,,
Ford,Explorer,2002,,,22.5gal.,,,rear-wheel,v-6,4.0,"210hp @ 5,100rpm",5 speed automatic,"254 lb.-ft. @ 3,700rpm",,,,,,,,,,,,,12,,,,,,,,,,,
Ford,Explorer,2001,,,21.0gal.,,,rear-wheel,v-6,4.0,"210hp @ 5,250rpm",5 speed automatic,"240 lb.-ft. @ 3,250rpm",,,,,,,,,,,,,12,,,,,,,,,,,
Ford,Explorer,2000,,,17.5gal.,,,rear-wheel,v-6,4.0,"210hp @ 5,250rpm",5 speed automatic,"240 lb.-ft. @ 3,250rpm",,,,,,,,,,,,,12,,,,,,,,,,,
Ford,Explorer,1999,18 mpg,23 mpg,17.5gal.,4,70 cu.ft.,rear-wheel,v-6,4.0,"210hp @ 5,250rpm",5 speed automatic,"240 lb.-ft. @ 3,250rpm",4-wheel,4.0 l,245 cu.in.,160 hp,"39.9 ""","67.1 ""","70.2 ""","34.5 ""","42.4 ""","180.8 ""","39.3 ""","101.7 """,12,5,"3,675 lbs.","4,800 lbs.","2,000 lbs.",,,,,,,
Ford,Explorer Sport,2003,,,16.8gal.,,,rear-wheel,v-6,4.0,"203hp @ 5,250rpm",5 speed manual,"237 lb.-ft. @ 3,000rpm",,,,,,,,,,,,,12,,,,,,,,,,,
Ford,Explorer Sport,2002,,,17.5gal.,,,rear-wheel,v-6,4.0,"203hp @ 5,250rpm",5 speed manual,"237 lb.-ft. @ 3,000rpm",,,,,,,,,,,,,12,,,,,,,,,,,
Ford,Explorer Sport,2001,,,17.5gal.,,,rear-wheel,v-6,4.0,"205hp @ 5,000rpm",5 speed automatic,"240 lb.-ft. @ 3,000rpm",,,,,,,,,,,,,12,,,,,,,,,,,
