make,model,year,city,highway,fuel tank capacity,total seating capacity,max cargo capacity,drive type,cylinder configuration,engine liters,horsepower,transmission,torque,abs,size,displacement,horse power,front head room,overall height,overall width,rear leg room,front leg room,overall length,rear head room,wheelbase,number of valves,number of speeds,curb weight,gross vehicle weight,towing capacity,number of doors,speakers,approach angle,ground clearance (max),ramp breakover angle,departure angle,ground clearance
Genesis,G80,2018,19 mpg,27 mpg,20.3gal.,5,15 cu.ft.,rear-wheel,v-6,3.8,"311hp @ 6,000rpm",8 speed automatic,"293 lb.-ft. @ 5,000rpm",4-wheel,3.8 l,231 cu.in.,311 hp,"41.1 ""","58.3 ""","74.4 ""","35.0 ""","45.7 ""","196.5 ""","38.2 ""","118.5 """,24,8,"4,195 lbs.","5,269 lbs.",,,,,,,,
Genesis,G80,2017,18 mpg,28 mpg,20.3gal.,5,15 cu.ft.,rear-wheel,v-6,3.8,"311hp @ 6,000rpm",8 speed automatic,"293 lb.-ft. @ 5,000rpm",4-wheel,3.8 l,231 cu.in.,311 hp,"41.1 ""","58.3 ""","74.4 ""","35.0 ""","45.7 ""","196.5 ""","38.2 ""","118.5 """,24,8,,"5,379 lbs.",,,,,,,,
Genesis,G90,2018,17 mpg,24 mpg,21.9gal.,5,16 cu.ft.,rear-wheel,v-6,3.3,"365hp @ 6,000rpm",8 speed automatic,"376 lb.-ft. @ 1,300rpm",4-wheel,3.3 l,204 cu.in.,365 hp,"41.1 ""","58.9 ""","75.4 ""","37.8 ""","46.3 ""","204.9 ""","38.0 ""","124.4 """,24,8,"4,630 lbs.","5,578 lbs.",,,,,,,,
Genesis,G90,2017,17 mpg,24 mpg,21.9gal.,5,16 cu.ft.,rear-wheel,v-6,3.3,"365hp @ 6,000rpm",8 speed automatic,"376 lb.-ft. @ 1,300rpm",4-wheel,3.3 l,204 cu.in.,365 hp,"41.1 ""","58.9 ""","75.4 ""","37.8 ""","46.3 ""","204.9 ""","38.0 ""","124.4 """,24,8,"4,630 lbs.","5,578 lbs.",,,,,,,,
