make,model,year,city,highway,fuel tank capacity,total seating capacity,max cargo capacity,drive type,cylinder configuration,engine liters,horsepower,transmission,torque,abs,size,displacement,horse power,front head room,overall height,overall width,rear leg room,front leg room,overall length,rear head room,wheelbase,number of valves,number of speeds,curb weight,gross vehicle weight,towing capacity,number of doors,speakers,approach angle,ground clearance (max),ramp breakover angle,departure angle,ground clearance
GMC,Yukon Denali,2000,,,29.5gal.,,,four-wheel,v-8,5.7,"255hp @ 4,600rpm",4 speed automatic,"330 lb.-ft. @ 2,800rpm",,,,,,,,,,,,,16,,,,,,,,,,,
GMC,Yukon Denali,1999,12 mpg,16 mpg,29.5gal.,5,118 cu.ft.,four-wheel,v-8,5.7,"255hp @ 4,600rpm",4 speed automatic,"330 lb.-ft. @ 2,800rpm",4-wheel,5.7 l,350 cu.in.,255 hp,"39.9 ""","74.0 ""","76.8 ""","36.4 ""","41.7 ""","201.4 ""","38.9 ""","117.5 """,16,4,"5,867 lbs.","6,800 lbs.","6,500 lbs.",,,,,,,
GMC,Acadia,2019,21 mpg,26 mpg,19.0gal.,7,79 cu.ft.,front-wheel,i-4,2.5,"193hp @ 6,300rpm",6 speed automatic,"188 lb.-ft. @ 4,400rpm",4-wheel,2.5 l,150 cu.in.,193 hp,"40.3 ""","66.0 ""","75.4 ""","39.7 ""","41.0 ""","193.6 ""","39.6 ""","112.5 """,16,6,"3,956 lbs.","6,001 lbs.","1,000 lbs.",,,,,,,
GMC,Acadia,2018,21 mpg,26 mpg,19.0gal.,7,79 cu.ft.,front-wheel,i-4,2.5,"193hp @ 6,300rpm",6 speed automatic,"188 lb.-ft. @ 4,400rpm",4-wheel,2.5 l,150 cu.in.,193 hp,"40.3 ""","66.0 ""","75.4 ""","39.7 ""","41.0 ""","193.6 ""","39.6 ""","112.5 """,16,6,,"6,001 lbs.","1,000 lbs.",,,,,,,
GMC,Acadia,2017,21 mpg,25 mpg,19.0gal.,7,79 cu.ft.,front-wheel,i-4,2.5,"193hp @ 6,300rpm",6 speed automatic,"188 lb.-ft. @ 4,400rpm",4-wheel,2.5 l,150 cu.in.,193 hp,"40.3 ""","66.0 ""","75.4 ""","39.7 ""","41.0 ""","193.6 ""","39.6 ""","112.5 """,16,6,,"6,001 lbs.","1,000 lbs.",,,,,,,
GMC,Acadia,2016,,,22.0gal.,,,front-wheel,v-6,3.6,"281hp @ 6,300rpm",6 speed automatic,"266 lb.-ft. @ 3,400rpm",,,,,,,,,,,,,24,,,,,,,,,,,
GMC,Acadia,2015,,,22.0gal.,,,front-wheel,v-6,3.6,"281hp @ 6,300rpm",6 speed automatic,"266 lb.-ft. @ 3,400rpm",,,,,,,,,,,,,24,,,,,,,,,,,
GMC,Acadia,2014,,,22.0gal.,,,front-wheel,v-6,3.6,"288hp @ 6,300rpm",6 speed automatic,"270 lb.-ft. @ 3,400rpm",,,,,,,,,,,,,24,,,,,,,,,,,
GMC,Acadia,2013,,,22.0gal.,,,front-wheel,v-6,3.6,"288hp @ 6,300rpm",6 speed automatic,"270 lb.-ft. @ 3,400rpm",,,,,,,,,,,,,24,,,,,,,,,,,
GMC,Acadia,2012,,,22.0gal.,,,front-wheel,v-6,3.6,"288hp @ 6,300rpm",6 speed automatic,"270 lb.-ft. @ 3,400rpm",,,,,,,,,,,,,24,,,,,,,,,,,
GMC,Acadia,2011,,,22.0gal.,,,front-wheel,v-6,3.6,"288hp @ 6,300rpm",6 speed automatic,"270 lb.-ft. @ 3,400rpm",,,,,,,,,,,,,24,,,,,,,,,,,
GMC,Acadia,2010,,,22.0gal.,,,front-wheel,v-6,3.6,"288hp @ 6,300rpm",6 speed automatic,"270 lb.-ft. @ 3,400rpm",,,,,,,,,,,,,24,,,,,,,,,,,
GMC,Acadia,2009,,,22.0gal.,,,front-wheel,v-6,3.6,"288hp @ 6,300rpm",6 speed automatic,"270 lb.-ft. @ 3,400rpm",,,,,,,,,,,,,24,,,,,,,,,,,
GMC,Acadia,2008,,,22.0gal.,,,front-wheel,v-6,3.6,"275hp @ 6,600rpm",6 speed automatic,"251 lb.-ft. @ 3,200rpm",,,,,,,,,,,,,24,,,,,,,,,,,
GMC,Acadia,2007,,,22.0gal.,,,front-wheel,v-6,3.6,"275hp @ 6,600rpm",6 speed automatic,"251 lb.-ft. @ 3,200rpm",,,,,,,,,,,,,24,,,,,,,,,,,
GMC,Acadia Limited,2017,15 mpg,22 mpg,22.0gal.,7,116 cu.ft.,front-wheel,v-6,3.6,"281hp @ 6,300rpm",6 speed automatic,"266 lb.-ft. @ 3,400rpm",4-wheel,3.6 l,217 cu.in.,281 hp,"40.3 ""","70.4 ""","78.9 ""","36.8 ""","41.3 ""","200.8 ""","39.6 ""","118.9 """,24,6,"4,656 lbs.","6,411 lbs.","2,000 lbs.",,,,,,,
GMC,Safari,2005,,,27.0gal.,,,rear-wheel,v-6,4.3,"190hp @ 4,400rpm",4 speed automatic,"250 lb.-ft. @ 2,800rpm",,,,,,,,,,,,,12,,,,,,,,,,,
GMC,Safari,2004,,,27.0gal.,,,all-wheel drive,v-6,4.3,"190hp @ 4,400rpm",4 speed automatic,"250 lb.-ft. @ 2,800rpm",,,,,,,,,,,,,12,,,,,,,,,,,
GMC,Safari,2003,,,27.0gal.,,,all-wheel drive,v-6,4.3,"190hp @ 4,400rpm",4 speed automatic,"250 lb.-ft. @ 2,800rpm",,,,,,,,,,,,,12,,,,,,,,,,,
GMC,Safari,2002,,,27.0gal.,,,all-wheel drive,v-6,4.3,"190hp @ 4,400rpm",4 speed automatic,"250 lb.-ft. @ 2,800rpm",,,,,,,,,,,,,12,,,,,,,,,,,
GMC,Safari,2001,,,27.0gal.,,,rear-wheel,v-6,4.3,"190hp @ 4,400rpm",4 speed automatic,"250 lb.-ft. @ 2,800rpm",,,,,,,,,,,,,12,,,,,,,,,,,
GMC,Safari,2000,,,27.0gal.,,,rear-wheel,v-6,4.3,"190hp @ 4,400rpm",4 speed automatic,"250 lb.-ft. @ 2,800rpm",,,,,,,,,,,,,12,,,,,,,,,,,
GMC,Safari,1999,16 mpg,20 mpg,25.0gal.,8,170 cu.ft.,rear-wheel,v-6,4.3,"190hp @ 4,400rpm",4 speed automatic,"250 lb.-ft. @ 2,800rpm",4-wheel,4.3 l,262 cu.in.,190 hp,"39.2 ""","75.0 ""","77.5 ""","36.5 ""","41.6 ""","189.8 ""","37.9 ""","111.2 """,12,4,"4,187 lbs.","5,950 lbs.","5,500 lbs.",,,,,,,
GMC,Savana,2008,,,31.0gal.,,,rear-wheel,v-8,5.3,"301hp @ 5,200rpm",4 speed automatic,"325 lb.-ft. @ 4,500rpm",,,,,,,,,,,,,16,,,,,,,,,,,
GMC,Savana,2007,,,31.0gal.,,,rear-wheel,v-8,5.3,"295hp @ 5,200rpm",4 speed automatic,"335 lb.-ft. @ 4,000rpm",,,,,,,,,,,,,16,,,,,,,,,,,
GMC,Savana,2006,,,31.0gal.,,,rear-wheel,v-8,5.3,"295hp @ 5,200rpm",4 speed automatic,"335 lb.-ft. @ 4,000rpm",,,,,,,,,,,,,16,,,,,,,,,,,
GMC,Savana,2005,,,31.0gal.,,,rear-wheel,v-8,5.3,"295hp @ 5,200rpm",4 speed automatic,"330 lb.-ft. @ 4,000rpm",,,,,,,,,,,,,16,,,,,,,,,,,
GMC,Savana,2004,,,31.0gal.,,,rear-wheel,v-8,5.3,"285hp @ 5,200rpm",4 speed automatic,"325 lb.-ft. @ 4,000rpm",,,,,,,,,,,,,16,,,,,,,,,,,
GMC,Savana,2003,,,31.0gal.,,,rear-wheel,v-8,5.3,"285hp @ 5,200rpm",4 speed automatic,"325 lb.-ft. @ 4,000rpm",,,,,,,,,,,,,16,,,,,,,,,,,
GMC,Savana,2002,,,31.0gal.,,,rear-wheel,v-8,5.7,"255hp @ 4,600rpm",4 speed automatic,"330 lb.-ft. @ 2,800rpm",,,,,,,,,,,,,16,,,,,,,,,,,
GMC,Savana,2001,,,31.0gal.,,,rear-wheel,v-6,4.3,"200hp @ 4,400rpm",4 speed automatic,"250 lb.-ft. @ 2,800rpm",,,,,,,,,,,,,12,,,,,,,,,,,
GMC,Savana,2000,,,31.0gal.,,,rear-wheel,v-6,4.3,"200hp @ 4,400rpm",4 speed automatic,"250 lb.-ft. @ 2,800rpm",,,,,,,,,,,,,12,,,,,,,,,,,
GMC,Savana,1999,15 mpg,19 mpg,31.0gal.,8,267 cu.ft.,rear-wheel,v-8,5.7,"255hp @ 4,600rpm",4 speed automatic,"330 lb.-ft. @ 2,800rpm",4-wheel,4.3 l,262 cu.in.,200 hp,"40.6 ""","81.4 ""","79.2 ""","38.5 ""","41.1 ""","218.8 ""","39.0 ""","135.0 """,16,4,"5,142 lbs.","7,100 lbs.","4,000 lbs.",,,,,,,
GMC,Savana 1500,2014,,,31.0gal.,,,rear-wheel,v-8,5.3,"195hp @ 4,600rpm",4 speed automatic,"334 lb.-ft. @ 4,500rpm",,,,,,,,,,,,,16,,,,,,,,,,,
GMC,Savana 1500,2013,,,31.0gal.,,,rear-wheel,v-8,5.3,"310hp @ 5,200rpm",4 speed automatic,"334 lb.-ft. @ 4,500rpm",,,,,,,,,,,,,16,,,,,,,,,,,
GMC,Savana 1500,2012,,,31.0gal.,,,rear-wheel,v-8,5.3,"310hp @ 5,200rpm",4 speed automatic,"334 lb.-ft. @ 4,500rpm",,,,,,,,,,,,,16,,,,,,,,,,,
GMC,Savana 1500,2011,,,31.0gal.,,,rear-wheel,v-8,5.3,"310hp @ 5,200rpm",4 speed automatic,"334 lb.-ft. @ 4,500rpm",,,,,,,,,,,,,16,,,,,,,,,,,
GMC,Savana 1500,2010,,,31.0gal.,,,all-wheel drive,v-8,5.3,"310hp @ 5,200rpm",4 speed automatic,"334 lb.-ft. @ 4,500rpm",,,,,,,,,,,,,16,,,,,,,,,,,
GMC,Savana 1500,2009,,,31.0gal.,,,all-wheel drive,v-8,5.3,"301hp @ 5,200rpm",4 speed automatic,"325 lb.-ft. @ 4,500rpm",,,,,,,,,,,,,16,,,,,,,,,,,
GMC,Savana 2500,2019,,,31.0gal.,12,216 cu.ft.,rear-wheel,i-4,2.8,"181hp @ 3,400rpm",6 speed automatic,"369 lb.-ft. @ 2,000rpm",4-wheel,4.3 l,262 cu.in.,276 hp,"39.8 ""","83.9 ""","79.2 ""","36.3 ""","41.3 ""","224.1 ""","38.4 ""","135.0 """,16,8,"5,983 lbs.","8,600 lbs.","6,500 lbs.",,,,,,,
GMC,Savana 2500,2018,,,31.0gal.,12,216 cu.ft.,rear-wheel,v-6,2.8,"341hp @ 5,400rpm",6 speed automatic,"369 lb.-ft. @ 2,000rpm",4-wheel,4.3 l,262 cu.in.,276 hp,"39.8 ""","83.9 ""","79.2 ""","36.3 ""","41.3 ""","224.1 ""","38.4 ""","135.0 """,16,8,"5,983 lbs.","8,600 lbs.","6,500 lbs.",,,,,,,
GMC,Savana 2500,2017,,,31.0gal.,,,rear-wheel,i-4,2.8,"181hp @ 3,400rpm",8 speed automatic,"369 lb.-ft. @ 2,000rpm",,,,,,,,,,,,,16,,,,,,,,,,,
GMC,Savana 2500,2016,,,31.0gal.,,,rear-wheel,v-8,6.0,"282hp @ 4,800rpm",6 speed automatic,"295 lb.-ft. @ 4,600rpm",,,,,,,,,,,,,16,,,,,,,,,,,
GMC,Savana 2500,2015,,,31.0gal.,,,rear-wheel,v-8,6.0,"282hp @ 4,700rpm",6 speed automatic,"320 lb.-ft. @ 4,400rpm",,,,,,,,,,,,,16,,,,,,,,,,,
GMC,Savana 2500,2014,,,31.0gal.,,,rear-wheel,v-8,6.0,"282hp @ 4,700rpm",6 speed automatic,"320 lb.-ft. @ 4,400rpm",,,,,,,,,,,,,16,,,,,,,,,,,
GMC,Savana 2500,2013,,,31.0gal.,,,rear-wheel,v-8,6.0,"324hp @ 4,700rpm",6 speed automatic,"373 lb.-ft. @ 4,400rpm",,,,,,,,,,,,,16,,,,,,,,,,,
GMC,Savana 2500,2012,,,31.0gal.,,,rear-wheel,v-8,6.0,"324hp @ 4,700rpm",6 speed automatic,"373 lb.-ft. @ 4,400rpm",,,,,,,,,,,,,16,,,,,,,,,,,
GMC,Savana 2500,2011,,,31.0gal.,,,rear-wheel,v-8,6.0,"324hp @ 4,700rpm",6 speed automatic,"373 lb.-ft. @ 4,400rpm",,,,,,,,,,,,,16,,,,,,,,,,,
GMC,Savana 2500,2010,,,31.0gal.,,,rear-wheel,v-8,6.0,"323hp @ 4,600rpm",6 speed automatic,"373 lb.-ft. @ 4,400rpm",,,,,,,,,,,,,16,,,,,,,,,,,
GMC,Savana 2500,2009,,,31.0gal.,,,rear-wheel,v-8,6.6,"250hp @ 3,200rpm",4 speed automatic,"460 lb.-ft. @ 1,600rpm",,,,,,,,,,,,,32,,,,,,,,,,,
GMC,Canyon,2019,20 mpg,26 mpg,21.0gal.,2,,rear-wheel,i-4,2.5,"200hp @ 6,300rpm",6 speed manual,"191 lb.-ft. @ 4,400rpm",4-wheel,2.5 l,150 cu.in.,200 hp,"41.4 ""","70.4 ""","74.3 """,,"45.0 ""","212.4 """,,"128.3 """,16,6,"3,945 lbs.","5,400 lbs.","3,500 lbs.",,,,,,,
GMC,Canyon,2018,20 mpg,26 mpg,21.0gal.,2,,rear-wheel,i-4,2.5,"200hp @ 6,300rpm",6 speed manual,"191 lb.-ft. @ 4,400rpm",4-wheel,2.5 l,150 cu.in.,200 hp,"41.4 ""","70.4 ""","74.3 """,,"45.0 ""","212.4 """,,"128.3 """,16,6,"3,945 lbs.","5,400 lbs.","3,500 lbs.",,,,,,,
GMC,Canyon,2017,,,21.0gal.,,,rear-wheel,i-4,2.5,"200hp @ 6,300rpm",6 speed manual,"191 lb.-ft. @ 4,400rpm",,,,,,,,,,,,,16,,,,,,,,,,,
GMC,Canyon,2016,,,21.0gal.,,,rear-wheel,i-4,3.6,"200hp @ 6,300rpm",6 speed automatic,"269 lb.-ft. @ 4,000rpm",,,,,,,,,,,,,24,,,,,,,,,,,
GMC,Canyon,2015,,,21.0gal.,,,rear-wheel,v-6,3.6,"305hp @ 6,800rpm",6 speed automatic,"269 lb.-ft. @ 4,000rpm",,,,,,,,,,,,,24,,,,,,,,,,,
GMC,Canyon,2012,,,19.6gal.,,,rear-wheel,i-4,2.9,"185hp @ 5,600rpm",4 speed automatic,"190 lb.-ft. @ 2,800rpm",,,,,,,,,,,,,20,,,,,,,,,,,
GMC,Canyon,2011,,,19.6gal.,,,rear-wheel,i-5,3.7,"242hp @ 5,600rpm",4 speed automatic,"190 lb.-ft. @ 2,800rpm",,,,,,,,,,,,,20,,,,,,,,,,,
GMC,Canyon,2010,,,19.0gal.,,,four-wheel,i-5,3.7,"242hp @ 5,600rpm",4 speed automatic,"242 lb.-ft. @ 4,600rpm",,,,,,,,,,,,,20,,,,,,,,,,,
GMC,Canyon,2009,,,19.0gal.,,,four-wheel,i-5,3.7,"242hp @ 5,600rpm",4 speed automatic,"242 lb.-ft. @ 4,600rpm",,,,,,,,,,,,,20,,,,,,,,,,,
GMC,Canyon,2008,,,19.0gal.,,,four-wheel,i-5,3.7,"242hp @ 5,600rpm",4 speed automatic,"242 lb.-ft. @ 4,600rpm",,,,,,,,,,,,,20,,,,,,,,,,,
GMC,Canyon,2007,,,19.0gal.,,,four-wheel,i-4,2.9,"185hp @ 5,600rpm",4 speed automatic,"190 lb.-ft. @ 2,800rpm",,,,,,,,,,,,,16,,,,,,,,,,,
GMC,Canyon,2006,,,19.0gal.,,,four-wheel,i-4,2.8,"175hp @ 5,600rpm",4 speed automatic,"185 lb.-ft. @ 2,800rpm",,,,,,,,,,,,,16,,,,,,,,,,,
GMC,Canyon,2005,,,19.0gal.,,,four-wheel,i-5,3.5,"220hp @ 5,600rpm",4 speed automatic,"225 lb.-ft. @ 2,800rpm",,,,,,,,,,,,,20,,,,,,,,,,,
GMC,Canyon,2004,,,19.0gal.,,,rear-wheel,i-5,3.5,"220hp @ 5,600rpm",4 speed automatic,"225 lb.-ft. @ 2,800rpm",,,,,,,,,,,,,20,,,,,,,,,,,
GMC,Sierra 1500,2019,,,,6,,rear-wheel,v-8,5.3,"355hp @ 5,600rpm",8 speed automatic,"383 lb.-ft. @ 4,100rpm",4-wheel,2.7 l,325 cu.in.,310 hp,"43.0 ""","75.5 ""","81.2 ""","35.2 ""","44.5 ""","231.8 ""","39.9 ""","147.4 """,16,8,,"6,800 lbs.",,,,,,,,
GMC,Sierra 1500,2018,18 mpg,24 mpg,26.0gal.,3,,rear-wheel,v-8,5.3,"355hp @ 5,600rpm",6 speed automatic,"383 lb.-ft. @ 4,100rpm",4-wheel,4.3 l,262 cu.in.,285 hp,"42.4 ""","74.0 ""","80.0 """,,"45.3 ""","205.0 """,,"119.0 """,16,6,"4,515 lbs.","6,500 lbs.","6,000 lbs.",,,,,,,
GMC,Sierra 1500,2017,18 mpg,24 mpg,26.0gal.,6,,rear-wheel,v-8,5.3,"355hp @ 5,600rpm",6 speed automatic,"383 lb.-ft. @ 4,100rpm",4-wheel,4.3 l,262 cu.in.,285 hp,"42.8 ""","74.2 ""","80.0 ""","40.9 ""","45.3 ""","229.5 ""","40.5 ""","143.5 """,16,6,"5,035 lbs.","6,900 lbs.","5,500 lbs.",,,,,,,
GMC,Sierra 1500,2016,,,26.0gal.,,,rear-wheel,v-8,5.3,"355hp @ 5,600rpm",6 speed automatic,"383 lb.-ft. @ 4,100rpm",,,,,,,,,,,,,16,,,,,,,,,,,
GMC,Sierra 1500,2015,,,26.0gal.,,,rear-wheel,v-8,5.3,"355hp @ 5,600rpm",6 speed automatic,"383 lb.-ft. @ 4,100rpm",,,,,,,,,,,,,16,,,,,,,,,,,
GMC,Sierra 1500,2014,,,26.0gal.,,,rear-wheel,v-8,5.3,"355hp @ 5,600rpm",6 speed automatic,"383 lb.-ft. @ 4,100rpm",,,,,,,,,,,,,16,,,,,,,,,,,
GMC,Sierra 1500,2013,,,26.0gal.,,,rear-wheel,v-8,5.3,"315hp @ 5,200rpm",6 speed automatic,"335 lb.-ft. @ 4,000rpm",,,,,,,,,,,,,16,,,,,,,,,,,
GMC,Sierra 1500,2012,,,26.0gal.,,,rear-wheel,v-8,5.3,"315hp @ 5,200rpm",6 speed automatic,"335 lb.-ft. @ 4,000rpm",,,,,,,,,,,,,16,,,,,,,,,,,
GMC,Sierra 1500,2011,,,26.0gal.,,,rear-wheel,v-8,5.3,"315hp @ 5,200rpm",6 speed automatic,"305 lb.-ft. @ 4,600rpm",,,,,,,,,,,,,16,,,,,,,,,,,
GMC,Sierra 1500,2010,,,26.0gal.,,,four-wheel,v-8,4.8,"302hp @ 5,600rpm",4 speed automatic,"305 lb.-ft. @ 4,600rpm",,,,,,,,,,,,,16,,,,,,,,,,,
GMC,Sierra 1500,2009,,,26.0gal.,,,four-wheel,v-8,4.8,"295hp @ 5,600rpm",4 speed automatic,"305 lb.-ft. @ 4,600rpm",,,,,,,,,,,,,16,,,,,,,,,,,
GMC,Sierra 1500,2008,,,26.0gal.,,,four-wheel,v-8,4.8,"295hp @ 5,600rpm",4 speed automatic,"305 lb.-ft. @ 4,800rpm",,,,,,,,,,,,,16,,,,,,,,,,,
GMC,Sierra 1500,2007,,,26.0gal.,,,four-wheel,v-8,6.0,"367hp @ 5,500rpm",4 speed automatic,"375 lb.-ft. @ 4,300rpm",,,,,,,,,,,,,16,,,,,,,,,,,
GMC,Sierra 1500,2006,,,34.0gal.,,,four-wheel,v-6,5.3,"295hp @ 5,200rpm",5 speed manual,"335 lb.-ft. @ 4,000rpm",,,,,,,,,,,,,12,,,,,,,,,,,
GMC,Sierra 1500,2005,,,26.0gal.,,,four-wheel,v-6,5.3,"295hp @ 5,200rpm",5 speed manual,"335 lb.-ft. @ 4,000rpm",,,,,,,,,,,,,12,,,,,,,,,,,
GMC,Sierra 1500,2004,,,26.0gal.,,,rear-wheel,v-8,5.3,"295hp @ 5,200rpm",4 speed automatic,"330 lb.-ft. @ 4,000rpm",,,,,,,,,,,,,16,,,,,,,,,,,
GMC,Sierra 1500,2003,,,26.0gal.,,,rear-wheel,v-8,5.3,"285hp @ 5,200rpm",4 speed automatic,"325 lb.-ft. @ 4,000rpm",,,,,,,,,,,,,16,,,,,,,,,,,
GMC,Sierra 1500,2002,,,26.0gal.,,,rear-wheel,v-6,5.3,"285hp @ 5,200rpm",5 speed manual,"325 lb.-ft. @ 4,000rpm",,,,,,,,,,,,,12,,,,,,,,,,,
GMC,Sierra 1500,2001,,,26.0gal.,,,rear-wheel,v-8,5.3,"285hp @ 5,200rpm",4 speed automatic,"325 lb.-ft. @ 4,000rpm",,,,,,,,,,,,,16,,,,,,,,,,,
GMC,Sierra 1500,2000,,,26.0gal.,,,rear-wheel,v-8,5.3,"285hp @ 5,200rpm",4 speed automatic,"325 lb.-ft. @ 4,000rpm",,,,,,,,,,,,,16,,,,,,,,,,,
GMC,Sierra 1500,1999,,,25.0gal.,,,rear-wheel,v-8,5.7,"255hp @ 4,600rpm",4 speed automatic,"330 lb.-ft. @ 2,800rpm",,,,,,,,,,,,,16,,,,,,,,,,,
GMC,Sierra 1500 Classic,2007,,,34.0gal.,,,four-wheel,v-8,4.8,"285hp @ 5,200rpm",4 speed automatic,"295 lb.-ft. @ 4,000rpm",,,,,,,,,,,,,16,,,,,,,,,,,
GMC,Sierra 1500 Hybrid,2013,,,26.0gal.,,,rear-wheel,v-8,6.0,"332hp @ 5,100rpm",automatic/cvt,"367 lb.-ft. @ 4,100rpm",,,,,,,,,,,,,16,,,,,,,,,,,
GMC,Sierra 1500 Hybrid,2012,,,26.0gal.,,,rear-wheel,v-8,6.0,"332hp @ 5,100rpm",automatic/cvt,"367 lb.-ft. @ 4,100rpm",,,,,,,,,,,,,16,,,,,,,,,,,
GMC,Sierra 1500 Hybrid,2011,,,26.0gal.,,,rear-wheel,v-8,6.0,"332hp @ 5,100rpm",automatic/cvt,"367 lb.-ft. @ 4,100rpm",,,,,,,,,,,,,16,,,,,,,,,,,
GMC,Sierra 1500 Hybrid,2010,,,26.0gal.,,,rear-wheel,v-8,6.0,"332hp @ 5,100rpm",automatic/cvt,"367 lb.-ft. @ 4,100rpm",,,,,,,,,,,,,16,,,,,,,,,,,
GMC,Sierra 1500 Hybrid,2009,,,26.0gal.,,,four-wheel,v-8,6.0,"332hp @ 5,100rpm",automatic/cvt,"367 lb.-ft. @ 4,100rpm",,,,,,,,,,,,,16,,,,,,,,,,,
GMC,Sierra 1500 Hybrid,2006,,,26.0gal.,,,rear-wheel,v-8,5.3,"295hp @ 5,200rpm",4 speed automatic,"335 lb.-ft. @ 4,000rpm",,,,,,,,,,,,,16,,,,,,,,,,,
GMC,Sierra 1500 Hybrid Classic,2007,,,26.0gal.,,,four-wheel,v-8,5.3,"295hp @ 5,200rpm",4 speed automatic,"335 lb.-ft. @ 4,000rpm",,,,,,,,,,,,,16,,,,,,,,,,,
GMC,Sierra 1500 Limited,2019,16 mpg,23 mpg,26.0gal.,6,,rear-wheel,v-8,5.3,"355hp @ 5,600rpm",6 speed automatic,"383 lb.-ft. @ 4,100rpm",4-wheel,5.3 l,325 cu.in.,355 hp,"42.8 ""","73.9 ""","80.0 ""","34.6 ""","45.3 ""","229.4 ""","38.7 ""","143.5 """,16,6,"5,103 lbs.","7,000 lbs.",,,,,,,,
GMC,Sierra 1500HD,2006,,,26.0gal.,,,four-wheel,v-8,6.0,"300hp @ 4,400rpm",4 speed automatic,"360 lb.-ft. @ 4,000rpm",,,,,,,,,,,,,16,,,,,,,,,,,
GMC,Sierra 1500HD,2005,,,26.0gal.,,,four-wheel,v-8,6.0,"300hp @ 4,400rpm",4 speed automatic,"360 lb.-ft. @ 4,000rpm",,,,,,,,,,,,,16,,,,,,,,,,,
GMC,Sierra 1500HD,2003,,,26.0gal.,,,rear-wheel,v-8,6.0,"300hp @ 4,400rpm",4 speed automatic,"360 lb.-ft. @ 4,000rpm",,,,,,,,,,,,,16,,,,,,,,,,,
GMC,Sierra 1500HD,2002,,,26.0gal.,,,rear-wheel,v-8,6.0,"300hp @ 4,400rpm",4 speed automatic,"360 lb.-ft. @ 4,000rpm",,,,,,,,,,,,,16,,,,,,,,,,,
GMC,Sierra 1500HD,2001,,,26.0gal.,,,rear-wheel,v-8,6.0,"300hp @ 4,400rpm",4 speed automatic,"360 lb.-ft. @ 4,000rpm",,,,,,,,,,,,,16,,,,,,,,,,,
GMC,Sierra 1500HD Classic,2007,,,26.0gal.,,,four-wheel,v-8,6.0,"300hp @ 4,400rpm",4 speed automatic,"360 lb.-ft. @ 4,000rpm",,,,,,,,,,,,,16,,,,,,,,,,,
GMC,Acadia,2019,21 mpg,26 mpg,19.0gal.,7,79 cu.ft.,front-wheel,i-4,2.5,"193hp @ 6,300rpm",6 speed automatic,"188 lb.-ft. @ 4,400rpm",4-wheel,2.5 l,150 cu.in.,193 hp,"40.3 ""","66.0 ""","75.4 ""","39.7 ""","41.0 ""","193.6 ""","39.6 ""","112.5 """,16,6,"3,956 lbs.","6,001 lbs.","1,000 lbs.",,,,,,,
GMC,Acadia,2018,21 mpg,26 mpg,19.0gal.,7,79 cu.ft.,front-wheel,i-4,2.5,"193hp @ 6,300rpm",6 speed automatic,"188 lb.-ft. @ 4,400rpm",4-wheel,2.5 l,150 cu.in.,193 hp,"40.3 ""","66.0 ""","75.4 ""","39.7 ""","41.0 ""","193.6 ""","39.6 ""","112.5 """,16,6,,"6,001 lbs.","1,000 lbs.",,,,,,,
GMC,Acadia,2017,21 mpg,25 mpg,19.0gal.,7,79 cu.ft.,front-wheel,i-4,2.5,"193hp @ 6,300rpm",6 speed automatic,"188 lb.-ft. @ 4,400rpm",4-wheel,2.5 l,150 cu.in.,193 hp,"40.3 ""","66.0 ""","75.4 ""","39.7 ""","41.0 ""","193.6 ""","39.6 ""","112.5 """,16,6,,"6,001 lbs.","1,000 lbs.",,,,,,,
GMC,Acadia,2016,,,22.0gal.,,,front-wheel,v-6,3.6,"281hp @ 6,300rpm",6 speed automatic,"266 lb.-ft. @ 3,400rpm",,,,,,,,,,,,,24,,,,,,,,,,,
GMC,Acadia,2015,,,22.0gal.,,,front-wheel,v-6,3.6,"281hp @ 6,300rpm",6 speed automatic,"266 lb.-ft. @ 3,400rpm",,,,,,,,,,,,,24,,,,,,,,,,,
GMC,Acadia,2014,,,22.0gal.,,,front-wheel,v-6,3.6,"288hp @ 6,300rpm",6 speed automatic,"270 lb.-ft. @ 3,400rpm",,,,,,,,,,,,,24,,,,,,,,,,,
GMC,Acadia,2013,,,22.0gal.,,,front-wheel,v-6,3.6,"288hp @ 6,300rpm",6 speed automatic,"270 lb.-ft. @ 3,400rpm",,,,,,,,,,,,,24,,,,,,,,,,,
GMC,Acadia,2012,,,22.0gal.,,,front-wheel,v-6,3.6,"288hp @ 6,300rpm",6 speed automatic,"270 lb.-ft. @ 3,400rpm",,,,,,,,,,,,,24,,,,,,,,,,,
GMC,Acadia,2011,,,22.0gal.,,,front-wheel,v-6,3.6,"288hp @ 6,300rpm",6 speed automatic,"270 lb.-ft. @ 3,400rpm",,,,,,,,,,,,,24,,,,,,,,,,,
GMC,Acadia,2010,,,22.0gal.,,,front-wheel,v-6,3.6,"288hp @ 6,300rpm",6 speed automatic,"270 lb.-ft. @ 3,400rpm",,,,,,,,,,,,,24,,,,,,,,,,,
GMC,Acadia,2009,,,22.0gal.,,,front-wheel,v-6,3.6,"288hp @ 6,300rpm",6 speed automatic,"270 lb.-ft. @ 3,400rpm",,,,,,,,,,,,,24,,,,,,,,,,,
GMC,Acadia,2008,,,22.0gal.,,,front-wheel,v-6,3.6,"275hp @ 6,600rpm",6 speed automatic,"251 lb.-ft. @ 3,200rpm",,,,,,,,,,,,,24,,,,,,,,,,,
GMC,Acadia,2007,,,22.0gal.,,,front-wheel,v-6,3.6,"275hp @ 6,600rpm",6 speed automatic,"251 lb.-ft. @ 3,200rpm",,,,,,,,,,,,,24,,,,,,,,,,,
GMC,Envoy,2009,,,22.0gal.,,,rear-wheel,v-8,5.3,"300hp @ 5,300rpm",4 speed automatic,"321 lb.-ft. @ 4,000rpm",,,,,,,,,,,,,16,,,,,,,,,,,
GMC,Envoy,2008,,,22.0gal.,,,rear-wheel,v-8,5.3,"300hp @ 5,300rpm",4 speed automatic,"321 lb.-ft. @ 4,000rpm",,,,,,,,,,,,,16,,,,,,,,,,,
GMC,Envoy,2007,,,22.0gal.,,,rear-wheel,v-8,5.3,"302hp @ 5,200rpm",4 speed automatic,"330 lb.-ft. @ 4,000rpm",,,,,,,,,,,,,16,,,,,,,,,,,
GMC,Envoy,2006,,,22.0gal.,,,rear-wheel,v-8,5.3,"300hp @ 5,200rpm",4 speed automatic,"330 lb.-ft. @ 4,000rpm",,,,,,,,,,,,,16,,,,,,,,,,,
GMC,Envoy,2005,,,22.0gal.,,,rear-wheel,i-6,4.2,"275hp @ 6,000rpm",4 speed automatic,"275 lb.-ft. @ 3,600rpm",,,,,,,,,,,,,24,,,,,,,,,,,
GMC,Envoy,2004,,,22.0gal.,,,rear-wheel,i-6,4.2,"275hp @ 6,000rpm",4 speed automatic,"275 lb.-ft. @ 3,600rpm",,,,,,,,,,,,,24,,,,,,,,,,,
GMC,Envoy,2003,,,22.0gal.,,,four-wheel,i-6,4.2,"275hp @ 6,000rpm",4 speed automatic,"275 lb.-ft. @ 3,600rpm",,,,,,,,,,,,,24,,,,,,,,,,,
GMC,Envoy,2002,,,18.7gal.,,,rear-wheel,i-6,4.2,"270hp @ 6,000rpm",4 speed automatic,"275 lb.-ft. @ 3,600rpm",,,,,,,,,,,,,24,,,,,,,,,,,
GMC,Envoy,2000,,,18.0gal.,,,four-wheel,v-6,4.3,"190hp @ 4,400rpm",4 speed automatic,"250 lb.-ft. @ 2,800rpm",,,,,,,,,,,,,12,,,,,,,,,,,
GMC,Envoy,1999,16 mpg,20 mpg,18.0gal.,5,74 cu.ft.,four-wheel,v-6,4.3,"190hp @ 4,400rpm",4 speed automatic,"250 lb.-ft. @ 2,800rpm",4-wheel,4.3 l,262 cu.in.,190 hp,"39.5 ""","64.4 ""","67.8 ""","36.3 ""","42.4 ""","183.8 ""","38.1 ""","107.0 """,12,4,,"5,350 lbs.","5,000 lbs.",,,,,,,
GMC,Envoy XL,2006,,,25.0gal.,,,rear-wheel,v-8,5.3,"300hp @ 5,200rpm",4 speed automatic,"330 lb.-ft. @ 4,000rpm",,,,,,,,,,,,,16,,,,,,,,,,,
GMC,Envoy XL,2005,,,25.0gal.,,,four-wheel,v-8,5.3,"300hp @ 5,200rpm",4 speed automatic,"330 lb.-ft. @ 4,000rpm",,,,,,,,,,,,,16,,,,,,,,,,,
GMC,Envoy XL,2004,,,25.0gal.,,,rear-wheel,v-8,5.3,"290hp @ 5,200rpm",4 speed automatic,"325 lb.-ft. @ 4,000rpm",,,,,,,,,,,,,16,,,,,,,,,,,
GMC,Envoy XL,2003,,,25.0gal.,,,rear-wheel,v-8,5.3,"290hp @ 5,200rpm",4 speed automatic,"325 lb.-ft. @ 4,000rpm",,,,,,,,,,,,,16,,,,,,,,,,,
GMC,Envoy XL,2002,,,25.5gal.,,,rear-wheel,i-6,4.2,"270hp @ 6,000rpm",4 speed automatic,"275 lb.-ft. @ 3,600rpm",,,,,,,,,,,,,24,,,,,,,,,,,
GMC,Envoy XUV,2005,,,25.0gal.,,,rear-wheel,v-8,5.3,"300hp @ 5,200rpm",4 speed automatic,"330 lb.-ft. @ 4,000rpm",,,,,,,,,,,,,16,,,,,,,,,,,
GMC,Envoy XUV,2004,,,25.0gal.,,,rear-wheel,v-8,5.3,"290hp @ 5,200rpm",4 speed automatic,"325 lb.-ft. @ 4,000rpm",,,,,,,,,,,,,16,,,,,,,,,,,
GMC,Jimmy,2001,,,19.0gal.,,,rear-wheel,v-6,4.3,"190hp @ 4,400rpm",4 speed automatic,"250 lb.-ft. @ 2,800rpm",,,,,,,,,,,,,12,,,,,,,,,,,
GMC,Jimmy,2000,,,19.0gal.,,,rear-wheel,v-6,4.3,"190hp @ 4,400rpm",5 speed manual,"250 lb.-ft. @ 2,800rpm",,,,,,,,,,,,,12,,,,,,,,,,,
GMC,Jimmy,1999,17 mpg,23 mpg,19.0gal.,5,67 cu.ft.,rear-wheel,v-6,4.3,"190hp @ 4,400rpm",4 speed automatic,"250 lb.-ft. @ 2,800rpm",4-wheel,4.3 l,262 cu.in.,190 hp,"39.5 ""","65.6 ""","67.8 ""","35.6 ""","42.4 ""","177.3 ""","38.3 ""","100.5 """,12,5,"3,518 lbs.","4,450 lbs.","4,500 lbs.",,,,,,,
GMC,Suburban 1500,1999,,,42.0gal.,,,rear-wheel,v-8,6.5,"195hp @ 3,400rpm",4 speed automatic,"430 lb.-ft. @ 1,800rpm",,,,,,,,,,,,,16,,,,,,,,,,,
GMC,Suburban 2500,1999,,,42.0gal.,3,150 cu.ft.,rear-wheel,v-8,5.7,"255hp @ 4,600rpm",4 speed automatic,"330 lb.-ft. @ 2,800rpm",4-wheel,5.7 l,350 cu.in.,255 hp,"39.9 ""","73.6 ""","76.7 """,,"41.3 ""","219.5 """,,"131.5 """,16,4,"5,243 lbs.","8,600 lbs.","6,000 lbs.",,,,,,,
GMC,Terrain,2019,26 mpg,30 mpg,14.9gal.,5,63 cu.ft.,front-wheel,i-4,1.5,"170hp @ 5,600rpm",9 speed automatic,"203 lb.-ft. @ 2,000rpm",4-wheel,1.5 l,91 cu.in.,170 hp,"40.0 ""","65.4 ""","72.4 ""","39.7 ""","40.9 ""","182.3 ""","38.5 ""","107.3 """,16,9,"3,449 lbs.","4,464 lbs.","1,500 lbs.",,,,,,,
GMC,Terrain,2018,26 mpg,30 mpg,14.9gal.,5,63 cu.ft.,front-wheel,i-4,1.5,"170hp @ 5,600rpm",9 speed automatic,"203 lb.-ft. @ 2,000rpm",4-wheel,1.5 l,91 cu.in.,170 hp,"40.0 ""","65.4 ""","72.4 ""","39.7 ""","40.9 ""","182.3 ""","38.5 ""","107.3 """,16,9,"3,449 lbs.","4,464 lbs.","1,500 lbs.",,,,,,,
GMC,Terrain,2017,,,18.8gal.,,,front-wheel,i-4,2.4,"182hp @ 6,700rpm",6 speed automatic,"172 lb.-ft. @ 4,900rpm",,,,,,,,,,,,,16,,,,,,,,,,,
GMC,Terrain,2016,,,18.8gal.,,,front-wheel,i-4,2.4,"182hp @ 6,700rpm",6 speed automatic,"172 lb.-ft. @ 4,900rpm",,,,,,,,,,,,,16,,,,,,,,,,,
GMC,Terrain,2015,,,18.0gal.,,,front-wheel,i-4,2.4,"182hp @ 6,700rpm",6 speed automatic,"172 lb.-ft. @ 4,900rpm",,,,,,,,,,,,,16,,,,,,,,,,,
GMC,Terrain,2014,,,18.0gal.,,,front-wheel,i-4,2.4,"182hp @ 6,700rpm",6 speed automatic,"172 lb.-ft. @ 4,900rpm",,,,,,,,,,,,,16,,,,,,,,,,,
GMC,Terrain,2013,,,18.0gal.,,,front-wheel,i-4,2.4,"182hp @ 6,700rpm",6 speed automatic,"172 lb.-ft. @ 4,900rpm",,,,,,,,,,,,,16,,,,,,,,,,,
GMC,Terrain,2012,,,18.0gal.,,,front-wheel,i-4,2.4,"182hp @ 6,700rpm",6 speed automatic,"172 lb.-ft. @ 4,900rpm",,,,,,,,,,,,,16,,,,,,,,,,,
GMC,Terrain,2011,,,18.0gal.,,,front-wheel,i-4,2.4,"182hp @ 6,700rpm",6 speed automatic,"172 lb.-ft. @ 4,900rpm",,,,,,,,,,,,,16,,,,,,,,,,,
GMC,Terrain,2010,,,18.0gal.,,,front-wheel,i-4,2.4,"182hp @ 6,700rpm",6 speed automatic,"172 lb.-ft. @ 4,900rpm",,,,,,,,,,,,,16,,,,,,,,,,,
GMC,Acadia,2019,21 mpg,26 mpg,19.0gal.,7,79 cu.ft.,front-wheel,i-4,2.5,"193hp @ 6,300rpm",6 speed automatic,"188 lb.-ft. @ 4,400rpm",4-wheel,2.5 l,150 cu.in.,193 hp,"40.3 ""","66.0 ""","75.4 ""","39.7 ""","41.0 ""","193.6 ""","39.6 ""","112.5 """,16,6,"3,956 lbs.","6,001 lbs.","1,000 lbs.",,,,,,,
GMC,Acadia,2018,21 mpg,26 mpg,19.0gal.,7,79 cu.ft.,front-wheel,i-4,2.5,"193hp @ 6,300rpm",6 speed automatic,"188 lb.-ft. @ 4,400rpm",4-wheel,2.5 l,150 cu.in.,193 hp,"40.3 ""","66.0 ""","75.4 ""","39.7 ""","41.0 ""","193.6 ""","39.6 ""","112.5 """,16,6,,"6,001 lbs.","1,000 lbs.",,,,,,,
GMC,Acadia,2017,21 mpg,25 mpg,19.0gal.,7,79 cu.ft.,front-wheel,i-4,2.5,"193hp @ 6,300rpm",6 speed automatic,"188 lb.-ft. @ 4,400rpm",4-wheel,2.5 l,150 cu.in.,193 hp,"40.3 ""","66.0 ""","75.4 ""","39.7 ""","41.0 ""","193.6 ""","39.6 ""","112.5 """,16,6,,"6,001 lbs.","1,000 lbs.",,,,,,,
GMC,Acadia,2016,,,22.0gal.,,,front-wheel,v-6,3.6,"281hp @ 6,300rpm",6 speed automatic,"266 lb.-ft. @ 3,400rpm",,,,,,,,,,,,,24,,,,,,,,,,,
GMC,Acadia,2015,,,22.0gal.,,,front-wheel,v-6,3.6,"281hp @ 6,300rpm",6 speed automatic,"266 lb.-ft. @ 3,400rpm",,,,,,,,,,,,,24,,,,,,,,,,,
GMC,Acadia,2014,,,22.0gal.,,,front-wheel,v-6,3.6,"288hp @ 6,300rpm",6 speed automatic,"270 lb.-ft. @ 3,400rpm",,,,,,,,,,,,,24,,,,,,,,,,,
GMC,Acadia,2013,,,22.0gal.,,,front-wheel,v-6,3.6,"288hp @ 6,300rpm",6 speed automatic,"270 lb.-ft. @ 3,400rpm",,,,,,,,,,,,,24,,,,,,,,,,,
GMC,Acadia,2012,,,22.0gal.,,,front-wheel,v-6,3.6,"288hp @ 6,300rpm",6 speed automatic,"270 lb.-ft. @ 3,400rpm",,,,,,,,,,,,,24,,,,,,,,,,,
GMC,Acadia,2011,,,22.0gal.,,,front-wheel,v-6,3.6,"288hp @ 6,300rpm",6 speed automatic,"270 lb.-ft. @ 3,400rpm",,,,,,,,,,,,,24,,,,,,,,,,,
GMC,Acadia,2010,,,22.0gal.,,,front-wheel,v-6,3.6,"288hp @ 6,300rpm",6 speed automatic,"270 lb.-ft. @ 3,400rpm",,,,,,,,,,,,,24,,,,,,,,,,,
GMC,Acadia,2009,,,22.0gal.,,,front-wheel,v-6,3.6,"288hp @ 6,300rpm",6 speed automatic,"270 lb.-ft. @ 3,400rpm",,,,,,,,,,,,,24,,,,,,,,,,,
GMC,Acadia,2008,,,22.0gal.,,,front-wheel,v-6,3.6,"275hp @ 6,600rpm",6 speed automatic,"251 lb.-ft. @ 3,200rpm",,,,,,,,,,,,,24,,,,,,,,,,,
GMC,Acadia,2007,,,22.0gal.,,,front-wheel,v-6,3.6,"275hp @ 6,600rpm",6 speed automatic,"251 lb.-ft. @ 3,200rpm",,,,,,,,,,,,,24,,,,,,,,,,,
GMC,Terrain,2019,26 mpg,30 mpg,14.9gal.,5,63 cu.ft.,front-wheel,i-4,1.5,"170hp @ 5,600rpm",9 speed automatic,"203 lb.-ft. @ 2,000rpm",4-wheel,1.5 l,91 cu.in.,170 hp,"40.0 ""","65.4 ""","72.4 ""","39.7 ""","40.9 ""","182.3 ""","38.5 ""","107.3 """,16,9,"3,449 lbs.","4,464 lbs.","1,500 lbs.",,,,,,,
GMC,Terrain,2018,26 mpg,30 mpg,14.9gal.,5,63 cu.ft.,front-wheel,i-4,1.5,"170hp @ 5,600rpm",9 speed automatic,"203 lb.-ft. @ 2,000rpm",4-wheel,1.5 l,91 cu.in.,170 hp,"40.0 ""","65.4 ""","72.4 ""","39.7 ""","40.9 ""","182.3 ""","38.5 ""","107.3 """,16,9,"3,449 lbs.","4,464 lbs.","1,500 lbs.",,,,,,,
GMC,Terrain,2017,,,18.8gal.,,,front-wheel,i-4,2.4,"182hp @ 6,700rpm",6 speed automatic,"172 lb.-ft. @ 4,900rpm",,,,,,,,,,,,,16,,,,,,,,,,,
GMC,Terrain,2016,,,18.8gal.,,,front-wheel,i-4,2.4,"182hp @ 6,700rpm",6 speed automatic,"172 lb.-ft. @ 4,900rpm",,,,,,,,,,,,,16,,,,,,,,,,,
GMC,Terrain,2015,,,18.0gal.,,,front-wheel,i-4,2.4,"182hp @ 6,700rpm",6 speed automatic,"172 lb.-ft. @ 4,900rpm",,,,,,,,,,,,,16,,,,,,,,,,,
GMC,Terrain,2014,,,18.0gal.,,,front-wheel,i-4,2.4,"182hp @ 6,700rpm",6 speed automatic,"172 lb.-ft. @ 4,900rpm",,,,,,,,,,,,,16,,,,,,,,,,,
GMC,Terrain,2013,,,18.0gal.,,,front-wheel,i-4,2.4,"182hp @ 6,700rpm",6 speed automatic,"172 lb.-ft. @ 4,900rpm",,,,,,,,,,,,,16,,,,,,,,,,,
GMC,Terrain,2012,,,18.0gal.,,,front-wheel,i-4,2.4,"182hp @ 6,700rpm",6 speed automatic,"172 lb.-ft. @ 4,900rpm",,,,,,,,,,,,,16,,,,,,,,,,,
GMC,Terrain,2011,,,18.0gal.,,,front-wheel,i-4,2.4,"182hp @ 6,700rpm",6 speed automatic,"172 lb.-ft. @ 4,900rpm",,,,,,,,,,,,,16,,,,,,,,,,,
GMC,Terrain,2010,,,18.0gal.,,,front-wheel,i-4,2.4,"182hp @ 6,700rpm",6 speed automatic,"172 lb.-ft. @ 4,900rpm",,,,,,,,,,,,,16,,,,,,,,,,,
GMC,Yukon,2019,16 mpg,23 mpg,26.0gal.,8,95 cu.ft.,rear-wheel,v-8,5.3,"355hp @ 5,600rpm",6 speed automatic,"383 lb.-ft. @ 4,100rpm",4-wheel,5.3 l,325 cu.in.,355 hp,"42.8 ""","74.4 ""","80.5 ""","39.0 ""","45.3 ""","203.9 ""","38.7 ""","116.0 """,16,6,"5,379 lbs.","7,100 lbs.","6,500 lbs.",,,,,,,
GMC,Yukon,2018,16 mpg,23 mpg,26.0gal.,8,95 cu.ft.,rear-wheel,v-8,5.3,"355hp @ 5,600rpm",6 speed automatic,"383 lb.-ft. @ 4,100rpm",4-wheel,5.3 l,325 cu.in.,355 hp,"42.8 ""","74.4 ""","80.5 ""","39.0 ""","45.3 ""","203.9 ""","38.7 ""","116.0 """,16,6,"5,379 lbs.","7,100 lbs.","6,500 lbs.",,,,,,,
GMC,Yukon,2017,16 mpg,23 mpg,26.0gal.,8,95 cu.ft.,rear-wheel,v-8,5.3,"355hp @ 5,600rpm",6 speed automatic,"383 lb.-ft. @ 4,100rpm",4-wheel,5.3 l,325 cu.in.,355 hp,"42.8 ""","74.4 ""","80.5 ""","39.0 ""","45.3 ""","203.9 ""","38.7 ""","116.0 """,16,6,"5,379 lbs.","7,100 lbs.","6,500 lbs.",,,,,,,
GMC,Yukon,2016,16 mpg,23 mpg,26.0gal.,8,95 cu.ft.,rear-wheel,v-8,5.3,"355hp @ 5,600rpm",6 speed automatic,"383 lb.-ft. @ 4,100rpm",4-wheel,5.3 l,325 cu.in.,355 hp,"42.8 ""","74.4 ""","80.5 ""","39.0 ""","45.3 ""","203.9 ""","38.7 ""","116.0 """,16,6,"5,379 lbs.","7,100 lbs.","6,500 lbs.",,,,,,,
GMC,Yukon,2015,,,26.0gal.,,,rear-wheel,v-8,5.3,"355hp @ 5,600rpm",6 speed automatic,"383 lb.-ft. @ 4,100rpm",,,,,,,,,,,,,16,,,,,,,,,,,
GMC,Yukon,2014,,,26.0gal.,,,rear-wheel,v-8,5.3,"320hp @ 5,400rpm",6 speed automatic,"335 lb.-ft. @ 4,000rpm",,,,,,,,,,,,,16,,,,,,,,,,,
GMC,Yukon,2013,,,26.0gal.,,,rear-wheel,v-8,5.3,"320hp @ 5,400rpm",6 speed automatic,"335 lb.-ft. @ 4,000rpm",,,,,,,,,,,,,16,,,,,,,,,,,
GMC,Yukon,2012,,,26.0gal.,,,rear-wheel,v-8,5.3,"320hp @ 5,400rpm",6 speed automatic,"335 lb.-ft. @ 4,000rpm",,,,,,,,,,,,,16,,,,,,,,,,,
GMC,Yukon,2011,,,26.0gal.,,,rear-wheel,v-8,5.3,"320hp @ 5,400rpm",6 speed automatic,"335 lb.-ft. @ 4,000rpm",,,,,,,,,,,,,16,,,,,,,,,,,
GMC,Yukon,2010,,,26.0gal.,,,four-wheel,v-8,5.3,"320hp @ 5,400rpm",6 speed automatic,"335 lb.-ft. @ 4,000rpm",,,,,,,,,,,,,16,,,,,,,,,,,
GMC,Yukon,2009,,,26.0gal.,,,four-wheel,v-8,5.3,"320hp @ 5,200rpm",6 speed automatic,"340 lb.-ft. @ 4,200rpm",,,,,,,,,,,,,16,,,,,,,,,,,
GMC,Yukon,2008,,,26.0gal.,,,four-wheel,v-8,5.3,"320hp @ 5,200rpm",4 speed automatic,"340 lb.-ft. @ 4,200rpm",,,,,,,,,,,,,16,,,,,,,,,,,
GMC,Yukon,2007,,,26.0gal.,,,rear-wheel,v-8,5.3,"320hp @ 5,200rpm",4 speed automatic,"340 lb.-ft. @ 4,200rpm",,,,,,,,,,,,,16,,,,,,,,,,,
GMC,Yukon,2006,,,26.0gal.,,,rear-wheel,v-8,5.3,"295hp @ 5,200rpm",4 speed automatic,"335 lb.-ft. @ 4,000rpm",,,,,,,,,,,,,16,,,,,,,,,,,
GMC,Yukon,2005,,,26.0gal.,,,rear-wheel,v-8,5.3,"295hp @ 5,200rpm",4 speed automatic,"335 lb.-ft. @ 4,000rpm",,,,,,,,,,,,,16,,,,,,,,,,,
GMC,Yukon,2004,,,26.0gal.,,,rear-wheel,v-8,5.3,"295hp @ 5,200rpm",4 speed automatic,"330 lb.-ft. @ 4,000rpm",,,,,,,,,,,,,16,,,,,,,,,,,
GMC,Yukon,2003,,,26.0gal.,,,rear-wheel,v-8,5.3,"285hp @ 5,200rpm",4 speed automatic,"325 lb.-ft. @ 4,000rpm",,,,,,,,,,,,,16,,,,,,,,,,,
GMC,Yukon,2002,,,26.0gal.,,,rear-wheel,v-8,5.3,"285hp @ 5,200rpm",4 speed automatic,"325 lb.-ft. @ 4,000rpm",,,,,,,,,,,,,16,,,,,,,,,,,
GMC,Yukon,2001,,,26.0gal.,,,rear-wheel,v-8,5.3,"285hp @ 5,200rpm",4 speed automatic,"325 lb.-ft. @ 4,000rpm",,,,,,,,,,,,,16,,,,,,,,,,,
GMC,Yukon,2000,,,26.0gal.,,,rear-wheel,v-8,5.3,"285hp @ 5,200rpm",4 speed automatic,"325 lb.-ft. @ 4,000rpm",,,,,,,,,,,,,16,,,,,,,,,,,
GMC,Yukon,1999,,,30.0gal.,,,rear-wheel,v-8,5.7,"255hp @ 4,600rpm",4 speed automatic,"330 lb.-ft. @ 2,800rpm",,,,,,,,,,,,,16,,,,,,,,,,,
