make,model,year,city,highway,fuel tank capacity,total seating capacity,max cargo capacity,drive type,cylinder configuration,engine liters,horsepower,transmission,torque,abs,size,displacement,horse power,front head room,overall height,overall width,rear leg room,front leg room,overall length,rear head room,wheelbase,number of valves,number of speeds,curb weight,gross vehicle weight,towing capacity,number of doors,speakers,approach angle,ground clearance (max),ramp breakover angle,departure angle,ground clearance
Jeep,Cherokee,2019,22 mpg,31 mpg,15.8gal.,5,55 cu.ft.,front-wheel,v-6,3.2,"271hp @ 6,500rpm",9 speed automatic,"239 lb.-ft. @ 4,400rpm",4-wheel,2.4 l,144 cu.in.,180 hp,"39.4 ""","65.7 ""","73.2 ""","40.3 ""","41.1 ""","182.0 ""","38.5 ""","106.5 """,24,9,"3,655 lbs.","5,050 lbs.","2,000 lbs.",,,,,,,
Jeep,Cherokee,2018,21 mpg,30 mpg,15.8gal.,5,55 cu.ft.,front-wheel,i-4,3.2,"271hp @ 6,500rpm",9 speed automatic,"239 lb.-ft. @ 4,400rpm",4-wheel,2.4 l,144 cu.in.,184 hp,"39.4 ""","65.7 ""","73.2 ""","40.3 ""","41.1 ""","182.0 ""","38.5 ""","106.3 """,24,9,"3,655 lbs.","5,050 lbs.","2,000 lbs.",,,,,,,
Jeep,Cherokee,2017,21 mpg,30 mpg,15.8gal.,5,55 cu.ft.,front-wheel,v-6,3.2,"271hp @ 6,500rpm",9 speed automatic,"171 lb.-ft. @ 4,800rpm",4-wheel,2.4 l,144 cu.in.,184 hp,"39.4 ""","65.7 ""","73.2 ""","40.3 ""","41.1 ""","182.0 ""","38.5 ""","106.3 """,24,9,"3,655 lbs.","5,050 lbs.","2,000 lbs.",,,,,,,
Jeep,Cherokee,2016,22 mpg,31 mpg,15.8gal.,5,55 cu.ft.,front-wheel,v-6,3.2,"271hp @ 6,500rpm",9 speed automatic,"239 lb.-ft. @ 4,400rpm",4-wheel,2.4 l,144 cu.in.,184 hp,"39.4 ""","65.7 ""","73.2 ""","40.3 ""","41.1 ""","182.0 ""","38.5 ""","106.3 """,24,9,"3,655 lbs.","5,050 lbs.","2,000 lbs.",,,,,,,
Jeep,Cherokee,2015,22 mpg,31 mpg,15.8gal.,5,55 cu.ft.,front-wheel,i-4,2.4,"184hp @ 6,400rpm",9 speed automatic,"171 lb.-ft. @ 4,600rpm",4-wheel,2.4 l,144 cu.in.,184 hp,"39.4 ""","65.7 ""","73.2 ""","40.3 ""","41.1 ""","182.0 ""","38.5 ""","106.3 """,16,9,"3,655 lbs.","5,050 lbs.","2,000 lbs.",,,,,,,
Jeep,Cherokee,2014,22 mpg,31 mpg,15.8gal.,5,55 cu.ft.,front-wheel,i-4,2.4,"184hp @ 6,250rpm",9 speed automatic,"171 lb.-ft. @ 4,800rpm",4-wheel,2.4 l,144 cu.in.,184 hp,"39.4 ""","65.7 ""","73.2 ""","40.3 ""","41.1 ""","182.0 ""","38.5 ""","106.3 """,16,9,"3,679 lbs.","5,050 lbs.","2,000 lbs.",,,,,,,
Jeep,Cherokee,2001,,,20.0gal.,,,rear-wheel,i-6,4.0,"190hp @ 4,600rpm",4 speed automatic,"225 lb.-ft. @ 3,000rpm",,,,,,,,,,,,,12,,,,,,,,,,,
Jeep,Cherokee,2000,,,20.0gal.,,,rear-wheel,i-6,4.0,"190hp @ 4,600rpm",4 speed automatic,"225 lb.-ft. @ 3,000rpm",,,,,,,,,,,,,12,,,,,,,,,,,
Jeep,Cherokee,1999,21 mpg,25 mpg,20.0gal.,5,69 cu.ft.,rear-wheel,i-6,4.0,"190hp @ 4,600rpm",4 speed automatic,"225 lb.-ft. @ 3,000rpm",4-wheel,2.5 l,150 cu.in.,125 hp,"37.8 ""","63.8 ""","69.4 ""","35.0 ""","41.4 ""","167.5 ""","38.0 ""","101.4 """,12,5,"2,979 lbs.","4,550 lbs.","2,000 lbs.",,,,,,,
Jeep,Compass,2018,23 mpg,32 mpg,13.5gal.,5,60 cu.ft.,front-wheel,i-4,2.4,"180hp @ 6,400rpm",6 speed automatic,"175 lb.-ft. @ 3,900rpm",4-wheel,2.4 l,144 cu.in.,180 hp,"39.2 ""","64.6 ""","73.8 ""","38.3 ""","41.8 ""","173.0 ""","38.5 ""","103.8 """,16,6,"3,184 lbs.",,"1,000 lbs.",,,,,,,
Jeep,Compass,2017,,,13.6gal.,,,front-wheel,i-4,2.4,"172hp @ 6,000rpm",6 speed automatic,"165 lb.-ft. @ 4,400rpm",,,,,,,,,,,,,16,,,,,,,,,,,
Jeep,Compass,2016,,,13.6gal.,,,front-wheel,i-4,2.4,"172hp @ 6,000rpm",6 speed automatic,"165 lb.-ft. @ 4,400rpm",,,,,,,,,,,,,16,,,,,,,,,,,
Jeep,Compass,2015,,,13.6gal.,,,front-wheel,i-4,2.4,"172hp @ 6,000rpm",5 speed manual,"165 lb.-ft. @ 4,400rpm",,,,,,,,,,,,,16,,,,,,,,,,,
Jeep,Compass,2014,,,13.6gal.,,,front-wheel,i-4,2.4,"172hp @ 6,000rpm",6 speed automatic,"165 lb.-ft. @ 4,400rpm",,,,,,,,,,,,,16,,,,,,,,,,,
Jeep,Compass,2013,,,13.6gal.,,,front-wheel,i-4,2.4,"172hp @ 6,000rpm",continuously variable automatic,"165 lb.-ft. @ 4,400rpm",,,,,,,,,,,,,16,,,,,,,,,,,
Jeep,Compass,2012,,,13.6gal.,,,front-wheel,i-4,2.4,"172hp @ 6,000rpm",continuously variable automatic,"165 lb.-ft. @ 4,400rpm",,,,,,,,,,,,,16,,,,,,,,,,,
Jeep,Compass,2011,,,13.6gal.,,,front-wheel,i-4,2.4,"172hp @ 6,000rpm",continuously variable automatic,"165 lb.-ft. @ 4,400rpm",,,,,,,,,,,,,16,,,,,,,,,,,
Jeep,Compass,2010,,,13.6gal.,,,front-wheel,i-4,2.0,"158hp @ 6,400rpm",continuously variable automatic,"141 lb.-ft. @ 5,000rpm",,,,,,,,,,,,,16,,,,,,,,,,,
Jeep,Compass,2009,,,13.6gal.,,,front-wheel,i-4,2.4,"172hp @ 6,000rpm",continuously variable automatic,"165 lb.-ft. @ 4,400rpm",,,,,,,,,,,,,16,,,,,,,,,,,
Jeep,Compass,2008,,,13.6gal.,,,front-wheel,i-4,2.4,"172hp @ 6,000rpm",5 speed manual,"165 lb.-ft. @ 4,400rpm",,,,,,,,,,,,,16,,,,,,,,,,,
Jeep,Compass,2007,,,13.5gal.,,,four-wheel,i-4,2.4,"172hp @ 6,000rpm",continuously variable automatic,"165 lb.-ft. @ 4,400rpm",,,,,,,,,,,,,16,,,,,,,,,,,
Jeep,Compass X,2017,,,13.6gal.,,,front-wheel,i-4,2.0,"172hp @ 6,000rpm",6 speed automatic,"165 lb.-ft. @ 4,400rpm",,,,,,,,,,,,,16,,,,,,,,,,,
Jeep,New Compass,2017,,,13.6gal.,,,front-wheel,i-4,2.4,"180hp @ 6,400rpm",6 speed manual,"175 lb.-ft. @ 3,900rpm",,,,,,,,,,,,,16,,,,,,,,,,,
Jeep,Cherokee,2019,22 mpg,31 mpg,15.8gal.,5,55 cu.ft.,front-wheel,v-6,3.2,"271hp @ 6,500rpm",9 speed automatic,"239 lb.-ft. @ 4,400rpm",4-wheel,2.4 l,144 cu.in.,180 hp,"39.4 ""","65.7 ""","73.2 ""","40.3 ""","41.1 ""","182.0 ""","38.5 ""","106.5 """,24,9,"3,655 lbs.","5,050 lbs.","2,000 lbs.",,,,,,,
Jeep,Cherokee,2018,21 mpg,30 mpg,15.8gal.,5,55 cu.ft.,front-wheel,i-4,3.2,"271hp @ 6,500rpm",9 speed automatic,"239 lb.-ft. @ 4,400rpm",4-wheel,2.4 l,144 cu.in.,184 hp,"39.4 ""","65.7 ""","73.2 ""","40.3 ""","41.1 ""","182.0 ""","38.5 ""","106.3 """,24,9,"3,655 lbs.","5,050 lbs.","2,000 lbs.",,,,,,,
Jeep,Cherokee,2017,21 mpg,30 mpg,15.8gal.,5,55 cu.ft.,front-wheel,v-6,3.2,"271hp @ 6,500rpm",9 speed automatic,"171 lb.-ft. @ 4,800rpm",4-wheel,2.4 l,144 cu.in.,184 hp,"39.4 ""","65.7 ""","73.2 ""","40.3 ""","41.1 ""","182.0 ""","38.5 ""","106.3 """,24,9,"3,655 lbs.","5,050 lbs.","2,000 lbs.",,,,,,,
Jeep,Cherokee,2016,22 mpg,31 mpg,15.8gal.,5,55 cu.ft.,front-wheel,v-6,3.2,"271hp @ 6,500rpm",9 speed automatic,"239 lb.-ft. @ 4,400rpm",4-wheel,2.4 l,144 cu.in.,184 hp,"39.4 ""","65.7 ""","73.2 ""","40.3 ""","41.1 ""","182.0 ""","38.5 ""","106.3 """,24,9,"3,655 lbs.","5,050 lbs.","2,000 lbs.",,,,,,,
Jeep,Cherokee,2015,22 mpg,31 mpg,15.8gal.,5,55 cu.ft.,front-wheel,i-4,2.4,"184hp @ 6,400rpm",9 speed automatic,"171 lb.-ft. @ 4,600rpm",4-wheel,2.4 l,144 cu.in.,184 hp,"39.4 ""","65.7 ""","73.2 ""","40.3 ""","41.1 ""","182.0 ""","38.5 ""","106.3 """,16,9,"3,655 lbs.","5,050 lbs.","2,000 lbs.",,,,,,,
Jeep,Cherokee,2014,22 mpg,31 mpg,15.8gal.,5,55 cu.ft.,front-wheel,i-4,2.4,"184hp @ 6,250rpm",9 speed automatic,"171 lb.-ft. @ 4,800rpm",4-wheel,2.4 l,144 cu.in.,184 hp,"39.4 ""","65.7 ""","73.2 ""","40.3 ""","41.1 ""","182.0 ""","38.5 ""","106.3 """,16,9,"3,679 lbs.","5,050 lbs.","2,000 lbs.",,,,,,,
Jeep,Cherokee,2001,,,20.0gal.,,,rear-wheel,i-6,4.0,"190hp @ 4,600rpm",4 speed automatic,"225 lb.-ft. @ 3,000rpm",,,,,,,,,,,,,12,,,,,,,,,,,
Jeep,Cherokee,2000,,,20.0gal.,,,rear-wheel,i-6,4.0,"190hp @ 4,600rpm",4 speed automatic,"225 lb.-ft. @ 3,000rpm",,,,,,,,,,,,,12,,,,,,,,,,,
Jeep,Cherokee,1999,21 mpg,25 mpg,20.0gal.,5,69 cu.ft.,rear-wheel,i-6,4.0,"190hp @ 4,600rpm",4 speed automatic,"225 lb.-ft. @ 3,000rpm",4-wheel,2.5 l,150 cu.in.,125 hp,"37.8 ""","63.8 ""","69.4 ""","35.0 ""","41.4 ""","167.5 ""","38.0 ""","101.4 """,12,5,"2,979 lbs.","4,550 lbs.","2,000 lbs.",,,,,,,
Jeep,Commander,2010,,,21.1gal.,,,rear-wheel,v-8,5.7,"357hp @ 5,200rpm",multi-speed automatic,"389 lb.-ft. @ 4,000rpm",,,,,,,,,,,,,16,,,,,,,,,,,
Jeep,Commander,2009,,,21.1gal.,,,rear-wheel,v-8,4.7,"305hp @ 5,650rpm",multi-speed automatic,"334 lb.-ft. @ 3,950rpm",,,,,,,,,,,,,16,,,,,,,,,,,
Jeep,Commander,2008,,,21.1gal.,,,rear-wheel,v-8,5.7,"330hp @ 5,000rpm",multi-speed automatic,"375 lb.-ft. @ 4,000rpm",,,,,,,,,,,,,16,,,,,,,,,,,
Jeep,Commander,2007,,,21.1gal.,,,rear-wheel,v-8,5.7,"330hp @ 5,000rpm",multi-speed automatic,"375 lb.-ft. @ 4,000rpm",,,,,,,,,,,,,16,,,,,,,,,,,
Jeep,Commander,2006,,,20.5gal.,,,rear-wheel,v-8,4.7,"235hp @ 4,500rpm",multi-speed automatic,"305 lb.-ft. @ 3,600rpm",,,,,,,,,,,,,16,,,,,,,,,,,
Jeep,Compass,2018,23 mpg,32 mpg,13.5gal.,5,60 cu.ft.,front-wheel,i-4,2.4,"180hp @ 6,400rpm",6 speed automatic,"175 lb.-ft. @ 3,900rpm",4-wheel,2.4 l,144 cu.in.,180 hp,"39.2 ""","64.6 ""","73.8 ""","38.3 ""","41.8 ""","173.0 ""","38.5 ""","103.8 """,16,6,"3,184 lbs.",,"1,000 lbs.",,,,,,,
Jeep,Compass,2017,,,13.6gal.,,,front-wheel,i-4,2.4,"172hp @ 6,000rpm",6 speed automatic,"165 lb.-ft. @ 4,400rpm",,,,,,,,,,,,,16,,,,,,,,,,,
Jeep,Compass,2016,,,13.6gal.,,,front-wheel,i-4,2.4,"172hp @ 6,000rpm",6 speed automatic,"165 lb.-ft. @ 4,400rpm",,,,,,,,,,,,,16,,,,,,,,,,,
Jeep,Compass,2015,,,13.6gal.,,,front-wheel,i-4,2.4,"172hp @ 6,000rpm",5 speed manual,"165 lb.-ft. @ 4,400rpm",,,,,,,,,,,,,16,,,,,,,,,,,
Jeep,Compass,2014,,,13.6gal.,,,front-wheel,i-4,2.4,"172hp @ 6,000rpm",6 speed automatic,"165 lb.-ft. @ 4,400rpm",,,,,,,,,,,,,16,,,,,,,,,,,
Jeep,Compass,2013,,,13.6gal.,,,front-wheel,i-4,2.4,"172hp @ 6,000rpm",continuously variable automatic,"165 lb.-ft. @ 4,400rpm",,,,,,,,,,,,,16,,,,,,,,,,,
Jeep,Compass,2012,,,13.6gal.,,,front-wheel,i-4,2.4,"172hp @ 6,000rpm",continuously variable automatic,"165 lb.-ft. @ 4,400rpm",,,,,,,,,,,,,16,,,,,,,,,,,
Jeep,Compass,2011,,,13.6gal.,,,front-wheel,i-4,2.4,"172hp @ 6,000rpm",continuously variable automatic,"165 lb.-ft. @ 4,400rpm",,,,,,,,,,,,,16,,,,,,,,,,,
Jeep,Compass,2010,,,13.6gal.,,,front-wheel,i-4,2.0,"158hp @ 6,400rpm",continuously variable automatic,"165 lb.-ft. @ 4,400rpm",,,,,,,,,,,,,16,,,,,,,,,,,
Jeep,Compass,2009,,,13.6gal.,,,front-wheel,i-4,2.4,"172hp @ 6,000rpm",5 speed manual,"165 lb.-ft. @ 4,400rpm",,,,,,,,,,,,,16,,,,,,,,,,,
Jeep,Compass,2008,,,13.6gal.,,,front-wheel,i-4,2.4,"172hp @ 6,000rpm",continuously variable automatic,"165 lb.-ft. @ 4,400rpm",,,,,,,,,,,,,16,,,,,,,,,,,
Jeep,Compass,2007,,,13.5gal.,,,four-wheel,i-4,2.4,"172hp @ 6,000rpm",continuously variable automatic,"165 lb.-ft. @ 4,400rpm",,,,,,,,,,,,,16,,,,,,,,,,,
Jeep,Grand Cherokee,2018,19 mpg,26 mpg,24.6gal.,5,68 cu.ft.,rear-wheel,v-6,3.6,"295hp @ 6,400rpm",8 speed automatic,"260 lb.-ft. @ 4,000rpm",4-wheel,3.6 l,220 cu.in.,295 hp,"39.9 ""","69.3 ""","76.5 ""","38.6 ""","40.3 ""","189.8 ""","39.2 ""","114.8 """,24,8,"4,513 lbs.","6,500 lbs.","3,500 lbs.",,,,,,,
Jeep,Grand Cherokee,2017,19 mpg,26 mpg,24.6gal.,5,68 cu.ft.,rear-wheel,v-6,3.6,"293hp @ 6,400rpm",8 speed automatic,"260 lb.-ft. @ 4,000rpm",4-wheel,3.6 l,220 cu.in.,293 hp,"39.9 ""","69.3 ""","76.5 ""","38.6 ""","40.3 ""","189.8 ""","39.2 ""","114.8 """,24,8,"4,545 lbs.","6,500 lbs.","3,500 lbs.",,,,,,,
Jeep,Grand Cherokee,2016,19 mpg,26 mpg,24.6gal.,5,68 cu.ft.,rear-wheel,v-6,3.6,"293hp @ 6,400rpm",8 speed automatic,"260 lb.-ft. @ 4,000rpm",4-wheel,3.6 l,220 cu.in.,293 hp,"39.9 ""","69.3 ""","76.5 ""","38.6 ""","40.3 ""","189.8 ""","39.2 ""","114.8 """,24,8,"4,545 lbs.","6,500 lbs.","3,500 lbs.",,,,,,,
Jeep,Grand Cherokee,2015,17 mpg,25 mpg,24.6gal.,5,68 cu.ft.,rear-wheel,v-6,3.6,"290hp @ 6,400rpm",8 speed automatic,"260 lb.-ft. @ 4,800rpm",4-wheel,3.6 l,220 cu.in.,290 hp,"39.9 ""","69.3 ""","76.5 ""","38.6 ""","40.3 ""","189.8 ""","39.2 ""","114.8 """,24,8,"4,545 lbs.","6,500 lbs.","3,500 lbs.",,,,,,,
Jeep,Grand Cherokee,2014,17 mpg,25 mpg,24.6gal.,5,68 cu.ft.,rear-wheel,v-6,3.6,"290hp @ 6,400rpm",8 speed automatic,"260 lb.-ft. @ 4,800rpm",4-wheel,3.6 l,220 cu.in.,290 hp,"39.9 ""","69.3 ""","76.5 ""","38.6 ""","40.3 ""","189.8 ""","39.2 ""","114.8 """,24,8,"4,545 lbs.","6,500 lbs.","6,200 lbs.",,,,,,,
Jeep,Grand Cherokee,2013,17 mpg,23 mpg,24.6gal.,5,69 cu.ft.,rear-wheel,v-8,5.7,"360hp @ 5,150rpm",6 speed automatic,"390 lb.-ft. @ 4,250rpm",4-wheel,3.6 l,220 cu.in.,290 hp,"39.9 ""","69.4 ""","76.3 ""","38.6 ""","40.3 ""","189.8 ""","39.2 ""","114.8 """,16,5,"4,470 lbs.","6,500 lbs.","5,000 lbs.",,,,,,,
Jeep,Grand Cherokee,2012,17 mpg,23 mpg,24.6gal.,5,69 cu.ft.,rear-wheel,v-8,5.7,"290hp @ 6,400rpm",6 speed automatic,"260 lb.-ft. @ 4,800rpm",4-wheel,3.6 l,220 cu.in.,290 hp,"39.9 ""","69.4 ""","76.3 ""","38.6 ""","40.3 ""","189.8 ""","39.2 ""","114.8 """,16,5,"4,470 lbs.","6,500 lbs.","5,000 lbs.",,,,,,,
Jeep,Grand Cherokee,2011,,,24.6gal.,,,rear-wheel,v-8,5.7,"360hp @ 5,150rpm",multi-speed automatic,"390 lb.-ft. @ 4,250rpm",,,,,,,,,,,,,16,,,,,,,,,,,
Jeep,Grand Cherokee,2010,16 mpg,21 mpg,21.1gal.,5,69 cu.ft.,rear-wheel,v-8,5.7,"357hp @ 5,200rpm",multi-speed automatic,"389 lb.-ft. @ 4,000rpm",4-wheel,3.7 l,226 cu.in.,210 hp,"39.7 ""","68.7 ""","72.6 ""","35.5 ""","41.7 ""","186.7 ""","39.3 ""","109.5 """,16,5,"4,261 lbs.","5,700 lbs.","3,500 lbs.",,,,,,,
Jeep,Grand Cherokee,2009,,,22.0gal.,,,rear-wheel,v-8,3.0,"215hp @ 3,800rpm",multi-speed automatic,"376 lb.-ft. @ 1,600rpm",,,,,,,,,,,,,24,,,,,,,,,,,
Jeep,Grand Cherokee,2008,,,22.0gal.,,,rear-wheel,v-8,3.0,"215hp @ 3,800rpm",multi-speed automatic,"376 lb.-ft. @ 1,600rpm",,,,,,,,,,,,,24,,,,,,,,,,,
Jeep,Grand Cherokee,2007,,,21.1gal.,,,rear-wheel,v-8,4.7,"230hp @ 4,700rpm",multi-speed automatic,"290 lb.-ft. @ 3,700rpm",,,,,,,,,,,,,16,,,,,,,,,,,
Jeep,Grand Cherokee,2006,,,20.5gal.,,,rear-wheel,v-8,4.7,"230hp @ 4,700rpm",multi-speed automatic,"290 lb.-ft. @ 3,700rpm",,,,,,,,,,,,,16,,,,,,,,,,,
Jeep,Grand Cherokee,2005,,,20.5gal.,,,rear-wheel,v-8,4.7,"230hp @ 4,700rpm",multi-speed automatic,"290 lb.-ft. @ 3,700rpm",,,,,,,,,,,,,16,,,,,,,,,,,
Jeep,Grand Cherokee,2004,,,20.5gal.,,,rear-wheel,v-8,4.7,"235hp @ 4,800rpm",multi-speed automatic,"295 lb.-ft. @ 3,200rpm",,,,,,,,,,,,,16,,,,,,,,,,,
Jeep,Grand Cherokee,2003,,,20.5gal.,,,four-wheel,v-8,4.7,"235hp @ 4,800rpm",multi-speed automatic,"295 lb.-ft. @ 3,200rpm",,,,,,,,,,,,,16,,,,,,,,,,,
Jeep,Grand Cherokee,2002,,,20.5gal.,,,four-wheel,v-8,4.7,"235hp @ 4,800rpm",multi-speed automatic,"295 lb.-ft. @ 3,200rpm",,,,,,,,,,,,,16,,,,,,,,,,,
Jeep,Grand Cherokee,2001,,,20.5gal.,,,rear-wheel,v-8,4.7,"230hp @ 4,800rpm",5 speed automatic,"295 lb.-ft. @ 3,200rpm",,,,,,,,,,,,,16,,,,,,,,,,,
Jeep,Grand Cherokee,2000,,,20.5gal.,,,rear-wheel,v-8,4.7,"235hp @ 4,800rpm",4 speed automatic,"295 lb.-ft. @ 3,200rpm",,,,,,,,,,,,,16,,,,,,,,,,,
Jeep,Grand Cherokee,1999,16 mpg,21 mpg,20.5gal.,5,72 cu.ft.,rear-wheel,i-6,4.0,"195hp @ 4,600rpm",4 speed automatic,"230 lb.-ft. @ 3,000rpm",4-wheel,4.0 l,244 cu.in.,195 hp,"39.7 ""","69.4 ""","72.3 ""","35.3 ""","41.4 ""","181.5 ""","39.5 ""","105.9 """,12,4,"3,880 lbs.","5,350 lbs.","5,000 lbs.",,,,,,,
Jeep,Liberty,2012,,,19.5gal.,,,rear-wheel,v-6,3.7,"210hp @ 5,200rpm",4 speed automatic,"235 lb.-ft. @ 4,000rpm",,,,,,,,,,,,,12,,,,,,,,,,,
Jeep,Liberty,2011,,,19.5gal.,,,rear-wheel,v-6,3.7,"210hp @ 5,200rpm",4 speed automatic,"235 lb.-ft. @ 4,000rpm",,,,,,,,,,,,,12,,,,,,,,,,,
Jeep,Liberty,2010,,,19.5gal.,,,rear-wheel,v-6,3.7,"210hp @ 5,200rpm",4 speed automatic,"235 lb.-ft. @ 4,000rpm",,,,,,,,,,,,,12,,,,,,,,,,,
Jeep,Liberty,2009,,,19.5gal.,,,rear-wheel,v-6,3.7,"210hp @ 5,200rpm",4 speed automatic,"235 lb.-ft. @ 4,000rpm",,,,,,,,,,,,,12,,,,,,,,,,,
Jeep,Liberty,2008,,,19.5gal.,,,rear-wheel,v-6,3.7,"210hp @ 5,200rpm",4 speed automatic,"235 lb.-ft. @ 4,000rpm",,,,,,,,,,,,,12,,,,,,,,,,,
Jeep,Liberty,2007,,,20.5gal.,,,rear-wheel,v-6,3.7,"210hp @ 5,200rpm",4 speed automatic,"235 lb.-ft. @ 4,000rpm",,,,,,,,,,,,,12,,,,,,,,,,,
Jeep,Liberty,2006,,,20.5gal.,,,rear-wheel,v-6,3.7,"210hp @ 5,200rpm",4 speed automatic,"235 lb.-ft. @ 4,000rpm",,,,,,,,,,,,,12,,,,,,,,,,,
Jeep,Liberty,2005,,,20.5gal.,,,rear-wheel,v-6,3.7,"210hp @ 5,200rpm",4 speed automatic,"235 lb.-ft. @ 4,000rpm",,,,,,,,,,,,,12,,,,,,,,,,,
Jeep,Liberty,2004,,,19.5gal.,,,four-wheel,v-6,3.7,"210hp @ 5,200rpm",4 speed automatic,"235 lb.-ft. @ 4,000rpm",,,,,,,,,,,,,12,,,,,,,,,,,
Jeep,Liberty,2003,,,18.5gal.,,,four-wheel,v-6,3.7,"210hp @ 5,200rpm",multi-speed automatic,"235 lb.-ft. @ 4,000rpm",,,,,,,,,,,,,12,,,,,,,,,,,
Jeep,Liberty,2002,,,18.5gal.,,,four-wheel,v-6,3.7,"210hp @ 5,200rpm",multi-speed automatic,"235 lb.-ft. @ 4,000rpm",,,,,,,,,,,,,12,,,,,,,,,,,
Jeep,Patriot,2017,,,13.6gal.,,,front-wheel,i-4,2.4,"172hp @ 6,000rpm",6 speed automatic,"165 lb.-ft. @ 4,400rpm",,,,,,,,,,,,,16,,,,,,,,,,,
Jeep,Patriot,2016,,,13.6gal.,,,front-wheel,i-4,2.4,"172hp @ 6,000rpm",6 speed automatic,"165 lb.-ft. @ 4,400rpm",,,,,,,,,,,,,16,,,,,,,,,,,
Jeep,Patriot,2015,,,13.6gal.,,,front-wheel,i-4,2.0,"158hp @ 6,400rpm",6 speed automatic,"165 lb.-ft. @ 4,400rpm",,,,,,,,,,,,,16,,,,,,,,,,,
Jeep,Patriot,2014,,,13.6gal.,,,front-wheel,i-4,2.4,"172hp @ 6,000rpm",5 speed manual,"165 lb.-ft. @ 4,400rpm",,,,,,,,,,,,,16,,,,,,,,,,,
Jeep,Patriot,2013,,,13.6gal.,,,front-wheel,i-4,2.4,"172hp @ 6,000rpm",continuously variable automatic,"165 lb.-ft. @ 4,400rpm",,,,,,,,,,,,,16,,,,,,,,,,,
Jeep,Patriot,2012,,,13.6gal.,,,front-wheel,i-4,2.4,"158hp @ 6,400rpm",continuously variable automatic,"165 lb.-ft. @ 4,400rpm",,,,,,,,,,,,,16,,,,,,,,,,,
Jeep,Patriot,2011,,,13.6gal.,,,front-wheel,i-4,2.4,"172hp @ 6,000rpm",continuously variable automatic,"165 lb.-ft. @ 4,400rpm",,,,,,,,,,,,,16,,,,,,,,,,,
Jeep,Patriot,2010,,,13.6gal.,,,front-wheel,i-4,2.0,"158hp @ 6,400rpm",5 speed manual,"141 lb.-ft. @ 5,000rpm",,,,,,,,,,,,,16,,,,,,,,,,,
Jeep,Patriot,2009,,,13.6gal.,,,front-wheel,i-4,2.4,"172hp @ 6,000rpm",continuously variable automatic,"165 lb.-ft. @ 4,400rpm",,,,,,,,,,,,,16,,,,,,,,,,,
Jeep,Patriot,2008,,,13.6gal.,,,front-wheel,i-4,2.4,"172hp @ 6,000rpm",continuously variable automatic,"165 lb.-ft. @ 4,400rpm",,,,,,,,,,,,,16,,,,,,,,,,,
Jeep,Patriot,2007,,,13.6gal.,,,front-wheel,i-4,2.4,"172hp @ 6,000rpm",continuously variable automatic,"165 lb.-ft. @ 4,400rpm",,,,,,,,,,,,,16,,,,,,,,,,,
