make,model,year,city,highway,fuel tank capacity,total seating capacity,max cargo capacity,drive type,cylinder configuration,engine liters,horsepower,transmission,torque,abs,size,displacement,horse power,front head room,overall height,overall width,rear leg room,front leg room,overall length,rear head room,wheelbase,number of valves,number of speeds,curb weight,gross vehicle weight,towing capacity,number of doors,speakers,approach angle,ground clearance (max),ramp breakover angle,departure angle,ground clearance
Lamborghini,Aventador,2017,,,23.8gal.,,,all-wheel drive,v-12,6.5,"691hp @ 8,250rpm",7 speed automatic with auto-shift,"507 lb.-ft. @ 5,500rpm",,,,,,,,,,,,,48,,,,,,,,,,,
Lamborghini,Aventador,2016,,,23.8gal.,,,all-wheel drive,v-12,6.5,"691hp @ 8,250rpm",7 speed automatic with auto-shift,"508 lb.-ft. @ 5,500rpm",,,,,,,,,,,,,48,,,,,,,,,,,
Lamborghini,Aventador,2015,,,23.8gal.,,,all-wheel drive,v-12,6.5,"691hp @ 8,250rpm",7 speed automatic with auto-shift,"508 lb.-ft. @ 5,500rpm",,,,,,,,,,,,,48,,,,,,,,,,,
Lamborghini,Aventador,2014,,,23.8gal.,,,all-wheel drive,v-12,6.5,"691hp @ 8,250rpm",7 speed automatic with auto-shift,"508 lb.-ft. @ 5,500rpm",,,,,,,,,,,,,48,,,,,,,,,,,
Lamborghini,Aventador,2013,,,23.8gal.,,,all-wheel drive,v-12,6.5,"691hp @ 8,250rpm",7 speed automatic with auto-shift,"508 lb.-ft. @ 5,500rpm",,,,,,,,,,,,,48,,,,,,,,,,,
Lamborghini,Aventador,2012,,,23.8gal.,,,all-wheel drive,v-12,6.5,"691hp @ 8,250rpm",7 speed automatic with auto-shift,"508 lb.-ft. @ 5,500rpm",,,,,,,,,,,,,48,,,,,,,,,,,
Lamborghini,Huracan,2018,14 mpg,19 mpg,21.1gal.,2,,all-wheel drive,v-10,5.2,"602hp @ 8,250rpm",7 speed automatic with auto-shift,"412 lb.-ft. @ 6,500rpm",4-wheel,5.2 l,318 cu.in.,602 hp,,"45.9 ""","75.8 """,,,"175.6 """,,"103.2 """,40,7,,"4,409 lbs.",,,,,,,,
Lamborghini,Huracan,2017,,,21.1gal.,,,all-wheel drive,v-10,5.2,"602hp @ 8,250rpm",7 speed automatic with auto-shift,"412 lb.-ft. @ 6,500rpm",,,,,,,,,,,,,40,,,,,,,,,,,
Lamborghini,Huracan,2016,,,21.1gal.,,,all-wheel drive,v-10,5.2,"602hp @ 8,250rpm",7 speed automatic with auto-shift,"412 lb.-ft. @ 6,500rpm",,,,,,,,,,,,,40,,,,,,,,,,,
Lamborghini,Huracan,2015,,,,,,all-wheel drive,v-10,5.2,"602hp @ 8,250rpm",7 speed automatic with auto-shift,"412 lb.-ft. @ 6,500rpm",,,,,,,,,,,,,40,,,,,,,,,,,
Lamborghini,Aventador,2017,,,23.8gal.,,,all-wheel drive,v-12,6.5,"691hp @ 8,250rpm",7 speed automatic with auto-shift,"507 lb.-ft. @ 5,500rpm",,,,,,,,,,,,,48,,,,,,,,,,,
Lamborghini,Aventador,2016,,,23.8gal.,,,all-wheel drive,v-12,6.5,"691hp @ 8,250rpm",7 speed automatic with auto-shift,"508 lb.-ft. @ 5,500rpm",,,,,,,,,,,,,48,,,,,,,,,,,
Lamborghini,Aventador,2015,,,23.8gal.,,,all-wheel drive,v-12,6.5,"691hp @ 8,250rpm",7 speed automatic with auto-shift,"508 lb.-ft. @ 5,500rpm",,,,,,,,,,,,,48,,,,,,,,,,,
Lamborghini,Aventador,2014,,,23.8gal.,,,all-wheel drive,v-12,6.5,"691hp @ 8,250rpm",7 speed automatic with auto-shift,"508 lb.-ft. @ 5,500rpm",,,,,,,,,,,,,48,,,,,,,,,,,
Lamborghini,Aventador,2013,,,23.8gal.,,,all-wheel drive,v-12,6.5,"691hp @ 8,250rpm",7 speed automatic with auto-shift,"508 lb.-ft. @ 5,500rpm",,,,,,,,,,,,,48,,,,,,,,,,,
Lamborghini,Aventador,2012,,,23.8gal.,,,all-wheel drive,v-12,6.5,"691hp @ 8,250rpm",7 speed automatic with auto-shift,"508 lb.-ft. @ 5,500rpm",,,,,,,,,,,,,48,,,,,,,,,,,
Lamborghini,Huracan,2018,14 mpg,19 mpg,21.1gal.,2,,all-wheel drive,v-10,5.2,"602hp @ 8,250rpm",7 speed automatic with auto-shift,"412 lb.-ft. @ 6,500rpm",4-wheel,5.2 l,318 cu.in.,602 hp,,"45.9 ""","75.8 """,,,"175.6 """,,"103.2 """,40,7,,"4,409 lbs.",,,,,,,,
Lamborghini,Huracan,2017,,,21.1gal.,,,all-wheel drive,v-10,5.2,"602hp @ 8,250rpm",7 speed automatic with auto-shift,"412 lb.-ft. @ 6,500rpm",,,,,,,,,,,,,40,,,,,,,,,,,
Lamborghini,Huracan,2016,,,21.1gal.,,,all-wheel drive,v-10,5.2,"602hp @ 8,250rpm",7 speed automatic with auto-shift,"412 lb.-ft. @ 6,500rpm",,,,,,,,,,,,,40,,,,,,,,,,,
Lamborghini,Huracan,2015,,,,,,all-wheel drive,v-10,5.2,"602hp @ 8,250rpm",7 speed automatic with auto-shift,"412 lb.-ft. @ 6,500rpm",,,,,,,,,,,,,40,,,,,,,,,,,
Lamborghini,Aventador,2017,,,23.8gal.,,,all-wheel drive,v-12,6.5,"691hp @ 8,250rpm",7 speed automatic with auto-shift,"507 lb.-ft. @ 5,500rpm",,,,,,,,,,,,,48,,,,,,,,,,,
Lamborghini,Aventador,2016,,,23.8gal.,,,all-wheel drive,v-12,6.5,"691hp @ 8,250rpm",7 speed automatic with auto-shift,"508 lb.-ft. @ 5,500rpm",,,,,,,,,,,,,48,,,,,,,,,,,
Lamborghini,Aventador,2015,,,23.8gal.,,,all-wheel drive,v-12,6.5,"691hp @ 8,250rpm",7 speed automatic with auto-shift,"508 lb.-ft. @ 5,500rpm",,,,,,,,,,,,,48,,,,,,,,,,,
Lamborghini,Aventador,2014,,,23.8gal.,,,all-wheel drive,v-12,6.5,"691hp @ 8,250rpm",7 speed automatic with auto-shift,"508 lb.-ft. @ 5,500rpm",,,,,,,,,,,,,48,,,,,,,,,,,
Lamborghini,Aventador,2013,,,23.8gal.,,,all-wheel drive,v-12,6.5,"691hp @ 8,250rpm",7 speed automatic with auto-shift,"508 lb.-ft. @ 5,500rpm",,,,,,,,,,,,,48,,,,,,,,,,,
Lamborghini,Aventador,2012,,,23.8gal.,,,all-wheel drive,v-12,6.5,"691hp @ 8,250rpm",7 speed automatic with auto-shift,"508 lb.-ft. @ 5,500rpm",,,,,,,,,,,,,48,,,,,,,,,,,
Lamborghini,Aventador S,2018,10 mpg,17 mpg,22.5gal.,2,5 cu.ft.,all-wheel drive,v-12,6.5,"729hp @ 8,400rpm",7 speed automatic with auto-shift,"507 lb.-ft. @ 5,500rpm",4-wheel,6.5 l,397 cu.in.,729 hp,,"44.7 ""","79.9 """,,,"188.9 """,,"106.3 """,48,7,,,,,,,,,,
Lamborghini,Diablo,2001,,,26.4gal.,,,all-wheel drive,v-12,6.0,"550hp @ 7,100rpm",5 speed manual,"457 lb.-ft. @ 5,500rpm",,,,,,,,,,,,,48,,,,,,,,,,,
Lamborghini,Diablo,1999,10 mpg,13 mpg,26.4gal.,2,5 cu.ft.,rear-wheel,v-12,5.7,"530hp @ 7,100rpm",5 speed manual,"446 lb.-ft. @ 5,200rpm",4-wheel,5.7 l,348 cu.in.,530 hp,,"43.5 ""","80.3 """,,,"176.0 """,,"104.3 """,48,5,"3,374 lbs.",,,,,,,,,
Lamborghini,Gallardo,2014,,,23.8gal.,,,all-wheel drive,v-10,5.2,"552hp @ 8,000rpm",6 speed manual,"398 lb.-ft. @ 6,500rpm",,,,,,,,,,,,,40,,,,,,,,,,,
Lamborghini,Gallardo,2013,,,23.8gal.,,,all-wheel drive,v-10,5.2,"562hp @ 8,000rpm",6 speed manual,"398 lb.-ft. @ 6,500rpm",,,,,,,,,,,,,40,,,,,,,,,,,
Lamborghini,Gallardo,2012,,,23.8gal.,,,all-wheel drive,v-10,5.2,"562hp @ 8,000rpm",6 speed manual,"398 lb.-ft. @ 6,500rpm",,,,,,,,,,,,,40,,,,,,,,,,,
Lamborghini,Gallardo,2011,,,23.8gal.,,,all-wheel drive,v-10,5.2,"562hp @ 8,000rpm",6 speed manual,"398 lb.-ft. @ 6,500rpm",,,,,,,,,,,,,40,,,,,,,,,,,
Lamborghini,Gallardo,2010,,,23.8gal.,,,all-wheel drive,v-10,5.2,"552hp @ 8,000rpm",6 speed automatic with auto-shift,"398 lb.-ft. @ 6,500rpm",,,,,,,,,,,,,40,,,,,,,,,,,
Lamborghini,Gallardo,2009,,,23.8gal.,,,all-wheel drive,v-10,5.2,"552hp @ 8,000rpm",6 speed automatic with auto-shift,"398 lb.-ft. @ 6,500rpm",,,,,,,,,,,,,40,,,,,,,,,,,
Lamborghini,Gallardo,2008,,,23.8gal.,,,all-wheel drive,v-10,5.0,"520hp @ 8,000rpm",6 speed automatic with auto-shift,"375 lb.-ft. @ 4,500rpm",,,,,,,,,,,,,50,,,,,,,,,,,
Lamborghini,Gallardo,2007,,,23.8gal.,,,all-wheel drive,v-10,5.0,"520hp @ 8,000rpm",6 speed automatic with auto-shift,"375 lb.-ft. @ 4,500rpm",,,,,,,,,,,,,50,,,,,,,,,,,
Lamborghini,Gallardo,2006,,,23.8gal.,,,all-wheel drive,v-10,5.0,"520hp @ 8,000rpm",6 speed automatic with auto-shift,"375 lb.-ft. @ 4,500rpm",,,,,,,,,,,,,50,,,,,,,,,,,
Lamborghini,Gallardo,2005,,,23.8gal.,,,all-wheel drive,v-10,5.0,"493hp @ 7,800rpm",6 speed automatic with auto-shift,"375 lb.-ft. @ 4,500rpm",,,,,,,,,,,,,50,,,,,,,,,,,
Lamborghini,Gallardo,2004,,,23.8gal.,,,all-wheel drive,v-10,5.0,"493hp @ 7,800rpm",6 speed automatic with auto-shift,"375 lb.-ft. @ 4,500rpm",,,,,,,,,,,,,50,,,,,,,,,,,
