make,model,year,city,highway,fuel tank capacity,total seating capacity,max cargo capacity,drive type,cylinder configuration,engine liters,horsepower,transmission,torque,abs,size,displacement,horse power,front head room,overall height,overall width,rear leg room,front leg room,overall length,rear head room,wheelbase,number of valves,number of speeds,curb weight,gross vehicle weight,towing capacity,number of doors,speakers,approach angle,ground clearance (max),ramp breakover angle,departure angle,ground clearance
Land Rover,Discovery,2019,21 mpg,26 mpg,22.5gal.,5,88 cu.ft.,terrain response 2 auto four-wheel,v-6,3.0,"254hp @ 3,750rpm",8 speed automatic,"443 lb.-ft. @ 1,500rpm",4-wheel,3.0 l,183 cu.in.,254 hp,"39.4 ""","73.0 ""","78.7 ""","37.6 ""","42.4 ""","195.7 ""","39.0 ""","115.0 """,24,8,"4,916 lbs.","6,724 lbs.","7,716 lbs.",,,,,,,
Land Rover,Discovery,2018,16 mpg,21 mpg,23.5gal.,5,88 cu.ft.,terrain response 2 auto four-wheel,v-6,3.0,"340hp @ 6,500rpm",8 speed automatic,"332 lb.-ft. @ 3,500rpm",4-wheel,3.0 l,183 cu.in.,340 hp,"40.0 ""","73.0 ""","78.7 ""","37.6 ""","42.4 ""","195.7 ""","39.0 ""","115.0 """,24,8,"4,751 lbs.","6,592 lbs.","8,201 lbs.",,,,,,,
Land Rover,Discovery,2017,16 mpg,21 mpg,23.5gal.,5,83 cu.ft.,terrain response 2 auto four-wheel,v-6,3.0,"340hp @ 6,500rpm",8 speed automatic,"332 lb.-ft. @ 3,500rpm",4-wheel,3.0 l,183 cu.in.,340 hp,"39.4 ""","72.7 ""","78.7 ""","37.6 ""","39.0 ""","195.7 ""","39.0 ""","115.0 """,24,8,"4,835 lbs.","6,592 lbs.","8,201 lbs.",,,,,,,
Land Rover,Discovery,2004,,,24.6gal.,,,four-wheel,v-8,4.6,"217hp @ 4,750rpm",4 speed automatic,"300 lb.-ft. @ 2,600rpm",,,,,,,,,,,,,16,,,,,,,,,,,
Land Rover,Discovery,2003,,,24.6gal.,,,four-wheel,v-8,4.6,"217hp @ 4,750rpm",4 speed automatic,"300 lb.-ft. @ 2,600rpm",,,,,,,,,,,,,16,,,,,,,,,,,
Land Rover,Discovery,2002,,,24.6gal.,,,four-wheel,v-8,4.0,"188hp @ 4,750rpm",4 speed automatic,"250 lb.-ft. @ 2,600rpm",,,,,,,,,,,,,16,,,,,,,,,,,
Land Rover,Discovery,2001,,,24.6gal.,,,four-wheel,v-8,4.0,"188hp @ 4,750rpm",4 speed automatic,"250 lb.-ft. @ 2,600rpm",,,,,,,,,,,,,16,,,,,,,,,,,
Land Rover,Discovery,2000,,,24.6gal.,,,four-wheel,v-8,4.0,"188hp @ 4,750rpm",4 speed automatic,"250 lb.-ft. @ 2,600rpm",,,,,,,,,,,,,16,,,,,,,,,,,
Land Rover,Discovery,1999,,,23.4gal.,,,four-wheel,v-8,4.0,"182hp @ 4,750rpm",4 speed automatic,"233 lb.-ft. @ 3,000rpm",,,,,,,,,,,,,16,,,,,,,,,,,
Land Rover,Freelander,2005,,,16.9gal.,,,all-wheel drive,v-6,2.5,"174hp @ 6,250rpm",5 speed automatic,"177 lb.-ft. @ 4,000rpm",,,,,,,,,,,,,24,,,,,,,,,,,
Land Rover,Freelander,2004,,,16.9gal.,,,all-wheel drive,v-6,2.5,"174hp @ 6,250rpm",5 speed automatic,"177 lb.-ft. @ 4,000rpm",,,,,,,,,,,,,24,,,,,,,,,,,
Land Rover,Freelander,2003,,,16.9gal.,,,all-wheel drive,v-6,2.5,"174hp @ 6,250rpm",5 speed automatic,"177 lb.-ft. @ 4,000rpm",,,,,,,,,,,,,24,,,,,,,,,,,
Land Rover,Freelander,2002,,,15.8gal.,,,all-wheel drive,v-6,2.5,"174hp @ 6,250rpm",5 speed automatic,"177 lb.-ft. @ 4,000rpm",,,,,,,,,,,,,24,,,,,,,,,,,
Land Rover,LR2,2015,,,18.5gal.,,,terrain response four-wheel,i-4,2.0,"240hp @ 5,500rpm",6 speed automatic,"250 lb.-ft. @ 1,750rpm",,,,,,,,,,,,,16,,,,,,,,,,,
Land Rover,LR2,2014,,,18.5gal.,,,terrain response four-wheel,i-4,2.0,"240hp @ 5,500rpm",6 speed automatic,"250 lb.-ft. @ 1,750rpm",,,,,,,,,,,,,16,,,,,,,,,,,
Land Rover,LR2,2013,,,18.5gal.,,,terrain response four-wheel,i-4,2.0,"240hp @ 5,500rpm",6 speed automatic,"250 lb.-ft. @ 1,750rpm",,,,,,,,,,,,,16,,,,,,,,,,,
Land Rover,LR2,2012,,,18.5gal.,,,terrain response four-wheel,i-6,3.2,"230hp @ 6,300rpm",6 speed automatic,"234 lb.-ft. @ 3,200rpm",,,,,,,,,,,,,24,,,,,,,,,,,
Land Rover,LR2,2011,,,18.5gal.,,,terrain response four-wheel,i-6,3.2,"230hp @ 6,300rpm",6 speed automatic,"234 lb.-ft. @ 3,200rpm",,,,,,,,,,,,,24,,,,,,,,,,,
Land Rover,LR2,2010,,,18.5gal.,,,four-wheel,i-6,3.2,"230hp @ 6,300rpm",6 speed automatic,"234 lb.-ft. @ 3,200rpm",,,,,,,,,,,,,24,,,,,,,,,,,
Land Rover,LR2,2009,,,18.5gal.,,,four-wheel,i-6,3.2,"230hp @ 6,300rpm",6 speed automatic,"234 lb.-ft. @ 3,200rpm",,,,,,,,,,,,,24,,,,,,,,,,,
Land Rover,LR2,2008,,,18.5gal.,,,four-wheel,i-6,3.2,"230hp @ 6,300rpm",6 speed automatic,"234 lb.-ft. @ 3,200rpm",,,,,,,,,,,,,24,,,,,,,,,,,
Land Rover,LR3,2009,,,22.8gal.,,,four-wheel,v-8,4.4,"300hp @ 5,500rpm",6 speed automatic,"315 lb.-ft. @ 4,000rpm",,,,,,,,,,,,,32,,,,,,,,,,,
Land Rover,LR3,2008,,,22.8gal.,,,four-wheel,v-8,4.4,"300hp @ 5,500rpm",6 speed automatic,"315 lb.-ft. @ 4,000rpm",,,,,,,,,,,,,32,,,,,,,,,,,
Land Rover,LR3,2007,,,22.8gal.,,,four-wheel,v-8,4.4,"300hp @ 5,500rpm",6 speed automatic,"315 lb.-ft. @ 4,000rpm",,,,,,,,,,,,,32,,,,,,,,,,,
Land Rover,LR3,2006,,,22.8gal.,,,four-wheel,v-8,4.4,"300hp @ 5,500rpm",6 speed automatic,"315 lb.-ft. @ 4,000rpm",,,,,,,,,,,,,32,,,,,,,,,,,
Land Rover,LR3,2005,,,22.8gal.,,,four-wheel,v-8,4.4,"300hp @ 5,500rpm",6 speed automatic,"315 lb.-ft. @ 4,000rpm",,,,,,,,,,,,,32,,,,,,,,,,,
Land Rover,LR4,2016,,,22.8gal.,,,terrain response four-wheel,v-6,3.0,"340hp @ 6,500rpm",8 speed automatic,"332 lb.-ft. @ 3,500rpm",,,,,,,,,,,,,24,,,,,,,,,,,
Land Rover,LR4,2015,,,22.8gal.,,,terrain response four-wheel,v-6,3.0,"340hp @ 6,500rpm",8 speed automatic,"332 lb.-ft. @ 3,500rpm",,,,,,,,,,,,,24,,,,,,,,,,,
Land Rover,LR4,2014,,,22.8gal.,,,terrain response four-wheel,v-6,3.0,"340hp @ 6,500rpm",8 speed automatic,"332 lb.-ft. @ 3,500rpm",,,,,,,,,,,,,24,,,,,,,,,,,
Land Rover,LR4,2013,,,22.8gal.,,,terrain response four-wheel,v-8,5.0,"375hp @ 6,500rpm",6 speed automatic,"375 lb.-ft. @ 3,500rpm",,,,,,,,,,,,,32,,,,,,,,,,,
Land Rover,LR4,2012,,,22.8gal.,,,terrain response four-wheel,v-8,5.0,"375hp @ 6,500rpm",6 speed automatic,"375 lb.-ft. @ 3,500rpm",,,,,,,,,,,,,32,,,,,,,,,,,
Land Rover,LR4,2011,,,22.8gal.,,,terrain response four-wheel,v-8,5.0,"375hp @ 6,500rpm",6 speed automatic,"375 lb.-ft. @ 3,500rpm",,,,,,,,,,,,,32,,,,,,,,,,,
Land Rover,LR4,2010,,,22.8gal.,,,four-wheel,v-8,5.0,"375hp @ 6,500rpm",6 speed automatic,"375 lb.-ft. @ 3,500rpm",,,,,,,,,,,,,32,,,,,,,,,,,
Land Rover,Range Rover Evoque,2018,22 mpg,29 mpg,18.5gal.,5,,terrain response four-wheel,i-4,2.0,"237hp @ 5,500rpm",9 speed automatic,"251 lb.-ft. @ 1,250rpm",4-wheel,2.0 l,122 cu.in.,237 hp,,"64.4 ""","74.8 """,,,"171.5 """,,"104.8 """,16,9,,"5,180 lbs.",,,,,,,,
Land Rover,Range Rover Evoque,2017,21 mpg,29 mpg,18.5gal.,5,,terrain response four-wheel,i-4,2.0,"240hp @ 5,500rpm",9 speed automatic,"250 lb.-ft. @ 1,750rpm",4-wheel,2.0 l,122 cu.in.,240 hp,,"63.2 ""","74.8 """,,,"171.5 """,,"104.8 """,16,9,,,,,,,,,,
Land Rover,Range Rover Evoque,2016,21 mpg,30 mpg,18.5gal.,5,,terrain response four-wheel,i-4,2.0,"240hp @ 5,500rpm",9 speed automatic,"250 lb.-ft. @ 1,750rpm",4-wheel,2.0 l,122 cu.in.,240 hp,,"63.2 ""","74.8 """,,,"171.5 """,,"104.8 """,16,9,,,,,,,,,,
Land Rover,Range Rover Evoque,2015,,,18.5gal.,,,terrain response four-wheel,i-4,2.0,"240hp @ 5,500rpm",9 speed automatic,"250 lb.-ft. @ 1,750rpm",,,,,,,,,,,,,16,,,,,,,,,,,
Land Rover,Range Rover Evoque,2014,,,18.5gal.,,,terrain response four-wheel,i-4,2.0,"240hp @ 5,500rpm",9 speed automatic,"250 lb.-ft. @ 1,750rpm",,,,,,,,,,,,,16,,,,,,,,,,,
Land Rover,Range Rover Evoque,2013,,,18.5gal.,,,terrain response four-wheel,i-4,2.0,"240hp @ 5,500rpm",6 speed automatic,"251 lb.-ft. @ 1,750rpm",,,,,,,,,,,,,16,,,,,,,,,,,
Land Rover,Range Rover Evoque,2012,,,18.5gal.,,,terrain response four-wheel,i-4,2.0,"240hp @ 5,500rpm",6 speed automatic,"251 lb.-ft. @ 1,750rpm",,,,,,,,,,,,,16,,,,,,,,,,,
Land Rover,Discovery,2019,21 mpg,26 mpg,22.5gal.,5,88 cu.ft.,terrain response four-wheel,v-6,3.0,"254hp @ 3,750rpm",8 speed automatic,"443 lb.-ft. @ 1,500rpm",4-wheel,3.0 l,183 cu.in.,254 hp,"39.4 ""","73.0 ""","78.7 ""","37.6 ""","42.4 ""","195.7 ""","39.0 ""","115.0 """,24,8,"4,916 lbs.","6,724 lbs.","7,716 lbs.",,,,,,,
Land Rover,Discovery,2018,16 mpg,21 mpg,23.5gal.,5,88 cu.ft.,terrain response 2 auto four-wheel,v-6,3.0,"340hp @ 6,500rpm",8 speed automatic,"332 lb.-ft. @ 3,500rpm",4-wheel,3.0 l,183 cu.in.,340 hp,"40.0 ""","73.0 ""","78.7 ""","37.6 ""","42.4 ""","195.7 ""","39.0 ""","115.0 """,24,8,"4,751 lbs.","6,592 lbs.","8,201 lbs.",,,,,,,
Land Rover,Discovery,2017,16 mpg,21 mpg,23.5gal.,5,83 cu.ft.,terrain response 2 auto four-wheel,v-6,3.0,"340hp @ 6,500rpm",8 speed automatic,"332 lb.-ft. @ 3,500rpm",4-wheel,3.0 l,183 cu.in.,340 hp,"39.4 ""","72.7 ""","78.7 ""","37.6 ""","39.0 ""","195.7 ""","39.0 ""","115.0 """,24,8,"4,835 lbs.","6,592 lbs.","8,201 lbs.",,,,,,,
Land Rover,Discovery,2004,,,24.6gal.,,,four-wheel,v-8,4.6,"217hp @ 4,750rpm",4 speed automatic,"300 lb.-ft. @ 2,600rpm",,,,,,,,,,,,,16,,,,,,,,,,,
Land Rover,Discovery,2003,,,24.6gal.,,,four-wheel,v-8,4.6,"217hp @ 4,750rpm",4 speed automatic,"300 lb.-ft. @ 2,600rpm",,,,,,,,,,,,,16,,,,,,,,,,,
Land Rover,Discovery,2002,,,24.6gal.,,,four-wheel,v-8,4.0,"188hp @ 4,750rpm",4 speed automatic,"250 lb.-ft. @ 2,600rpm",,,,,,,,,,,,,16,,,,,,,,,,,
Land Rover,Discovery,2001,,,24.6gal.,,,four-wheel,v-8,4.0,"188hp @ 4,750rpm",4 speed automatic,"250 lb.-ft. @ 2,600rpm",,,,,,,,,,,,,16,,,,,,,,,,,
Land Rover,Discovery,2000,,,24.6gal.,,,four-wheel,v-8,4.0,"188hp @ 4,750rpm",4 speed automatic,"250 lb.-ft. @ 2,600rpm",,,,,,,,,,,,,16,,,,,,,,,,,
Land Rover,Discovery,1999,,,23.4gal.,,,four-wheel,v-8,4.0,"182hp @ 4,750rpm",4 speed automatic,"233 lb.-ft. @ 3,000rpm",,,,,,,,,,,,,16,,,,,,,,,,,
Land Rover,Discovery Sport,2018,21 mpg,25 mpg,18.5gal.,5,67 cu.ft.,terrain response four-wheel,i-4,2.0,"237hp @ 5,500rpm",9 speed automatic,"251 lb.-ft. @ 1,250rpm",4-wheel,2.0 l,122 cu.in.,237 hp,"40.2 ""","67.9 ""","74.6 ""","37.3 ""","42.0 ""","180.7 ""","38.7 ""","107.9 """,16,9,"3,854 lbs.","5,520 lbs.",,,,,,,,
Land Rover,Discovery Sport,2017,20 mpg,25 mpg,18.5gal.,5,67 cu.ft.,terrain response four-wheel,i-4,2.0,"240hp @ 5,800rpm",9 speed automatic,"250 lb.-ft. @ 1,750rpm",4-wheel,2.0 l,122 cu.in.,240 hp,"40.2 ""","67.9 ""","74.6 ""","37.3 ""","42.0 ""","180.7 ""","38.7 ""","107.9 """,16,9,"3,854 lbs.","5,520 lbs.",,,,,,,,
Land Rover,Discovery Sport,2016,20 mpg,26 mpg,18.5gal.,5,67 cu.ft.,terrain response four-wheel,i-4,2.0,"240hp @ 5,800rpm",9 speed automatic,"250 lb.-ft. @ 1,750rpm",4-wheel,2.0 l,122 cu.in.,240 hp,"40.2 ""","67.9 ""","74.6 ""","37.3 ""","42.0 ""","180.7 ""","38.7 ""","107.9 """,16,9,"3,854 lbs.","5,520 lbs.",,,,,,,,
Land Rover,Discovery Sport,2015,,,18.5gal.,,,terrain response four-wheel,i-4,2.0,"240hp @ 5,800rpm",9 speed automatic,"250 lb.-ft. @ 1,750rpm",,,,,,,,,,,,,16,,,,,,,,,,,
Land Rover,LR2,2015,,,18.5gal.,,,terrain response four-wheel,i-4,2.0,"240hp @ 5,500rpm",6 speed automatic,"250 lb.-ft. @ 1,750rpm",,,,,,,,,,,,,16,,,,,,,,,,,
Land Rover,LR2,2014,,,18.5gal.,,,terrain response four-wheel,i-4,2.0,"240hp @ 5,500rpm",6 speed automatic,"250 lb.-ft. @ 1,750rpm",,,,,,,,,,,,,16,,,,,,,,,,,
Land Rover,LR2,2013,,,18.5gal.,,,terrain response four-wheel,i-4,2.0,"240hp @ 5,500rpm",6 speed automatic,"250 lb.-ft. @ 1,750rpm",,,,,,,,,,,,,16,,,,,,,,,,,
Land Rover,LR2,2012,,,18.5gal.,,,terrain response four-wheel,i-6,3.2,"230hp @ 6,300rpm",6 speed automatic,"234 lb.-ft. @ 3,200rpm",,,,,,,,,,,,,24,,,,,,,,,,,
Land Rover,LR2,2011,,,18.5gal.,,,terrain response four-wheel,i-6,3.2,"230hp @ 6,300rpm",6 speed automatic,"234 lb.-ft. @ 3,200rpm",,,,,,,,,,,,,24,,,,,,,,,,,
Land Rover,LR2,2010,,,18.5gal.,,,four-wheel,i-6,3.2,"230hp @ 6,300rpm",6 speed automatic,"234 lb.-ft. @ 3,200rpm",,,,,,,,,,,,,24,,,,,,,,,,,
Land Rover,LR2,2009,,,18.5gal.,,,four-wheel,i-6,3.2,"230hp @ 6,300rpm",6 speed automatic,"234 lb.-ft. @ 3,200rpm",,,,,,,,,,,,,24,,,,,,,,,,,
Land Rover,LR2,2008,,,18.5gal.,,,four-wheel,i-6,3.2,"230hp @ 6,300rpm",6 speed automatic,"234 lb.-ft. @ 3,200rpm",,,,,,,,,,,,,24,,,,,,,,,,,
Land Rover,LR4,2016,,,22.8gal.,,,terrain response four-wheel,v-6,3.0,"340hp @ 6,500rpm",8 speed automatic,"332 lb.-ft. @ 3,500rpm",,,,,,,,,,,,,24,,,,,,,,,,,
Land Rover,LR4,2015,,,22.8gal.,,,terrain response four-wheel,v-6,3.0,"340hp @ 6,500rpm",8 speed automatic,"332 lb.-ft. @ 3,500rpm",,,,,,,,,,,,,24,,,,,,,,,,,
Land Rover,LR4,2014,,,22.8gal.,,,terrain response four-wheel,v-6,3.0,"340hp @ 6,500rpm",8 speed automatic,"332 lb.-ft. @ 3,500rpm",,,,,,,,,,,,,24,,,,,,,,,,,
Land Rover,LR4,2013,,,22.8gal.,,,terrain response four-wheel,v-8,5.0,"375hp @ 6,500rpm",6 speed automatic,"375 lb.-ft. @ 3,500rpm",,,,,,,,,,,,,32,,,,,,,,,,,
Land Rover,LR4,2012,,,22.8gal.,,,terrain response four-wheel,v-8,5.0,"375hp @ 6,500rpm",6 speed automatic,"375 lb.-ft. @ 3,500rpm",,,,,,,,,,,,,32,,,,,,,,,,,
Land Rover,LR4,2011,,,22.8gal.,,,terrain response four-wheel,v-8,5.0,"375hp @ 6,500rpm",6 speed automatic,"375 lb.-ft. @ 3,500rpm",,,,,,,,,,,,,32,,,,,,,,,,,
Land Rover,LR4,2010,,,22.8gal.,,,four-wheel,v-8,5.0,"375hp @ 6,500rpm",6 speed automatic,"375 lb.-ft. @ 3,500rpm",,,,,,,,,,,,,32,,,,,,,,,,,
Land Rover,Range Rover,2019,17 mpg,23 mpg,27.3gal.,5,69 cu.ft.,terrain response 2 w/all terrain progress control (atpc) four-wheel,v-6,3.0,"340hp @ 6,500rpm",8 speed automatic,"332 lb.-ft. @ 3,500rpm",4-wheel,3.0 l,183 cu.in.,340 hp,"39.3 ""","73.6 ""","78.1 ""","40.2 ""","42.5 ""","196.9 ""","39.2 ""","115.0 """,24,8,"4,974 lbs.","6,768 lbs.","7,716 lbs.",,,,,,,
Land Rover,Range Rover,2018,17 mpg,23 mpg,27.3gal.,5,69 cu.ft.,terrain response 2 w/all terrain progress control (atpc) four-wheel,v-6,3.0,"340hp @ 6,500rpm",8 speed automatic,"332 lb.-ft. @ 3,500rpm",4-wheel,3.0 l,183 cu.in.,340 hp,"39.3 ""","73.3 ""","78.1 ""","40.2 ""","42.5 ""","196.8 ""","39.2 ""","115.0 """,24,8,"4,974 lbs.","6,768 lbs.","7,716 lbs.",,,,,,,
Land Rover,Range Rover,2017,14 mpg,19 mpg,27.7gal.,5,83 cu.ft.,terrain response 2 auto four-wheel,v-8,5.0,"510hp @ 6,000rpm",8 speed automatic,"461 lb.-ft. @ 2,500rpm",4-wheel,5.0 l,305 cu.in.,510 hp,"39.3 ""","72.4 ""","78.1 ""","47.5 ""","42.5 ""","204.7 ""","38.3 ""","122.9 """,32,8,,"7,033 lbs.","7,716 lbs.",,,,,,,
Land Rover,Range Rover,2016,17 mpg,23 mpg,22.5gal.,5,72 cu.ft.,terrain response 2 auto four-wheel,v-6,3.0,"340hp @ 6,500rpm",8 speed automatic,"332 lb.-ft. @ 3,500rpm",4-wheel,3.0 l,184 cu.in.,340 hp,"39.3 ""","72.3 ""","78.1 ""","40.2 ""","42.5 ""","196.8 ""","39.2 ""","115.0 """,24,8,"4,918 lbs.","6,945 lbs.","7,716 lbs.",,,,,,,
Land Rover,Range Rover,2015,,,22.5gal.,,,terrain response 2 auto four-wheel,v-6,3.0,"340hp @ 6,500rpm",8 speed automatic,"332 lb.-ft. @ 3,500rpm",,,,,,,,,,,,,24,,,,,,,,,,,
Land Rover,Range Rover,2014,,,27.7gal.,,,terrain response 2 auto four-wheel,v-6,3.0,"340hp @ 6,500rpm",8 speed automatic,"332 lb.-ft. @ 3,500rpm",,,,,,,,,,,,,24,,,,,,,,,,,
Land Rover,Range Rover,2013,,,27.7gal.,,,terrain response 2 auto four-wheel,v-8,5.0,"375hp @ 6,500rpm",8 speed automatic,"375 lb.-ft. @ 3,500rpm",,,,,,,,,,,,,32,,,,,,,,,,,
Land Rover,Range Rover,2012,,,27.6gal.,,,terrain response four-wheel,v-8,5.0,"375hp @ 6,500rpm",6 speed automatic,"375 lb.-ft. @ 3,500rpm",,,,,,,,,,,,,32,,,,,,,,,,,
Land Rover,Range Rover,2011,,,27.6gal.,,,terrain response four-wheel,v-8,5.0,"375hp @ 6,500rpm",6 speed automatic,"375 lb.-ft. @ 3,500rpm",,,,,,,,,,,,,32,,,,,,,,,,,
Land Rover,Range Rover,2010,,,27.6gal.,,,four-wheel,v-8,5.0,"375hp @ 6,500rpm",6 speed automatic,"375 lb.-ft. @ 3,500rpm",,,,,,,,,,,,,32,,,,,,,,,,,
Land Rover,Range Rover,2009,,,27.6gal.,,,four-wheel,v-8,4.4,"305hp @ 5,750rpm",6 speed automatic,"325 lb.-ft. @ 4,000rpm",,,,,,,,,,,,,32,,,,,,,,,,,
Land Rover,Range Rover,2008,,,27.6gal.,,,four-wheel,v-8,4.4,"305hp @ 5,750rpm",6 speed automatic,"325 lb.-ft. @ 4,000rpm",,,,,,,,,,,,,32,,,,,,,,,,,
Land Rover,Range Rover,2007,,,27.6gal.,,,four-wheel,v-8,4.4,"305hp @ 5,750rpm",6 speed automatic,"325 lb.-ft. @ 4,000rpm",,,,,,,,,,,,,32,,,,,,,,,,,
Land Rover,Range Rover,2006,,,27.6gal.,,,four-wheel,v-8,4.4,"305hp @ 5,750rpm",6 speed automatic,"325 lb.-ft. @ 4,000rpm",,,,,,,,,,,,,32,,,,,,,,,,,
Land Rover,Range Rover,2005,,,26.4gal.,,,four-wheel,v-8,4.4,"282hp @ 5,400rpm",5 speed automatic,"325 lb.-ft. @ 3,600rpm",,,,,,,,,,,,,32,,,,,,,,,,,
Land Rover,Range Rover,2004,,,26.4gal.,,,four-wheel,v-8,4.4,"282hp @ 5,400rpm",5 speed automatic,"325 lb.-ft. @ 3,600rpm",,,,,,,,,,,,,32,,,,,,,,,,,
Land Rover,Range Rover,2003,,,26.4gal.,,,four-wheel,v-8,4.4,"282hp @ 5,400rpm",5 speed automatic,"325 lb.-ft. @ 3,600rpm",,,,,,,,,,,,,32,,,,,,,,,,,
Land Rover,Range Rover,2002,,,24.6gal.,,,four-wheel,v-8,4.6,"222hp @ 4,750rpm",4 speed automatic,"300 lb.-ft. @ 2,600rpm",,,,,,,,,,,,,16,,,,,,,,,,,
Land Rover,Range Rover,2001,,,24.6gal.,,,four-wheel,v-8,4.6,"222hp @ 4,750rpm",4 speed automatic,"300 lb.-ft. @ 2,600rpm",,,,,,,,,,,,,16,,,,,,,,,,,
Land Rover,Range Rover,2000,,,24.6gal.,,,four-wheel,v-8,4.0,"188hp @ 4,750rpm",4 speed automatic,"250 lb.-ft. @ 2,600rpm",,,,,,,,,,,,,16,,,,,,,,,,,
Land Rover,Range Rover,1999,13 mpg,16 mpg,24.6gal.,5,58 cu.ft.,four-wheel,v-8,4.0,"190hp @ 4,750rpm",4 speed automatic,"236 lb.-ft. @ 3,000rpm",4-wheel,4.0 l,241 cu.in.,190 hp,"38.1 ""","71.6 ""","74.4 ""","36.5 ""","42.6 ""","185.5 ""","38.2 ""","108.1 """,16,4,"4,960 lbs.","6,130 lbs.","1,650 lbs.",,,,,,,
