make,model,year,city,highway,fuel tank capacity,total seating capacity,max cargo capacity,drive type,cylinder configuration,engine liters,horsepower,transmission,torque,abs,size,displacement,horse power,front head room,overall height,overall width,rear leg room,front leg room,overall length,rear head room,wheelbase,number of valves,number of speeds,curb weight,gross vehicle weight,towing capacity,number of doors,speakers,approach angle,ground clearance (max),ramp breakover angle,departure angle,ground clearance
Lincoln,MKZ Hybrid,2019,41 mpg,38 mpg,13.5gal.,5,11 cu.ft.,front-wheel,i-4,2.0,"141hp @ 6,000rpm",continuously variable automatic,"129 lb.-ft. @ 4,000rpm",4-wheel,2.0 l,122 cu.in.,141 hp,"37.9 ""","58.1 ""","73.4 ""","37.0 ""","44.3 ""","194.1 ""","36.5 ""","112.2 """,16,continuously variable,"3,871 lbs.",,,,,,,,,
Lincoln,MKZ Hybrid,2018,41 mpg,38 mpg,13.5gal.,5,11 cu.ft.,front-wheel,i-4,2.0,"141hp @ 6,000rpm",continuously variable automatic,"129 lb.-ft. @ 4,000rpm",4-wheel,2.0 l,122 cu.in.,141 hp,"37.9 ""","58.1 ""","73.4 ""","37.0 ""","44.3 ""","194.1 ""","36.5 ""","112.2 """,16,continuously variable,"3,871 lbs.",,,,,,,,,
Lincoln,MKZ Hybrid,2017,41 mpg,38 mpg,13.5gal.,5,11 cu.ft.,front-wheel,i-4,2.0,"141hp @ 6,000rpm",continuously variable automatic,"129 lb.-ft. @ 4,000rpm",4-wheel,2.0 l,122 cu.in.,141 hp,"37.9 ""","58.1 ""","73.4 ""","37.0 ""","44.3 ""","194.1 ""","36.5 ""","112.2 """,16,continuously variable,"3,871 lbs.",,,,,,,,,
Lincoln,MKZ Hybrid,2016,,,13.5gal.,,,front-wheel,i-4,2.0,"141hp @ 6,000rpm",continuously variable automatic,"129 lb.-ft. @ 4,000rpm",,,,,,,,,,,,,16,,,,,,,,,,,
Lincoln,MKZ Hybrid,2015,,,13.5gal.,,,front-wheel,i-4,2.0,"141hp @ 6,000rpm",continuously variable automatic,"129 lb.-ft. @ 4,000rpm",,,,,,,,,,,,,16,,,,,,,,,,,
Lincoln,MKZ Hybrid,2014,,,13.5gal.,,,front-wheel,i-4,2.0,"141hp @ 6,000rpm",continuously variable automatic,"129 lb.-ft. @ 4,000rpm",,,,,,,,,,,,,16,,,,,,,,,,,
Lincoln,MKZ Hybrid,2013,,,13.5gal.,,,front-wheel,i-4,2.0,"141hp @ 6,000rpm",continuously variable automatic,"129 lb.-ft. @ 4,000rpm",,,,,,,,,,,,,16,,,,,,,,,,,
Lincoln,MKZ Hybrid,2012,,,17.5gal.,,,front-wheel,i-4,2.5,"156hp @ 6,000rpm",continuously variable automatic,"136 lb.-ft. @ 2,250rpm",,,,,,,,,,,,,16,,,,,,,,,,,
Lincoln,MKZ Hybrid,2011,,,17.5gal.,,,front-wheel,i-4,2.5,"156hp @ 6,000rpm",continuously variable automatic,"136 lb.-ft. @ 2,250rpm",,,,,,,,,,,,,16,,,,,,,,,,,
Lincoln,Aviator,2005,,,22.5gal.,,,rear-wheel,v-8,4.6,"302hp @ 5,750rpm",5 speed automatic,"300 lb.-ft. @ 3,250rpm",,,,,,,,,,,,,32,,,,,,,,,,,
Lincoln,Aviator,2004,,,22.5gal.,,,rear-wheel,v-8,4.6,"302hp @ 5,750rpm",5 speed automatic,"300 lb.-ft. @ 3,250rpm",,,,,,,,,,,,,32,,,,,,,,,,,
Lincoln,Aviator,2003,,,22.5gal.,,,rear-wheel,v-8,4.6,"302hp @ 5,750rpm",5 speed automatic,"300 lb.-ft. @ 3,250rpm",,,,,,,,,,,,,32,,,,,,,,,,,
Lincoln,Continental,2018,17 mpg,26 mpg,19.0gal.,5,17 cu.ft.,front-wheel,v-6,3.7,"305hp @ 6,500rpm",6 speed automatic,"280 lb.-ft. @ 4,000rpm",4-wheel,3.7 l,227 cu.in.,305 hp,"39.3 ""","58.5 ""","75.3 ""","41.3 ""","44.4 ""","201.4 ""","37.7 ""","117.9 """,24,6,"4,224 lbs.",,,,,,,,,
Lincoln,Continental,2017,17 mpg,26 mpg,19.0gal.,5,17 cu.ft.,front-wheel,v-6,3.7,"305hp @ 6,500rpm",6 speed automatic,"280 lb.-ft. @ 4,000rpm",4-wheel,3.7 l,227 cu.in.,305 hp,"39.3 ""","58.5 ""","75.3 ""","41.3 ""","44.4 ""","201.4 ""","37.7 ""","117.9 """,24,6,"4,224 lbs.",,,,,,,,,
Lincoln,Continental,2002,,,20.0gal.,,,front-wheel,v-8,4.6,"275hp @ 5,750rpm",4 speed automatic,"275 lb.-ft. @ 4,750rpm",,,,,,,,,,,,,32,,,,,,,,,,,
Lincoln,Continental,2001,,,20.0gal.,,,front-wheel,v-8,4.6,"275hp @ 5,750rpm",4 speed automatic,"275 lb.-ft. @ 4,750rpm",,,,,,,,,,,,,32,,,,,,,,,,,
Lincoln,Continental,2000,,,20.0gal.,,,front-wheel,v-8,4.6,"275hp @ 5,750rpm",4 speed automatic,"275 lb.-ft. @ 4,750rpm",,,,,,,,,,,,,32,,,,,,,,,,,
Lincoln,Continental,1999,17 mpg,25 mpg,20.0gal.,5,18 cu.ft.,front-wheel,v-8,4.6,"275hp @ 5,750rpm",4 speed automatic,"275 lb.-ft. @ 4,750rpm",4-wheel,4.6 l,281 cu.in.,275 hp,"39.2 ""","56.0 ""","73.6 ""","38.0 ""","41.9 ""","208.5 ""","38.0 ""","109.0 """,32,4,"3,868 lbs.",,"1,000 lbs.",,,,,,,
Lincoln,LS,2006,,,18.0gal.,,,rear-wheel,v-8,3.9,"280hp @ 6,000rpm",5 speed automatic,"286 lb.-ft. @ 4,000rpm",,,,,,,,,,,,,32,,,,,,,,,,,
Lincoln,LS,2005,,,18.0gal.,,,rear-wheel,v-8,3.9,"280hp @ 6,000rpm",5 speed automatic,"286 lb.-ft. @ 4,000rpm",,,,,,,,,,,,,32,,,,,,,,,,,
Lincoln,LS,2004,,,18.0gal.,,,rear-wheel,v-6,3.0,"232hp @ 6,750rpm",5 speed automatic,"220 lb.-ft. @ 4,500rpm",,,,,,,,,,,,,24,,,,,,,,,,,
Lincoln,LS,2003,,,18.0gal.,,,rear-wheel,v-8,3.9,"280hp @ 6,000rpm",5 speed automatic,"286 lb.-ft. @ 4,000rpm",,,,,,,,,,,,,32,,,,,,,,,,,
Lincoln,LS,2002,,,18.0gal.,,,rear-wheel,v-6,3.0,"220hp @ 6,400rpm",5 speed automatic,"215 lb.-ft. @ 4,800rpm",,,,,,,,,,,,,24,,,,,,,,,,,
Lincoln,LS,2001,,,18.0gal.,,,rear-wheel,v-6,3.0,"210hp @ 6,500rpm",5 speed manual,"205 lb.-ft. @ 4,750rpm",,,,,,,,,,,,,24,,,,,,,,,,,
Lincoln,LS,2000,,,18.0gal.,,,rear-wheel,v-6,3.0,"210hp @ 6,500rpm",5 speed manual,"205 lb.-ft. @ 4,750rpm",,,,,,,,,,,,,24,,,,,,,,,,,
Lincoln,MKC,2019,19 mpg,25 mpg,15.7gal.,5,53 cu.ft.,all-wheel drive,i-4,2.0,"245hp @ 5,500rpm",6 speed automatic,"275 lb.-ft. @ 3,000rpm",4-wheel,2.0 l,122 cu.in.,245 hp,"39.6 ""","65.2 ""","73.4 ""","36.8 ""","42.8 ""","179.2 ""","38.7 ""","105.9 """,16,6,"3,997 lbs.","5,020 lbs.","2,000 lbs.",,,,,,,
Lincoln,MKC,2018,19 mpg,25 mpg,15.7gal.,5,53 cu.ft.,all-wheel drive,i-4,2.0,"245hp @ 5,500rpm",6 speed automatic,"275 lb.-ft. @ 3,000rpm",4-wheel,2.0 l,122 cu.in.,245 hp,"39.6 ""","65.2 ""","73.4 ""","36.8 ""","42.8 ""","179.2 ""","38.7 ""","105.9 """,16,6,"3,997 lbs.","5,020 lbs.","2,000 lbs.",,,,,,,
Lincoln,MKC,2017,,,15.7gal.,,,all-wheel drive,i-4,2.3,"285hp @ 5,500rpm",6 speed automatic,"305 lb.-ft. @ 2,750rpm",,,,,,,,,,,,,16,,,,,,,,,,,
Lincoln,MKC,2016,19 mpg,26 mpg,15.5gal.,5,53 cu.ft.,all-wheel drive,i-4,2.0,"240hp @ 5,500rpm",6 speed automatic,"270 lb.-ft. @ 3,000rpm",4-wheel,2.0 l,122 cu.in.,240 hp,"39.6 ""","65.2 ""","73.4 ""","36.8 ""","42.8 ""","179.2 ""","38.7 ""","105.9 """,16,6,"3,952 lbs.","7,400 lbs.","2,000 lbs.",,,,,,,
Lincoln,MKC,2015,,,15.5gal.,,,all-wheel drive,i-4,2.3,"285hp @ 5,500rpm",6 speed automatic,"270 lb.-ft. @ 3,000rpm",,,,,,,,,,,,,16,,,,,,,,,,,
Lincoln,MKS,2016,17 mpg,26 mpg,19.0gal.,5,19 cu.ft.,front-wheel,v-6,3.7,"305hp @ 6,500rpm",6 speed automatic,"280 lb.-ft. @ 4,000rpm",4-wheel,3.7 l,227 cu.in.,305 hp,"39.7 ""","61.6 ""","75.9 ""","38.6 ""","41.9 ""","205.6 ""","38.5 ""","112.9 """,24,6,"4,204 lbs.","5,250 lbs.","1,000 lbs.",,,,,,,
Lincoln,MKS,2015,,,19.0gal.,,,front-wheel,v-6,3.7,"305hp @ 6,500rpm",6 speed automatic,"280 lb.-ft. @ 4,000rpm",,,,,,,,,,,,,24,,,,,,,,,,,
Lincoln,MKS,2014,,,19.0gal.,,,front-wheel,v-6,3.7,"304hp @ 6,500rpm",6 speed automatic,"279 lb.-ft. @ 4,000rpm",,,,,,,,,,,,,24,,,,,,,,,,,
Lincoln,MKS,2013,,,19.0gal.,,,front-wheel,v-6,3.7,"304hp @ 6,500rpm",6 speed automatic,"279 lb.-ft. @ 4,000rpm",,,,,,,,,,,,,24,,,,,,,,,,,
Lincoln,MKS,2012,,,20.0gal.,,,front-wheel,v-6,3.7,"273hp @ 6,250rpm",6 speed automatic,"270 lb.-ft. @ 4,250rpm",,,,,,,,,,,,,24,,,,,,,,,,,
Lincoln,MKS,2011,,,20.0gal.,,,front-wheel,v-6,3.7,"273hp @ 6,250rpm",6 speed automatic,"270 lb.-ft. @ 4,250rpm",,,,,,,,,,,,,24,,,,,,,,,,,
Lincoln,MKS,2010,,,19.0gal.,,,all-wheel drive,v-6,3.5,"355hp @ 5,700rpm",6 speed automatic,"350 lb.-ft. @ 3,500rpm",,,,,,,,,,,,,24,,,,,,,,,,,
Lincoln,MKS,2009,,,20.0gal.,,,front-wheel,v-6,3.7,"273hp @ 6,250rpm",6 speed automatic,"270 lb.-ft. @ 4,250rpm",,,,,,,,,,,,,24,,,,,,,,,,,
Lincoln,MKT,2019,15 mpg,21 mpg,18.6gal.,7,76 cu.ft.,all-wheel drive,v-6,3.5,"365hp @ 5,700rpm",6 speed automatic,"350 lb.-ft. @ 3,500rpm",4-wheel,3.5 l,213 cu.in.,365 hp,"40.1 ""","67.4 ""","76.0 ""","41.8 ""","41.3 ""","207.6 ""","39.0 ""","117.9 """,24,6,"5,036 lbs.","6,219 lbs.","2,000 lbs.",,,,,,,
Lincoln,MKT,2018,16 mpg,24 mpg,18.6gal.,7,76 cu.ft.,front-wheel,v-6,3.7,"303hp @ 6,500rpm",6 speed automatic,"278 lb.-ft. @ 4,000rpm",4-wheel,3.7 l,227 cu.in.,303 hp,"40.1 ""","67.4 ""","76.0 ""","41.8 ""","41.3 ""","207.6 ""","39.0 ""","117.9 """,24,6,"4,702 lbs.","5,989 lbs.","2,000 lbs.",,,,,,,
Lincoln,MKT,2017,15 mpg,21 mpg,18.6gal.,7,76 cu.ft.,all-wheel drive,v-6,3.5,"365hp @ 5,700rpm",6 speed automatic,"350 lb.-ft. @ 3,500rpm",4-wheel,3.5 l,213 cu.in.,365 hp,"40.1 ""","67.4 ""","76.0 ""","41.8 ""","41.3 ""","207.6 ""","39.0 ""","117.9 """,24,6,"4,885 lbs.","6,219 lbs.","2,000 lbs.",,,,,,,
Lincoln,MKT,2016,18 mpg,25 mpg,18.6gal.,5,76 cu.ft.,front-wheel,i-4,2.0,"237hp @ 5,500rpm",6 speed automatic,"250 lb.-ft. @ 4,000rpm",4-wheel,2.0 l,122 cu.in.,237 hp,"40.1 ""","67.4 ""","76.0 ""","41.8 ""","41.3 ""","207.6 ""","39.0 ""","117.9 """,16,6,"4,550 lbs.","6,030 lbs.",,,,,,,,
Lincoln,MKT,2015,,,18.6gal.,,,front-wheel,v-6,3.7,"303hp @ 6,500rpm",6 speed automatic,"278 lb.-ft. @ 4,000rpm",,,,,,,,,,,,,24,,,,,,,,,,,
Lincoln,MKT,2014,,,18.6gal.,,,front-wheel,v-6,3.7,"303hp @ 6,500rpm",6 speed automatic,"278 lb.-ft. @ 4,000rpm",,,,,,,,,,,,,24,,,,,,,,,,,
Lincoln,MKT,2013,,,18.6gal.,,,front-wheel,v-6,3.7,"303hp @ 6,500rpm",6 speed automatic,"278 lb.-ft. @ 4,000rpm",,,,,,,,,,,,,24,,,,,,,,,,,
Lincoln,MKT,2012,,,18.6gal.,,,front-wheel,v-6,3.7,"268hp @ 6,250rpm",6 speed automatic,"267 lb.-ft. @ 4,250rpm",,,,,,,,,,,,,24,,,,,,,,,,,
Lincoln,MKT,2011,,,18.6gal.,,,front-wheel,v-6,3.7,"268hp @ 6,250rpm",6 speed automatic,"267 lb.-ft. @ 4,250rpm",,,,,,,,,,,,,24,,,,,,,,,,,
Lincoln,MKT,2010,,,18.6gal.,,,all-wheel drive,v-6,3.5,"355hp @ 5,700rpm",6 speed automatic,"350 lb.-ft. @ 3,500rpm",,,,,,,,,,,,,24,,,,,,,,,,,
Lincoln,MKX,2018,17 mpg,25 mpg,18.0gal.,5,69 cu.ft.,front-wheel,v-6,2.7,"335hp @ 5,500rpm",6 speed automatic,"380 lb.-ft. @ 3,000rpm",4-wheel,3.7 l,227 cu.in.,303 hp,"39.9 ""","66.2 ""","76.1 ""","39.6 ""","42.8 ""","190.0 ""","39.2 ""","112.2 """,24,6,"4,168 lbs.","5,440 lbs.","2,000 lbs.",,,,,,,
Lincoln,MKX,2017,16 mpg,23 mpg,18.0gal.,5,69 cu.ft.,all-wheel drive,v-6,2.7,"303hp @ 6,500rpm",6 speed automatic,"380 lb.-ft. @ 3,000rpm",4-wheel,3.7 l,227 cu.in.,303 hp,"37.8 ""","66.2 ""","76.1 ""","39.6 ""","42.8 ""","190.0 ""","38.6 ""","112.2 """,24,6,"4,387 lbs.","5,620 lbs.","2,000 lbs.",,,,,,,
Lincoln,MKX,2016,17 mpg,26 mpg,18.0gal.,5,69 cu.ft.,front-wheel,v-6,2.7,"335hp @ 5,500rpm",6 speed automatic,"278 lb.-ft. @ 4,000rpm",4-wheel,3.7 l,227 cu.in.,303 hp,"39.9 ""","66.2 ""","76.1 ""","39.6 ""","42.8 ""","190.0 ""","39.2 ""","112.2 """,24,6,"4,168 lbs.","5,440 lbs.","2,000 lbs.",,,,,,,
Lincoln,MKX,2015,,,18.0gal.,,,front-wheel,v-6,3.7,"305hp @ 6,500rpm",6 speed automatic,"280 lb.-ft. @ 4,000rpm",,,,,,,,,,,,,24,,,,,,,,,,,
Lincoln,MKX,2014,,,18.0gal.,,,front-wheel,v-6,3.7,"305hp @ 6,500rpm",6 speed automatic,"280 lb.-ft. @ 4,000rpm",,,,,,,,,,,,,24,,,,,,,,,,,
Lincoln,MKX,2013,,,18.0gal.,,,front-wheel,v-6,3.7,"305hp @ 6,500rpm",6 speed automatic,"280 lb.-ft. @ 4,000rpm",,,,,,,,,,,,,24,,,,,,,,,,,
Lincoln,MKX,2012,,,18.0gal.,,,front-wheel,v-6,3.7,"305hp @ 6,500rpm",6 speed automatic,"280 lb.-ft. @ 4,000rpm",,,,,,,,,,,,,24,,,,,,,,,,,
Lincoln,MKX,2011,,,18.0gal.,,,front-wheel,v-6,3.7,"305hp @ 6,500rpm",6 speed automatic,"280 lb.-ft. @ 4,000rpm",,,,,,,,,,,,,24,,,,,,,,,,,
Lincoln,MKX,2010,,,19.0gal.,,,front-wheel,v-6,3.5,"285hp @ 6,500rpm",6 speed automatic,"253 lb.-ft. @ 4,000rpm",,,,,,,,,,,,,24,,,,,,,,,,,
Lincoln,MKX,2009,,,19.0gal.,,,front-wheel,v-6,3.5,"265hp @ 6,250rpm",6 speed automatic,"250 lb.-ft. @ 4,500rpm",,,,,,,,,,,,,24,,,,,,,,,,,
Lincoln,MKX,2008,,,19.0gal.,,,front-wheel,v-6,3.5,"265hp @ 6,250rpm",6 speed automatic,"250 lb.-ft. @ 4,500rpm",,,,,,,,,,,,,24,,,,,,,,,,,
Lincoln,MKX,2007,,,19.0gal.,,,front-wheel,v-6,3.5,"265hp @ 6,250rpm",6 speed automatic,"250 lb.-ft. @ 4,500rpm",,,,,,,,,,,,,24,,,,,,,,,,,
Lincoln,MKZ,2019,21 mpg,31 mpg,16.5gal.,5,15 cu.ft.,front-wheel,i-4,2.0,"245hp @ 5,500rpm",6 speed automatic,"275 lb.-ft. @ 3,000rpm",4-wheel,2.0 l,122 cu.in.,245 hp,"37.9 ""","58.2 ""","73.4 ""","37.0 ""","44.3 ""","194.1 ""","36.5 ""","112.2 """,16,6,"3,739 lbs.",,"1,000 lbs.",,,,,,,
Lincoln,MKZ,2018,21 mpg,31 mpg,16.5gal.,5,15 cu.ft.,front-wheel,i-4,2.0,"245hp @ 5,500rpm",6 speed automatic,"275 lb.-ft. @ 3,000rpm",4-wheel,2.0 l,122 cu.in.,245 hp,"37.9 ""","58.2 ""","73.4 ""","37.0 ""","44.3 ""","194.1 ""","36.5 ""","112.2 """,16,6,"3,739 lbs.",,"1,000 lbs.",,,,,,,
Lincoln,MKZ,2017,21 mpg,31 mpg,16.5gal.,5,15 cu.ft.,front-wheel,i-4,2.0,"240hp @ 5,500rpm",6 speed automatic,"270 lb.-ft. @ 3,000rpm",4-wheel,2.0 l,122 cu.in.,240 hp,"37.9 ""","58.2 ""","73.4 ""","37.0 ""","44.3 ""","194.1 ""","36.5 ""","112.2 """,16,6,"3,739 lbs.",,"1,000 lbs.",,,,,,,
Lincoln,MKZ,2016,,,16.5gal.,,,front-wheel,v-6,3.7,"300hp @ 6,500rpm",6 speed automatic,"277 lb.-ft. @ 4,000rpm",,,,,,,,,,,,,24,,,,,,,,,,,
Lincoln,MKZ,2015,,,16.5gal.,,,front-wheel,v-6,3.7,"300hp @ 6,500rpm",6 speed automatic,"277 lb.-ft. @ 4,000rpm",,,,,,,,,,,,,24,,,,,,,,,,,
Lincoln,MKZ,2014,,,16.5gal.,,,front-wheel,v-6,3.7,"300hp @ 6,500rpm",6 speed automatic,"277 lb.-ft. @ 4,000rpm",,,,,,,,,,,,,24,,,,,,,,,,,
Lincoln,MKZ,2013,,,16.5gal.,,,front-wheel,v-6,3.7,"300hp @ 6,500rpm",6 speed automatic,"277 lb.-ft. @ 4,000rpm",,,,,,,,,,,,,24,,,,,,,,,,,
Lincoln,MKZ,2012,,,17.5gal.,,,front-wheel,v-6,3.5,"263hp @ 6,250rpm",6 speed automatic,"249 lb.-ft. @ 4,500rpm",,,,,,,,,,,,,24,,,,,,,,,,,
Lincoln,MKZ,2011,,,17.5gal.,,,front-wheel,v-6,3.5,"263hp @ 6,250rpm",6 speed automatic,"249 lb.-ft. @ 4,500rpm",,,,,,,,,,,,,24,,,,,,,,,,,
Lincoln,MKZ,2010,,,17.5gal.,,,front-wheel,v-6,3.5,"263hp @ 6,250rpm",6 speed automatic,"249 lb.-ft. @ 4,500rpm",,,,,,,,,,,,,24,,,,,,,,,,,
Lincoln,MKZ,2009,,,17.5gal.,,,front-wheel,v-6,3.5,"263hp @ 6,250rpm",6 speed automatic,"249 lb.-ft. @ 4,500rpm",,,,,,,,,,,,,24,,,,,,,,,,,
Lincoln,MKZ,2008,,,17.5gal.,,,front-wheel,v-6,3.5,"263hp @ 6,250rpm",6 speed automatic,"249 lb.-ft. @ 4,500rpm",,,,,,,,,,,,,24,,,,,,,,,,,
Lincoln,MKZ,2007,,,17.5gal.,,,front-wheel,v-6,3.5,"263hp @ 6,250rpm",6 speed automatic,"249 lb.-ft. @ 4,500rpm",,,,,,,,,,,,,24,,,,,,,,,,,
Lincoln,MKC,2019,19 mpg,25 mpg,15.7gal.,5,53 cu.ft.,all-wheel drive,i-4,2.0,"245hp @ 5,500rpm",6 speed automatic,"275 lb.-ft. @ 3,000rpm",4-wheel,2.0 l,122 cu.in.,245 hp,"39.6 ""","65.2 ""","73.4 ""","36.8 ""","42.8 ""","179.2 ""","38.7 ""","105.9 """,16,6,"3,997 lbs.","5,020 lbs.","2,000 lbs.",,,,,,,
Lincoln,MKC,2018,19 mpg,25 mpg,15.7gal.,5,53 cu.ft.,all-wheel drive,i-4,2.0,"245hp @ 5,500rpm",6 speed automatic,"275 lb.-ft. @ 3,000rpm",4-wheel,2.0 l,122 cu.in.,245 hp,"39.6 ""","65.2 ""","73.4 ""","36.8 ""","42.8 ""","179.2 ""","38.7 ""","105.9 """,16,6,"3,997 lbs.","5,020 lbs.","2,000 lbs.",,,,,,,
Lincoln,MKC,2017,,,15.7gal.,,,all-wheel drive,i-4,2.0,"285hp @ 5,500rpm",6 speed automatic,"305 lb.-ft. @ 2,750rpm",,,,,,,,,,,,,16,,,,,,,,,,,
Lincoln,MKC,2016,19 mpg,26 mpg,15.5gal.,5,53 cu.ft.,all-wheel drive,i-4,2.0,"240hp @ 5,500rpm",6 speed automatic,"270 lb.-ft. @ 3,000rpm",4-wheel,2.0 l,122 cu.in.,240 hp,"39.6 ""","65.2 ""","73.4 ""","36.8 ""","42.8 ""","179.2 ""","38.7 ""","105.9 """,16,6,"3,952 lbs.","7,400 lbs.","2,000 lbs.",,,,,,,
Lincoln,MKC,2015,,,15.5gal.,,,all-wheel drive,i-4,2.0,"240hp @ 5,500rpm",6 speed automatic,"270 lb.-ft. @ 3,000rpm",,,,,,,,,,,,,16,,,,,,,,,,,
Lincoln,MKX,2018,17 mpg,25 mpg,18.0gal.,5,69 cu.ft.,front-wheel,v-6,2.7,"335hp @ 5,500rpm",6 speed automatic,"380 lb.-ft. @ 3,000rpm",4-wheel,3.7 l,227 cu.in.,303 hp,"39.9 ""","66.2 ""","76.1 ""","39.6 ""","42.8 ""","190.0 ""","39.2 ""","112.2 """,24,6,"4,168 lbs.","5,440 lbs.","2,000 lbs.",,,,,,,
Lincoln,MKX,2017,16 mpg,23 mpg,18.0gal.,5,69 cu.ft.,all-wheel drive,v-6,2.7,"303hp @ 6,500rpm",6 speed automatic,"380 lb.-ft. @ 3,000rpm",4-wheel,3.7 l,227 cu.in.,303 hp,"37.8 ""","66.2 ""","76.1 ""","39.6 ""","42.8 ""","190.0 ""","38.6 ""","112.2 """,24,6,"4,387 lbs.","5,620 lbs.","2,000 lbs.",,,,,,,
Lincoln,MKX,2016,17 mpg,26 mpg,18.0gal.,5,69 cu.ft.,front-wheel,v-6,2.7,"335hp @ 5,500rpm",6 speed automatic,"278 lb.-ft. @ 4,000rpm",4-wheel,3.7 l,227 cu.in.,303 hp,"39.9 ""","66.2 ""","76.1 ""","39.6 ""","42.8 ""","190.0 ""","39.2 ""","112.2 """,24,6,"4,168 lbs.","5,440 lbs.","2,000 lbs.",,,,,,,
Lincoln,MKX,2015,,,18.0gal.,,,front-wheel,v-6,3.7,"305hp @ 6,500rpm",6 speed automatic,"280 lb.-ft. @ 4,000rpm",,,,,,,,,,,,,24,,,,,,,,,,,
Lincoln,MKX,2014,,,18.0gal.,,,front-wheel,v-6,3.7,"305hp @ 6,500rpm",6 speed automatic,"280 lb.-ft. @ 4,000rpm",,,,,,,,,,,,,24,,,,,,,,,,,
Lincoln,MKX,2013,,,18.0gal.,,,front-wheel,v-6,3.7,"305hp @ 6,500rpm",6 speed automatic,"280 lb.-ft. @ 4,000rpm",,,,,,,,,,,,,24,,,,,,,,,,,
Lincoln,MKX,2012,,,18.0gal.,,,front-wheel,v-6,3.7,"305hp @ 6,500rpm",6 speed automatic,"280 lb.-ft. @ 4,000rpm",,,,,,,,,,,,,24,,,,,,,,,,,
Lincoln,MKX,2011,,,18.0gal.,,,front-wheel,v-6,3.7,"305hp @ 6,500rpm",6 speed automatic,"280 lb.-ft. @ 4,000rpm",,,,,,,,,,,,,24,,,,,,,,,,,
Lincoln,MKX,2010,,,19.0gal.,,,front-wheel,v-6,3.5,"285hp @ 6,500rpm",6 speed automatic,"253 lb.-ft. @ 4,000rpm",,,,,,,,,,,,,24,,,,,,,,,,,
Lincoln,MKX,2009,,,19.0gal.,,,front-wheel,v-6,3.5,"265hp @ 6,250rpm",6 speed automatic,"250 lb.-ft. @ 4,500rpm",,,,,,,,,,,,,24,,,,,,,,,,,
Lincoln,MKX,2008,,,19.0gal.,,,front-wheel,v-6,3.5,"265hp @ 6,250rpm",6 speed automatic,"250 lb.-ft. @ 4,500rpm",,,,,,,,,,,,,24,,,,,,,,,,,
Lincoln,MKX,2007,,,19.0gal.,,,front-wheel,v-6,3.5,"265hp @ 6,250rpm",6 speed automatic,"250 lb.-ft. @ 4,500rpm",,,,,,,,,,,,,24,,,,,,,,,,,
Lincoln,Blackwood,2002,,,25.0gal.,,,rear-wheel,v-8,5.4,"300hp @ 5,000rpm",4 speed automatic,"355 lb.-ft. @ 2,750rpm",,,,,,,,,,,,,32,,,,,,,,,,,
Lincoln,Mark LT,2008,,,30.0gal.,,,rear-wheel,v-8,5.4,"300hp @ 5,000rpm",4 speed automatic,"365 lb.-ft. @ 3,750rpm",,,,,,,,,,,,,24,,,,,,,,,,,
Lincoln,Mark LT,2007,,,30.0gal.,,,rear-wheel,v-8,5.4,"300hp @ 5,000rpm",4 speed automatic,"365 lb.-ft. @ 3,750rpm",,,,,,,,,,,,,24,,,,,,,,,,,
Lincoln,Mark LT,2006,,,30.0gal.,,,rear-wheel,v-8,5.4,"300hp @ 5,000rpm",4 speed automatic,"365 lb.-ft. @ 3,750rpm",,,,,,,,,,,,,24,,,,,,,,,,,
Lincoln,MKC,2019,19 mpg,25 mpg,15.7gal.,5,53 cu.ft.,all-wheel drive,i-4,2.0,"245hp @ 5,500rpm",6 speed automatic,"275 lb.-ft. @ 3,000rpm",4-wheel,2.0 l,122 cu.in.,245 hp,"39.6 ""","65.2 ""","73.4 ""","36.8 ""","42.8 ""","179.2 ""","38.7 ""","105.9 """,16,6,"3,997 lbs.","5,020 lbs.","2,000 lbs.",,,,,,,
Lincoln,MKC,2018,19 mpg,25 mpg,15.7gal.,5,53 cu.ft.,all-wheel drive,i-4,2.0,"245hp @ 5,500rpm",6 speed automatic,"275 lb.-ft. @ 3,000rpm",4-wheel,2.0 l,122 cu.in.,245 hp,"39.6 ""","65.2 ""","73.4 ""","36.8 ""","42.8 ""","179.2 ""","38.7 ""","105.9 """,16,6,"3,997 lbs.","5,020 lbs.","2,000 lbs.",,,,,,,
Lincoln,MKC,2017,,,15.7gal.,,,all-wheel drive,i-4,2.3,"285hp @ 5,500rpm",6 speed automatic,"305 lb.-ft. @ 2,750rpm",,,,,,,,,,,,,16,,,,,,,,,,,
Lincoln,MKC,2016,19 mpg,26 mpg,15.5gal.,5,53 cu.ft.,all-wheel drive,i-4,2.0,"240hp @ 5,500rpm",6 speed automatic,"270 lb.-ft. @ 3,000rpm",4-wheel,2.0 l,122 cu.in.,240 hp,"39.6 ""","65.2 ""","73.4 ""","36.8 ""","42.8 ""","179.2 ""","38.7 ""","105.9 """,16,6,"3,952 lbs.","7,400 lbs.","2,000 lbs.",,,,,,,
Lincoln,MKC,2015,,,15.5gal.,,,all-wheel drive,i-4,2.0,"240hp @ 5,500rpm",6 speed automatic,"270 lb.-ft. @ 3,000rpm",,,,,,,,,,,,,16,,,,,,,,,,,
Lincoln,MKT,2019,15 mpg,21 mpg,18.6gal.,7,76 cu.ft.,all-wheel drive,v-6,3.5,"365hp @ 5,700rpm",6 speed automatic,"350 lb.-ft. @ 3,500rpm",4-wheel,3.5 l,213 cu.in.,365 hp,"40.1 ""","67.4 ""","76.0 ""","41.8 ""","41.3 ""","207.6 ""","39.0 ""","117.9 """,24,6,"5,036 lbs.","6,219 lbs.","2,000 lbs.",,,,,,,
Lincoln,MKT,2018,16 mpg,24 mpg,18.6gal.,7,76 cu.ft.,front-wheel,v-6,3.7,"303hp @ 6,500rpm",6 speed automatic,"278 lb.-ft. @ 4,000rpm",4-wheel,3.7 l,227 cu.in.,303 hp,"40.1 ""","67.4 ""","76.0 ""","41.8 ""","41.3 ""","207.6 ""","39.0 ""","117.9 """,24,6,"4,702 lbs.","5,989 lbs.","2,000 lbs.",,,,,,,
Lincoln,MKT,2017,15 mpg,21 mpg,18.6gal.,7,76 cu.ft.,all-wheel drive,v-6,3.5,"365hp @ 5,700rpm",6 speed automatic,"350 lb.-ft. @ 3,500rpm",4-wheel,3.5 l,213 cu.in.,365 hp,"40.1 ""","67.4 ""","76.0 ""","41.8 ""","41.3 ""","207.6 ""","39.0 ""","117.9 """,24,6,"4,885 lbs.","6,219 lbs.","2,000 lbs.",,,,,,,
Lincoln,MKT,2016,18 mpg,25 mpg,18.6gal.,5,76 cu.ft.,front-wheel,i-4,2.0,"237hp @ 5,500rpm",6 speed automatic,"250 lb.-ft. @ 4,000rpm",4-wheel,2.0 l,122 cu.in.,237 hp,"40.1 ""","67.4 ""","76.0 ""","41.8 ""","41.3 ""","207.6 ""","39.0 ""","117.9 """,16,6,"4,550 lbs.","6,030 lbs.",,,,,,,,
Lincoln,MKT,2015,,,18.6gal.,,,front-wheel,v-6,3.7,"303hp @ 6,500rpm",6 speed automatic,"278 lb.-ft. @ 4,000rpm",,,,,,,,,,,,,24,,,,,,,,,,,
Lincoln,MKT,2014,,,18.6gal.,,,front-wheel,v-6,3.7,"303hp @ 6,500rpm",6 speed automatic,"278 lb.-ft. @ 4,000rpm",,,,,,,,,,,,,24,,,,,,,,,,,
Lincoln,MKT,2013,,,18.6gal.,,,front-wheel,v-6,3.7,"303hp @ 6,500rpm",6 speed automatic,"278 lb.-ft. @ 4,000rpm",,,,,,,,,,,,,24,,,,,,,,,,,
Lincoln,MKT,2012,,,18.6gal.,,,front-wheel,v-6,3.7,"268hp @ 6,250rpm",6 speed automatic,"267 lb.-ft. @ 4,250rpm",,,,,,,,,,,,,24,,,,,,,,,,,
Lincoln,MKT,2011,,,18.6gal.,,,front-wheel,v-6,3.7,"268hp @ 6,250rpm",6 speed automatic,"267 lb.-ft. @ 4,250rpm",,,,,,,,,,,,,24,,,,,,,,,,,
Lincoln,MKT,2010,,,18.6gal.,,,all-wheel drive,v-6,3.5,"355hp @ 5,700rpm",6 speed automatic,"350 lb.-ft. @ 3,500rpm",,,,,,,,,,,,,24,,,,,,,,,,,
Lincoln,MKX,2018,17 mpg,25 mpg,18.0gal.,5,69 cu.ft.,front-wheel,v-6,2.7,"335hp @ 5,500rpm",6 speed automatic,"380 lb.-ft. @ 3,000rpm",4-wheel,3.7 l,227 cu.in.,303 hp,"39.9 ""","66.2 ""","76.1 ""","39.6 ""","42.8 ""","190.0 ""","39.2 ""","112.2 """,24,6,"4,168 lbs.","5,440 lbs.","2,000 lbs.",,,,,,,
Lincoln,MKX,2017,16 mpg,23 mpg,18.0gal.,5,69 cu.ft.,all-wheel drive,v-6,2.7,"303hp @ 6,500rpm",6 speed automatic,"380 lb.-ft. @ 3,000rpm",4-wheel,3.7 l,227 cu.in.,303 hp,"37.8 ""","66.2 ""","76.1 ""","39.6 ""","42.8 ""","190.0 ""","38.6 ""","112.2 """,24,6,"4,387 lbs.","5,620 lbs.","2,000 lbs.",,,,,,,
Lincoln,MKX,2016,17 mpg,26 mpg,18.0gal.,5,69 cu.ft.,front-wheel,v-6,2.7,"335hp @ 5,500rpm",6 speed automatic,"278 lb.-ft. @ 4,000rpm",4-wheel,3.7 l,227 cu.in.,303 hp,"39.9 ""","66.2 ""","76.1 ""","39.6 ""","42.8 ""","190.0 ""","39.2 ""","112.2 """,24,6,"4,168 lbs.","5,440 lbs.","2,000 lbs.",,,,,,,
Lincoln,MKX,2015,,,18.0gal.,,,front-wheel,v-6,3.7,"305hp @ 6,500rpm",6 speed automatic,"280 lb.-ft. @ 4,000rpm",,,,,,,,,,,,,24,,,,,,,,,,,
Lincoln,MKX,2014,,,18.0gal.,,,front-wheel,v-6,3.7,"305hp @ 6,500rpm",6 speed automatic,"280 lb.-ft. @ 4,000rpm",,,,,,,,,,,,,24,,,,,,,,,,,
Lincoln,MKX,2013,,,18.0gal.,,,front-wheel,v-6,3.7,"305hp @ 6,500rpm",6 speed automatic,"280 lb.-ft. @ 4,000rpm",,,,,,,,,,,,,24,,,,,,,,,,,
Lincoln,MKX,2012,,,18.0gal.,,,front-wheel,v-6,3.7,"305hp @ 6,500rpm",6 speed automatic,"280 lb.-ft. @ 4,000rpm",,,,,,,,,,,,,24,,,,,,,,,,,
Lincoln,MKX,2011,,,18.0gal.,,,front-wheel,v-6,3.7,"305hp @ 6,500rpm",6 speed automatic,"280 lb.-ft. @ 4,000rpm",,,,,,,,,,,,,24,,,,,,,,,,,
Lincoln,MKX,2010,,,19.0gal.,,,front-wheel,v-6,3.5,"285hp @ 6,500rpm",6 speed automatic,"253 lb.-ft. @ 4,000rpm",,,,,,,,,,,,,24,,,,,,,,,,,
Lincoln,MKX,2009,,,19.0gal.,,,front-wheel,v-6,3.5,"265hp @ 6,250rpm",6 speed automatic,"250 lb.-ft. @ 4,500rpm",,,,,,,,,,,,,24,,,,,,,,,,,
Lincoln,MKX,2008,,,19.0gal.,,,front-wheel,v-6,3.5,"265hp @ 6,250rpm",6 speed automatic,"250 lb.-ft. @ 4,500rpm",,,,,,,,,,,,,24,,,,,,,,,,,
Lincoln,MKX,2007,,,19.0gal.,,,front-wheel,v-6,3.5,"265hp @ 6,250rpm",6 speed automatic,"250 lb.-ft. @ 4,500rpm",,,,,,,,,,,,,24,,,,,,,,,,,
