make,model,year,city,highway,fuel tank capacity,total seating capacity,max cargo capacity,drive type,cylinder configuration,engine liters,horsepower,transmission,torque,abs,size,displacement,horse power,front head room,overall height,overall width,rear leg room,front leg room,overall length,rear head room,wheelbase,number of valves,number of speeds,curb weight,gross vehicle weight,towing capacity,number of doors,speakers,approach angle,ground clearance (max),ramp breakover angle,departure angle,ground clearance
Lotus,Evora 400,2017,16 mpg,24 mpg,15.9gal.,4,6 cu.ft.,rear-wheel,v-6,3.5,"400hp @ 7,000rpm",6 speed manual,"302 lb.-ft. @ 3,500rpm",4-wheel,3.5 l,211 cu.in.,400 hp,,"48.4 ""","72.6 """,,,"172.6 """,,"101.4 """,24,6,"3,120 lbs.",,,,,,,,,
Lotus,Elise,2011,,,11.5gal.,,,rear-wheel,i-4,1.8,"189hp @ 7,800rpm",6 speed manual,"133 lb.-ft. @ 6,800rpm",,,,,,,,,,,,,16,,,,,,,,,,,
Lotus,Elise,2010,,,10.6gal.,,,rear-wheel,i-4,1.8,"189hp @ 7,800rpm",6 speed manual,"133 lb.-ft. @ 6,800rpm",,,,,,,,,,,,,16,,,,,,,,,,,
Lotus,Elise,2009,,,10.6gal.,,,rear-wheel,i-4,1.8,"189hp @ 7,800rpm",6 speed manual,"133 lb.-ft. @ 6,800rpm",,,,,,,,,,,,,16,,,,,,,,,,,
Lotus,Elise,2008,,,10.6gal.,,,rear-wheel,i-4,1.8,"190hp @ 7,800rpm",6 speed manual,"134 lb.-ft. @ 6,800rpm",,,,,,,,,,,,,16,,,,,,,,,,,
Lotus,Elise,2007,,,10.6gal.,,,rear-wheel,i-4,1.8,"190hp @ 7,800rpm",6 speed manual,"134 lb.-ft. @ 6,800rpm",,,,,,,,,,,,,16,,,,,,,,,,,
Lotus,Elise,2006,,,10.6gal.,,,rear-wheel,i-4,1.8,"190hp @ 7,800rpm",6 speed manual,"138 lb.-ft. @ 6,800rpm",,,,,,,,,,,,,16,,,,,,,,,,,
Lotus,Elise,2005,,,10.5gal.,,,rear-wheel,i-4,1.8,"190hp @ 7,800rpm",6 speed manual,"138 lb.-ft. @ 6,800rpm",,,,,,,,,,,,,16,,,,,,,,,,,
Lotus,Esprit,2004,15 mpg,22 mpg,18.5gal.,2,14 cu.ft.,rear-wheel,v-8,3.5,"350hp @ 6,500rpm",5 speed manual,"295 lb.-ft. @ 4,250rpm",4-wheel,3.5 l,214 cu.in.,350 hp,"34.6 ""","45.3 ""","74.1 """,,"49.2 ""","170.2 """,,"95.3 """,32,5,"3,040 lbs.",,,,,,,,,
Lotus,Esprit,2003,15 mpg,23 mpg,18.5gal.,2,14 cu.ft.,rear-wheel,v-8,3.5,"350hp @ 6,500rpm",5 speed manual,"295 lb.-ft. @ 4,250rpm",4-wheel,3.5 l,214 cu.in.,350 hp,"34.6 ""","45.3 ""","74.1 """,,"49.2 ""","170.2 """,,"95.3 """,32,5,"3,040 lbs.",,,,,,,,,
Lotus,Esprit,2002,15 mpg,23 mpg,18.5gal.,2,14 cu.ft.,rear-wheel,v-8,3.5,"350hp @ 6,500rpm",5 speed manual,"295 lb.-ft. @ 4,250rpm",4-wheel,3.5 l,214 cu.in.,350 hp,"34.6 ""","45.3 ""","74.1 """,,"49.2 ""","170.2 """,,"95.3 """,32,5,"3,040 lbs.",,,,,,,,,
Lotus,Esprit,2001,15 mpg,23 mpg,18.5gal.,2,14 cu.ft.,rear-wheel,v-8,3.5,"350hp @ 6,500rpm",5 speed manual,"295 lb.-ft. @ 4,250rpm",4-wheel,3.5 l,214 cu.in.,350 hp,"34.6 ""","45.3 ""","74.1 """,,"49.2 ""","170.2 """,,"95.3 """,32,5,"3,040 lbs.",,,,,,,,,
Lotus,Evora,2014,,,15.9gal.,,,rear-wheel,v-6,3.5,"276hp @ 6,400rpm",6 speed automatic,"258 lb.-ft. @ 4,700rpm",,,,,,,,,,,,,24,,,,,,,,,,,
Lotus,Evora,2013,,,15.9gal.,,,rear-wheel,v-6,3.5,"276hp @ 6,400rpm",6 speed automatic,"258 lb.-ft. @ 4,700rpm",,,,,,,,,,,,,24,,,,,,,,,,,
Lotus,Evora,2012,,,15.9gal.,,,rear-wheel,v-6,3.5,"276hp @ 6,400rpm",6 speed automatic,"258 lb.-ft. @ 4,700rpm",,,,,,,,,,,,,24,,,,,,,,,,,
Lotus,Evora,2011,,,15.9gal.,,,rear-wheel,v-6,3.5,"276hp @ 6,400rpm",6 speed automatic,"258 lb.-ft. @ 4,700rpm",,,,,,,,,,,,,24,,,,,,,,,,,
Lotus,Evora,2010,,,15.9gal.,,,rear-wheel,v-6,3.5,"276hp @ 6,400rpm",6 speed manual,"258 lb.-ft. @ 4,700rpm",,,,,,,,,,,,,24,,,,,,,,,,,
