make,model,year,city,highway,fuel tank capacity,total seating capacity,max cargo capacity,drive type,cylinder configuration,engine liters,horsepower,transmission,torque,abs,size,displacement,horse power,front head room,overall height,overall width,rear leg room,front leg room,overall length,rear head room,wheelbase,number of valves,number of speeds,curb weight,gross vehicle weight,towing capacity,number of doors,speakers,approach angle,ground clearance (max),ramp breakover angle,departure angle,ground clearance
Maserati,GranTurismo,2018,13 mpg,21 mpg,22.7gal.,4,9 cu.ft.,rear-wheel,v-8,4.7,"454hp @ 7,000rpm",6 speed automatic,"384 lb.-ft. @ 4,750rpm",4-wheel,4.7 l,286 cu.in.,454 hp,"40.2 ""","53.3 ""","75.4 ""","30.1 ""","41.7 ""","192.2 ""","34.3 ""","115.8 """,32,6,"4,145 lbs.","4,970 lbs.",,,,,,,,
Maserati,GranTurismo,2017,,,22.7gal.,,,rear-wheel,v-8,4.7,"454hp @ 7,000rpm",6 speed automatic,"384 lb.-ft. @ 4,750rpm",,,,,,,,,,,,,32,,,,,,,,,,,
Maserati,GranTurismo,2016,,,22.7gal.,,,rear-wheel,v-8,4.7,"454hp @ 7,000rpm",6 speed automatic,"384 lb.-ft. @ 4,750rpm",,,,,,,,,,,,,32,,,,,,,,,,,
Maserati,GranTurismo,2015,,,22.7gal.,,,rear-wheel,v-8,4.7,"454hp @ 7,000rpm",6 speed automatic,"384 lb.-ft. @ 4,750rpm",,,,,,,,,,,,,32,,,,,,,,,,,
Maserati,GranTurismo,2014,,,22.7gal.,,,rear-wheel,v-8,4.7,"454hp @ 7,000rpm",6 speed automatic,"384 lb.-ft. @ 4,750rpm",,,,,,,,,,,,,32,,,,,,,,,,,
Maserati,GranTurismo,2013,13 mpg,21 mpg,22.7gal.,4,9 cu.ft.,rear-wheel,v-8,4.7,"454hp @ 7,000rpm",6 speed automatic,"384 lb.-ft. @ 4,750rpm",4-wheel,4.7 l,286 cu.in.,454 hp,"40.2 ""","53.3 ""","75.4 ""","30.1 ""","41.7 ""","192.2 ""","34.3 ""","115.8 """,32,6,"4,145 lbs.","4,970 lbs.",,,,,,,,
Maserati,GranTurismo,2012,,,22.7gal.,,,rear-wheel,v-8,4.7,"433hp @ 7,600rpm",6 speed automatic,"361 lb.-ft. @ 4,750rpm",,,,,,,,,,,,,32,,,,,,,,,,,
Maserati,GranTurismo,2011,,,22.7gal.,,,rear-wheel,v-8,4.2,"405hp @ 7,100rpm",6 speed automatic,"339 lb.-ft. @ 4,750rpm",,,,,,,,,,,,,32,,,,,,,,,,,
Maserati,GranTurismo,2010,,,22.7gal.,,,rear-wheel,v-8,4.2,"405hp @ 7,100rpm",6 speed automatic,"339 lb.-ft. @ 4,750rpm",,,,,,,,,,,,,32,,,,,,,,,,,
Maserati,GranTurismo,2009,,,22.7gal.,,,rear-wheel,v-8,4.2,"405hp @ 7,100rpm",6 speed automatic,"339 lb.-ft. @ 4,750rpm",,,,,,,,,,,,,32,,,,,,,,,,,
Maserati,GranTurismo,2008,,,22.7gal.,,,rear-wheel,v-8,4.2,"405hp @ 7,100rpm",6 speed automatic,"339 lb.-ft. @ 4,750rpm",,,,,,,,,,,,,32,,,,,,,,,,,
Maserati,GranTurismo,2018,13 mpg,21 mpg,22.7gal.,4,9 cu.ft.,rear-wheel,v-8,4.7,"454hp @ 7,000rpm",6 speed automatic,"384 lb.-ft. @ 4,750rpm",4-wheel,4.7 l,286 cu.in.,454 hp,"40.2 ""","53.3 ""","75.4 ""","30.1 ""","41.7 ""","192.2 ""","34.3 ""","115.8 """,32,6,"4,145 lbs.","4,970 lbs.",,,,,,,,
Maserati,GranTurismo,2017,,,22.7gal.,,,rear-wheel,v-8,4.7,"454hp @ 7,000rpm",6 speed automatic,"384 lb.-ft. @ 4,750rpm",,,,,,,,,,,,,32,,,,,,,,,,,
Maserati,GranTurismo,2016,,,22.7gal.,,,rear-wheel,v-8,4.7,"454hp @ 7,000rpm",6 speed automatic,"384 lb.-ft. @ 4,750rpm",,,,,,,,,,,,,32,,,,,,,,,,,
Maserati,GranTurismo,2015,,,22.7gal.,,,rear-wheel,v-8,4.7,"454hp @ 7,000rpm",6 speed automatic,"384 lb.-ft. @ 4,750rpm",,,,,,,,,,,,,32,,,,,,,,,,,
Maserati,GranTurismo,2014,,,22.7gal.,,,rear-wheel,v-8,4.7,"454hp @ 7,000rpm",6 speed automatic,"384 lb.-ft. @ 4,750rpm",,,,,,,,,,,,,32,,,,,,,,,,,
Maserati,GranTurismo,2013,13 mpg,21 mpg,22.7gal.,4,9 cu.ft.,rear-wheel,v-8,4.7,"454hp @ 7,000rpm",6 speed automatic,"384 lb.-ft. @ 4,750rpm",4-wheel,4.7 l,286 cu.in.,454 hp,"40.2 ""","53.3 ""","75.4 ""","30.1 ""","41.7 ""","192.2 ""","34.3 ""","115.8 """,32,6,"4,145 lbs.","4,970 lbs.",,,,,,,,
Maserati,GranTurismo,2012,,,22.7gal.,,,rear-wheel,v-8,4.7,"433hp @ 7,600rpm",6 speed automatic,"361 lb.-ft. @ 4,750rpm",,,,,,,,,,,,,32,,,,,,,,,,,
Maserati,GranTurismo,2011,,,22.7gal.,,,rear-wheel,v-8,4.2,"405hp @ 7,100rpm",6 speed automatic,"339 lb.-ft. @ 4,750rpm",,,,,,,,,,,,,32,,,,,,,,,,,
Maserati,GranTurismo,2010,,,22.7gal.,,,rear-wheel,v-8,4.2,"405hp @ 7,100rpm",6 speed automatic,"339 lb.-ft. @ 4,750rpm",,,,,,,,,,,,,32,,,,,,,,,,,
Maserati,GranTurismo,2009,,,22.7gal.,,,rear-wheel,v-8,4.2,"405hp @ 7,100rpm",6 speed automatic,"339 lb.-ft. @ 4,750rpm",,,,,,,,,,,,,32,,,,,,,,,,,
Maserati,GranTurismo,2008,,,22.7gal.,,,rear-wheel,v-8,4.2,"405hp @ 7,100rpm",6 speed automatic,"339 lb.-ft. @ 4,750rpm",,,,,,,,,,,,,32,,,,,,,,,,,
Maserati,Coupe,2006,,,23.2gal.,,,rear-wheel,v-8,4.2,"390hp @ 7,000rpm",6 speed automatic with auto-shift,"333 lb.-ft. @ 4,500rpm",,,,,,,,,,,,,32,,,,,,,,,,,
Maserati,Coupe,2005,,,23.2gal.,,,rear-wheel,v-8,4.2,"390hp @ 7,000rpm",6 speed automatic with auto-shift,"333 lb.-ft. @ 4,500rpm",,,,,,,,,,,,,32,,,,,,,,,,,
Maserati,Coupe,2004,,,23.2gal.,,,rear-wheel,v-8,4.2,"390hp @ 7,000rpm",6 speed manual,"333 lb.-ft. @ 4,500rpm",,,,,,,,,,,,,32,,,,,,,,,,,
Maserati,Coupe,2003,,,23.2gal.,,,rear-wheel,v-8,4.2,"390hp @ 7,000rpm",6 speed automatic with auto-shift,"333 lb.-ft. @ 4,500rpm",,,,,,,,,,,,,32,,,,,,,,,,,
Maserati,Coupe,2002,,,23.2gal.,,,rear-wheel,v-8,4.2,"390hp @ 7,000rpm",6 speed automatic with auto-shift,"333 lb.-ft. @ 4,500rpm",,,,,,,,,,,,,32,,,,,,,,,,,
Maserati,Ghibli,2018,,,21.1gal.,,,rear-wheel,v-6,3.0,"345hp @ 5,250rpm",8 speed automatic,"369 lb.-ft. @ 1,750rpm",,,,,,,,,,,,,24,,,,,,,,,,,
Maserati,Ghibli,2017,,,21.1gal.,,,rear-wheel,v-6,3.0,"345hp @ 5,250rpm",8 speed automatic,"369 lb.-ft. @ 1,750rpm",,,,,,,,,,,,,24,,,,,,,,,,,
Maserati,Ghibli,2016,,,21.1gal.,,,rear-wheel,v-6,3.0,"345hp @ 5,250rpm",8 speed automatic,"369 lb.-ft. @ 1,750rpm",,,,,,,,,,,,,24,,,,,,,,,,,
Maserati,Ghibli,2015,,,21.1gal.,,,rear-wheel,v-6,3.0,"345hp @ 5,250rpm",8 speed automatic,"369 lb.-ft. @ 1,750rpm",,,,,,,,,,,,,24,,,,,,,,,,,
Maserati,Ghibli,2014,,,21.1gal.,,,rear-wheel,v-6,3.0,"345hp @ 5,250rpm",8 speed automatic,"369 lb.-ft. @ 1,750rpm",,,,,,,,,,,,,24,,,,,,,,,,,
Maserati,GranSport,2007,,,23.2gal.,,,rear-wheel,v-8,4.2,"396hp @ 7,000rpm",6 speed automatic with auto-shift,"333 lb.-ft. @ 4,500rpm",,,,,,,,,,,,,32,,,,,,,,,,,
Maserati,GranSport,2006,,,23.2gal.,,,rear-wheel,v-8,4.2,"396hp @ 7,000rpm",6 speed automatic with auto-shift,"333 lb.-ft. @ 4,500rpm",,,,,,,,,,,,,32,,,,,,,,,,,
Maserati,GranSport,2005,,,23.2gal.,,,rear-wheel,v-8,4.2,"396hp @ 7,000rpm",6 speed automatic with auto-shift,"333 lb.-ft. @ 4,500rpm",,,,,,,,,,,,,32,,,,,,,,,,,
Maserati,GranTurismo,2018,13 mpg,21 mpg,22.7gal.,4,9 cu.ft.,rear-wheel,v-8,4.7,"454hp @ 7,000rpm",6 speed automatic,"384 lb.-ft. @ 4,750rpm",4-wheel,4.7 l,286 cu.in.,454 hp,"40.2 ""","53.3 ""","75.4 ""","30.1 ""","41.7 ""","192.2 ""","34.3 ""","115.8 """,32,6,"4,145 lbs.","4,970 lbs.",,,,,,,,
Maserati,GranTurismo,2017,,,22.7gal.,,,rear-wheel,v-8,4.7,"454hp @ 7,000rpm",6 speed automatic,"384 lb.-ft. @ 4,750rpm",,,,,,,,,,,,,32,,,,,,,,,,,
Maserati,GranTurismo,2016,,,22.7gal.,,,rear-wheel,v-8,4.7,"454hp @ 7,000rpm",6 speed automatic,"384 lb.-ft. @ 4,750rpm",,,,,,,,,,,,,32,,,,,,,,,,,
Maserati,GranTurismo,2015,,,22.7gal.,,,rear-wheel,v-8,4.7,"454hp @ 7,000rpm",6 speed automatic,"384 lb.-ft. @ 4,750rpm",,,,,,,,,,,,,32,,,,,,,,,,,
Maserati,GranTurismo,2014,,,22.7gal.,,,rear-wheel,v-8,4.7,"454hp @ 7,000rpm",6 speed automatic,"384 lb.-ft. @ 4,750rpm",,,,,,,,,,,,,32,,,,,,,,,,,
Maserati,GranTurismo,2013,13 mpg,21 mpg,22.7gal.,4,9 cu.ft.,rear-wheel,v-8,4.7,"454hp @ 7,000rpm",6 speed automatic,"384 lb.-ft. @ 4,750rpm",4-wheel,4.7 l,286 cu.in.,454 hp,"40.2 ""","53.3 ""","75.4 ""","30.1 ""","41.7 ""","192.2 ""","34.3 ""","115.8 """,32,6,"4,145 lbs.","4,970 lbs.",,,,,,,,
Maserati,GranTurismo,2012,,,22.7gal.,,,rear-wheel,v-8,4.7,"433hp @ 7,600rpm",6 speed automatic,"361 lb.-ft. @ 4,750rpm",,,,,,,,,,,,,32,,,,,,,,,,,
Maserati,GranTurismo,2011,,,22.7gal.,,,rear-wheel,v-8,4.2,"405hp @ 7,100rpm",6 speed automatic,"339 lb.-ft. @ 4,750rpm",,,,,,,,,,,,,32,,,,,,,,,,,
Maserati,GranTurismo,2010,,,22.7gal.,,,rear-wheel,v-8,4.2,"405hp @ 7,100rpm",6 speed automatic,"339 lb.-ft. @ 4,750rpm",,,,,,,,,,,,,32,,,,,,,,,,,
Maserati,GranTurismo,2009,,,22.7gal.,,,rear-wheel,v-8,4.2,"405hp @ 7,100rpm",6 speed automatic,"339 lb.-ft. @ 4,750rpm",,,,,,,,,,,,,32,,,,,,,,,,,
Maserati,GranTurismo,2008,,,22.7gal.,,,rear-wheel,v-8,4.2,"405hp @ 7,100rpm",6 speed automatic,"339 lb.-ft. @ 4,750rpm",,,,,,,,,,,,,32,,,,,,,,,,,
Maserati,Levante,2018,14 mpg,20 mpg,21.1gal.,5,,all-wheel drive,v-6,3.0,"345hp @ 5,750rpm",8 speed automatic,"369 lb.-ft. @ 1,750rpm",4-wheel,3.0 l,182 cu.in.,345 hp,,"66.1 ""","77.5 """,,,"197.0 """,,"118.3 """,24,8,"4,649 lbs.","6,116 lbs.","5,952 lbs.",,,,,,,
Maserati,Levante,2017,,,21.1gal.,,,all-wheel drive,v-6,3.0,"345hp @ 5,750rpm",8 speed automatic,"369 lb.-ft. @ 1,750rpm",,,,,,,,,,,,,24,,,,,,,,,,,
