make,model,year,city,highway,fuel tank capacity,total seating capacity,max cargo capacity,drive type,cylinder configuration,engine liters,horsepower,transmission,torque,abs,size,displacement,horse power,front head room,overall height,overall width,rear leg room,front leg room,overall length,rear head room,wheelbase,number of valves,number of speeds,curb weight,gross vehicle weight,towing capacity,number of doors,speakers,approach angle,ground clearance (max),ramp breakover angle,departure angle,ground clearance
MINI,Clubman,2019,24 mpg,33 mpg,13.2gal.,5,44 cu.ft.,front-wheel,i-3,1.5,"134hp @ 4,400rpm",6 speed automatic,"162 lb.-ft. @ 1,250rpm",4-wheel,1.5 l,91 cu.in.,134 hp,"40.2 ""","56.7 ""","70.9 ""","34.3 ""","41.4 ""","168.3 ""","38.0 ""","105.1 """,12,6,"3,105 lbs.","4,275 lbs.",,,,,,,,
MINI,Clubman,2018,24 mpg,34 mpg,13.2gal.,5,48 cu.ft.,front-wheel,i-3,1.5,"134hp @ 4,400rpm",6 speed automatic,"162 lb.-ft. @ 1,250rpm",4-wheel,1.5 l,91 cu.in.,134 hp,"40.2 ""","56.7 ""","70.9 ""","34.3 ""","41.4 ""","168.3 ""","38.0 ""","105.1 """,12,6,"3,105 lbs.","4,275 lbs.",,,,,,,,
MINI,Clubman,2017,,,13.2gal.,,,all4 all-wheel drive,i-3,1.5,"134hp @ 4,400rpm",8 speed automatic,"162 lb.-ft. @ 1,250rpm",,,,,,,,,,,,,12,,,,,,,,,,,
MINI,Clubman,2016,,,13.2gal.,,,front-wheel,i-3,1.5,"134hp @ 4,400rpm",6 speed automatic,"162 lb.-ft. @ 1,250rpm",,,,,,,,,,,,,12,,,,,,,,,,,
MINI,Clubman,2014,,,13.2gal.,,,front-wheel,i-4,1.6,"121hp @ 6,000rpm",6 speed automatic,"118 lb.-ft. @ 4,250rpm",,,,,,,,,,,,,16,,,,,,,,,,,
MINI,Clubman,2013,,,13.2gal.,,,front-wheel,i-4,1.6,"121hp @ 6,000rpm",6 speed automatic,"118 lb.-ft. @ 4,250rpm",,,,,,,,,,,,,16,,,,,,,,,,,
MINI,Convertible,2019,28 mpg,37 mpg,11.6gal.,4,8 cu.ft.,front-wheel,i-3,1.5,"134hp @ 4,500rpm",6 speed automatic,"162 lb.-ft. @ 1,250rpm",4-wheel,1.5 l,91 cu.in.,134 hp,"39.8 ""","55.7 ""","68.0 ""","30.9 ""","41.4 ""","151.1 ""","39.0 ""","98.2 """,12,6,"2,855 lbs.","3,691 lbs.",,,,,,,,
MINI,Convertible,2018,28 mpg,37 mpg,11.6gal.,4,8 cu.ft.,front-wheel,i-3,1.5,"134hp @ 4,500rpm",6 speed automatic,"162 lb.-ft. @ 1,250rpm",4-wheel,1.5 l,91 cu.in.,134 hp,"39.8 ""","55.7 ""","68.0 ""","30.9 ""","41.4 ""","151.1 ""","39.0 ""","98.2 """,12,6,"2,855 lbs.","3,691 lbs.",,,,,,,,
MINI,Convertible,2017,,,11.6gal.,,,front-wheel,i-4,2.0,"228hp @ 5,200rpm",6 speed automatic,"236 lb.-ft. @ 1,250rpm",,,,,,,,,,,,,16,,,,,,,,,,,
MINI,Convertible,2016,,,11.6gal.,,,front-wheel,i-3,1.5,"134hp @ 4,500rpm",6 speed automatic,"162 lb.-ft. @ 1,250rpm",,,,,,,,,,,,,12,,,,,,,,,,,
MINI,Convertible,2015,,,13.2gal.,,,front-wheel,i-4,1.6,"121hp @ 6,000rpm",6 speed automatic,"118 lb.-ft. @ 4,250rpm",,,,,,,,,,,,,16,,,,,,,,,,,
MINI,Convertible,2014,,,13.2gal.,,,front-wheel,i-4,1.6,"121hp @ 6,000rpm",6 speed automatic,"118 lb.-ft. @ 4,250rpm",,,,,,,,,,,,,16,,,,,,,,,,,
MINI,Convertible,2013,,,13.2gal.,,,front-wheel,i-4,1.6,"121hp @ 6,000rpm",6 speed automatic,"118 lb.-ft. @ 4,250rpm",,,,,,,,,,,,,16,,,,,,,,,,,
MINI,Cooper,2012,,,13.2gal.,,,front-wheel,i-4,1.6,"121hp @ 6,000rpm",6 speed automatic,"118 lb.-ft. @ 4,250rpm",,,,,,,,,,,,,16,,,,,,,,,,,
MINI,Cooper,2011,,,13.2gal.,,,front-wheel,i-4,1.6,"121hp @ 6,000rpm",6 speed automatic,"118 lb.-ft. @ 4,250rpm",,,,,,,,,,,,,16,,,,,,,,,,,
MINI,Cooper,2010,,,10.6gal.,,,front-wheel,i-4,1.6,"118hp @ 6,000rpm",6 speed automatic,"114 lb.-ft. @ 4,250rpm",,,,,,,,,,,,,16,,,,,,,,,,,
MINI,Cooper,2009,,,10.6gal.,,,front-wheel,i-4,1.6,"118hp @ 6,000rpm",6 speed automatic,"114 lb.-ft. @ 4,250rpm",,,,,,,,,,,,,16,,,,,,,,,,,
MINI,Cooper,2008,,,13.2gal.,,,front-wheel,i-4,1.6,"115hp @ 6,000rpm",continuously variable automatic,"110 lb.-ft. @ 4,500rpm",,,,,,,,,,,,,16,,,,,,,,,,,
MINI,Cooper,2007,,,10.6gal.,,,front-wheel,i-4,1.6,"118hp @ 6,000rpm",6 speed automatic,"114 lb.-ft. @ 4,250rpm",,,,,,,,,,,,,16,,,,,,,,,,,
MINI,Cooper,2006,,,13.2gal.,,,front-wheel,i-4,1.6,"115hp @ 6,000rpm",continuously variable automatic,"110 lb.-ft. @ 4,500rpm",,,,,,,,,,,,,16,,,,,,,,,,,
MINI,Cooper,2005,,,13.2gal.,,,front-wheel,i-4,1.6,"115hp @ 6,000rpm",continuously variable automatic,"110 lb.-ft. @ 4,500rpm",,,,,,,,,,,,,16,,,,,,,,,,,
MINI,Cooper,2004,,,13.2gal.,,,front-wheel,i-4,1.6,"115hp @ 6,000rpm",continuously variable automatic,"110 lb.-ft. @ 4,500rpm",,,,,,,,,,,,,16,,,,,,,,,,,
MINI,Cooper,2003,,,13.2gal.,,,front-wheel,i-4,1.6,"115hp @ 6,000rpm",continuously variable automatic,"110 lb.-ft. @ 4,500rpm",,,,,,,,,,,,,16,,,,,,,,,,,
MINI,Cooper,2002,,,13.2gal.,,,front-wheel,i-4,1.6,"115hp @ 6,000rpm",continuously variable automatic,"110 lb.-ft. @ 4,500rpm",,,,,,,,,,,,,16,,,,,,,,,,,
MINI,Cooper Clubman,2012,,,13.2gal.,,,front-wheel,i-4,1.6,"121hp @ 6,000rpm",6 speed automatic,"118 lb.-ft. @ 4,250rpm",,,,,,,,,,,,,16,,,,,,,,,,,
MINI,Cooper Clubman,2011,,,13.2gal.,,,front-wheel,i-4,1.6,"121hp @ 6,000rpm",6 speed automatic,"118 lb.-ft. @ 4,250rpm",,,,,,,,,,,,,16,,,,,,,,,,,
MINI,Cooper Clubman,2010,,,13.2gal.,,,front-wheel,i-4,1.6,"118hp @ 6,000rpm",6 speed automatic,"114 lb.-ft. @ 4,250rpm",,,,,,,,,,,,,16,,,,,,,,,,,
MINI,Cooper Clubman,2009,,,13.2gal.,,,front-wheel,i-4,1.6,"118hp @ 6,000rpm",6 speed automatic,"114 lb.-ft. @ 4,250rpm",,,,,,,,,,,,,16,,,,,,,,,,,
MINI,Cooper Clubman,2008,,,13.2gal.,,,front-wheel,i-4,1.6,"118hp @ 6,000rpm",6 speed automatic,"114 lb.-ft. @ 4,250rpm",,,,,,,,,,,,,16,,,,,,,,,,,
MINI,Cooper S,2012,,,13.2gal.,,,front-wheel,i-4,1.6,"181hp @ 5,500rpm",6 speed automatic,"177 lb.-ft. @ 1,600rpm",,,,,,,,,,,,,16,,,,,,,,,,,
MINI,Cooper S,2011,,,13.2gal.,,,front-wheel,i-4,1.6,"181hp @ 5,500rpm",6 speed automatic,"177 lb.-ft. @ 1,600rpm",,,,,,,,,,,,,16,,,,,,,,,,,
MINI,Cooper S,2010,,,13.2gal.,,,front-wheel,i-4,1.6,"172hp @ 5,500rpm",6 speed automatic,"177 lb.-ft. @ 1,600rpm",,,,,,,,,,,,,16,,,,,,,,,,,
MINI,Cooper S,2009,,,13.2gal.,,,front-wheel,i-4,1.6,"172hp @ 5,500rpm",6 speed automatic,"177 lb.-ft. @ 1,600rpm",,,,,,,,,,,,,16,,,,,,,,,,,
MINI,Cooper S,2008,,,13.2gal.,,,front-wheel,i-4,1.6,"207hp @ 6,000rpm",6 speed automatic,"177 lb.-ft. @ 4,000rpm",,,,,,,,,,,,,16,,,,,,,,,,,
MINI,Cooper S,2007,,,13.2gal.,,,front-wheel,i-4,1.6,"172hp @ 5,500rpm",6 speed automatic,"177 lb.-ft. @ 1,600rpm",,,,,,,,,,,,,16,,,,,,,,,,,
MINI,Cooper S,2006,,,13.2gal.,,,front-wheel,i-4,1.6,"208hp @ 6,000rpm",6 speed automatic,"180 lb.-ft. @ 4,500rpm",,,,,,,,,,,,,16,,,,,,,,,,,
MINI,Cooper S,2005,,,13.2gal.,,,front-wheel,i-4,1.6,"168hp @ 6,000rpm",6 speed automatic,"162 lb.-ft. @ 4,000rpm",,,,,,,,,,,,,16,,,,,,,,,,,
MINI,Cooper S,2004,,,13.2gal.,,,front-wheel,i-4,1.6,"163hp @ 6,000rpm",6 speed manual,"155 lb.-ft. @ 4,000rpm",,,,,,,,,,,,,16,,,,,,,,,,,
MINI,Cooper S,2003,,,13.2gal.,,,front-wheel,i-4,1.6,"163hp @ 6,000rpm",6 speed manual,"155 lb.-ft. @ 4,000rpm",,,,,,,,,,,,,16,,,,,,,,,,,
MINI,Cooper S,2002,,,13.2gal.,,,front-wheel,i-4,1.6,"163hp @ 6,000rpm",6 speed manual,"155 lb.-ft. @ 4,000rpm",,,,,,,,,,,,,16,,,,,,,,,,,
MINI,Cooper S,2012,,,13.2gal.,,,front-wheel,i-4,1.6,"181hp @ 5,500rpm",6 speed automatic,"177 lb.-ft. @ 1,600rpm",,,,,,,,,,,,,16,,,,,,,,,,,
MINI,Cooper S,2011,,,13.2gal.,,,front-wheel,i-4,1.6,"181hp @ 5,500rpm",6 speed automatic,"177 lb.-ft. @ 1,600rpm",,,,,,,,,,,,,16,,,,,,,,,,,
MINI,Cooper S,2010,,,13.2gal.,,,front-wheel,i-4,1.6,"172hp @ 5,500rpm",6 speed automatic,"177 lb.-ft. @ 1,600rpm",,,,,,,,,,,,,16,,,,,,,,,,,
MINI,Cooper S,2009,,,13.2gal.,,,front-wheel,i-4,1.6,"172hp @ 5,500rpm",6 speed automatic,"177 lb.-ft. @ 1,600rpm",,,,,,,,,,,,,16,,,,,,,,,,,
MINI,Cooper S,2008,,,13.2gal.,,,front-wheel,i-4,1.6,"207hp @ 6,000rpm",6 speed automatic,"177 lb.-ft. @ 4,000rpm",,,,,,,,,,,,,16,,,,,,,,,,,
MINI,Cooper S,2007,,,13.2gal.,,,front-wheel,i-4,1.6,"172hp @ 5,500rpm",6 speed automatic,"177 lb.-ft. @ 1,600rpm",,,,,,,,,,,,,16,,,,,,,,,,,
MINI,Cooper S,2006,,,13.2gal.,,,front-wheel,i-4,1.6,"208hp @ 6,000rpm",6 speed automatic,"180 lb.-ft. @ 4,500rpm",,,,,,,,,,,,,16,,,,,,,,,,,
MINI,Cooper S,2005,,,13.2gal.,,,front-wheel,i-4,1.6,"168hp @ 6,000rpm",6 speed automatic,"162 lb.-ft. @ 4,000rpm",,,,,,,,,,,,,16,,,,,,,,,,,
MINI,Cooper S,2004,,,13.2gal.,,,front-wheel,i-4,1.6,"163hp @ 6,000rpm",6 speed manual,"155 lb.-ft. @ 4,000rpm",,,,,,,,,,,,,16,,,,,,,,,,,
MINI,Cooper S,2003,,,13.2gal.,,,front-wheel,i-4,1.6,"163hp @ 6,000rpm",6 speed manual,"155 lb.-ft. @ 4,000rpm",,,,,,,,,,,,,16,,,,,,,,,,,
MINI,Cooper S,2002,,,13.2gal.,,,front-wheel,i-4,1.6,"163hp @ 6,000rpm",6 speed manual,"155 lb.-ft. @ 4,000rpm",,,,,,,,,,,,,16,,,,,,,,,,,
MINI,Cooper S Clubman,2012,,,13.2gal.,,,front-wheel,i-4,1.6,"181hp @ 5,500rpm",6 speed automatic,"177 lb.-ft. @ 1,600rpm",,,,,,,,,,,,,16,,,,,,,,,,,
MINI,Cooper S Clubman,2011,,,13.2gal.,,,front-wheel,i-4,1.6,"181hp @ 5,500rpm",6 speed automatic,"177 lb.-ft. @ 1,600rpm",,,,,,,,,,,,,16,,,,,,,,,,,
MINI,Cooper S Clubman,2010,,,13.2gal.,,,front-wheel,i-4,1.6,"172hp @ 5,500rpm",6 speed automatic,"177 lb.-ft. @ 1,600rpm",,,,,,,,,,,,,16,,,,,,,,,,,
MINI,Cooper S Clubman,2009,,,13.2gal.,,,front-wheel,i-4,1.6,"172hp @ 5,500rpm",6 speed manual,"177 lb.-ft. @ 1,600rpm",,,,,,,,,,,,,16,,,,,,,,,,,
MINI,Cooper S Clubman,2008,,,13.2gal.,,,front-wheel,i-4,1.6,"172hp @ 5,500rpm",6 speed automatic,"177 lb.-ft. @ 1,600rpm",,,,,,,,,,,,,16,,,,,,,,,,,
MINI,John Cooper Works,2012,,,13.2gal.,,,front-wheel,i-4,1.6,"208hp @ 6,000rpm",6 speed manual,"192 lb.-ft. @ 1,850rpm",,,,,,,,,,,,,16,,,,,,,,,,,
MINI,John Cooper Works,2011,,,13.2gal.,,,front-wheel,i-4,1.6,"208hp @ 6,000rpm",6 speed manual,"192 lb.-ft. @ 1,850rpm",,,,,,,,,,,,,16,,,,,,,,,,,
MINI,John Cooper Works,2010,,,13.2gal.,,,front-wheel,i-4,1.6,"208hp @ 6,000rpm",6 speed manual,"192 lb.-ft. @ 1,850rpm",,,,,,,,,,,,,16,,,,,,,,,,,
MINI,John Cooper Works,2009,,,13.2gal.,,,front-wheel,i-4,1.6,"208hp @ 6,000rpm",6 speed manual,"192 lb.-ft. @ 1,850rpm",,,,,,,,,,,,,16,,,,,,,,,,,
MINI,Convertible,2019,28 mpg,37 mpg,11.6gal.,4,8 cu.ft.,front-wheel,i-3,1.5,"134hp @ 4,500rpm",6 speed automatic,"162 lb.-ft. @ 1,250rpm",4-wheel,1.5 l,91 cu.in.,134 hp,"39.8 ""","55.7 ""","68.0 ""","30.9 ""","41.4 ""","151.1 ""","39.0 ""","98.2 """,12,6,"2,855 lbs.","3,691 lbs.",,,,,,,,
MINI,Convertible,2018,28 mpg,37 mpg,11.6gal.,4,8 cu.ft.,front-wheel,i-3,1.5,"134hp @ 4,500rpm",6 speed automatic,"162 lb.-ft. @ 1,250rpm",4-wheel,1.5 l,91 cu.in.,134 hp,"39.8 ""","55.7 ""","68.0 ""","30.9 ""","41.4 ""","151.1 ""","39.0 ""","98.2 """,12,6,"2,855 lbs.","3,691 lbs.",,,,,,,,
MINI,Convertible,2017,,,11.6gal.,,,front-wheel,i-4,2.0,"228hp @ 5,200rpm",6 speed automatic,"236 lb.-ft. @ 1,250rpm",,,,,,,,,,,,,16,,,,,,,,,,,
MINI,Convertible,2016,,,11.6gal.,,,front-wheel,i-3,1.5,"134hp @ 4,500rpm",6 speed automatic,"162 lb.-ft. @ 1,250rpm",,,,,,,,,,,,,12,,,,,,,,,,,
MINI,Convertible,2015,,,13.2gal.,,,front-wheel,i-4,1.6,"121hp @ 6,000rpm",6 speed automatic,"118 lb.-ft. @ 4,250rpm",,,,,,,,,,,,,16,,,,,,,,,,,
MINI,Convertible,2014,,,13.2gal.,,,front-wheel,i-4,1.6,"121hp @ 6,000rpm",6 speed automatic,"118 lb.-ft. @ 4,250rpm",,,,,,,,,,,,,16,,,,,,,,,,,
MINI,Convertible,2013,,,13.2gal.,,,front-wheel,i-4,1.6,"121hp @ 6,000rpm",6 speed automatic,"118 lb.-ft. @ 4,250rpm",,,,,,,,,,,,,16,,,,,,,,,,,
MINI,Roadster,2015,,,10.6gal.,,,front-wheel,i-4,1.6,"121hp @ 6,000rpm",6 speed automatic,"118 lb.-ft. @ 4,250rpm",,,,,,,,,,,,,16,,,,,,,,,,,
MINI,Roadster,2014,,,10.6gal.,,,front-wheel,i-4,1.6,"121hp @ 6,000rpm",6 speed automatic,"118 lb.-ft. @ 4,250rpm",,,,,,,,,,,,,16,,,,,,,,,,,
MINI,Roadster,2013,,,10.6gal.,,,front-wheel,i-4,1.6,"121hp @ 6,000rpm",6 speed automatic,"118 lb.-ft. @ 4,250rpm",,,,,,,,,,,,,16,,,,,,,,,,,
MINI,E Countryman,2019,,,9.5gal.,5,41 cu.ft.,all4 all-wheel drive,i-3,1.5,"134hp @ 4,400rpm",6 speed automatic,"162 lb.-ft. @ 1,250rpm",4-wheel,1.5 l,91 cu.in.,134 hp,"39.9 ""","61.4 ""","71.7 ""","37.6 ""","40.4 ""","169.8 ""","36.3 ""","105.1 """,12,6,"3,948 lbs.","5,005 lbs.",,,,,,,,
MINI,E Countryman,2018,,,9.5gal.,5,49 cu.ft.,all4 all-wheel drive,i-3,1.5,"134hp @ 4,400rpm",6 speed automatic,"162 lb.-ft. @ 1,250rpm",4-wheel,1.5 l,91 cu.in.,134 hp,"39.9 ""","61.4 ""","71.7 ""","37.6 ""","40.4 ""","169.8 ""","36.3 ""","105.1 """,12,6,"3,948 lbs.","5,005 lbs.",,,,,,,,
MINI,Clubman,2019,24 mpg,33 mpg,13.2gal.,5,44 cu.ft.,front-wheel,i-3,1.5,"134hp @ 4,400rpm",6 speed automatic,"162 lb.-ft. @ 1,250rpm",4-wheel,1.5 l,91 cu.in.,134 hp,"40.2 ""","56.7 ""","70.9 ""","34.3 ""","41.4 ""","168.3 ""","38.0 ""","105.1 """,12,6,"3,105 lbs.","4,275 lbs.",,,,,,,,
MINI,Clubman,2018,24 mpg,34 mpg,13.2gal.,5,48 cu.ft.,front-wheel,i-3,1.5,"134hp @ 4,400rpm",6 speed automatic,"162 lb.-ft. @ 1,250rpm",4-wheel,1.5 l,91 cu.in.,134 hp,"40.2 ""","56.7 ""","70.9 ""","34.3 ""","41.4 ""","168.3 ""","38.0 ""","105.1 """,12,6,"3,105 lbs.","4,275 lbs.",,,,,,,,
MINI,Clubman,2017,,,13.2gal.,,,all4 all-wheel drive,i-3,1.5,"134hp @ 4,400rpm",8 speed automatic,"162 lb.-ft. @ 1,250rpm",,,,,,,,,,,,,12,,,,,,,,,,,
MINI,Clubman,2016,,,13.2gal.,,,front-wheel,i-3,1.5,"134hp @ 4,400rpm",6 speed automatic,"162 lb.-ft. @ 1,250rpm",,,,,,,,,,,,,12,,,,,,,,,,,
MINI,Clubman,2014,,,13.2gal.,,,front-wheel,i-4,1.6,"121hp @ 6,000rpm",6 speed automatic,"118 lb.-ft. @ 4,250rpm",,,,,,,,,,,,,16,,,,,,,,,,,
MINI,Clubman,2013,,,13.2gal.,,,front-wheel,i-4,1.6,"121hp @ 6,000rpm",6 speed automatic,"118 lb.-ft. @ 4,250rpm",,,,,,,,,,,,,16,,,,,,,,,,,
MINI,Countryman,2019,24 mpg,33 mpg,16.1gal.,5,49 cu.ft.,front-wheel,i-3,1.5,"134hp @ 4,400rpm",6 speed manual,"162 lb.-ft. @ 1,250rpm",4-wheel,1.5 l,91 cu.in.,134 hp,"39.9 ""","61.3 ""","71.7 ""","37.6 ""","40.4 ""","169.8 ""","37.5 ""","105.1 """,12,6,"3,300 lbs.","4,299 lbs.",,,,,,,,
MINI,Countryman,2018,24 mpg,34 mpg,16.1gal.,5,49 cu.ft.,front-wheel,i-3,1.5,"134hp @ 4,400rpm",6 speed automatic,"162 lb.-ft. @ 1,250rpm",4-wheel,1.5 l,91 cu.in.,134 hp,"39.9 ""","61.3 ""","71.7 ""","37.6 ""","40.4 ""","169.8 ""","37.5 ""","105.1 """,12,6,"3,300 lbs.","4,299 lbs.",,,,,,,,
MINI,Countryman,2017,24 mpg,33 mpg,16.1gal.,5,49 cu.ft.,front-wheel,i-3,1.5,"134hp @ 4,400rpm",6 speed automatic,"162 lb.-ft. @ 1,250rpm",4-wheel,1.5 l,91 cu.in.,134 hp,"40.5 ""","61.3 ""","71.7 ""","37.6 ""","40.4 ""","169.8 ""","38.3 ""","105.1 """,12,6,"3,300 lbs.","4,299 lbs.",,,,,,,,
MINI,Countryman,2016,,,12.4gal.,,,front-wheel,i-4,1.6,"121hp @ 6,000rpm",6 speed automatic,"118 lb.-ft. @ 4,250rpm",,,,,,,,,,,,,16,,,,,,,,,,,
MINI,Countryman,2015,,,12.4gal.,,,front-wheel,i-4,1.6,"121hp @ 6,000rpm",6 speed automatic,"118 lb.-ft. @ 4,250rpm",,,,,,,,,,,,,16,,,,,,,,,,,
MINI,Countryman,2014,,,12.4gal.,,,front-wheel,i-4,1.6,"121hp @ 6,000rpm",6 speed automatic,"118 lb.-ft. @ 4,250rpm",,,,,,,,,,,,,16,,,,,,,,,,,
MINI,Countryman,2013,,,12.4gal.,,,front-wheel,i-4,1.6,"121hp @ 6,000rpm",6 speed automatic,"118 lb.-ft. @ 4,250rpm",,,,,,,,,,,,,16,,,,,,,,,,,
MINI,Clubman,2019,24 mpg,33 mpg,13.2gal.,5,44 cu.ft.,front-wheel,i-3,1.5,"134hp @ 4,400rpm",6 speed automatic,"162 lb.-ft. @ 1,250rpm",4-wheel,1.5 l,91 cu.in.,134 hp,"40.2 ""","56.7 ""","70.9 ""","34.3 ""","41.4 ""","168.3 ""","38.0 ""","105.1 """,12,6,"3,105 lbs.","4,275 lbs.",,,,,,,,
MINI,Clubman,2018,24 mpg,34 mpg,13.2gal.,5,48 cu.ft.,front-wheel,i-3,1.5,"134hp @ 4,400rpm",6 speed automatic,"162 lb.-ft. @ 1,250rpm",4-wheel,1.5 l,91 cu.in.,134 hp,"40.2 ""","56.7 ""","70.9 ""","34.3 ""","41.4 ""","168.3 ""","38.0 ""","105.1 """,12,6,"3,105 lbs.","4,275 lbs.",,,,,,,,
MINI,Clubman,2017,,,13.2gal.,,,all4 all-wheel drive,i-3,1.5,"134hp @ 4,400rpm",8 speed automatic,"162 lb.-ft. @ 1,250rpm",,,,,,,,,,,,,12,,,,,,,,,,,
MINI,Clubman,2016,,,13.2gal.,,,front-wheel,i-3,1.5,"134hp @ 4,400rpm",6 speed automatic,"162 lb.-ft. @ 1,250rpm",,,,,,,,,,,,,12,,,,,,,,,,,
MINI,Clubman,2014,,,13.2gal.,,,front-wheel,i-4,1.6,"121hp @ 6,000rpm",6 speed automatic,"118 lb.-ft. @ 4,250rpm",,,,,,,,,,,,,16,,,,,,,,,,,
MINI,Clubman,2013,,,13.2gal.,,,front-wheel,i-4,1.6,"121hp @ 6,000rpm",6 speed automatic,"118 lb.-ft. @ 4,250rpm",,,,,,,,,,,,,16,,,,,,,,,,,
MINI,Cooper Countryman,2012,,,12.4gal.,,,front-wheel,i-4,1.6,"121hp @ 6,000rpm",6 speed automatic,"118 lb.-ft. @ 4,250rpm",,,,,,,,,,,,,16,,,,,,,,,,,
MINI,Cooper Countryman,2011,,,12.4gal.,,,front-wheel,i-4,1.6,"121hp @ 6,000rpm",6 speed automatic,"118 lb.-ft. @ 4,250rpm",,,,,,,,,,,,,16,,,,,,,,,,,
MINI,Cooper S Countryman,2012,,,12.4gal.,,,front-wheel,i-4,1.6,"181hp @ 5,500rpm",6 speed automatic,"177 lb.-ft. @ 1,600rpm",,,,,,,,,,,,,16,,,,,,,,,,,
MINI,Cooper S Countryman,2011,,,12.4gal.,,,front-wheel,i-4,1.6,"181hp @ 5,500rpm",6 speed manual,"177 lb.-ft. @ 1,600rpm",,,,,,,,,,,,,16,,,,,,,,,,,
MINI,Countryman,2019,24 mpg,33 mpg,16.1gal.,5,49 cu.ft.,front-wheel,i-3,1.5,"134hp @ 4,400rpm",6 speed automatic,"162 lb.-ft. @ 1,250rpm",4-wheel,1.5 l,91 cu.in.,134 hp,"39.9 ""","61.3 ""","71.7 ""","37.6 ""","40.4 ""","169.8 ""","37.5 ""","105.1 """,12,6,"3,300 lbs.","4,299 lbs.",,,,,,,,
MINI,Countryman,2018,24 mpg,34 mpg,16.1gal.,5,49 cu.ft.,front-wheel,i-3,1.5,"134hp @ 4,400rpm",6 speed automatic,"162 lb.-ft. @ 1,250rpm",4-wheel,1.5 l,91 cu.in.,134 hp,"39.9 ""","61.3 ""","71.7 ""","37.6 ""","40.4 ""","169.8 ""","37.5 ""","105.1 """,12,6,"3,300 lbs.","4,299 lbs.",,,,,,,,
MINI,Countryman,2017,24 mpg,33 mpg,16.1gal.,5,49 cu.ft.,front-wheel,i-3,1.5,"134hp @ 4,400rpm",6 speed automatic,"162 lb.-ft. @ 1,250rpm",4-wheel,1.5 l,91 cu.in.,134 hp,"40.5 ""","61.3 ""","71.7 ""","37.6 ""","40.4 ""","169.8 ""","38.3 ""","105.1 """,12,6,"3,300 lbs.","4,299 lbs.",,,,,,,,
MINI,Countryman,2016,,,12.4gal.,,,front-wheel,i-4,1.6,"121hp @ 6,000rpm",6 speed automatic,"118 lb.-ft. @ 4,250rpm",,,,,,,,,,,,,16,,,,,,,,,,,
MINI,Countryman,2015,,,12.4gal.,,,front-wheel,i-4,1.6,"121hp @ 6,000rpm",6 speed automatic,"118 lb.-ft. @ 4,250rpm",,,,,,,,,,,,,16,,,,,,,,,,,
MINI,Countryman,2014,,,12.4gal.,,,front-wheel,i-4,1.6,"121hp @ 6,000rpm",6 speed automatic,"118 lb.-ft. @ 4,250rpm",,,,,,,,,,,,,16,,,,,,,,,,,
MINI,Countryman,2013,,,12.4gal.,,,front-wheel,i-4,1.6,"121hp @ 6,000rpm",6 speed automatic,"118 lb.-ft. @ 4,250rpm",,,,,,,,,,,,,16,,,,,,,,,,,
