make,model,year,city,highway,fuel tank capacity,total seating capacity,max cargo capacity,drive type,cylinder configuration,engine liters,horsepower,transmission,torque,abs,size,displacement,horse power,front head room,overall height,overall width,rear leg room,front leg room,overall length,rear head room,wheelbase,number of valves,number of speeds,curb weight,gross vehicle weight,towing capacity,number of doors,speakers,approach angle,ground clearance (max),ramp breakover angle,departure angle,ground clearance
Mitsubishi,i-MiEV,2017,121 mpg,102 mpg,,4,50 cu.ft.,rear-wheel,,,"66hp @ 3,000rpm",1 speed automatic,145 lb.-ft. @ rpm,4-wheel,,,66 hp,"35.6 ""","63.6 ""","62.4 ""","30.0 ""","33.8 ""","144.7 ""","34.3 ""","100.4 """,,1,"2,579 lbs.","3,329 lbs.",,,,,,,,
Mitsubishi,i-MiEV,2016,,,,,,rear-wheel,,,"66hp @ 3,000rpm",1 speed automatic,145 lb.-ft. @ rpm,,,,,,,,,,,,,,,,,,,,,,,,
Mitsubishi,i-MiEV,2014,,,,,,rear-wheel,,,"66hp @ 3,000rpm",1 speed automatic,145 lb.-ft. @ rpm,,,,,,,,,,,,,,,,,,,,,,,,
Mitsubishi,i-MiEV,2012,,,,,,rear-wheel,,,"66hp @ 3,000rpm",1 speed automatic,145 lb.-ft. @ rpm,,,,,,,,,,,,,,,,,,,,,,,,
Mitsubishi,Lancer,2017,24 mpg,33 mpg,15.5gal.,5,12 cu.ft.,front-wheel,i-4,2.0,"148hp @ 6,000rpm",continuously variable automatic,"145 lb.-ft. @ 4,200rpm",4-wheel,2.0 l,122 cu.in.,148 hp,"39.6 ""","58.3 ""","69.4 ""","36.1 ""","42.3 ""","182.1 ""","36.9 ""","103.7 """,16,5,"2,888 lbs.","3,969 lbs.",,,,,,,,
Mitsubishi,Lancer,2016,24 mpg,34 mpg,15.5gal.,5,12 cu.ft.,front-wheel,i-4,2.0,"148hp @ 6,000rpm",continuously variable automatic,"145 lb.-ft. @ 4,200rpm",4-wheel,2.0 l,122 cu.in.,148 hp,"39.6 ""","58.3 ""","69.4 ""","36.1 ""","42.3 ""","182.1 ""","36.9 ""","103.7 """,16,5,"2,888 lbs.","3,969 lbs.",,,,,,,,
Mitsubishi,Lancer,2015,,,15.5gal.,,,front-wheel,i-4,2.0,"148hp @ 6,000rpm",continuously variable automatic,"145 lb.-ft. @ 4,200rpm",,,,,,,,,,,,,16,,,,,,,,,,,
Mitsubishi,Lancer,2014,,,15.5gal.,,,front-wheel,i-4,2.0,"148hp @ 6,000rpm",continuously variable automatic,"145 lb.-ft. @ 4,200rpm",,,,,,,,,,,,,16,,,,,,,,,,,
Mitsubishi,Lancer,2013,,,15.5gal.,,,front-wheel,i-4,2.0,"148hp @ 6,000rpm",5 speed manual,"145 lb.-ft. @ 4,200rpm",,,,,,,,,,,,,16,,,,,,,,,,,
Mitsubishi,Lancer,2012,,,15.5gal.,,,front-wheel,i-4,2.0,"148hp @ 6,000rpm",5 speed manual,"145 lb.-ft. @ 4,200rpm",,,,,,,,,,,,,16,,,,,,,,,,,
Mitsubishi,Lancer,2011,,,15.5gal.,,,front-wheel,i-4,2.0,"143hp @ 6,000rpm",5 speed manual,"143 lb.-ft. @ 4,200rpm",,,,,,,,,,,,,16,,,,,,,,,,,
Mitsubishi,Lancer,2010,,,15.5gal.,,,front-wheel,i-4,2.0,"143hp @ 6,000rpm",continuously variable automatic,"143 lb.-ft. @ 4,250rpm",,,,,,,,,,,,,16,,,,,,,,,,,
Mitsubishi,Lancer,2009,,,15.5gal.,,,front-wheel,i-4,2.0,"143hp @ 6,000rpm",continuously variable automatic,"143 lb.-ft. @ 4,250rpm",,,,,,,,,,,,,16,,,,,,,,,,,
Mitsubishi,Lancer,2008,,,15.3gal.,,,front-wheel,i-4,2.0,"143hp @ 6,000rpm",continuously variable automatic,"143 lb.-ft. @ 4,250rpm",,,,,,,,,,,,,16,,,,,,,,,,,
Mitsubishi,Lancer,2006,,,13.2gal.,,,front-wheel,i-4,2.0,"120hp @ 5,500rpm",4 speed automatic,"130 lb.-ft. @ 4,250rpm",,,,,,,,,,,,,16,,,,,,,,,,,
Mitsubishi,Lancer,2005,,,13.2gal.,,,front-wheel,i-4,2.0,"120hp @ 5,500rpm",4 speed automatic,"130 lb.-ft. @ 4,250rpm",,,,,,,,,,,,,16,,,,,,,,,,,
Mitsubishi,Lancer,2004,,,13.2gal.,,,front-wheel,i-4,2.0,"120hp @ 5,500rpm",5 speed manual,"130 lb.-ft. @ 4,250rpm",,,,,,,,,,,,,16,,,,,,,,,,,
Mitsubishi,Lancer,2003,,,13.2gal.,,,front-wheel,i-4,2.0,"120hp @ 5,500rpm",4 speed automatic,"130 lb.-ft. @ 4,250rpm",,,,,,,,,,,,,16,,,,,,,,,,,
Mitsubishi,Lancer,2002,,,13.2gal.,,,front-wheel,i-4,2.0,"120hp @ 5,500rpm",4 speed automatic,"130 lb.-ft. @ 4,250rpm",,,,,,,,,,,,,16,,,,,,,,,,,
Mitsubishi,Lancer Sportback,2014,,,15.3gal.,,,front-wheel,i-4,2.0,"148hp @ 6,000rpm",continuously variable automatic,"145 lb.-ft. @ 4,200rpm",,,,,,,,,,,,,16,,,,,,,,,,,
Mitsubishi,Lancer Sportback,2013,,,15.3gal.,,,front-wheel,i-4,2.0,"148hp @ 6,000rpm",continuously variable automatic,"145 lb.-ft. @ 4,200rpm",,,,,,,,,,,,,16,,,,,,,,,,,
Mitsubishi,Lancer Sportback,2012,,,15.5gal.,,,front-wheel,i-4,2.0,"148hp @ 6,000rpm",continuously variable automatic,"145 lb.-ft. @ 4,200rpm",,,,,,,,,,,,,16,,,,,,,,,,,
Mitsubishi,Lancer Sportback,2011,,,15.5gal.,,,front-wheel,i-4,2.0,"143hp @ 6,000rpm",continuously variable automatic,"143 lb.-ft. @ 4,200rpm",,,,,,,,,,,,,16,,,,,,,,,,,
Mitsubishi,Lancer Sportback,2010,,,15.5gal.,,,front-wheel,i-4,2.4,"161hp @ 6,000rpm",continuously variable automatic,"161 lb.-ft. @ 4,100rpm",,,,,,,,,,,,,16,,,,,,,,,,,
Mitsubishi,Lancer Sportback,2004,,,13.2gal.,,,front-wheel,i-4,2.4,"160hp @ 5,750rpm",4 speed automatic,"161 lb.-ft. @ 4,000rpm",,,,,,,,,,,,,16,,,,,,,,,,,
Mitsubishi,Eclipse,2012,,,17.7gal.,,,front-wheel,i-4,2.4,"162hp @ 6,000rpm",4 speed automatic,"162 lb.-ft. @ 4,000rpm",,,,,,,,,,,,,16,,,,,,,,,,,
Mitsubishi,Eclipse,2011,,,17.7gal.,,,front-wheel,i-4,2.4,"162hp @ 6,000rpm",4 speed automatic,"162 lb.-ft. @ 4,000rpm",,,,,,,,,,,,,16,,,,,,,,,,,
Mitsubishi,Eclipse,2010,,,17.7gal.,,,front-wheel,i-4,2.4,"162hp @ 6,000rpm",4 speed automatic,"162 lb.-ft. @ 4,000rpm",,,,,,,,,,,,,16,,,,,,,,,,,
Mitsubishi,Eclipse,2009,,,17.7gal.,,,front-wheel,i-4,2.4,"162hp @ 6,000rpm",4 speed automatic,"162 lb.-ft. @ 4,000rpm",,,,,,,,,,,,,16,,,,,,,,,,,
Mitsubishi,Eclipse,2008,,,17.7gal.,,,front-wheel,i-4,2.4,"162hp @ 6,000rpm",4 speed automatic,"162 lb.-ft. @ 4,000rpm",,,,,,,,,,,,,16,,,,,,,,,,,
Mitsubishi,Eclipse,2007,,,17.7gal.,,,front-wheel,i-4,2.4,"162hp @ 6,000rpm",4 speed automatic,"162 lb.-ft. @ 4,000rpm",,,,,,,,,,,,,16,,,,,,,,,,,
Mitsubishi,Eclipse,2006,,,17.7gal.,,,front-wheel,i-4,2.4,"162hp @ 6,000rpm",4 speed automatic,"162 lb.-ft. @ 4,000rpm",,,,,,,,,,,,,16,,,,,,,,,,,
Mitsubishi,Eclipse,2005,,,16.4gal.,,,front-wheel,i-4,2.4,"142hp @ 5,500rpm",4 speed automatic,"155 lb.-ft. @ 4,000rpm",,,,,,,,,,,,,16,,,,,,,,,,,
Mitsubishi,Eclipse,2004,,,16.4gal.,,,front-wheel,i-4,2.4,"142hp @ 5,500rpm",4 speed automatic,"155 lb.-ft. @ 4,000rpm",,,,,,,,,,,,,16,,,,,,,,,,,
Mitsubishi,Eclipse,2003,,,16.4gal.,,,front-wheel,i-4,2.4,"142hp @ 5,500rpm",4 speed automatic,"155 lb.-ft. @ 4,000rpm",,,,,,,,,,,,,16,,,,,,,,,,,
Mitsubishi,Eclipse,2002,,,16.4gal.,,,front-wheel,i-4,2.4,"147hp @ 5,500rpm",5 speed manual,"158 lb.-ft. @ 4,000rpm",,,,,,,,,,,,,16,,,,,,,,,,,
Mitsubishi,Eclipse,2001,,,16.4gal.,,,front-wheel,i-4,2.4,"147hp @ 5,500rpm",5 speed manual,"158 lb.-ft. @ 4,000rpm",,,,,,,,,,,,,16,,,,,,,,,,,
Mitsubishi,Eclipse,2000,,,16.4gal.,,,front-wheel,i-4,2.4,"145hp @ 5,500rpm",5 speed manual,"155 lb.-ft. @ 4,000rpm",,,,,,,,,,,,,16,,,,,,,,,,,
Mitsubishi,Eclipse,1999,,,15.9gal.,,,front-wheel,i-4,2.0,"140hp @ 6,000rpm",5 speed manual,"130 lb.-ft. @ 4,800rpm",,,,,,,,,,,,,16,,,,,,,,,,,
Mitsubishi,Eclipse Spyder,2012,,,17.7gal.,,,front-wheel,i-4,2.4,"162hp @ 6,000rpm",4 speed automatic,"162 lb.-ft. @ 4,000rpm",,,,,,,,,,,,,16,,,,,,,,,,,
Mitsubishi,Eclipse Spyder,2011,,,17.7gal.,,,front-wheel,i-4,2.4,"162hp @ 6,000rpm",4 speed automatic,"162 lb.-ft. @ 4,000rpm",,,,,,,,,,,,,16,,,,,,,,,,,
Mitsubishi,Eclipse Spyder,2010,,,17.7gal.,,,front-wheel,i-4,2.4,"162hp @ 6,000rpm",4 speed automatic,"162 lb.-ft. @ 4,000rpm",,,,,,,,,,,,,16,,,,,,,,,,,
Mitsubishi,Eclipse Spyder,2009,,,17.7gal.,,,front-wheel,i-4,2.4,"162hp @ 6,000rpm",4 speed automatic,"162 lb.-ft. @ 4,000rpm",,,,,,,,,,,,,16,,,,,,,,,,,
Mitsubishi,Eclipse Spyder,2008,,,17.7gal.,,,front-wheel,i-4,2.4,"162hp @ 6,000rpm",4 speed automatic,"162 lb.-ft. @ 4,000rpm",,,,,,,,,,,,,16,,,,,,,,,,,
Mitsubishi,Eclipse Spyder,2007,,,17.7gal.,,,front-wheel,i-4,2.4,"162hp @ 6,000rpm",4 speed automatic,"162 lb.-ft. @ 4,000rpm",,,,,,,,,,,,,16,,,,,,,,,,,
Mitsubishi,Eclipse Spyder,2005,,,16.4gal.,,,front-wheel,i-4,2.4,"142hp @ 5,500rpm",4 speed automatic,"155 lb.-ft. @ 4,000rpm",,,,,,,,,,,,,16,,,,,,,,,,,
Mitsubishi,Eclipse Spyder,2004,,,16.4gal.,,,front-wheel,i-4,2.4,"142hp @ 5,500rpm",4 speed automatic,"155 lb.-ft. @ 4,000rpm",,,,,,,,,,,,,16,,,,,,,,,,,
Mitsubishi,Eclipse Spyder,2003,,,16.4gal.,,,front-wheel,i-4,2.4,"142hp @ 5,500rpm",4 speed automatic,"155 lb.-ft. @ 4,000rpm",,,,,,,,,,,,,16,,,,,,,,,,,
Mitsubishi,Eclipse Spyder,2002,,,16.4gal.,,,front-wheel,i-4,2.4,"140hp @ 5,500rpm",4 speed automatic,"155 lb.-ft. @ 4,000rpm",,,,,,,,,,,,,16,,,,,,,,,,,
Mitsubishi,Eclipse Spyder,2001,,,16.4gal.,,,front-wheel,i-4,2.4,"147hp @ 5,500rpm",5 speed manual,"158 lb.-ft. @ 4,000rpm",,,,,,,,,,,,,16,,,,,,,,,,,
Mitsubishi,Eclipse Spyder,1999,,,15.9gal.,,,front-wheel,i-4,2.4,"141hp @ 5,500rpm",5 speed manual,"148 lb.-ft. @ 3,000rpm",,,,,,,,,,,,,16,,,,,,,,,,,
Mitsubishi,i-MiEV,2017,121 mpg,102 mpg,,4,50 cu.ft.,rear-wheel,,,"66hp @ 3,000rpm",1 speed automatic,145 lb.-ft. @ rpm,4-wheel,,,66 hp,"35.6 ""","63.6 ""","62.4 ""","30.0 ""","33.8 ""","144.7 ""","34.3 ""","100.4 """,,1,"2,579 lbs.","3,329 lbs.",,,,,,,,
Mitsubishi,i-MiEV,2016,,,,,,rear-wheel,,,"66hp @ 3,000rpm",1 speed automatic,145 lb.-ft. @ rpm,,,,,,,,,,,,,,,,,,,,,,,,
Mitsubishi,i-MiEV,2014,,,,,,rear-wheel,,,"66hp @ 3,000rpm",1 speed automatic,145 lb.-ft. @ rpm,,,,,,,,,,,,,,,,,,,,,,,,
Mitsubishi,i-MiEV,2012,,,,,,rear-wheel,,,"66hp @ 3,000rpm",1 speed automatic,145 lb.-ft. @ rpm,,,,,,,,,,,,,,,,,,,,,,,,
Mitsubishi,Outlander PHEV,2018,,,11.3gal.,5,63 cu.ft.,four-wheel,i-4,2.0,,1 speed automatic,,4-wheel,2.0 l,122 cu.in.,,"40.6 ""","67.3 ""","70.8 ""","37.9 ""","40.9 ""","184.8 ""","38.3 ""","105.1 """,16,1,"4,178 lbs.","5,225 lbs.","1,500 lbs.",,,,,,,
Mitsubishi,Diamante,2004,,,19.0gal.,,,front-wheel,v-6,3.5,"205hp @ 5,000rpm",4 speed automatic,"231 lb.-ft. @ 4,000rpm",,,,,,,,,,,,,24,,,,,,,,,,,
Mitsubishi,Diamante,2003,,,19.0gal.,,,front-wheel,v-6,3.5,"210hp @ 5,000rpm",4 speed automatic,"231 lb.-ft. @ 4,000rpm",,,,,,,,,,,,,24,,,,,,,,,,,
Mitsubishi,Diamante,2002,,,19.0gal.,,,front-wheel,v-6,3.5,"210hp @ 5,000rpm",4 speed automatic,"231 lb.-ft. @ 4,000rpm",,,,,,,,,,,,,24,,,,,,,,,,,
Mitsubishi,Diamante,2001,,,19.0gal.,,,front-wheel,v-6,3.5,"205hp @ 5,000rpm",4 speed automatic,"231 lb.-ft. @ 4,000rpm",,,,,,,,,,,,,24,,,,,,,,,,,
Mitsubishi,Diamante,2000,,,19.0gal.,,,front-wheel,v-6,3.5,"205hp @ 5,000rpm",4 speed automatic,"231 lb.-ft. @ 4,000rpm",,,,,,,,,,,,,24,,,,,,,,,,,
Mitsubishi,Diamante,1999,18 mpg,24 mpg,19.0gal.,5,14 cu.ft.,front-wheel,v-6,3.5,"210hp @ 5,000rpm",4 speed automatic,"231 lb.-ft. @ 4,000rpm",4-wheel,3.5 l,213 cu.in.,210 hp,"39.4 ""","53.9 ""","70.3 ""","36.6 ""","43.6 ""","194.1 ""","37.5 ""","107.1 """,24,4,"3,440 lbs.","4,420 lbs.",,,,,,,,
Mitsubishi,Galant,2012,,,17.7gal.,,,front-wheel,i-4,2.4,"155hp @ 5,500rpm",4 speed automatic,"155 lb.-ft. @ 4,000rpm",,,,,,,,,,,,,16,,,,,,,,,,,
Mitsubishi,Galant,2011,,,17.7gal.,,,front-wheel,i-4,2.4,"155hp @ 5,500rpm",4 speed automatic,"155 lb.-ft. @ 4,000rpm",,,,,,,,,,,,,16,,,,,,,,,,,
Mitsubishi,Galant,2010,,,17.7gal.,,,front-wheel,i-4,2.4,"155hp @ 5,500rpm",4 speed automatic,"155 lb.-ft. @ 4,000rpm",,,,,,,,,,,,,16,,,,,,,,,,,
Mitsubishi,Galant,2009,,,17.7gal.,,,front-wheel,i-4,2.4,"160hp @ 5,500rpm",4 speed automatic,"157 lb.-ft. @ 4,000rpm",,,,,,,,,,,,,16,,,,,,,,,,,
Mitsubishi,Galant,2008,,,17.7gal.,,,front-wheel,i-4,2.4,"160hp @ 5,500rpm",4 speed automatic,"157 lb.-ft. @ 4,000rpm",,,,,,,,,,,,,16,,,,,,,,,,,
Mitsubishi,Galant,2007,,,17.7gal.,,,front-wheel,i-4,2.4,"155hp @ 5,500rpm",4 speed automatic,"155 lb.-ft. @ 4,000rpm",,,,,,,,,,,,,16,,,,,,,,,,,
Mitsubishi,Galant,2006,,,17.7gal.,,,front-wheel,i-4,2.4,"160hp @ 5,500rpm",4 speed automatic,"157 lb.-ft. @ 4,000rpm",,,,,,,,,,,,,16,,,,,,,,,,,
Mitsubishi,Galant,2005,,,17.7gal.,,,front-wheel,i-4,2.4,"160hp @ 5,500rpm",4 speed automatic,"157 lb.-ft. @ 4,000rpm",,,,,,,,,,,,,16,,,,,,,,,,,
Mitsubishi,Galant,2004,,,17.7gal.,,,front-wheel,i-4,2.4,"160hp @ 5,500rpm",4 speed automatic,"157 lb.-ft. @ 4,000rpm",,,,,,,,,,,,,16,,,,,,,,,,,
Mitsubishi,Galant,2003,,,16.3gal.,,,front-wheel,i-4,2.4,"140hp @ 5,500rpm",4 speed automatic,"155 lb.-ft. @ 4,000rpm",,,,,,,,,,,,,16,,,,,,,,,,,
Mitsubishi,Galant,2002,,,16.3gal.,,,front-wheel,i-4,2.4,"140hp @ 5,500rpm",4 speed automatic,"155 lb.-ft. @ 4,000rpm",,,,,,,,,,,,,16,,,,,,,,,,,
Mitsubishi,Galant,2001,,,16.3gal.,,,front-wheel,i-4,2.4,"140hp @ 5,500rpm",4 speed automatic,"155 lb.-ft. @ 4,000rpm",,,,,,,,,,,,,16,,,,,,,,,,,
Mitsubishi,Galant,2000,,,16.3gal.,,,front-wheel,i-4,2.4,"140hp @ 5,500rpm",4 speed automatic,"155 lb.-ft. @ 3,000rpm",,,,,,,,,,,,,16,,,,,,,,,,,
Mitsubishi,Galant,1999,21 mpg,28 mpg,16.3gal.,5,14 cu.ft.,front-wheel,i-4,2.4,"145hp @ 5,500rpm",4 speed automatic,"155 lb.-ft. @ 3,000rpm",,2.4 l,143 cu.in.,145 hp,"39.9 ""","55.7 ""","68.5 ""","36.3 ""","43.5 ""","187.8 ""","37.7 ""","103.7 """,16,4,"2,945 lbs.","3,990 lbs.",,,,,,,,
Mitsubishi,3000 GT,1999,,,19.8gal.,,,front-wheel,v-6,3.0,"161hp @ 5,500rpm",5 speed manual,"185 lb.-ft. @ 4,000rpm",,,,,,,,,,,,,12,,,,,,,,,,,
Mitsubishi,Diamante,2004,,,19.0gal.,,,front-wheel,v-6,3.5,"205hp @ 5,000rpm",4 speed automatic,"231 lb.-ft. @ 4,000rpm",,,,,,,,,,,,,24,,,,,,,,,,,
Mitsubishi,Diamante,2003,,,19.0gal.,,,front-wheel,v-6,3.5,"210hp @ 5,000rpm",4 speed automatic,"231 lb.-ft. @ 4,000rpm",,,,,,,,,,,,,24,,,,,,,,,,,
Mitsubishi,Diamante,2002,,,19.0gal.,,,front-wheel,v-6,3.5,"210hp @ 5,000rpm",4 speed automatic,"231 lb.-ft. @ 4,000rpm",,,,,,,,,,,,,24,,,,,,,,,,,
Mitsubishi,Diamante,2001,,,19.0gal.,,,front-wheel,v-6,3.5,"205hp @ 5,000rpm",4 speed automatic,"231 lb.-ft. @ 4,000rpm",,,,,,,,,,,,,24,,,,,,,,,,,
Mitsubishi,Diamante,2000,,,19.0gal.,,,front-wheel,v-6,3.5,"205hp @ 5,000rpm",4 speed automatic,"231 lb.-ft. @ 4,000rpm",,,,,,,,,,,,,24,,,,,,,,,,,
Mitsubishi,Diamante,1999,18 mpg,24 mpg,19.0gal.,5,14 cu.ft.,front-wheel,v-6,3.5,"210hp @ 5,000rpm",4 speed automatic,"231 lb.-ft. @ 4,000rpm",4-wheel,3.5 l,213 cu.in.,210 hp,"39.4 ""","53.9 ""","70.3 ""","36.6 ""","43.6 ""","194.1 ""","37.5 ""","107.1 """,24,4,"3,440 lbs.","4,420 lbs.",,,,,,,,
Mitsubishi,Outlander Sport,2019,,,16.6gal.,5,50 cu.ft.,front-wheel,i-4,2.0,"148hp @ 6,000rpm",continuously variable automatic,"145 lb.-ft. @ 4,200rpm",4-wheel,2.0 l,122 cu.in.,148 hp,"39.4 ""","64.8 ""","71.3 ""","36.3 ""","41.6 ""","171.9 ""","37.9 ""","105.1 """,16,5,"3,032 lbs.","4,343 lbs.",,,,,,,,
Mitsubishi,Outlander Sport,2018,23 mpg,29 mpg,16.6gal.,5,50 cu.ft.,front-wheel,i-4,2.0,"148hp @ 6,000rpm",continuously variable automatic,"145 lb.-ft. @ 4,200rpm",4-wheel,2.0 l,122 cu.in.,148 hp,"39.4 ""","64.8 ""","71.3 ""","36.3 ""","41.6 ""","171.9 ""","37.9 ""","105.1 """,16,5,"3,032 lbs.","4,343 lbs.",,,,,,,,
Mitsubishi,Outlander Sport,2017,,,16.6gal.,,,front-wheel,i-4,2.0,"148hp @ 6,000rpm",continuously variable automatic,"145 lb.-ft. @ 4,200rpm",,,,,,,,,,,,,16,,,,,,,,,,,
Mitsubishi,Outlander Sport,2016,23 mpg,29 mpg,16.6gal.,5,50 cu.ft.,front-wheel,i-4,2.0,"148hp @ 6,000rpm",continuously variable automatic,"145 lb.-ft. @ 4,200rpm",4-wheel,2.0 l,122 cu.in.,148 hp,"39.4 ""","64.2 ""","71.3 ""","36.3 ""","41.6 ""","171.5 ""","37.9 ""","105.1 """,16,5,"3,109 lbs.","4,343 lbs.",,,,,,,,
Mitsubishi,Outlander Sport,2015,,,16.6gal.,,,front-wheel,i-4,2.0,"148hp @ 6,000rpm",continuously variable automatic,"145 lb.-ft. @ 4,200rpm",,,,,,,,,,,,,16,,,,,,,,,,,
Mitsubishi,Outlander Sport,2014,,,16.6gal.,,,front-wheel,i-4,2.0,"148hp @ 6,000rpm",continuously variable automatic,"145 lb.-ft. @ 4,200rpm",,,,,,,,,,,,,16,,,,,,,,,,,
Mitsubishi,Outlander Sport,2013,,,16.6gal.,,,front-wheel,i-4,2.0,"148hp @ 6,000rpm",5 speed manual,"145 lb.-ft. @ 4,200rpm",,,,,,,,,,,,,16,,,,,,,,,,,
Mitsubishi,Outlander Sport,2012,,,16.6gal.,,,front-wheel,i-4,2.0,"148hp @ 6,000rpm",5 speed manual,"145 lb.-ft. @ 4,200rpm",,,,,,,,,,,,,16,,,,,,,,,,,
Mitsubishi,Outlander Sport,2011,,,16.6gal.,,,front-wheel,i-4,2.0,"148hp @ 6,000rpm",5 speed manual,"145 lb.-ft. @ 4,200rpm",,,,,,,,,,,,,16,,,,,,,,,,,
Mitsubishi,Raider,2009,,,22.0gal.,,,rear-wheel,v-6,3.7,"210hp @ 5,200rpm",4 speed automatic,"235 lb.-ft. @ 4,000rpm",,,,,,,,,,,,,12,,,,,,,,,,,
Mitsubishi,Raider,2008,,,22.0gal.,,,rear-wheel,v-6,3.7,"210hp @ 5,200rpm",4 speed automatic,"235 lb.-ft. @ 4,000rpm",,,,,,,,,,,,,12,,,,,,,,,,,
Mitsubishi,Raider,2007,,,22.0gal.,,,rear-wheel,v-6,3.7,"210hp @ 5,200rpm",4 speed automatic,"235 lb.-ft. @ 3,600rpm",,,,,,,,,,,,,12,,,,,,,,,,,
Mitsubishi,Raider,2006,,,22.0gal.,,,rear-wheel,v-6,3.7,"210hp @ 5,200rpm",4 speed automatic,"235 lb.-ft. @ 3,600rpm",,,,,,,,,,,,,12,,,,,,,,,,,
Mitsubishi,Eclipse Cross,2018,26 mpg,29 mpg,16.6gal.,5,49 cu.ft.,front-wheel,i-4,1.5,"152hp @ 5,500rpm",continuously variable automatic,"184 lb.-ft. @ 3,500rpm",4-wheel,1.5 l,91 cu.in.,152 hp,"39.5 ""","66.3 ""","71.1 ""","35.3 ""","40.9 ""","173.4 ""","37.3 ""","105.1 """,16,continuously variable,"3,307 lbs.","4,630 lbs.","1,500 lbs.",,,,,,,
Mitsubishi,Endeavor,2011,,,21.4gal.,,,front-wheel,v-6,3.8,"225hp @ 5,000rpm",4 speed automatic,"255 lb.-ft. @ 3,750rpm",,,,,,,,,,,,,24,,,,,,,,,,,
Mitsubishi,Endeavor,2010,,,21.4gal.,,,front-wheel,v-6,3.8,"225hp @ 5,000rpm",4 speed automatic,"255 lb.-ft. @ 3,750rpm",,,,,,,,,,,,,24,,,,,,,,,,,
Mitsubishi,Endeavor,2008,,,21.4gal.,,,front-wheel,v-6,3.8,"225hp @ 5,000rpm",4 speed automatic,"255 lb.-ft. @ 3,750rpm",,,,,,,,,,,,,24,,,,,,,,,,,
Mitsubishi,Endeavor,2007,,,21.4gal.,,,front-wheel,v-6,3.8,"225hp @ 5,000rpm",4 speed automatic,"255 lb.-ft. @ 3,750rpm",,,,,,,,,,,,,24,,,,,,,,,,,
Mitsubishi,Endeavor,2006,,,21.4gal.,,,front-wheel,v-6,3.8,"225hp @ 5,000rpm",4 speed automatic,"255 lb.-ft. @ 3,750rpm",,,,,,,,,,,,,24,,,,,,,,,,,
Mitsubishi,Endeavor,2005,,,21.4gal.,,,front-wheel,v-6,3.8,"225hp @ 5,000rpm",4 speed automatic,"255 lb.-ft. @ 3,750rpm",,,,,,,,,,,,,24,,,,,,,,,,,
Mitsubishi,Endeavor,2004,,,21.4gal.,,,front-wheel,v-6,3.8,"215hp @ 5,000rpm",4 speed automatic,"250 lb.-ft. @ 3,750rpm",,,,,,,,,,,,,24,,,,,,,,,,,
Mitsubishi,Montero,2006,,,23.8gal.,,,four-wheel,v-6,3.8,"215hp @ 5,500rpm",5 speed automatic,"248 lb.-ft. @ 3,250rpm",,,,,,,,,,,,,24,,,,,,,,,,,
Mitsubishi,Montero,2005,,,23.8gal.,,,four-wheel,v-6,3.8,"215hp @ 5,500rpm",5 speed automatic,"248 lb.-ft. @ 3,250rpm",,,,,,,,,,,,,24,,,,,,,,,,,
Mitsubishi,Montero,2004,,,23.8gal.,,,four-wheel,v-6,3.8,"215hp @ 5,500rpm",5 speed automatic,"248 lb.-ft. @ 3,250rpm",,,,,,,,,,,,,24,,,,,,,,,,,
Mitsubishi,Montero,2003,,,23.8gal.,,,four-wheel,v-6,3.8,"215hp @ 5,500rpm",5 speed automatic,"248 lb.-ft. @ 3,250rpm",,,,,,,,,,,,,24,,,,,,,,,,,
Mitsubishi,Montero,2002,,,23.8gal.,,,four-wheel,v-6,3.5,"200hp @ 5,000rpm",4 speed automatic,"235 lb.-ft. @ 3,500rpm",,,,,,,,,,,,,24,,,,,,,,,,,
Mitsubishi,Montero,2001,,,23.8gal.,,,four-wheel,v-6,3.5,"200hp @ 5,000rpm",4 speed automatic,"235 lb.-ft. @ 3,000rpm",,,,,,,,,,,,,24,,,,,,,,,,,
Mitsubishi,Montero,2000,,,24.3gal.,,,four-wheel,v-6,3.5,"197hp @ 5,000rpm",4 speed automatic,"223 lb.-ft. @ 3,500rpm",,,,,,,,,,,,,24,,,,,,,,,,,
Mitsubishi,Montero,1999,16 mpg,19 mpg,24.3gal.,7,67 cu.ft.,four-wheel,v-6,3.5,"200hp @ 5,000rpm",4 speed automatic,"228 lb.-ft. @ 3,500rpm",4-wheel,3.5 l,213 cu.in.,200 hp,"40.9 ""","74.8 ""","69.9 ""","37.6 ""","40.3 ""","186.6 ""","40.0 ""","107.3 """,24,4,"4,520 lbs.","5,840 lbs.","5,000 lbs.",,,,,,,
Mitsubishi,Montero Sport,2004,,,19.5gal.,,,rear-wheel,v-6,3.5,"197hp @ 5,000rpm",4 speed automatic,"223 lb.-ft. @ 3,500rpm",,,,,,,,,,,,,24,,,,,,,,,,,
Mitsubishi,Montero Sport,2003,,,19.5gal.,,,rear-wheel,v-6,3.0,"165hp @ 5,250rpm",4 speed automatic,"186 lb.-ft. @ 4,000rpm",,,,,,,,,,,,,24,,,,,,,,,,,
Mitsubishi,Montero Sport,2002,,,19.5gal.,,,rear-wheel,v-6,3.0,"165hp @ 5,250rpm",4 speed automatic,"186 lb.-ft. @ 4,000rpm",,,,,,,,,,,,,24,,,,,,,,,,,
Mitsubishi,Montero Sport,2001,,,19.5gal.,,,rear-wheel,v-6,3.0,"173hp @ 5,250rpm",4 speed automatic,"188 lb.-ft. @ 4,000rpm",,,,,,,,,,,,,24,,,,,,,,,,,
Mitsubishi,Montero Sport,2000,,,19.5gal.,,,rear-wheel,v-6,3.0,"165hp @ 5,250rpm",4 speed automatic,"186 lb.-ft. @ 4,000rpm",,,,,,,,,,,,,24,,,,,,,,,,,
Mitsubishi,Montero Sport,1999,,,19.5gal.,,,rear-wheel,i-4,2.4,"132hp @ 5,500rpm",5 speed manual,"148 lb.-ft. @ 2,750rpm",,,,,,,,,,,,,16,,,,,,,,,,,
