make,model,year,city,highway,fuel tank capacity,total seating capacity,max cargo capacity,drive type,cylinder configuration,engine liters,horsepower,transmission,torque,abs,size,displacement,horse power,front head room,overall height,overall width,rear leg room,front leg room,overall length,rear head room,wheelbase,number of valves,number of speeds,curb weight,gross vehicle weight,towing capacity,number of doors,speakers,approach angle,ground clearance (max),ramp breakover angle,departure angle,ground clearance
Porsche,718 Cayman,2018,21 mpg,28 mpg,16.9gal.,2,15 cu.ft.,rear-wheel,h-4,2.0,"300hp @ 6,500rpm",7 speed automatic with auto-shift,"280 lb.-ft. @ 1,950rpm",4-wheel,2.0 l,121 cu.in.,300 hp,,"50.9 ""","70.9 """,,,"172.4 """,,"97.4 """,16,6,"2,943 lbs.","3,649 lbs.",,,,,,,,
Porsche,718 Cayman,2017,,,16.9gal.,,,rear-wheel,h-4,2.0,"300hp @ 6,500rpm",7 speed automatic with auto-shift,"280 lb.-ft. @ 1,950rpm",,,,,,,,,,,,,16,,,,,,,,,,,
Porsche,911,2018,19 mpg,24 mpg,17.9gal.,4,13 cu.ft.,all-wheel drive,h-6,3.8,"540hp @ 6,400rpm",7 speed automatic with auto-shift,"486 lb.-ft. @ 1,950rpm",4-wheel,3.8 l,232 cu.in.,540 hp,,"51.0 ""","74.0 """,,,"177.4 """,,"96.5 """,24,7,"3,516 lbs.","4,431 lbs.",,,,,,,,
Porsche,911,2017,19 mpg,24 mpg,17.9gal.,4,13 cu.ft.,all-wheel drive,h-6,3.8,"540hp @ 6,400rpm",7 speed automatic with auto-shift,"486 lb.-ft. @ 1,950rpm",4-wheel,3.8 l,232 cu.in.,540 hp,,"51.0 ""","74.0 """,,,"177.4 """,,"96.5 """,24,7,"3,516 lbs.","4,431 lbs.",,,,,,,,
Porsche,911,2016,17 mpg,24 mpg,18.0gal.,4,13 cu.ft.,all-wheel drive,h-6,3.8,"520hp @ 6,000rpm",7 speed automatic with auto-shift,"524 lb.-ft. @ 2,100rpm",4-wheel,3.8 l,232 cu.in.,520 hp,,"51.0 ""","74.0 """,,,"177.4 """,,"96.5 """,24,7,"3,516 lbs.","4,387 lbs.",,,,,,,,
Porsche,911,2015,,,23.8gal.,,,rear-wheel,h-6,3.8,"475hp @ 8,250rpm",7 speed automatic with auto-shift,"325 lb.-ft. @ 6,250rpm",,,,,,,,,,,,,24,,,,,,,,,,,
Porsche,911,2014,,,16.9gal.,,,rear-wheel,h-6,3.4,"350hp @ 7,400rpm",7 speed automatic with auto-shift,"287 lb.-ft. @ 5,600rpm",,,,,,,,,,,,,24,,,,,,,,,,,
Porsche,911,2013,,,16.9gal.,,,all-wheel drive,h-6,3.8,"500hp @ 6,250rpm",7 speed automatic with auto-shift,"516 lb.-ft. @ 2,100rpm",,,,,,,,,,,,,24,,,,,,,,,,,
Porsche,911,2012,,,16.9gal.,,,rear-wheel,h-6,3.8,"408hp @ 7,300rpm",7 speed automatic with auto-shift,"310 lb.-ft. @ 4,200rpm",,,,,,,,,,,,,24,,,,,,,,,,,
Porsche,911,2011,,,16.9gal.,,,all-wheel drive,h-6,3.8,"500hp @ 6,000rpm",7 speed automatic with auto-shift,"480 lb.-ft. @ 1,950rpm",,,,,,,,,,,,,24,,,,,,,,,,,
Porsche,911,2010,,,17.7gal.,,,all-wheel drive,h-6,3.8,"408hp @ 7,300rpm",7 speed automatic with auto-shift,"310 lb.-ft. @ 4,200rpm",,,,,,,,,,,,,24,,,,,,,,,,,
Porsche,911,2009,,,17.7gal.,,,all-wheel drive,h-6,3.6,"345hp @ 6,500rpm",7 speed automatic with auto-shift,"288 lb.-ft. @ 4,400rpm",,,,,,,,,,,,,24,,,,,,,,,,,
Porsche,911,2008,,,17.7gal.,,,all-wheel drive,h-6,3.6,"325hp @ 6,800rpm",5 speed automatic,"273 lb.-ft. @ 4,250rpm",,,,,,,,,,,,,24,,,,,,,,,,,
Porsche,911,2007,,,17.7gal.,,,all-wheel drive,h-6,3.6,"480hp @ 6,000rpm",5 speed automatic,"460 lb.-ft. @ 1,950rpm",,,,,,,,,,,,,24,,,,,,,,,,,
Porsche,911,2006,,,16.9gal.,,,rear-wheel,h-6,3.8,"381hp @ 7,200rpm",5 speed automatic,"306 lb.-ft. @ 5,500rpm",,,,,,,,,,,,,24,,,,,,,,,,,
Porsche,911,2005,,,16.9gal.,,,rear-wheel,h-6,3.6,"325hp @ 6,800rpm",5 speed automatic,"273 lb.-ft. @ 4,250rpm",,,,,,,,,,,,,24,,,,,,,,,,,
Porsche,911,2004,,,16.9gal.,,,rear-wheel,h-6,3.6,"477hp @ 5,700rpm",6 speed manual,"472 lb.-ft. @ 3,500rpm",,,,,,,,,,,,,24,,,,,,,,,,,
Porsche,911,2003,,,16.9gal.,,,rear-wheel,h-6,3.6,"345hp @ 6,800rpm",5 speed automatic,"273 lb.-ft. @ 4,250rpm",,,,,,,,,,,,,24,,,,,,,,,,,
Porsche,911,2002,,,16.9gal.,,,rear-wheel,h-6,3.6,"320hp @ 6,800rpm",5 speed automatic,"273 lb.-ft. @ 4,250rpm",,,,,,,,,,,,,24,,,,,,,,,,,
Porsche,911,2001,,,16.9gal.,,,all-wheel drive,h-6,3.6,"415hp @ 6,000rpm",5 speed automatic,"413 lb.-ft. @ 2,700rpm",,,,,,,,,,,,,24,,,,,,,,,,,
Porsche,911,2000,,,17.0gal.,,,rear-wheel,h-6,3.4,"300hp @ 6,800rpm",5 speed automatic,"258 lb.-ft. @ 4,600rpm",,,,,,,,,,,,,24,,,,,,,,,,,
Porsche,911,1999,,,17.0gal.,,,rear-wheel,h-6,3.4,"296hp @ 6,800rpm",6 speed manual,"258 lb.-ft. @ 4,600rpm",,,,,,,,,,,,,24,,,,,,,,,,,
Porsche,918 Spyder,2015,,,18.5gal.,,,all-wheel drive,v-8,4.6,"608hp @ 8,700rpm",7 speed automatic with auto-shift,"398 lb.-ft. @ 6,700rpm",,,,,,,,,,,,,32,,,,,,,,,,,
Porsche,718 Boxster,2018,21 mpg,28 mpg,16.9gal.,2,10 cu.ft.,rear-wheel,h-4,2.0,"300hp @ 6,500rpm",6 speed manual,"280 lb.-ft. @ 1,950rpm",4-wheel,2.0 l,121 cu.in.,300 hp,,"50.9 ""","70.9 """,,,"172.4 """,,"97.4 """,16,6,"2,943 lbs.","3,649 lbs.",,,,,,,,
Porsche,718 Boxster,2017,,,16.9gal.,,,rear-wheel,h-4,2.0,"300hp @ 6,500rpm",7 speed automatic with auto-shift,"280 lb.-ft. @ 1,950rpm",,,,,,,,,,,,,16,,,,,,,,,,,
Porsche,911,2018,19 mpg,24 mpg,17.9gal.,4,13 cu.ft.,all-wheel drive,h-6,3.8,"540hp @ 6,400rpm",7 speed automatic with auto-shift,"486 lb.-ft. @ 1,950rpm",4-wheel,3.8 l,232 cu.in.,540 hp,,"51.0 ""","74.0 """,,,"177.4 """,,"96.5 """,24,7,"3,516 lbs.","4,431 lbs.",,,,,,,,
Porsche,911,2017,19 mpg,24 mpg,17.9gal.,4,13 cu.ft.,all-wheel drive,h-6,3.8,"540hp @ 6,400rpm",7 speed automatic with auto-shift,"486 lb.-ft. @ 1,950rpm",4-wheel,3.8 l,232 cu.in.,540 hp,,"51.0 ""","74.0 """,,,"177.4 """,,"96.5 """,24,7,"3,516 lbs.","4,431 lbs.",,,,,,,,
Porsche,911,2016,17 mpg,24 mpg,18.0gal.,4,13 cu.ft.,all-wheel drive,h-6,3.8,"520hp @ 6,000rpm",7 speed automatic with auto-shift,"524 lb.-ft. @ 2,100rpm",4-wheel,3.8 l,232 cu.in.,520 hp,,"51.0 ""","74.0 """,,,"177.4 """,,"96.5 """,24,7,"3,516 lbs.","4,387 lbs.",,,,,,,,
Porsche,911,2015,,,23.8gal.,,,rear-wheel,h-6,3.8,"475hp @ 8,250rpm",7 speed automatic with auto-shift,"325 lb.-ft. @ 6,250rpm",,,,,,,,,,,,,24,,,,,,,,,,,
Porsche,911,2014,,,16.9gal.,,,rear-wheel,h-6,3.4,"350hp @ 7,400rpm",7 speed automatic with auto-shift,"287 lb.-ft. @ 5,600rpm",,,,,,,,,,,,,24,,,,,,,,,,,
Porsche,911,2013,,,16.9gal.,,,all-wheel drive,h-6,3.8,"500hp @ 6,250rpm",7 speed automatic with auto-shift,"516 lb.-ft. @ 2,100rpm",,,,,,,,,,,,,24,,,,,,,,,,,
Porsche,911,2012,,,16.9gal.,,,rear-wheel,h-6,3.8,"408hp @ 7,300rpm",7 speed automatic with auto-shift,"310 lb.-ft. @ 4,200rpm",,,,,,,,,,,,,24,,,,,,,,,,,
Porsche,911,2011,,,16.9gal.,,,all-wheel drive,h-6,3.8,"500hp @ 6,000rpm",7 speed automatic with auto-shift,"480 lb.-ft. @ 1,950rpm",,,,,,,,,,,,,24,,,,,,,,,,,
Porsche,911,2010,,,17.7gal.,,,all-wheel drive,h-6,3.8,"408hp @ 7,300rpm",7 speed automatic with auto-shift,"310 lb.-ft. @ 4,200rpm",,,,,,,,,,,,,24,,,,,,,,,,,
Porsche,911,2009,,,17.7gal.,,,all-wheel drive,h-6,3.6,"345hp @ 6,500rpm",6 speed manual,"288 lb.-ft. @ 4,400rpm",,,,,,,,,,,,,24,,,,,,,,,,,
Porsche,911,2008,,,17.7gal.,,,all-wheel drive,h-6,3.6,"325hp @ 6,800rpm",5 speed automatic,"273 lb.-ft. @ 4,250rpm",,,,,,,,,,,,,24,,,,,,,,,,,
Porsche,911,2007,,,17.7gal.,,,all-wheel drive,h-6,3.6,"480hp @ 6,000rpm",5 speed automatic,"460 lb.-ft. @ 1,950rpm",,,,,,,,,,,,,24,,,,,,,,,,,
Porsche,911,2006,,,16.9gal.,,,rear-wheel,h-6,3.8,"381hp @ 7,200rpm",5 speed automatic,"306 lb.-ft. @ 5,500rpm",,,,,,,,,,,,,24,,,,,,,,,,,
Porsche,911,2005,,,16.9gal.,,,rear-wheel,h-6,3.6,"325hp @ 6,800rpm",5 speed automatic,"273 lb.-ft. @ 4,250rpm",,,,,,,,,,,,,24,,,,,,,,,,,
Porsche,911,2004,,,16.9gal.,,,rear-wheel,h-6,3.6,"477hp @ 5,700rpm",6 speed manual,"472 lb.-ft. @ 3,500rpm",,,,,,,,,,,,,24,,,,,,,,,,,
Porsche,911,2003,,,16.9gal.,,,rear-wheel,h-6,3.6,"345hp @ 6,800rpm",5 speed automatic,"273 lb.-ft. @ 4,250rpm",,,,,,,,,,,,,24,,,,,,,,,,,
Porsche,911,2002,,,16.9gal.,,,rear-wheel,h-6,3.6,"320hp @ 6,800rpm",5 speed automatic,"273 lb.-ft. @ 4,250rpm",,,,,,,,,,,,,24,,,,,,,,,,,
Porsche,911,2001,,,16.9gal.,,,all-wheel drive,h-6,3.6,"415hp @ 6,000rpm",5 speed automatic,"413 lb.-ft. @ 2,700rpm",,,,,,,,,,,,,24,,,,,,,,,,,
Porsche,911,2000,,,17.0gal.,,,rear-wheel,h-6,3.4,"300hp @ 6,800rpm",5 speed automatic,"258 lb.-ft. @ 4,600rpm",,,,,,,,,,,,,24,,,,,,,,,,,
Porsche,911,1999,,,17.0gal.,,,rear-wheel,h-6,3.4,"296hp @ 6,800rpm",6 speed manual,"258 lb.-ft. @ 4,600rpm",,,,,,,,,,,,,24,,,,,,,,,,,
Porsche,Cayenne E-Hybrid,2018,,,21.1gal.,5,60 cu.ft.,all-wheel drive,v-6,3.0,"333hp @ 5,500rpm",8 speed automatic,"325 lb.-ft. @ 3,000rpm",4-wheel,3.0 l,183 cu.in.,333 hp,"39.6 ""","67.4 ""","78.7 """,,,"191.1 """,,"114.0 """,24,8,"5,181 lbs.","6,724 lbs.","7,716 lbs.",,,,,,,
Porsche,Cayenne E-Hybrid,2017,,,21.1gal.,,,all-wheel drive,v-6,3.0,"333hp @ 5,500rpm",8 speed automatic,"325 lb.-ft. @ 3,000rpm",,,,,,,,,,,,,24,,,,,,,,,,,
Porsche,Cayenne E-Hybrid,2016,,,21.1gal.,,,all-wheel drive,v-6,3.0,"333hp @ 5,500rpm",8 speed automatic,"325 lb.-ft. @ 3,000rpm",,,,,,,,,,,,,24,,,,,,,,,,,
Porsche,Cayenne E-Hybrid,2015,,,21.1gal.,,,all-wheel drive,v-6,3.0,"333hp @ 5,500rpm",8 speed automatic,"325 lb.-ft. @ 3,000rpm",,,,,,,,,,,,,24,,,,,,,,,,,
Porsche,Panamera e-Hybrid,2018,,,21.1gal.,,,all-wheel drive,v-6,2.9,"330hp @ 5,250rpm",8 speed automatic with auto-shift,"331 lb.-ft. @ 1,750rpm",,,,,,,,,,,,,24,,,,,,,,,,,
Porsche,Panamera e-Hybrid,2016,,,21.1gal.,,,rear-wheel,v-6,3.0,"333hp @ 5,500rpm",8 speed automatic,"325 lb.-ft. @ 3,000rpm",,,,,,,,,,,,,24,,,,,,,,,,,
Porsche,Panamera e-Hybrid,2015,,,21.1gal.,,,rear-wheel,v-6,3.0,"333hp @ 5,500rpm",8 speed automatic,"325 lb.-ft. @ 3,000rpm",,,,,,,,,,,,,24,,,,,,,,,,,
Porsche,Panamera e-Hybrid,2014,,,21.1gal.,,,rear-wheel,v-6,3.0,"333hp @ 5,500rpm",8 speed automatic,"325 lb.-ft. @ 3,000rpm",,,,,,,,,,,,,24,,,,,,,,,,,
Porsche,911,2018,19 mpg,24 mpg,17.9gal.,4,13 cu.ft.,all-wheel drive,h-6,3.8,"540hp @ 6,400rpm",7 speed automatic with auto-shift,"486 lb.-ft. @ 1,950rpm",4-wheel,3.8 l,232 cu.in.,540 hp,,"51.0 ""","74.0 """,,,"177.4 """,,"96.5 """,24,7,"3,516 lbs.","4,431 lbs.",,,,,,,,
Porsche,911,2017,19 mpg,24 mpg,17.9gal.,4,13 cu.ft.,all-wheel drive,h-6,3.8,"540hp @ 6,400rpm",7 speed automatic with auto-shift,"486 lb.-ft. @ 1,950rpm",4-wheel,3.8 l,232 cu.in.,540 hp,,"51.0 ""","74.0 """,,,"177.4 """,,"96.5 """,24,7,"3,516 lbs.","4,431 lbs.",,,,,,,,
Porsche,911,2016,17 mpg,24 mpg,18.0gal.,4,13 cu.ft.,all-wheel drive,h-6,3.8,"520hp @ 6,000rpm",7 speed automatic with auto-shift,"524 lb.-ft. @ 2,100rpm",4-wheel,3.8 l,232 cu.in.,520 hp,,"51.0 ""","74.0 """,,,"177.4 """,,"96.5 """,24,7,"3,516 lbs.","4,387 lbs.",,,,,,,,
Porsche,911,2015,,,16.9gal.,,,rear-wheel,h-6,3.8,"475hp @ 8,250rpm",7 speed automatic with auto-shift,"325 lb.-ft. @ 6,250rpm",,,,,,,,,,,,,24,,,,,,,,,,,
Porsche,911,2014,,,16.9gal.,,,rear-wheel,h-6,3.4,"350hp @ 7,400rpm",7 speed automatic with auto-shift,"287 lb.-ft. @ 5,600rpm",,,,,,,,,,,,,24,,,,,,,,,,,
Porsche,911,2013,,,16.9gal.,,,all-wheel drive,h-6,3.8,"500hp @ 6,250rpm",7 speed automatic with auto-shift,"516 lb.-ft. @ 2,100rpm",,,,,,,,,,,,,24,,,,,,,,,,,
Porsche,911,2012,,,16.9gal.,,,rear-wheel,h-6,3.8,"408hp @ 7,300rpm",7 speed automatic with auto-shift,"310 lb.-ft. @ 4,200rpm",,,,,,,,,,,,,24,,,,,,,,,,,
Porsche,911,2011,,,16.9gal.,,,all-wheel drive,h-6,3.8,"500hp @ 6,000rpm",7 speed automatic with auto-shift,"480 lb.-ft. @ 1,950rpm",,,,,,,,,,,,,24,,,,,,,,,,,
Porsche,911,2010,,,17.7gal.,,,all-wheel drive,h-6,3.8,"408hp @ 7,300rpm",7 speed automatic with auto-shift,"310 lb.-ft. @ 4,200rpm",,,,,,,,,,,,,24,,,,,,,,,,,
Porsche,911,2009,,,17.7gal.,,,all-wheel drive,h-6,3.6,"345hp @ 6,500rpm",7 speed automatic with auto-shift,"288 lb.-ft. @ 4,400rpm",,,,,,,,,,,,,24,,,,,,,,,,,
Porsche,911,2008,,,17.7gal.,,,all-wheel drive,h-6,3.6,"325hp @ 6,800rpm",5 speed automatic,"273 lb.-ft. @ 4,250rpm",,,,,,,,,,,,,24,,,,,,,,,,,
Porsche,911,2007,,,17.7gal.,,,all-wheel drive,h-6,3.6,"480hp @ 6,000rpm",5 speed automatic,"460 lb.-ft. @ 1,950rpm",,,,,,,,,,,,,24,,,,,,,,,,,
Porsche,911,2006,,,16.9gal.,,,rear-wheel,h-6,3.8,"381hp @ 7,200rpm",5 speed automatic,"306 lb.-ft. @ 5,500rpm",,,,,,,,,,,,,24,,,,,,,,,,,
Porsche,911,2005,,,16.9gal.,,,rear-wheel,h-6,3.6,"325hp @ 6,800rpm",5 speed automatic,"273 lb.-ft. @ 4,250rpm",,,,,,,,,,,,,24,,,,,,,,,,,
Porsche,911,2004,,,16.9gal.,,,rear-wheel,h-6,3.6,"477hp @ 5,700rpm",6 speed manual,"472 lb.-ft. @ 3,500rpm",,,,,,,,,,,,,24,,,,,,,,,,,
Porsche,911,2003,,,16.9gal.,,,rear-wheel,h-6,3.6,"345hp @ 6,800rpm",5 speed automatic,"273 lb.-ft. @ 4,250rpm",,,,,,,,,,,,,24,,,,,,,,,,,
Porsche,911,2002,,,16.9gal.,,,rear-wheel,h-6,3.6,"320hp @ 6,800rpm",5 speed automatic,"273 lb.-ft. @ 4,250rpm",,,,,,,,,,,,,24,,,,,,,,,,,
Porsche,911,2001,,,16.9gal.,,,all-wheel drive,h-6,3.6,"415hp @ 6,000rpm",5 speed automatic,"413 lb.-ft. @ 2,700rpm",,,,,,,,,,,,,24,,,,,,,,,,,
Porsche,911,2000,,,17.0gal.,,,rear-wheel,h-6,3.4,"300hp @ 6,800rpm",5 speed automatic,"258 lb.-ft. @ 4,600rpm",,,,,,,,,,,,,24,,,,,,,,,,,
Porsche,911,1999,,,17.0gal.,,,rear-wheel,h-6,3.4,"296hp @ 6,800rpm",6 speed manual,"258 lb.-ft. @ 4,600rpm",,,,,,,,,,,,,24,,,,,,,,,,,
Porsche,Boxster,2016,,,16.9gal.,,,rear-wheel,h-6,2.7,"265hp @ 6,700rpm",7 speed automatic with auto-shift,"206 lb.-ft. @ 4,400rpm",,,,,,,,,,,,,24,,,,,,,,,,,
Porsche,Boxster,2015,,,16.9gal.,,,rear-wheel,h-6,2.7,"265hp @ 6,700rpm",7 speed automatic with auto-shift,"206 lb.-ft. @ 4,400rpm",,,,,,,,,,,,,24,,,,,,,,,,,
Porsche,Boxster,2014,,,16.9gal.,,,rear-wheel,h-6,2.7,"265hp @ 6,700rpm",7 speed automatic with auto-shift,"206 lb.-ft. @ 4,400rpm",,,,,,,,,,,,,24,,,,,,,,,,,
Porsche,Boxster,2013,,,16.9gal.,,,rear-wheel,h-6,2.7,"265hp @ 6,700rpm",7 speed automatic with auto-shift,"206 lb.-ft. @ 4,400rpm",,,,,,,,,,,,,24,,,,,,,,,,,
Porsche,Boxster,2012,,,16.9gal.,,,rear-wheel,h-6,2.9,"255hp @ 6,400rpm",7 speed automatic with auto-shift,"214 lb.-ft. @ 4,400rpm",,,,,,,,,,,,,24,,,,,,,,,,,
Porsche,Boxster,2011,,,16.9gal.,,,rear-wheel,h-6,2.9,"255hp @ 6,400rpm",7 speed automatic with auto-shift,"214 lb.-ft. @ 4,400rpm",,,,,,,,,,,,,24,,,,,,,,,,,
Porsche,Boxster,2010,,,16.9gal.,,,rear-wheel,h-6,2.9,"255hp @ 6,400rpm",7 speed automatic with auto-shift,"214 lb.-ft. @ 4,400rpm",,,,,,,,,,,,,24,,,,,,,,,,,
Porsche,Boxster,2009,,,16.9gal.,,,rear-wheel,h-6,2.9,"255hp @ 6,400rpm",6 speed manual,"214 lb.-ft. @ 4,400rpm",,,,,,,,,,,,,24,,,,,,,,,,,
Porsche,Boxster,2008,,,16.9gal.,,,rear-wheel,h-6,2.7,"245hp @ 6,500rpm",6 speed manual,"201 lb.-ft. @ 4,600rpm",,,,,,,,,,,,,24,,,,,,,,,,,
Porsche,Boxster,2007,,,16.9gal.,,,rear-wheel,h-6,2.7,"245hp @ 6,500rpm",6 speed manual,"201 lb.-ft. @ 4,600rpm",,,,,,,,,,,,,24,,,,,,,,,,,
Porsche,Boxster,2006,,,16.9gal.,,,rear-wheel,h-6,2.7,"240hp @ 6,400rpm",6 speed manual,"199 lb.-ft. @ 4,700rpm",,,,,,,,,,,,,24,,,,,,,,,,,
Porsche,Boxster,2005,,,16.9gal.,,,rear-wheel,h-6,2.7,"240hp @ 6,400rpm",6 speed manual,"199 lb.-ft. @ 4,700rpm",,,,,,,,,,,,,24,,,,,,,,,,,
Porsche,Boxster,2004,,,16.9gal.,,,rear-wheel,h-6,2.7,"225hp @ 6,300rpm",5 speed automatic,"192 lb.-ft. @ 4,750rpm",,,,,,,,,,,,,24,,,,,,,,,,,
Porsche,Boxster,2003,,,16.9gal.,,,rear-wheel,h-6,2.7,"225hp @ 6,300rpm",5 speed automatic,"192 lb.-ft. @ 4,750rpm",,,,,,,,,,,,,24,,,,,,,,,,,
Porsche,Boxster,2002,,,17.0gal.,,,rear-wheel,h-6,2.7,"217hp @ 6,500rpm",5 speed automatic,"192 lb.-ft. @ 4,750rpm",,,,,,,,,,,,,24,,,,,,,,,,,
Porsche,Boxster,2001,,,17.0gal.,,,rear-wheel,h-6,2.7,"217hp @ 6,500rpm",5 speed automatic,"192 lb.-ft. @ 4,750rpm",,,,,,,,,,,,,24,,,,,,,,,,,
Porsche,Boxster,2000,,,17.0gal.,,,rear-wheel,h-6,2.7,"217hp @ 6,500rpm",5 speed automatic,"192 lb.-ft. @ 4,500rpm",,,,,,,,,,,,,24,,,,,,,,,,,
Porsche,Boxster,1999,,,17.0gal.,,,rear-wheel,h-6,2.5,"201hp @ 6,000rpm",5 speed manual,"181 lb.-ft. @ 4,500rpm",,,,,,,,,,,,,24,,,,,,,,,,,
Porsche,Carrera GT,2005,,,24.3gal.,,,rear-wheel,v-10,5.7,"605hp @ 8,000rpm",6 speed manual,"435 lb.-ft. @ 5,750rpm",,,,,,,,,,,,,40,,,,,,,,,,,
Porsche,Carrera GT,2004,,,24.3gal.,,,rear-wheel,v-10,5.7,"605hp @ 8,000rpm",6 speed manual,"435 lb.-ft. @ 5,750rpm",,,,,,,,,,,,,40,,,,,,,,,,,
Porsche,Cayenne,2019,,,23.7gal.,5,60 cu.ft.,all-wheel drive,v-6,3.0,"340hp @ 5,300rpm",8 speed automatic,"331 lb.-ft. @ 1,840rpm",4-wheel,3.0 l,183 cu.in.,340 hp,,"66.8 ""","78.1 """,,,"193.7 """,,"114.0 """,24,8,"4,377 lbs.","6,239 lbs.","7,700 lbs.",,,,,,,
Porsche,Cayenne,2018,18 mpg,24 mpg,26.4gal.,5,63 cu.ft.,all-wheel drive,v-6,3.6,"300hp @ 6,300rpm",8 speed automatic,"295 lb.-ft. @ 3,000rpm",4-wheel,3.6 l,220 cu.in.,300 hp,"39.6 ""","67.4 ""","78.7 """,,,"191.1 """,,"114.0 """,24,8,"4,488 lbs.","6,195 lbs.","7,716 lbs.",,,,,,,
Porsche,Cayenne,2017,,,26.4gal.,,,all-wheel drive,v-6,3.6,"300hp @ 6,300rpm",8 speed automatic,"295 lb.-ft. @ 3,000rpm",,,,,,,,,,,,,24,,,,,,,,,,,
Porsche,Cayenne,2016,,,26.4gal.,,,all-wheel drive,v-6,3.6,"300hp @ 6,300rpm",8 speed automatic,"295 lb.-ft. @ 3,000rpm",,,,,,,,,,,,,24,,,,,,,,,,,
Porsche,Cayenne,2015,,,26.4gal.,,,all-wheel drive,v-6,3.0,"240hp @ 3,500rpm",8 speed automatic,"406 lb.-ft. @ 1,750rpm",,,,,,,,,,,,,24,,,,,,,,,,,
Porsche,Cayenne,2014,,,26.4gal.,,,all-wheel drive,v-6,3.6,"300hp @ 6,300rpm",6 speed manual,"295 lb.-ft. @ 3,000rpm",,,,,,,,,,,,,24,,,,,,,,,,,
Porsche,Cayenne,2013,,,22.4gal.,,,all-wheel drive,v-6,3.6,"300hp @ 6,300rpm",6 speed manual,"295 lb.-ft. @ 3,000rpm",,,,,,,,,,,,,24,,,,,,,,,,,
Porsche,Cayenne,2012,,,26.4gal.,,,all-wheel drive,v-6,3.6,"300hp @ 6,300rpm",6 speed manual,"295 lb.-ft. @ 3,000rpm",,,,,,,,,,,,,24,,,,,,,,,,,
Porsche,Cayenne,2011,,,22.4gal.,,,all-wheel drive,v-6,3.6,"300hp @ 6,300rpm",6 speed manual,"295 lb.-ft. @ 3,000rpm",,,,,,,,,,,,,24,,,,,,,,,,,
Porsche,Cayenne,2010,,,26.4gal.,,,all-wheel drive,v-6,3.6,"290hp @ 6,200rpm",6 speed manual,"273 lb.-ft. @ 3,000rpm",,,,,,,,,,,,,24,,,,,,,,,,,
Porsche,Cayenne,2009,,,26.4gal.,,,all-wheel drive,v-6,3.6,"290hp @ 6,200rpm",6 speed automatic,"273 lb.-ft. @ 3,000rpm",,,,,,,,,,,,,24,,,,,,,,,,,
Porsche,Cayenne,2008,,,26.4gal.,,,all-wheel drive,v-6,3.6,"290hp @ 6,200rpm",6 speed automatic,"273 lb.-ft. @ 3,000rpm",,,,,,,,,,,,,24,,,,,,,,,,,
Porsche,Cayenne,2006,,,26.4gal.,,,all-wheel drive,v-6,3.2,"250hp @ 6,000rpm",6 speed automatic,"229 lb.-ft. @ 2,500rpm",,,,,,,,,,,,,24,,,,,,,,,,,
Porsche,Cayenne,2005,,,26.4gal.,,,all-wheel drive,v-6,3.2,"247hp @ 6,000rpm",6 speed automatic,"229 lb.-ft. @ 2,500rpm",,,,,,,,,,,,,24,,,,,,,,,,,
Porsche,Cayenne,2004,,,26.4gal.,,,all-wheel drive,v-8,4.5,"450hp @ 6,000rpm",6 speed automatic,"457 lb.-ft. @ 2,250rpm",,,,,,,,,,,,,32,,,,,,,,,,,
Porsche,Cayenne,2003,,,26.4gal.,,,all-wheel drive,v-8,4.5,"340hp @ 6,000rpm",6 speed automatic,"310 lb.-ft. @ 2,500rpm",,,,,,,,,,,,,32,,,,,,,,,,,
Porsche,Cayenne Hybrid,2014,,,26.4gal.,,,all-wheel drive,v-6,3.0,"333hp @ 5,500rpm",8 speed automatic,"325 lb.-ft. @ 3,000rpm",,,,,,,,,,,,,24,,,,,,,,,,,
Porsche,Cayenne Hybrid,2013,20 mpg,24 mpg,22.4gal.,5,60 cu.ft.,all-wheel drive,v-6,3.0,"333hp @ 5,500rpm",8 speed automatic,"325 lb.-ft. @ 3,000rpm",4-wheel,3.0 l,183 cu.in.,333 hp,"39.6 ""","67.1 ""","76.3 """,,,"190.8 """,,"114.0 """,24,8,"4,938 lbs.","6,415 lbs.","7,716 lbs.",,,,,,,
Porsche,Cayenne Hybrid,2012,,,26.4gal.,,,all-wheel drive,v-6,3.0,"333hp @ 5,500rpm",8 speed automatic,"325 lb.-ft. @ 3,000rpm",,,,,,,,,,,,,24,,,,,,,,,,,
Porsche,Cayenne Hybrid,2011,,,22.4gal.,,,all-wheel drive,v-6,3.0,"333hp @ 5,500rpm",8 speed automatic,"325 lb.-ft. @ 3,000rpm",,,,,,,,,,,,,24,,,,,,,,,,,
Porsche,Cayman,2016,,,16.9gal.,,,rear-wheel,h-6,2.7,"275hp @ 7,400rpm",7 speed automatic with auto-shift,"213 lb.-ft. @ 4,500rpm",,,,,,,,,,,,,24,,,,,,,,,,,
Porsche,Cayman,2015,,,16.9gal.,,,rear-wheel,h-6,2.7,"275hp @ 7,400rpm",7 speed automatic with auto-shift,"213 lb.-ft. @ 4,500rpm",,,,,,,,,,,,,24,,,,,,,,,,,
Porsche,Cayman,2014,,,16.9gal.,,,rear-wheel,h-6,2.7,"275hp @ 7,400rpm",7 speed automatic with auto-shift,"213 lb.-ft. @ 4,500rpm",,,,,,,,,,,,,24,,,,,,,,,,,
Porsche,Cayman,2012,,,16.9gal.,,,rear-wheel,h-6,2.9,"265hp @ 7,200rpm",7 speed automatic with auto-shift,"221 lb.-ft. @ 4,400rpm",,,,,,,,,,,,,24,,,,,,,,,,,
Porsche,Cayman,2011,,,16.9gal.,,,rear-wheel,h-6,2.9,"265hp @ 7,200rpm",7 speed automatic with auto-shift,"221 lb.-ft. @ 4,400rpm",,,,,,,,,,,,,24,,,,,,,,,,,
Porsche,Cayman,2010,,,16.9gal.,,,rear-wheel,h-6,2.9,"265hp @ 7,200rpm",7 speed automatic with auto-shift,"221 lb.-ft. @ 4,400rpm",,,,,,,,,,,,,24,,,,,,,,,,,
Porsche,Cayman,2009,,,16.9gal.,,,rear-wheel,h-6,2.9,"265hp @ 7,200rpm",7 speed automatic with auto-shift,"221 lb.-ft. @ 4,400rpm",,,,,,,,,,,,,24,,,,,,,,,,,
Porsche,Cayman,2008,,,16.9gal.,,,rear-wheel,h-6,2.7,"245hp @ 6,500rpm",6 speed manual,"201 lb.-ft. @ 4,600rpm",,,,,,,,,,,,,24,,,,,,,,,,,
Porsche,Cayman,2007,,,16.9gal.,,,rear-wheel,h-6,2.7,"245hp @ 6,500rpm",6 speed manual,"201 lb.-ft. @ 4,600rpm",,,,,,,,,,,,,24,,,,,,,,,,,
Porsche,Cayenne,2019,,,23.7gal.,5,60 cu.ft.,all-wheel drive,v-6,3.0,"340hp @ 5,300rpm",8 speed automatic,"331 lb.-ft. @ 1,840rpm",4-wheel,3.0 l,183 cu.in.,340 hp,,"66.8 ""","78.1 """,,,"193.7 """,,"114.0 """,24,8,"4,377 lbs.","6,239 lbs.","7,700 lbs.",,,,,,,
Porsche,Cayenne,2018,18 mpg,24 mpg,26.4gal.,5,63 cu.ft.,all-wheel drive,v-6,3.6,"300hp @ 6,300rpm",8 speed automatic,"295 lb.-ft. @ 3,000rpm",4-wheel,3.6 l,220 cu.in.,300 hp,"39.6 ""","67.4 ""","78.7 """,,,"191.1 """,,"114.0 """,24,8,"4,488 lbs.","6,195 lbs.","7,716 lbs.",,,,,,,
Porsche,Cayenne,2017,,,26.4gal.,,,all-wheel drive,v-6,3.6,"300hp @ 6,300rpm",8 speed automatic,"295 lb.-ft. @ 3,000rpm",,,,,,,,,,,,,24,,,,,,,,,,,
Porsche,Cayenne,2016,,,26.4gal.,,,all-wheel drive,v-6,3.6,"300hp @ 6,300rpm",8 speed automatic,"295 lb.-ft. @ 3,000rpm",,,,,,,,,,,,,24,,,,,,,,,,,
Porsche,Cayenne,2015,,,26.4gal.,,,all-wheel drive,v-6,3.0,"240hp @ 3,500rpm",8 speed automatic,"406 lb.-ft. @ 1,750rpm",,,,,,,,,,,,,24,,,,,,,,,,,
Porsche,Cayenne,2014,,,26.4gal.,,,all-wheel drive,v-6,3.6,"300hp @ 6,300rpm",6 speed manual,"295 lb.-ft. @ 3,000rpm",,,,,,,,,,,,,24,,,,,,,,,,,
Porsche,Cayenne,2013,,,22.4gal.,,,all-wheel drive,v-6,3.6,"300hp @ 6,300rpm",6 speed manual,"295 lb.-ft. @ 3,000rpm",,,,,,,,,,,,,24,,,,,,,,,,,
Porsche,Cayenne,2012,,,26.4gal.,,,all-wheel drive,v-6,3.6,"300hp @ 6,300rpm",6 speed manual,"295 lb.-ft. @ 3,000rpm",,,,,,,,,,,,,24,,,,,,,,,,,
Porsche,Cayenne,2011,,,22.4gal.,,,all-wheel drive,v-6,3.6,"300hp @ 6,300rpm",6 speed manual,"295 lb.-ft. @ 3,000rpm",,,,,,,,,,,,,24,,,,,,,,,,,
Porsche,Cayenne,2010,,,26.4gal.,,,all-wheel drive,v-6,3.6,"290hp @ 6,200rpm",6 speed manual,"273 lb.-ft. @ 3,000rpm",,,,,,,,,,,,,24,,,,,,,,,,,
Porsche,Cayenne,2009,,,26.4gal.,,,all-wheel drive,v-6,3.6,"290hp @ 6,200rpm",6 speed automatic,"273 lb.-ft. @ 3,000rpm",,,,,,,,,,,,,24,,,,,,,,,,,
Porsche,Cayenne,2008,,,26.4gal.,,,all-wheel drive,v-6,3.6,"290hp @ 6,200rpm",6 speed automatic,"273 lb.-ft. @ 3,000rpm",,,,,,,,,,,,,24,,,,,,,,,,,
Porsche,Cayenne,2006,,,26.4gal.,,,all-wheel drive,v-6,3.2,"250hp @ 6,000rpm",6 speed automatic,"229 lb.-ft. @ 2,500rpm",,,,,,,,,,,,,24,,,,,,,,,,,
Porsche,Cayenne,2005,,,26.4gal.,,,all-wheel drive,v-6,3.2,"247hp @ 6,000rpm",6 speed automatic,"229 lb.-ft. @ 2,500rpm",,,,,,,,,,,,,24,,,,,,,,,,,
Porsche,Cayenne,2004,,,26.4gal.,,,all-wheel drive,v-8,4.5,"450hp @ 6,000rpm",6 speed automatic,"457 lb.-ft. @ 2,250rpm",,,,,,,,,,,,,32,,,,,,,,,,,
Porsche,Cayenne,2003,,,26.4gal.,,,all-wheel drive,v-8,4.5,"340hp @ 6,000rpm",6 speed automatic,"310 lb.-ft. @ 2,500rpm",,,,,,,,,,,,,32,,,,,,,,,,,
Porsche,Macan,2018,20 mpg,25 mpg,19.8gal.,5,53 cu.ft.,all-wheel drive,i-4,2.0,"252hp @ 5,000rpm",7 speed automatic with auto-shift,"273 lb.-ft. @ 1,600rpm",4-wheel,2.0 l,121 cu.in.,252 hp,,"63.9 ""","76.1 """,,,"184.3 """,,"110.5 """,16,7,"3,902 lbs.","5,390 lbs.","1,653 lbs.",,,,,,,
Porsche,Macan,2017,,,19.8gal.,,,all-wheel drive,v-6,3.0,"360hp @ 6,000rpm",7 speed automatic with auto-shift,"369 lb.-ft. @ 1,650rpm",,,,,,,,,,,,,24,,,,,,,,,,,
Porsche,Macan,2016,,,19.8gal.,,,all-wheel drive,v-6,3.0,"340hp @ 5,500rpm",7 speed automatic with auto-shift,"339 lb.-ft. @ 1,450rpm",,,,,,,,,,,,,24,,,,,,,,,,,
Porsche,Macan,2015,,,19.8gal.,,,all-wheel drive,v-6,3.0,"340hp @ 5,500rpm",7 speed automatic with auto-shift,"339 lb.-ft. @ 1,450rpm",,,,,,,,,,,,,24,,,,,,,,,,,
