make,model,year,city,highway,fuel tank capacity,total seating capacity,max cargo capacity,drive type,cylinder configuration,engine liters,horsepower,transmission,torque,abs,size,displacement,horse power,front head room,overall height,overall width,rear leg room,front leg room,overall length,rear head room,wheelbase,number of valves,number of speeds,curb weight,gross vehicle weight,towing capacity,number of doors,speakers,approach angle,ground clearance (max),ramp breakover angle,departure angle,ground clearance
RAM,Cargo,2015,,,20.0gal.,,,front-wheel,v-6,3.6,"283hp @ 6,400rpm",multi-speed automatic,"260 lb.-ft. @ 4,400rpm",,,,,,,,,,,,,24,,,,,,,,,,,
RAM,Cargo,2014,,,20.0gal.,,,front-wheel,v-6,3.6,"283hp @ 6,400rpm",multi-speed automatic,"260 lb.-ft. @ 4,400rpm",,,,,,,,,,,,,24,,,,,,,,,,,
RAM,Cargo,2013,,,20.0gal.,,,front-wheel,v-6,3.6,"283hp @ 6,400rpm",multi-speed automatic,"260 lb.-ft. @ 4,400rpm",,,,,,,,,,,,,24,,,,,,,,,,,
RAM,ProMaster 1500,2019,,,24.0gal.,2,,front-wheel,v-6,3.6,"280hp @ 6,400rpm",6 speed automatic,"260 lb.-ft. @ 4,400rpm",4-wheel,3.6 l,220 cu.in.,280 hp,,"88.7 ""","80.7 """,,"38.8 ""","195.4 """,,"118.0 """,24,6,"4,551 lbs.","8,550 lbs.",,,,,,,,
RAM,ProMaster 1500,2018,,,24.0gal.,2,,front-wheel,v-6,3.6,"280hp @ 6,400rpm",6 speed automatic,"260 lb.-ft. @ 4,400rpm",4-wheel,3.6 l,220 cu.in.,280 hp,,"88.7 ""","80.7 """,,"38.8 ""","195.4 """,,"118.0 """,24,6,"4,551 lbs.","8,550 lbs.","5,100 lbs.",,,,,,,
RAM,ProMaster 1500,2017,,,24.0gal.,2,,front-wheel,v-6,3.6,"280hp @ 6,400rpm",6 speed automatic,"260 lb.-ft. @ 4,400rpm",4-wheel,3.6 l,220 cu.in.,280 hp,,"88.7 ""","80.7 """,,"38.8 ""","195.4 """,,"118.0 """,24,6,"4,560 lbs.","8,550 lbs.","5,100 lbs.",,,,,,,
RAM,ProMaster 1500,2016,,,24.0gal.,2,,front-wheel,v-6,3.6,"174hp @ 3,600rpm",6 speed automatic with auto-shift,"295 lb.-ft. @ 1,400rpm",4-wheel,3.6 l,220 cu.in.,280 hp,,"88.7 ""","80.7 """,,"38.8 ""","195.4 """,,"118.0 """,16,6,"4,551 lbs.","8,550 lbs.","5,100 lbs.",,,,,,,
RAM,ProMaster 1500,2015,,,24.0gal.,,,front-wheel,i-4,3.0,"174hp @ 3,600rpm",6 speed automatic with auto-shift,"295 lb.-ft. @ 1,400rpm",,,,,,,,,,,,,16,,,,,,,,,,,
RAM,ProMaster 1500,2014,,,24.0gal.,,,front-wheel,i-4,3.0,"280hp @ 6,400rpm",6 speed automatic with auto-shift,"258 lb.-ft. @ 4,175rpm",,,,,,,,,,,,,16,,,,,,,,,,,
RAM,ProMaster 2500,2019,,,24.0gal.,2,,front-wheel,v-6,3.6,"280hp @ 6,400rpm",6 speed automatic,"260 lb.-ft. @ 4,400rpm",4-wheel,3.6 l,220 cu.in.,280 hp,,"99.4 ""","80.7 """,,"38.8 ""","213.1 """,,"136.0 """,24,6,"4,756 lbs.","8,900 lbs.",,,,,,,,
RAM,ProMaster 2500,2018,,,24.0gal.,2,,front-wheel,v-6,3.6,"280hp @ 6,400rpm",6 speed automatic,"260 lb.-ft. @ 4,400rpm",4-wheel,3.6 l,220 cu.in.,280 hp,,"99.4 ""","80.7 """,,"38.8 ""","213.1 """,,"136.0 """,24,6,"4,756 lbs.","8,900 lbs.","5,100 lbs.",,,,,,,
RAM,ProMaster 2500,2017,,,24.0gal.,2,,front-wheel,i-4,3.0,"174hp @ 3,500rpm",6 speed automatic with auto-shift,"295 lb.-ft. @ 1,400rpm",4-wheel,3.6 l,220 cu.in.,280 hp,,"99.4 ""","80.7 """,,"38.8 ""","213.1 """,,"136.0 """,16,6,"4,773 lbs.","8,900 lbs.","5,100 lbs.",,,,,,,
RAM,ProMaster 2500,2016,,,24.0gal.,2,,front-wheel,i-4,3.0,"174hp @ 3,600rpm",6 speed automatic with auto-shift,"295 lb.-ft. @ 1,400rpm",4-wheel,3.6 l,220 cu.in.,280 hp,,"99.4 ""","80.7 """,,"38.8 ""","213.1 """,,"136.0 """,16,6,"4,764 lbs.","8,900 lbs.","5,100 lbs.",,,,,,,
RAM,ProMaster 2500,2015,,,24.0gal.,,,front-wheel,i-4,3.0,"174hp @ 3,600rpm",6 speed automatic with auto-shift,"295 lb.-ft. @ 1,400rpm",,,,,,,,,,,,,16,,,,,,,,,,,
RAM,ProMaster 2500,2014,,,24.0gal.,,,front-wheel,i-4,3.0,"174hp @ 3,600rpm",6 speed automatic with auto-shift,"295 lb.-ft. @ 1,400rpm",,,,,,,,,,,,,16,,,,,,,,,,,
RAM,ProMaster 2500 Window Van,2019,,,24.0gal.,2,,front-wheel,v-6,3.6,"280hp @ 6,400rpm",6 speed automatic,"260 lb.-ft. @ 4,400rpm",4-wheel,3.6 l,220 cu.in.,280 hp,,"99.4 ""","80.7 """,,"38.8 ""","236.1 """,,"159.0 """,24,6,"4,958 lbs.","8,900 lbs.",,,,,,,,
RAM,ProMaster 2500 Window Van,2018,,,24.0gal.,2,,front-wheel,v-6,3.6,"280hp @ 6,400rpm",6 speed automatic,"260 lb.-ft. @ 4,400rpm",4-wheel,3.6 l,220 cu.in.,280 hp,,"99.4 ""","80.7 """,,"38.8 ""","236.1 """,,"159.0 """,24,6,"4,958 lbs.","8,900 lbs.","5,100 lbs.",,,,,,,
RAM,ProMaster 2500 Window Van,2017,,,24.0gal.,2,,front-wheel,i-4,3.0,"174hp @ 3,500rpm",6 speed automatic with auto-shift,"295 lb.-ft. @ 1,400rpm",4-wheel,3.6 l,220 cu.in.,280 hp,,"99.4 ""","80.7 """,,"38.8 ""","236.1 """,,"159.0 """,16,6,"4,969 lbs.","8,900 lbs.","5,100 lbs.",,,,,,,
RAM,ProMaster 2500 Window Van,2016,,,24.0gal.,2,,front-wheel,v-6,3.6,"280hp @ 6,400rpm",6 speed automatic,"260 lb.-ft. @ 4,175rpm",4-wheel,3.6 l,220 cu.in.,280 hp,,"99.4 ""","80.7 """,,"38.8 ""","236.1 """,,"159.0 """,24,6,"4,968 lbs.","8,900 lbs.","5,100 lbs.",,,,,,,
RAM,ProMaster 2500 Window Van,2015,,,24.0gal.,,,front-wheel,i-4,3.6,"174hp @ 3,600rpm",6 speed automatic with auto-shift,"295 lb.-ft. @ 1,400rpm",,,,,,,,,,,,,16,,,,,,,,,,,
RAM,ProMaster 2500 Window Van,2014,,,24.0gal.,,,front-wheel,i-4,3.0,"174hp @ 3,600rpm",6 speed automatic with auto-shift,"295 lb.-ft. @ 1,400rpm",,,,,,,,,,,,,16,,,,,,,,,,,
RAM,1500,2019,,,23.0gal.,6,,rear-wheel,v-6,5.7,"305hp @ 6,400rpm",8 speed automatic,"269 lb.-ft. @ 4,800rpm",4-wheel,3.6 l,220 cu.in.,305 hp,"40.9 ""","77.6 ""","82.1 ""","35.6 ""","40.9 ""","228.9 ""","39.2 ""","140.5 """,16,8,"4,798 lbs.","7,100 lbs.","6,730 lbs.",,,,,,,
RAM,1500,2018,17 mpg,25 mpg,26.0gal.,3,,rear-wheel,v-6,3.6,"305hp @ 6,400rpm",8 speed automatic,"269 lb.-ft. @ 4,175rpm",4-wheel,3.6 l,220 cu.in.,305 hp,"39.9 ""","74.6 ""","79.4 """,,"41.0 ""","209.0 """,,"120.0 """,24,8,"4,520 lbs.","6,025 lbs.","5,020 lbs.",,,,,,,
RAM,1500,2017,21 mpg,29 mpg,26.0gal.,6,,rear-wheel,v-6,3.0,"240hp @ 3,600rpm",8 speed automatic,"420 lb.-ft. @ 2,000rpm",4-wheel,3.0 l,182 cu.in.,240 hp,"41.0 ""","77.2 ""","79.4 ""","34.7 ""","41.0 ""","229.0 ""","39.7 ""","140.0 """,24,8,"5,449 lbs.","6,945 lbs.","7,920 lbs.",,,,,,,
RAM,1500,2016,,,26.0gal.,,,rear-wheel,v-8,5.7,"395hp @ 5,600rpm",6 speed automatic,"410 lb.-ft. @ 3,950rpm",,,,,,,,,,,,,16,,,,,,,,,,,
RAM,1500,2015,,,26.0gal.,,,rear-wheel,v-8,5.7,"395hp @ 5,600rpm",6 speed automatic,"410 lb.-ft. @ 3,950rpm",,,,,,,,,,,,,16,,,,,,,,,,,
RAM,1500,2014,17 mpg,25 mpg,26.0gal.,3,,rear-wheel,v-8,5.7,"395hp @ 5,600rpm",6 speed automatic,"410 lb.-ft. @ 3,950rpm",4-wheel,3.6 l,220 cu.in.,305 hp,"40.3 ""","74.6 ""","79.4 """,,"41.0 ""","209.0 """,,"120.0 """,24,8,"4,514 lbs.","6,025 lbs.","4,800 lbs.",,,,,,,
RAM,1500,2013,,,26.0gal.,,,rear-wheel,v-6,5.7,"395hp @ 5,600rpm",8 speed automatic,"330 lb.-ft. @ 3,950rpm",,,,,,,,,,,,,24,,,,,,,,,,,
RAM,1500,2012,,,26.0gal.,,,rear-wheel,v-8,4.7,"390hp @ 5,600rpm",6 speed automatic,"330 lb.-ft. @ 3,950rpm",,,,,,,,,,,,,16,,,,,,,,,,,
RAM,2500,2018,,,68.7gal.,3,15 cu.ft.,rear-wheel,i-6,6.7,"350hp @ 2,800rpm",6 speed automatic,"660 lb.-ft. @ 1,500rpm",4-wheel,5.7 l,345 cu.in.,383 hp,"39.9 ""","76.2 ""","79.4 """,,"41.0 ""","230.4 """,,"140.5 """,24,6,"5,940 lbs.","9,000 lbs.","11,890 lbs.",,,,,,,
RAM,2500,2017,,,68.7gal.,,,rear-wheel,v-8,6.7,"370hp @ 2,800rpm",6 speed manual,"660 lb.-ft. @ 1,500rpm",,,,,,,,,,,,,24,,,,,,,,,,,
RAM,2500,2016,,,68.7gal.,,,rear-wheel,i-6,6.7,"350hp @ 2,800rpm",6 speed manual,"660 lb.-ft. @ 1,500rpm",,,,,,,,,,,,,24,,,,,,,,,,,
RAM,2500,2015,,,28.0gal.,,,rear-wheel,i-6,6.7,"350hp @ 2,800rpm",6 speed manual,"660 lb.-ft. @ 1,500rpm",,,,,,,,,,,,,24,,,,,,,,,,,
RAM,2500,2014,,,28.0gal.,,,rear-wheel,i-6,6.7,"350hp @ 2,800rpm",6 speed manual,"660 lb.-ft. @ 1,500rpm",,,,,,,,,,,,,24,,,,,,,,,,,
RAM,2500,2013,,,28.0gal.,,,rear-wheel,i-6,6.7,"350hp @ 2,800rpm",6 speed manual,"660 lb.-ft. @ 1,500rpm",,,,,,,,,,,,,24,,,,,,,,,,,
RAM,2500,2012,,,35.0gal.,,,rear-wheel,i-6,5.7,"383hp @ 5,600rpm",6 speed manual,"400 lb.-ft. @ 4,000rpm",,,,,,,,,,,,,24,,,,,,,,,,,
