make,model,year,city,highway,fuel tank capacity,total seating capacity,max cargo capacity,drive type,cylinder configuration,engine liters,horsepower,transmission,torque,abs,size,displacement,horse power,front head room,overall height,overall width,rear leg room,front leg room,overall length,rear head room,wheelbase,number of valves,number of speeds,curb weight,gross vehicle weight,towing capacity,number of doors,speakers,approach angle,ground clearance (max),ramp breakover angle,departure angle,ground clearance
smart,fortwo,2017,,,9.2gal.,,,rear-wheel,i-3,1.0,"89hp @ 6,200rpm",5 speed manual,"100 lb.-ft. @ 2,500rpm",,,,,,,,,,,,,12,,,,,,,,,,,
smart,fortwo,2016,,,7.7gal.,,,rear-wheel,i-3,1.0,"89hp @ 6,200rpm",6 speed automatic with auto-shift,"100 lb.-ft. @ 2,500rpm",,,,,,,,,,,,,12,,,,,,,,,,,
smart,fortwo,2015,,,8.7gal.,,,rear-wheel,i-3,1.0,"70hp @ 5,800rpm",5 speed automatic with auto-shift,"68 lb.-ft. @ 4,500rpm",,,,,,,,,,,,,12,,,,,,,,,,,
smart,fortwo,2014,,,8.7gal.,,,rear-wheel,i-3,1.0,"70hp @ 5,800rpm",5 speed automatic with auto-shift,"68 lb.-ft. @ 4,500rpm",,,,,,,,,,,,,12,,,,,,,,,,,
smart,fortwo,2013,,,8.7gal.,,,rear-wheel,i-3,1.0,"70hp @ 5,800rpm",5 speed automatic with auto-shift,"68 lb.-ft. @ 4,500rpm",,,,,,,,,,,,,12,,,,,,,,,,,
smart,fortwo,2012,,,8.7gal.,,,rear-wheel,i-3,1.0,"70hp @ 5,800rpm",5 speed automatic with auto-shift,"68 lb.-ft. @ 4,500rpm",,,,,,,,,,,,,12,,,,,,,,,,,
smart,fortwo,2011,,,8.7gal.,,,rear-wheel,i-3,1.0,"70hp @ 5,800rpm",5 speed automatic with auto-shift,"68 lb.-ft. @ 4,500rpm",,,,,,,,,,,,,12,,,,,,,,,,,
smart,fortwo,2010,,,8.7gal.,,,rear-wheel,i-3,1.0,"70hp @ 5,800rpm",5 speed automatic with auto-shift,"68 lb.-ft. @ 4,500rpm",,,,,,,,,,,,,12,,,,,,,,,,,
smart,fortwo,2009,,,8.7gal.,,,rear-wheel,i-3,1.0,"70hp @ 5,800rpm",5 speed automatic with auto-shift,"68 lb.-ft. @ 4,500rpm",,,,,,,,,,,,,12,,,,,,,,,,,
smart,fortwo,2008,,,8.7gal.,,,rear-wheel,i-3,1.0,"70hp @ 5,800rpm",5 speed automatic with auto-shift,"68 lb.-ft. @ 4,500rpm",,,,,,,,,,,,,12,,,,,,,,,,,
smart,fortwo electric drive,2018,124 mpg,94 mpg,,2,,rear-wheel,,,80hp @ rpm,1 speed automatic,118 lb.-ft. @ rpm,4-wheel,,,80 hp,,"61.2 """,,,,"106.1 """,,"73.7 """,,1,"2,363 lbs.","2,998 lbs.",,,,,,,,
smart,fortwo electric drive,2017,,,,,,rear-wheel,,,80hp @ rpm,1 speed automatic,118 lb.-ft. @ rpm,,,,,,,,,,,,,,,,,,,,,,,,
smart,fortwo electric drive,2016,,,,,,rear-wheel,,,74hp @ rpm,1 speed automatic,96 lb.-ft. @ rpm,,,,,,,,,,,,,,,,,,,,,,,,
smart,fortwo electric drive,2015,,,,,,rear-wheel,,,74hp @ rpm,1 speed automatic,96 lb.-ft. @ rpm,,,,,,,,,,,,,,,,,,,,,,,,
smart,fortwo electric drive,2014,,,,,,rear-wheel,,,74hp @ rpm,1 speed automatic,96 lb.-ft. @ rpm,,,,,,,,,,,,,,,,,,,,,,,,
smart,fortwo electric drive,2013,,,,,,rear-wheel,,,74hp @ rpm,1 speed automatic,96 lb.-ft. @ rpm,,,,,,,,,,,,,,,,,,,,,,,,
smart,fortwo electric drive,2011,,,,,,rear-wheel,,,40hp @ rpm,1 speed automatic,89 lb.-ft. @ rpm,,,,,,,,,,,,,,,,,,,,,,,,
smart,fortwo,2017,,,9.2gal.,,,rear-wheel,i-3,1.0,"89hp @ 6,200rpm",5 speed manual,"100 lb.-ft. @ 2,500rpm",,,,,,,,,,,,,12,,,,,,,,,,,
smart,fortwo,2016,,,7.7gal.,,,rear-wheel,i-3,1.0,"89hp @ 6,200rpm",6 speed automatic with auto-shift,"100 lb.-ft. @ 2,500rpm",,,,,,,,,,,,,12,,,,,,,,,,,
smart,fortwo,2015,,,8.7gal.,,,rear-wheel,i-3,1.0,"70hp @ 5,800rpm",5 speed automatic with auto-shift,"68 lb.-ft. @ 4,500rpm",,,,,,,,,,,,,12,,,,,,,,,,,
smart,fortwo,2014,,,8.7gal.,,,rear-wheel,i-3,1.0,"70hp @ 5,800rpm",5 speed automatic with auto-shift,"68 lb.-ft. @ 4,500rpm",,,,,,,,,,,,,12,,,,,,,,,,,
smart,fortwo,2013,,,8.7gal.,,,rear-wheel,i-3,1.0,"70hp @ 5,800rpm",5 speed automatic with auto-shift,"68 lb.-ft. @ 4,500rpm",,,,,,,,,,,,,12,,,,,,,,,,,
smart,fortwo,2012,,,8.7gal.,,,rear-wheel,i-3,1.0,"70hp @ 5,800rpm",5 speed automatic with auto-shift,"68 lb.-ft. @ 4,500rpm",,,,,,,,,,,,,12,,,,,,,,,,,
smart,fortwo,2011,,,8.7gal.,,,rear-wheel,i-3,1.0,"70hp @ 5,800rpm",5 speed automatic with auto-shift,"68 lb.-ft. @ 4,500rpm",,,,,,,,,,,,,12,,,,,,,,,,,
smart,fortwo,2010,,,8.7gal.,,,rear-wheel,i-3,1.0,"70hp @ 5,800rpm",5 speed automatic with auto-shift,"68 lb.-ft. @ 4,500rpm",,,,,,,,,,,,,12,,,,,,,,,,,
smart,fortwo,2009,,,8.7gal.,,,rear-wheel,i-3,1.0,"70hp @ 5,800rpm",5 speed automatic with auto-shift,"68 lb.-ft. @ 4,500rpm",,,,,,,,,,,,,12,,,,,,,,,,,
smart,fortwo,2008,,,8.7gal.,,,rear-wheel,i-3,1.0,"70hp @ 5,800rpm",5 speed automatic with auto-shift,"68 lb.-ft. @ 4,500rpm",,,,,,,,,,,,,12,,,,,,,,,,,
smart,fortwo electric drive,2018,124 mpg,94 mpg,,2,,rear-wheel,,,80hp @ rpm,1 speed automatic,118 lb.-ft. @ rpm,4-wheel,,,80 hp,,"61.2 """,,,,"106.1 """,,"73.7 """,,1,"2,363 lbs.","2,998 lbs.",,,,,,,,
smart,fortwo electric drive,2017,,,,,,rear-wheel,,,80hp @ rpm,1 speed automatic,118 lb.-ft. @ rpm,,,,,,,,,,,,,,,,,,,,,,,,
smart,fortwo electric drive,2016,,,,,,rear-wheel,,,74hp @ rpm,1 speed automatic,96 lb.-ft. @ rpm,,,,,,,,,,,,,,,,,,,,,,,,
smart,fortwo electric drive,2015,,,,,,rear-wheel,,,74hp @ rpm,1 speed automatic,96 lb.-ft. @ rpm,,,,,,,,,,,,,,,,,,,,,,,,
smart,fortwo electric drive,2014,,,,,,rear-wheel,,,74hp @ rpm,1 speed automatic,96 lb.-ft. @ rpm,,,,,,,,,,,,,,,,,,,,,,,,
smart,fortwo electric drive,2013,,,,,,rear-wheel,,,74hp @ rpm,1 speed automatic,96 lb.-ft. @ rpm,,,,,,,,,,,,,,,,,,,,,,,,
smart,fortwo electric drive,2011,,,,,,rear-wheel,,,40hp @ rpm,1 speed automatic,89 lb.-ft. @ rpm,,,,,,,,,,,,,,,,,,,,,,,,
smart,fortwo electric drive,2018,124 mpg,94 mpg,,2,,rear-wheel,,,80hp @ rpm,1 speed automatic,118 lb.-ft. @ rpm,4-wheel,,,80 hp,,"61.2 """,,,,"106.1 """,,"73.7 """,,1,"2,363 lbs.","2,998 lbs.",,,,,,,,
smart,fortwo electric drive,2017,,,,,,rear-wheel,,,80hp @ rpm,1 speed automatic,118 lb.-ft. @ rpm,,,,,,,,,,,,,,,,,,,,,,,,
smart,fortwo electric drive,2016,,,,,,rear-wheel,,,74hp @ rpm,1 speed automatic,96 lb.-ft. @ rpm,,,,,,,,,,,,,,,,,,,,,,,,
smart,fortwo electric drive,2015,,,,,,rear-wheel,,,74hp @ rpm,1 speed automatic,96 lb.-ft. @ rpm,,,,,,,,,,,,,,,,,,,,,,,,
smart,fortwo electric drive,2014,,,,,,rear-wheel,,,74hp @ rpm,1 speed automatic,96 lb.-ft. @ rpm,,,,,,,,,,,,,,,,,,,,,,,,
smart,fortwo electric drive,2013,,,,,,rear-wheel,,,74hp @ rpm,1 speed automatic,96 lb.-ft. @ rpm,,,,,,,,,,,,,,,,,,,,,,,,
smart,fortwo electric drive,2011,,,,,,rear-wheel,,,40hp @ rpm,1 speed automatic,89 lb.-ft. @ rpm,,,,,,,,,,,,,,,,,,,,,,,,
