make,model,year,city,highway,fuel tank capacity,total seating capacity,max cargo capacity,drive type,cylinder configuration,engine liters,horsepower,transmission,torque,abs,size,displacement,horse power,front head room,overall height,overall width,rear leg room,front leg room,overall length,rear head room,wheelbase,number of valves,number of speeds,curb weight,gross vehicle weight,towing capacity,number of doors,speakers,approach angle,ground clearance (max),ramp breakover angle,departure angle,ground clearance
Tesla,Model 3,2018,136 mpg,123 mpg,,5,,rear-wheel,,,271hp @ rpm,1 speed automatic,307 lb.-ft. @ rpm,4-wheel,,,271 hp,"39.6 ""","56.8 ""","72.8 ""","35.2 ""","42.7 ""","184.8 ""","37.7 ""","113.2 """,,1,"3,838 lbs.","4,801 lbs.",,,,,,,,
Tesla,Model 3,2017,,,,5,,rear-wheel,,,258hp @ rpm,1 speed automatic,,4-wheel,,,258 hp,"39.6 ""","56.8 ""","72.8 ""","35.2 ""","42.7 ""","184.8 ""","37.7 ""","113.2 """,,1,"3,549 lbs.","4,801 lbs.",,,,,,,,
Tesla,Model S,2018,102 mpg,105 mpg,,5,63 cu.ft.,all-wheel drive,,,518hp @ rpm,1 speed automatic,387 lb.-ft. @ rpm,4-wheel,,,518 hp,"38.8 ""","56.5 ""","77.3 ""","35.4 ""","42.7 ""","196.0 ""","35.3 ""","116.5 """,,1,"4,647 lbs.","5,732 lbs.",,,,,,,,
Tesla,Model S,2017,98 mpg,101 mpg,,5,63 cu.ft.,rear-wheel,,,382hp @ rpm,1 speed automatic,317 lb.-ft. @ rpm,4-wheel,,,382 hp,"38.8 ""","56.5 ""","77.3 ""","35.4 ""","42.7 ""","196.0 ""","35.3 ""","116.5 """,,1,"4,469 lbs.","5,710 lbs.",,,,,,,,
Tesla,Model S,2016,88 mpg,90 mpg,,5,63 cu.ft.,rear-wheel,,,315hp @ rpm,1 speed automatic,325 lb.-ft. @ rpm,4-wheel,,,315 hp,"38.8 ""","56.5 ""","77.3 ""","35.4 ""","42.7 ""","196.0 ""","35.3 ""","116.5 """,,1,"4,469 lbs.","5,710 lbs.",,,,,,,,
Tesla,Model S,2015,,,,,,rear-wheel,,,380hp @ rpm,1 speed automatic,,,,,,,,,,,,,,,,,,,,,,,,,
Tesla,Model S,2014,,,,,,rear-wheel,,,"362hp @ 6,000rpm",1 speed automatic,325 lb.-ft. @ rpm,,,,,,,,,,,,,,,,,,,,,,,,
Tesla,Model S,2013,,,,,,rear-wheel,,,"362hp @ 6,000rpm",1 speed automatic,317 lb.-ft. @ rpm,,,,,,,,,,,,,,,,,,,,,,,,
Tesla,Model S,2012,,,,,,rear-wheel,,,"362hp @ 6,000rpm",1 speed automatic,325 lb.-ft. @ rpm,,,,,,,,,,,,,,,,,,,,,,,,
Tesla,Model 3,2018,136 mpg,123 mpg,,5,,rear-wheel,,,271hp @ rpm,1 speed automatic,307 lb.-ft. @ rpm,4-wheel,,,271 hp,"39.6 ""","56.8 ""","72.8 ""","35.2 ""","42.7 ""","184.8 ""","37.7 ""","113.2 """,,1,"3,838 lbs.","4,801 lbs.",,,,,,,,
Tesla,Model 3,2017,,,,5,,rear-wheel,,,258hp @ rpm,1 speed automatic,,4-wheel,,,258 hp,"39.6 ""","56.8 ""","72.8 ""","35.2 ""","42.7 ""","184.8 ""","37.7 ""","113.2 """,,1,"3,549 lbs.","4,801 lbs.",,,,,,,,
Tesla,Model S,2018,102 mpg,105 mpg,,5,63 cu.ft.,all-wheel drive,,,518hp @ rpm,1 speed automatic,387 lb.-ft. @ rpm,4-wheel,,,518 hp,"38.8 ""","56.5 ""","77.3 ""","35.4 ""","42.7 ""","196.0 ""","35.3 ""","116.5 """,,1,"4,647 lbs.","5,732 lbs.",,,,,,,,
Tesla,Model S,2017,98 mpg,101 mpg,,5,63 cu.ft.,rear-wheel,,,382hp @ rpm,1 speed automatic,317 lb.-ft. @ rpm,4-wheel,,,382 hp,"38.8 ""","56.5 ""","77.3 ""","35.4 ""","42.7 ""","196.0 ""","35.3 ""","116.5 """,,1,"4,469 lbs.","5,710 lbs.",,,,,,,,
Tesla,Model S,2016,88 mpg,90 mpg,,5,63 cu.ft.,rear-wheel,,,315hp @ rpm,1 speed automatic,325 lb.-ft. @ rpm,4-wheel,,,315 hp,"38.8 ""","56.5 ""","77.3 ""","35.4 ""","42.7 ""","196.0 ""","35.3 ""","116.5 """,,1,"4,469 lbs.","5,710 lbs.",,,,,,,,
Tesla,Model S,2015,,,,,,rear-wheel,,,380hp @ rpm,1 speed automatic,,,,,,,,,,,,,,,,,,,,,,,,,
Tesla,Model S,2014,,,,,,rear-wheel,,,"362hp @ 6,000rpm",1 speed automatic,325 lb.-ft. @ rpm,,,,,,,,,,,,,,,,,,,,,,,,
Tesla,Model S,2013,,,,,,rear-wheel,,,"362hp @ 6,000rpm",1 speed automatic,317 lb.-ft. @ rpm,,,,,,,,,,,,,,,,,,,,,,,,
Tesla,Model S,2012,,,,,,rear-wheel,,,"362hp @ 6,000rpm",1 speed automatic,325 lb.-ft. @ rpm,,,,,,,,,,,,,,,,,,,,,,,,
Tesla,Model X,2018,91 mpg,95 mpg,,5,,all-wheel drive,,,518hp @ rpm,1 speed automatic,387 lb.-ft. @ rpm,4-wheel,,,518 hp,"41.7 ""","66.0 ""","81.5 ""","38.4 ""","41.2 ""","198.3 ""","40.9 ""","116.7 """,,1,"5,185 lbs.","6,581 lbs.","4,980 lbs.",,,,,,,
Tesla,Model X,2017,91 mpg,95 mpg,,5,,all-wheel drive,,,518hp @ rpm,1 speed automatic,387 lb.-ft. @ rpm,4-wheel,,,518 hp,"41.7 ""","66.0 ""","81.5 ""","38.4 ""","41.2 ""","198.3 ""","40.9 ""","116.7 """,,1,"5,185 lbs.","6,581 lbs.","4,980 lbs.",,,,,,,
Tesla,Model X,2016,89 mpg,90 mpg,,5,,all-wheel drive,,,691hp @ rpm,1 speed automatic,713 lb.-ft. @ rpm,4-wheel,,,691 hp,"41.7 ""","66.0 ""","81.5 ""","38.4 ""","41.2 ""","198.3 ""","40.9 ""","116.7 """,,1,"5,381 lbs.","6,768 lbs.","5,000 lbs.",,,,,,,
