make,model,year,city,highway,fuel tank capacity,total seating capacity,max cargo capacity,drive type,cylinder configuration,engine liters,horsepower,transmission,torque,abs,size,displacement,horse power,front head room,overall height,overall width,rear leg room,front leg room,overall length,rear head room,wheelbase,number of valves,number of speeds,curb weight,gross vehicle weight,towing capacity,number of doors,speakers,approach angle,ground clearance (max),ramp breakover angle,departure angle,ground clearance
Toyota,Corolla,2019,28 mpg,36 mpg,13.2gal.,5,13 cu.ft.,front-wheel,i-4,1.8,"132hp @ 6,000rpm",continuously variable automatic,"128 lb.-ft. @ 4,400rpm",4-wheel,1.8 l,110 cu.in.,132 hp,"38.3 ""","57.3 ""","69.9 ""","41.4 ""","42.3 ""","183.1 ""","37.1 ""","106.3 """,16,continuously variable,"2,840 lbs.","3,820 lbs.",,,,,,,,
Toyota,Corolla,2018,28 mpg,36 mpg,13.2gal.,5,13 cu.ft.,front-wheel,i-4,1.8,"132hp @ 6,000rpm",continuously variable automatic,"128 lb.-ft. @ 4,400rpm",4-wheel,1.8 l,110 cu.in.,132 hp,"38.3 ""","57.3 ""","69.9 ""","41.4 ""","42.3 ""","183.1 ""","37.1 ""","106.3 """,16,continuously variable,"2,840 lbs.","3,820 lbs.",,,,,,,,
Toyota,Corolla,2017,27 mpg,35 mpg,13.2gal.,5,13 cu.ft.,front-wheel,i-4,1.8,"132hp @ 6,000rpm",6 speed manual,"128 lb.-ft. @ 4,400rpm",4-wheel,1.8 l,110 cu.in.,132 hp,"38.0 ""","57.3 ""","69.9 ""","41.4 ""","42.3 ""","183.1 ""","37.1 ""","106.3 """,16,6,"2,860 lbs.","3,820 lbs.",,,,,,,,
Toyota,Corolla,2016,28 mpg,37 mpg,13.2gal.,5,13 cu.ft.,front-wheel,i-4,1.8,"132hp @ 6,000rpm",6 speed manual,"128 lb.-ft. @ 4,400rpm",4-wheel,1.8 l,110 cu.in.,132 hp,"38.3 ""","57.3 ""","69.9 ""","41.4 ""","42.3 ""","182.6 ""","37.1 ""","106.3 """,16,6,"2,800 lbs.","3,820 lbs.",,,,,,,,
Toyota,Corolla,2015,,,13.2gal.,,,front-wheel,i-4,1.8,"132hp @ 6,000rpm",6 speed manual,"128 lb.-ft. @ 4,400rpm",,,,,,,,,,,,,16,,,,,,,,,,,
Toyota,Corolla,2014,,,13.2gal.,,,front-wheel,i-4,1.8,"132hp @ 6,000rpm",6 speed manual,"128 lb.-ft. @ 4,400rpm",,,,,,,,,,,,,16,,,,,,,,,,,
Toyota,Corolla,2013,,,13.2gal.,,,front-wheel,i-4,1.8,"132hp @ 6,000rpm",5 speed manual,"128 lb.-ft. @ 4,400rpm",,,,,,,,,,,,,16,,,,,,,,,,,
Toyota,Corolla,2012,,,13.2gal.,,,front-wheel,i-4,1.8,"132hp @ 6,000rpm",5 speed manual,"128 lb.-ft. @ 4,400rpm",,,,,,,,,,,,,16,,,,,,,,,,,
Toyota,Corolla,2011,,,13.2gal.,,,front-wheel,i-4,1.8,"132hp @ 6,000rpm",5 speed manual,"128 lb.-ft. @ 4,400rpm",,,,,,,,,,,,,16,,,,,,,,,,,
Toyota,Corolla,2010,,,13.2gal.,,,front-wheel,i-4,1.8,"132hp @ 6,000rpm",4 speed automatic,"128 lb.-ft. @ 4,400rpm",,,,,,,,,,,,,16,,,,,,,,,,,
Toyota,Corolla,2009,,,13.2gal.,,,front-wheel,i-4,1.8,"132hp @ 6,000rpm",5 speed manual,"128 lb.-ft. @ 4,400rpm",,,,,,,,,,,,,16,,,,,,,,,,,
Toyota,Corolla,2008,,,13.2gal.,,,front-wheel,i-4,1.8,"126hp @ 6,000rpm",5 speed manual,"122 lb.-ft. @ 4,200rpm",,,,,,,,,,,,,16,,,,,,,,,,,
Toyota,Corolla,2007,,,13.2gal.,,,front-wheel,i-4,1.8,"126hp @ 6,000rpm",5 speed manual,"122 lb.-ft. @ 4,200rpm",,,,,,,,,,,,,16,,,,,,,,,,,
Toyota,Corolla,2006,,,13.2gal.,,,front-wheel,i-4,1.8,"126hp @ 6,000rpm",5 speed manual,"122 lb.-ft. @ 4,200rpm",,,,,,,,,,,,,16,,,,,,,,,,,
Toyota,Corolla,2005,,,13.2gal.,,,front-wheel,i-4,1.8,"130hp @ 6,000rpm",5 speed manual,"125 lb.-ft. @ 4,200rpm",,,,,,,,,,,,,16,,,,,,,,,,,
Toyota,Corolla,2004,,,13.2gal.,,,front-wheel,i-4,1.8,"130hp @ 6,000rpm",5 speed manual,"125 lb.-ft. @ 4,200rpm",,,,,,,,,,,,,16,,,,,,,,,,,
Toyota,Corolla,2003,,,13.2gal.,,,front-wheel,i-4,1.8,"130hp @ 6,000rpm",5 speed manual,"125 lb.-ft. @ 4,200rpm",,,,,,,,,,,,,16,,,,,,,,,,,
Toyota,Corolla,2002,,,13.2gal.,,,front-wheel,i-4,1.8,"125hp @ 5,800rpm",5 speed manual,"125 lb.-ft. @ 4,000rpm",,,,,,,,,,,,,16,,,,,,,,,,,
Toyota,Corolla,2001,,,13.2gal.,,,front-wheel,i-4,1.8,"125hp @ 5,800rpm",5 speed manual,"125 lb.-ft. @ 4,000rpm",,,,,,,,,,,,,16,,,,,,,,,,,
Toyota,Corolla,2000,,,13.2gal.,,,front-wheel,i-4,1.8,"125hp @ 5,800rpm",5 speed manual,"125 lb.-ft. @ 4,000rpm",,,,,,,,,,,,,16,,,,,,,,,,,
Toyota,Corolla,1999,,,13.2gal.,,,front-wheel,i-4,1.8,"120hp @ 5,600rpm",5 speed manual,"122 lb.-ft. @ 4,400rpm",,,,,,,,,,,,,16,,,,,,,,,,,
Toyota,Corolla Hatchback,2019,,,13.2gal.,5,,front-wheel,i-4,2.0,"168hp @ 6,600rpm",6 speed manual,"151 lb.-ft. @ 4,800rpm",4-wheel,2.0 l,121 cu.in.,168 hp,"42.0 ""","57.1 ""","69.9 """,,,"169.9 ""","38.0 ""","103.9 """,16,6,"3,060 lbs.",,,,,,,,,
Toyota,Corolla iM,2018,27 mpg,35 mpg,14.0gal.,5,,front-wheel,i-4,1.8,"137hp @ 6,100rpm",6 speed manual,"126 lb.-ft. @ 4,000rpm",4-wheel,1.8 l,110 cu.in.,137 hp,"39.7 ""","55.3 ""","69.3 ""","32.7 ""","41.6 ""","170.5 ""","37.5 ""","102.4 """,16,6,"2,943 lbs.",,,,,,,,,
Toyota,Corolla iM,2017,,,14.0gal.,,,front-wheel,i-4,1.8,"137hp @ 6,100rpm",continuously variable automatic,"126 lb.-ft. @ 4,000rpm",,,,,,,,,,,,,16,,,,,,,,,,,
Toyota,ECHO,2005,,,11.9gal.,,,front-wheel,i-4,1.5,"108hp @ 6,000rpm",5 speed manual,"105 lb.-ft. @ 4,200rpm",,,,,,,,,,,,,16,,,,,,,,,,,
Toyota,ECHO,2004,,,11.9gal.,,,front-wheel,i-4,1.5,"108hp @ 6,000rpm",5 speed manual,"105 lb.-ft. @ 4,200rpm",,,,,,,,,,,,,16,,,,,,,,,,,
Toyota,ECHO,2003,,,11.9gal.,,,front-wheel,i-4,1.5,"108hp @ 6,000rpm",5 speed manual,"105 lb.-ft. @ 4,200rpm",,,,,,,,,,,,,16,,,,,,,,,,,
Toyota,ECHO,2002,,,11.9gal.,,,front-wheel,i-4,1.5,"108hp @ 6,000rpm",5 speed manual,"105 lb.-ft. @ 4,200rpm",,,,,,,,,,,,,16,,,,,,,,,,,
Toyota,ECHO,2001,,,11.9gal.,,,front-wheel,i-4,1.5,"108hp @ 6,000rpm",5 speed manual,"105 lb.-ft. @ 4,000rpm",,,,,,,,,,,,,16,,,,,,,,,,,
Toyota,ECHO,2000,,,11.9gal.,,,front-wheel,i-4,1.5,"108hp @ 6,000rpm",5 speed manual,"105 lb.-ft. @ 4,000rpm",,,,,,,,,,,,,16,,,,,,,,,,,
Toyota,Matrix,2013,,,13.2gal.,,,front-wheel,i-4,1.8,"132hp @ 6,000rpm",5 speed manual,"128 lb.-ft. @ 4,400rpm",,,,,,,,,,,,,16,,,,,,,,,,,
Toyota,Matrix,2012,,,13.2gal.,,,front-wheel,i-4,1.8,"132hp @ 6,000rpm",5 speed manual,"128 lb.-ft. @ 4,400rpm",,,,,,,,,,,,,16,,,,,,,,,,,
Toyota,Matrix,2011,,,13.2gal.,,,front-wheel,i-4,1.8,"132hp @ 6,000rpm",5 speed manual,"128 lb.-ft. @ 4,400rpm",,,,,,,,,,,,,16,,,,,,,,,,,
Toyota,Matrix,2010,,,13.2gal.,,,front-wheel,i-4,1.8,"132hp @ 6,000rpm",4 speed automatic,"128 lb.-ft. @ 4,400rpm",,,,,,,,,,,,,16,,,,,,,,,,,
Toyota,Matrix,2009,,,13.2gal.,,,front-wheel,i-4,1.8,"132hp @ 6,000rpm",5 speed manual,"128 lb.-ft. @ 4,400rpm",,,,,,,,,,,,,16,,,,,,,,,,,
Toyota,Matrix,2008,,,13.2gal.,,,front-wheel,i-4,1.8,"126hp @ 6,000rpm",5 speed manual,"122 lb.-ft. @ 4,200rpm",,,,,,,,,,,,,16,,,,,,,,,,,
Toyota,Matrix,2007,,,13.2gal.,,,front-wheel,i-4,1.8,"126hp @ 6,000rpm",5 speed manual,"122 lb.-ft. @ 4,200rpm",,,,,,,,,,,,,16,,,,,,,,,,,
Toyota,Matrix,2006,,,13.2gal.,,,front-wheel,i-4,1.8,"126hp @ 6,000rpm",5 speed manual,"122 lb.-ft. @ 4,200rpm",,,,,,,,,,,,,16,,,,,,,,,,,
Toyota,Matrix,2005,,,13.2gal.,,,front-wheel,i-4,1.8,"130hp @ 6,000rpm",5 speed manual,"125 lb.-ft. @ 4,200rpm",,,,,,,,,,,,,16,,,,,,,,,,,
Toyota,Matrix,2004,,,13.2gal.,,,front-wheel,i-4,1.8,"130hp @ 6,000rpm",5 speed manual,"125 lb.-ft. @ 4,200rpm",,,,,,,,,,,,,16,,,,,,,,,,,
Toyota,Matrix,2003,,,13.2gal.,,,front-wheel,i-4,1.8,"130hp @ 6,000rpm",5 speed manual,"125 lb.-ft. @ 4,200rpm",,,,,,,,,,,,,16,,,,,,,,,,,
Toyota,86,2019,21 mpg,28 mpg,13.2gal.,4,7 cu.ft.,rear-wheel,h-4,2.0,"205hp @ 7,000rpm",6 speed manual,"156 lb.-ft. @ 6,400rpm",4-wheel,2.0 l,122 cu.in.,205 hp,"37.1 ""","50.6 ""","69.9 ""","29.9 ""","41.9 ""","166.7 ""","35.0 ""","101.2 """,16,6,"2,776 lbs.","3,682 lbs.",,,,,,,,
Toyota,86,2018,21 mpg,28 mpg,13.2gal.,4,7 cu.ft.,rear-wheel,h-4,2.0,"205hp @ 7,000rpm",6 speed manual,"156 lb.-ft. @ 6,400rpm",4-wheel,2.0 l,122 cu.in.,205 hp,"37.1 ""","50.6 ""","69.9 ""","29.9 ""","41.9 ""","166.7 ""","35.0 ""","101.2 """,16,6,"2,774 lbs.",,,,,,,,,
Toyota,86,2017,,,13.2gal.,,,rear-wheel,h-4,2.0,"200hp @ 7,000rpm",6 speed automatic,"151 lb.-ft. @ 6,400rpm",,,,,,,,,,,,,16,,,,,,,,,,,
Toyota,Celica,2005,,,14.5gal.,,,front-wheel,i-4,1.8,"140hp @ 6,400rpm",5 speed manual,"125 lb.-ft. @ 4,200rpm",,,,,,,,,,,,,16,,,,,,,,,,,
Toyota,Celica,2004,,,14.5gal.,,,front-wheel,i-4,1.8,"140hp @ 6,400rpm",5 speed manual,"125 lb.-ft. @ 4,200rpm",,,,,,,,,,,,,16,,,,,,,,,,,
Toyota,Celica,2003,,,14.5gal.,,,front-wheel,i-4,1.8,"140hp @ 6,400rpm",5 speed manual,"125 lb.-ft. @ 4,200rpm",,,,,,,,,,,,,16,,,,,,,,,,,
Toyota,Celica,2002,,,14.5gal.,,,front-wheel,i-4,1.8,"140hp @ 6,400rpm",5 speed manual,"125 lb.-ft. @ 4,200rpm",,,,,,,,,,,,,16,,,,,,,,,,,
Toyota,Celica,2001,,,14.5gal.,,,front-wheel,i-4,1.8,"140hp @ 6,400rpm",5 speed manual,"125 lb.-ft. @ 4,200rpm",,,,,,,,,,,,,16,,,,,,,,,,,
Toyota,Celica,2000,,,14.5gal.,,,front-wheel,i-4,1.8,"140hp @ 6,400rpm",5 speed manual,"125 lb.-ft. @ 4,200rpm",,,,,,,,,,,,,16,,,,,,,,,,,
Toyota,Celica,1999,,,15.9gal.,,,front-wheel,i-4,2.2,"130hp @ 5,400rpm",5 speed manual,"145 lb.-ft. @ 4,400rpm",,,,,,,,,,,,,16,,,,,,,,,,,
Toyota,Avalon Hybrid,2019,43 mpg,44 mpg,13.2gal.,5,16 cu.ft.,front-wheel,i-4,2.5,"176hp @ 5,700rpm",continuously variable automatic,"163 lb.-ft. @ 3,600rpm",4-wheel,2.5 l,152 cu.in.,176 hp,"38.5 ""","56.5 ""","72.8 ""","40.4 ""","42.1 ""","195.9 ""","37.9 ""","113.0 """,16,continuously variable,"3,638 lbs.",,,,,,,,,
Toyota,Avalon Hybrid,2018,40 mpg,39 mpg,17.0gal.,5,14 cu.ft.,front-wheel,i-4,2.5,"156hp @ 5,700rpm",continuously variable automatic,"156 lb.-ft. @ 4,500rpm",4-wheel,2.5 l,152 cu.in.,156 hp,"37.6 ""","57.5 ""","72.2 ""","39.2 ""","42.1 ""","195.3 ""","37.9 ""","111.0 """,16,continuously variable,"3,638 lbs.","4,700 lbs.","1,000 lbs.",,,,,,,
Toyota,Avalon Hybrid,2017,40 mpg,39 mpg,17.0gal.,5,14 cu.ft.,front-wheel,i-4,2.5,"156hp @ 5,700rpm",continuously variable automatic,"156 lb.-ft. @ 4,500rpm",4-wheel,2.5 l,152 cu.in.,156 hp,"37.6 ""","57.5 ""","72.2 ""","39.2 ""","42.1 ""","195.3 ""","37.9 ""","111.0 """,16,continuously variable,"3,682 lbs.","4,700 lbs.","1,000 lbs.",,,,,,,
Toyota,Avalon Hybrid,2016,40 mpg,39 mpg,17.0gal.,5,14 cu.ft.,front-wheel,i-4,2.5,"156hp @ 5,700rpm",continuously variable automatic,"156 lb.-ft. @ 4,500rpm",4-wheel,2.5 l,152 cu.in.,156 hp,"37.6 ""","57.5 ""","72.2 ""","39.2 ""","42.1 ""","195.3 ""","37.9 ""","111.0 """,16,continuously variable,"3,638 lbs.","4,700 lbs.","1,000 lbs.",,,,,,,
Toyota,Avalon Hybrid,2015,40 mpg,39 mpg,17.0gal.,5,14 cu.ft.,front-wheel,i-4,2.5,"156hp @ 5,700rpm",continuously variable automatic,"156 lb.-ft. @ 4,500rpm",4-wheel,2.5 l,152 cu.in.,156 hp,"37.6 ""","57.5 ""","72.2 ""","39.2 ""","42.1 ""","195.3 ""","37.0 ""","111.0 """,16,continuously variable,"3,638 lbs.","4,700 lbs.","1,000 lbs.",,,,,,,
Toyota,Avalon Hybrid,2014,40 mpg,39 mpg,17.0gal.,5,14 cu.ft.,front-wheel,i-4,2.5,"156hp @ 5,700rpm",continuously variable automatic,"156 lb.-ft. @ 4,500rpm",4-wheel,2.5 l,152 cu.in.,156 hp,"37.6 ""","57.5 ""","72.2 ""","39.2 ""","42.1 ""","195.2 ""","37.9 ""","111.0 """,16,continuously variable,"3,594 lbs.","4,700 lbs.","1,000 lbs.",,,,,,,
Toyota,Avalon Hybrid,2013,40 mpg,39 mpg,17.0gal.,5,14 cu.ft.,front-wheel,i-4,2.5,"156hp @ 5,700rpm",continuously variable automatic,"156 lb.-ft. @ 4,500rpm",4-wheel,2.5 l,152 cu.in.,156 hp,"37.6 ""","57.5 ""","72.2 ""","39.2 ""","42.1 ""","195.2 ""","37.9 ""","111.0 """,16,continuously variable,"3,585 lbs.",,"1,000 lbs.",,,,,,,
Toyota,Camry Hybrid,2018,51 mpg,53 mpg,13.0gal.,5,15 cu.ft.,front-wheel,i-4,2.5,"176hp @ 5,700rpm",continuously variable automatic,"163 lb.-ft. @ 3,600rpm",4-wheel,2.5 l,152 cu.in.,176 hp,"38.3 ""","56.9 ""","72.4 ""","38.0 ""","42.1 ""","192.1 ""","37.6 ""","111.2 """,16,continuously variable,"3,472 lbs.",,,,,,,,,
Toyota,Camry Hybrid,2017,42 mpg,38 mpg,17.0gal.,5,13 cu.ft.,front-wheel,i-4,2.5,"156hp @ 5,700rpm",continuously variable automatic,"156 lb.-ft. @ 4,500rpm",4-wheel,2.5 l,152 cu.in.,156 hp,"38.8 ""","57.9 ""","71.7 ""","38.9 ""","41.6 ""","190.9 ""","38.1 ""","109.3 """,16,continuously variable,"3,485 lbs.",,,,,,,,,
Toyota,Camry Hybrid,2016,43 mpg,39 mpg,17.0gal.,5,13 cu.ft.,front-wheel,i-4,2.5,"156hp @ 5,700rpm",continuously variable automatic,"156 lb.-ft. @ 4,500rpm",4-wheel,2.5 l,152 cu.in.,156 hp,"38.8 ""","57.9 ""","71.7 ""","38.9 ""","41.6 ""","190.9 ""","38.1 ""","109.3 """,16,continuously variable,"3,485 lbs.",,,,,,,,,
Toyota,Camry Hybrid,2015,43 mpg,39 mpg,17.0gal.,5,13 cu.ft.,front-wheel,i-4,2.5,"156hp @ 5,700rpm",continuously variable automatic,"156 lb.-ft. @ 4,500rpm",4-wheel,2.5 l,152 cu.in.,156 hp,"38.8 ""","57.9 ""","71.7 ""","38.9 ""","41.6 ""","190.9 ""","38.1 ""","109.3 """,16,continuously variable,"3,485 lbs.",,,,,,,,,
Toyota,Camry Hybrid,2014,43 mpg,39 mpg,17.0gal.,5,13 cu.ft.,front-wheel,i-4,2.5,"156hp @ 5,700rpm",continuously variable automatic,"156 lb.-ft. @ 4,500rpm",4-wheel,2.5 l,152 cu.in.,156 hp,"38.8 ""","57.9 ""","71.7 ""","38.9 ""","41.6 ""","189.2 ""","38.1 ""","109.3 """,16,continuously variable,"3,420 lbs.","4,630 lbs.",,,,,,,,
Toyota,Camry Hybrid,2013,43 mpg,39 mpg,17.0gal.,5,13 cu.ft.,front-wheel,i-4,2.5,"156hp @ 5,700rpm",continuously variable automatic,"156 lb.-ft. @ 4,500rpm",4-wheel,2.5 l,152 cu.in.,156 hp,"38.8 ""","57.9 ""","71.7 ""","38.9 ""","41.6 ""","189.2 ""","38.1 ""","109.3 """,16,continuously variable,"3,435 lbs.",,,,,,,,,
Toyota,Camry Hybrid,2012,43 mpg,39 mpg,17.0gal.,5,13 cu.ft.,front-wheel,i-4,2.5,"156hp @ 5,700rpm",continuously variable automatic,"156 lb.-ft. @ 4,500rpm",4-wheel,2.5 l,152 cu.in.,156 hp,"38.8 ""","57.9 ""","71.7 ""","38.9 ""","41.6 ""","189.2 ""","38.1 ""","109.3 """,16,continuously variable,"3,435 lbs.",,,,,,,,,
Toyota,Camry Hybrid,2011,31 mpg,35 mpg,17.2gal.,5,11 cu.ft.,front-wheel,i-4,2.4,"147hp @ 6,000rpm",continuously variable automatic,"138 lb.-ft. @ 4,400rpm",4-wheel,2.4 l,144 cu.in.,147 hp,"38.8 ""","57.5 ""","71.7 ""","38.3 ""","41.6 ""","189.2 ""","37.8 ""","109.3 """,16,continuously variable,"3,680 lbs.",,,,,,,,,
Toyota,Camry Hybrid,2010,33 mpg,34 mpg,17.2gal.,5,11 cu.ft.,front-wheel,i-4,2.4,"147hp @ 6,000rpm",continuously variable automatic,"138 lb.-ft. @ 4,400rpm",4-wheel,2.4 l,144 cu.in.,147 hp,"38.8 ""","57.5 ""","71.7 ""","38.3 ""","41.6 ""","189.2 ""","37.8 ""","109.3 """,16,continuously variable,"3,680 lbs.",,,,,,,,,
Toyota,Camry Hybrid,2009,,,17.2gal.,,,front-wheel,i-4,2.4,"147hp @ 6,000rpm",continuously variable automatic,"138 lb.-ft. @ 4,400rpm",,,,,,,,,,,,,16,,,,,,,,,,,
Toyota,Camry Hybrid,2008,33 mpg,34 mpg,17.2gal.,5,11 cu.ft.,front-wheel,i-4,2.4,"147hp @ 6,000rpm",continuously variable automatic,"138 lb.-ft. @ 4,400rpm",4-wheel,2.4 l,144 cu.in.,147 hp,"38.8 ""","57.5 ""","71.7 ""","38.3 ""","41.6 ""","189.2 ""","37.8 ""","109.3 """,16,continuously variable,"3,680 lbs.",,,,,,,,,
Toyota,Camry Hybrid,2007,40 mpg,38 mpg,17.1gal.,5,11 cu.ft.,front-wheel,i-4,2.4,"147hp @ 6,000rpm",continuously variable automatic,"138 lb.-ft. @ 4,400rpm",4-wheel,2.4 l,144 cu.in.,147 hp,"38.8 ""","57.5 ""","71.7 ""","38.3 ""","41.6 ""","189.2 ""","37.8 ""","109.3 """,16,continuously variable,"3,680 lbs.",,,,,,,,,
Toyota,Highlander Hybrid,2018,30 mpg,28 mpg,17.2gal.,8,84 cu.ft.,all-wheel drive,v-6,3.5,"231hp @ 5,800rpm",continuously variable automatic,"215 lb.-ft. @ 4,800rpm",4-wheel,3.5 l,211 cu.in.,231 hp,"40.7 ""","68.1 ""","75.8 ""","38.4 ""","44.2 ""","192.5 ""","39.9 ""","109.8 """,24,continuously variable,"4,398 lbs.","6,000 lbs.","3,500 lbs.",,,,,,,
Toyota,Highlander Hybrid,2017,30 mpg,28 mpg,17.2gal.,8,84 cu.ft.,all-wheel drive,v-6,3.5,"231hp @ 5,800rpm",continuously variable automatic,"215 lb.-ft. @ 4,800rpm",4-wheel,3.5 l,211 cu.in.,231 hp,"40.7 ""","68.1 ""","75.8 ""","38.4 ""","44.2 ""","192.5 ""","39.9 ""","109.8 """,24,continuously variable,"4,825 lbs.","6,260 lbs.","3,500 lbs.",,,,,,,
Toyota,Highlander Hybrid,2016,,,17.2gal.,,,all-wheel drive,v-6,3.5,"231hp @ 5,800rpm",continuously variable automatic,"215 lb.-ft. @ 4,800rpm",,,,,,,,,,,,,24,,,,,,,,,,,
Toyota,Highlander Hybrid,2015,,,17.2gal.,,,all-wheel drive,v-6,3.5,"231hp @ 5,800rpm",continuously variable automatic,"215 lb.-ft. @ 4,800rpm",,,,,,,,,,,,,24,,,,,,,,,,,
Toyota,Highlander Hybrid,2014,,,17.2gal.,,,all-wheel drive,v-6,3.5,"231hp @ 5,800rpm",continuously variable automatic,"215 lb.-ft. @ 4,800rpm",,,,,,,,,,,,,24,,,,,,,,,,,
Toyota,Highlander Hybrid,2013,,,17.2gal.,,,all-wheel drive,v-6,3.5,"231hp @ 5,800rpm",continuously variable automatic,"215 lb.-ft. @ 4,800rpm",,,,,,,,,,,,,24,,,,,,,,,,,
Toyota,Highlander Hybrid,2012,,,17.2gal.,,,all-wheel drive,v-6,3.5,"231hp @ 5,800rpm",continuously variable automatic,"215 lb.-ft. @ 4,800rpm",,,,,,,,,,,,,24,,,,,,,,,,,
Toyota,Highlander Hybrid,2011,,,17.2gal.,,,all-wheel drive,v-6,3.5,"231hp @ 5,800rpm",continuously variable automatic,"215 lb.-ft. @ 4,800rpm",,,,,,,,,,,,,24,,,,,,,,,,,
Toyota,Highlander Hybrid,2010,,,17.2gal.,,,all-wheel drive,v-6,3.3,"209hp @ 5,600rpm",continuously variable automatic,"212 lb.-ft. @ 3,600rpm",,,,,,,,,,,,,24,,,,,,,,,,,
Toyota,Highlander Hybrid,2009,,,17.2gal.,,,all-wheel drive,v-6,3.3,"209hp @ 5,600rpm",continuously variable automatic,"212 lb.-ft. @ 3,600rpm",,,,,,,,,,,,,24,,,,,,,,,,,
Toyota,Highlander Hybrid,2008,,,17.2gal.,,,all-wheel drive,v-6,3.3,"209hp @ 5,600rpm",continuously variable automatic,"212 lb.-ft. @ 3,600rpm",,,,,,,,,,,,,24,,,,,,,,,,,
Toyota,Highlander Hybrid,2007,,,17.2gal.,,,front-wheel,v-6,3.3,"208hp @ 5,600rpm",continuously variable automatic,"212 lb.-ft. @ 4,400rpm",,,,,,,,,,,,,24,,,,,,,,,,,
Toyota,Highlander Hybrid,2006,,,17.2gal.,,,front-wheel,v-6,3.3,"208hp @ 5,600rpm",continuously variable automatic,"212 lb.-ft. @ 4,400rpm",,,,,,,,,,,,,24,,,,,,,,,,,
Toyota,Mirai,2018,66 mpg,66 mpg,32.3gal.,4,13 cu.ft.,front-wheel,,,151hp @ rpm,1 speed automatic,247 lb.-ft. @ rpm,4-wheel,,,151 hp,"38.5 ""","60.5 ""","71.5 ""","30.1 ""","42.5 ""","192.5 ""","36.8 ""","109.4 """,,1,"4,075 lbs.",,,,,,,,,
Toyota,Mirai,2017,,,32.3gal.,,,front-wheel,,,151hp @ rpm,1 speed automatic,247 lb.-ft. @ rpm,,,,,,,,,,,,,,,,,,,,,,,,
Toyota,Mirai,2016,,,32.3gal.,,,front-wheel,,,151hp @ rpm,1 speed automatic,247 lb.-ft. @ rpm,,,,,,,,,,,,,,,,,,,,,,,,
Toyota,Prius,2018,54 mpg,50 mpg,11.3gal.,5,25 cu.ft.,front-wheel,i-4,1.8,"95hp @ 5,200rpm",continuously variable automatic,"105 lb.-ft. @ 3,600rpm",4-wheel,1.8 l,110 cu.in.,95 hp,"39.4 ""","58.1 ""","69.3 ""","33.4 ""","43.2 ""","178.7 ""","37.4 ""","106.3 """,16,continuously variable,"3,075 lbs.","3,915 lbs.",,,,,,,,
Toyota,Prius,2017,54 mpg,50 mpg,11.3gal.,5,25 cu.ft.,front-wheel,i-4,1.8,"95hp @ 5,200rpm",continuously variable automatic,"105 lb.-ft. @ 3,600rpm",4-wheel,1.8 l,110 cu.in.,95 hp,"39.4 ""","58.1 ""","69.3 ""","33.4 ""","43.2 ""","178.7 ""","37.4 ""","106.3 """,16,continuously variable,"3,075 lbs.","3,915 lbs.",,,,,,,,
Toyota,Prius,2016,,,11.3gal.,,,front-wheel,i-4,1.8,"95hp @ 5,200rpm",continuously variable automatic,"105 lb.-ft. @ 3,600rpm",,,,,,,,,,,,,16,,,,,,,,,,,
Toyota,Prius,2015,,,11.9gal.,,,front-wheel,i-4,1.8,"98hp @ 5,200rpm",continuously variable automatic,"105 lb.-ft. @ 4,000rpm",,,,,,,,,,,,,16,,,,,,,,,,,
Toyota,Prius,2014,,,11.9gal.,,,front-wheel,i-4,1.8,"98hp @ 5,200rpm",continuously variable automatic,"105 lb.-ft. @ 4,000rpm",,,,,,,,,,,,,16,,,,,,,,,,,
Toyota,Prius,2013,,,11.9gal.,,,front-wheel,i-4,1.8,"98hp @ 5,200rpm",continuously variable automatic,"105 lb.-ft. @ 4,000rpm",,,,,,,,,,,,,16,,,,,,,,,,,
Toyota,Prius,2012,,,11.9gal.,,,front-wheel,i-4,1.8,"98hp @ 5,200rpm",continuously variable automatic,"105 lb.-ft. @ 4,000rpm",,,,,,,,,,,,,16,,,,,,,,,,,
Toyota,Prius,2011,,,11.9gal.,,,front-wheel,i-4,1.8,"98hp @ 5,200rpm",continuously variable automatic,"105 lb.-ft. @ 4,000rpm",,,,,,,,,,,,,16,,,,,,,,,,,
Toyota,Prius,2010,,,11.9gal.,,,front-wheel,i-4,1.8,"98hp @ 5,200rpm",continuously variable automatic,"105 lb.-ft. @ 4,000rpm",,,,,,,,,,,,,16,,,,,,,,,,,
Toyota,Prius,2009,,,11.9gal.,,,front-wheel,i-4,1.5,"76hp @ 5,000rpm",continuously variable automatic,"82 lb.-ft. @ 4,200rpm",,,,,,,,,,,,,16,,,,,,,,,,,
Toyota,Prius,2008,,,11.9gal.,,,front-wheel,i-4,1.5,"76hp @ 5,000rpm",continuously variable automatic,"82 lb.-ft. @ 4,200rpm",,,,,,,,,,,,,16,,,,,,,,,,,
Toyota,Prius,2007,,,11.9gal.,,,front-wheel,i-4,1.5,"76hp @ 5,000rpm",continuously variable automatic,"82 lb.-ft. @ 4,200rpm",,,,,,,,,,,,,16,,,,,,,,,,,
Toyota,Prius,2006,,,11.9gal.,,,front-wheel,i-4,1.5,"76hp @ 5,000rpm",continuously variable automatic,"82 lb.-ft. @ 4,200rpm",,,,,,,,,,,,,16,,,,,,,,,,,
Toyota,Prius,2005,,,11.9gal.,,,front-wheel,i-4,1.5,"76hp @ 5,000rpm",continuously variable automatic,"82 lb.-ft. @ 4,200rpm",,,,,,,,,,,,,16,,,,,,,,,,,
Toyota,Prius,2004,,,11.9gal.,,,front-wheel,i-4,1.5,"76hp @ 5,000rpm",continuously variable automatic,"82 lb.-ft. @ 4,200rpm",,,,,,,,,,,,,16,,,,,,,,,,,
Toyota,Prius,2003,,,11.9gal.,,,front-wheel,i-4,1.5,"70hp @ 4,500rpm",continuously variable automatic,"82 lb.-ft. @ 4,200rpm",,,,,,,,,,,,,16,,,,,,,,,,,
Toyota,Prius,2002,,,11.9gal.,,,front-wheel,i-4,1.5,"70hp @ 4,500rpm",continuously variable automatic,"82 lb.-ft. @ 4,200rpm",,,,,,,,,,,,,16,,,,,,,,,,,
Toyota,Prius,2001,,,11.8gal.,,,front-wheel,i-4,1.5,"70hp @ 4,500rpm",continuously variable automatic,"82 lb.-ft. @ 4,200rpm",,,,,,,,,,,,,16,,,,,,,,,,,
Toyota,Prius c,2018,48 mpg,43 mpg,9.5gal.,5,17 cu.ft.,front-wheel,i-4,1.5,"73hp @ 4,800rpm",continuously variable automatic,"82 lb.-ft. @ 4,000rpm",4-wheel,1.5 l,91 cu.in.,73 hp,"38.6 ""","58.7 ""","67.5 ""","35.0 ""","41.7 ""","159.8 ""","37.0 ""","100.4 """,16,continuously variable,"2,530 lbs.",,,,,,,,,
Toyota,Prius c,2017,48 mpg,43 mpg,9.5gal.,5,17 cu.ft.,front-wheel,i-4,1.5,"73hp @ 4,800rpm",continuously variable automatic,"82 lb.-ft. @ 4,000rpm",4-wheel,1.5 l,91 cu.in.,73 hp,"38.6 ""","58.7 ""","66.7 ""","35.0 ""","41.7 ""","158.7 ""","37.0 ""","100.4 """,16,continuously variable,"2,530 lbs.",,,,,,,,,
Toyota,Prius c,2016,,,9.5gal.,,,front-wheel,i-4,1.5,"73hp @ 4,800rpm",continuously variable automatic,"82 lb.-ft. @ 4,000rpm",,,,,,,,,,,,,16,,,,,,,,,,,
Toyota,Prius c,2015,,,9.5gal.,,,front-wheel,i-4,1.5,"73hp @ 4,800rpm",continuously variable automatic,"82 lb.-ft. @ 4,000rpm",,,,,,,,,,,,,16,,,,,,,,,,,
Toyota,Prius c,2014,,,9.5gal.,,,front-wheel,i-4,1.5,"73hp @ 4,800rpm",continuously variable automatic,"82 lb.-ft. @ 4,000rpm",,,,,,,,,,,,,16,,,,,,,,,,,
Toyota,Prius c,2013,,,9.5gal.,,,front-wheel,i-4,1.5,"73hp @ 4,800rpm",continuously variable automatic,"82 lb.-ft. @ 4,000rpm",,,,,,,,,,,,,16,,,,,,,,,,,
Toyota,Prius c,2012,,,9.5gal.,,,front-wheel,i-4,1.5,"73hp @ 4,800rpm",continuously variable automatic,"82 lb.-ft. @ 4,000rpm",,,,,,,,,,,,,16,,,,,,,,,,,
Toyota,Camry,2018,28 mpg,39 mpg,16.0gal.,5,15 cu.ft.,front-wheel,i-4,2.5,"203hp @ 6,600rpm",8 speed automatic,"184 lb.-ft. @ 5,000rpm",4-wheel,2.5 l,152 cu.in.,203 hp,"38.3 ""","56.9 ""","72.4 ""","38.0 ""","42.1 ""","192.1 ""","38.0 ""","111.2 """,16,8,"3,296 lbs.",,,,,,,,,
Toyota,Camry,2017,24 mpg,33 mpg,17.0gal.,5,15 cu.ft.,front-wheel,i-4,2.5,"178hp @ 6,000rpm",6 speed automatic,"170 lb.-ft. @ 4,100rpm",4-wheel,2.5 l,152 cu.in.,178 hp,"38.8 ""","57.9 ""","71.7 ""","38.9 ""","41.6 ""","190.9 ""","38.1 ""","109.3 """,16,6,"3,245 lbs.",,,,,,,,,
Toyota,Camry,2016,25 mpg,35 mpg,17.0gal.,5,15 cu.ft.,front-wheel,i-4,2.5,"178hp @ 6,000rpm",6 speed automatic,"170 lb.-ft. @ 4,100rpm",4-wheel,2.5 l,152 cu.in.,178 hp,"38.8 ""","57.9 ""","71.7 ""","38.9 ""","41.6 ""","190.9 ""","38.1 ""","109.3 """,16,6,"3,240 lbs.",,,,,,,,,
Toyota,Camry,2015,25 mpg,35 mpg,17.0gal.,5,15 cu.ft.,front-wheel,i-4,2.5,"178hp @ 6,000rpm",6 speed automatic,"170 lb.-ft. @ 4,100rpm",4-wheel,2.5 l,152 cu.in.,178 hp,"38.8 ""","57.9 ""","71.7 ""","38.9 ""","41.6 ""","190.9 ""","38.1 ""","109.3 """,16,6,"3,240 lbs.",,,,,,,,,
Toyota,Camry,2014,25 mpg,35 mpg,17.0gal.,5,15 cu.ft.,front-wheel,i-4,2.5,"173hp @ 6,000rpm",6 speed automatic,"165 lb.-ft. @ 4,100rpm",4-wheel,2.5 l,152 cu.in.,178 hp,"38.8 ""","57.9 ""","71.7 ""","38.9 ""","41.6 ""","189.2 ""","38.1 ""","109.3 """,16,6,"3,185 lbs.","4,630 lbs.",,,,,,,,
Toyota,Camry,2013,25 mpg,35 mpg,17.0gal.,5,15 cu.ft.,front-wheel,i-4,2.5,"178hp @ 6,000rpm",6 speed automatic,"170 lb.-ft. @ 4,100rpm",4-wheel,2.5 l,152 cu.in.,178 hp,"38.8 ""","57.9 ""","71.7 ""","38.9 ""","41.6 ""","189.2 ""","38.1 ""","109.3 """,16,6,"3,190 lbs.",,,,,,,,,
Toyota,Camry,2012,25 mpg,35 mpg,17.0gal.,5,15 cu.ft.,front-wheel,i-4,2.5,"173hp @ 6,000rpm",6 speed automatic,"170 lb.-ft. @ 4,100rpm",4-wheel,2.5 l,152 cu.in.,178 hp,"38.8 ""","57.9 ""","71.7 ""","38.9 ""","41.6 ""","189.2 ""","38.1 ""","109.3 """,16,6,"3,190 lbs.",,,,,,,,,
Toyota,Camry,2011,,,18.5gal.,,,front-wheel,i-4,2.5,"169hp @ 6,000rpm",6 speed manual,"167 lb.-ft. @ 4,100rpm",,,,,,,,,,,,,16,,,,,,,,,,,
Toyota,Camry,2010,,,18.5gal.,,,front-wheel,i-4,2.5,"169hp @ 6,000rpm",6 speed automatic,"167 lb.-ft. @ 4,100rpm",,,,,,,,,,,,,16,,,,,,,,,,,
Toyota,Camry,2009,,,18.5gal.,,,front-wheel,i-4,2.4,"155hp @ 6,000rpm",5 speed manual,"158 lb.-ft. @ 4,000rpm",,,,,,,,,,,,,16,,,,,,,,,,,
Toyota,Camry,2008,,,18.5gal.,,,front-wheel,i-4,2.4,"155hp @ 6,000rpm",5 speed manual,"158 lb.-ft. @ 4,000rpm",,,,,,,,,,,,,16,,,,,,,,,,,
Toyota,Camry,2007,,,18.5gal.,,,front-wheel,i-4,2.4,"155hp @ 6,000rpm",5 speed automatic,"158 lb.-ft. @ 4,000rpm",,,,,,,,,,,,,16,,,,,,,,,,,
Toyota,Camry,2006,,,18.5gal.,,,front-wheel,i-4,2.4,"154hp @ 5,700rpm",5 speed manual,"160 lb.-ft. @ 4,000rpm",,,,,,,,,,,,,16,,,,,,,,,,,
Toyota,Camry,2005,,,18.5gal.,,,front-wheel,v-6,3.0,"210hp @ 5,800rpm",5 speed automatic,"220 lb.-ft. @ 4,400rpm",,,,,,,,,,,,,24,,,,,,,,,,,
Toyota,Camry,2004,,,18.5gal.,,,front-wheel,i-4,2.4,"157hp @ 5,600rpm",5 speed manual,"162 lb.-ft. @ 4,000rpm",,,,,,,,,,,,,16,,,,,,,,,,,
Toyota,Camry,2003,,,18.5gal.,,,front-wheel,i-4,2.4,"157hp @ 5,600rpm",5 speed manual,"162 lb.-ft. @ 4,000rpm",,,,,,,,,,,,,16,,,,,,,,,,,
Toyota,Camry,2002,,,18.5gal.,,,front-wheel,i-4,2.4,"157hp @ 5,600rpm",5 speed manual,"162 lb.-ft. @ 4,000rpm",,,,,,,,,,,,,16,,,,,,,,,,,
Toyota,Camry,2001,,,18.5gal.,,,front-wheel,i-4,2.2,"136hp @ 5,200rpm",5 speed manual,"150 lb.-ft. @ 4,400rpm",,,,,,,,,,,,,16,,,,,,,,,,,
Toyota,Camry,2000,,,18.5gal.,,,front-wheel,i-4,2.2,"133hp @ 5,200rpm",5 speed manual,"148 lb.-ft. @ 4,400rpm",,,,,,,,,,,,,16,,,,,,,,,,,
Toyota,Camry,1999,,,18.5gal.,,,front-wheel,i-4,2.2,"133hp @ 5,200rpm",5 speed manual,"147 lb.-ft. @ 4,400rpm",,,,,,,,,,,,,16,,,,,,,,,,,
Toyota,Camry Hybrid,2018,51 mpg,53 mpg,13.0gal.,5,15 cu.ft.,front-wheel,i-4,2.5,"176hp @ 5,700rpm",continuously variable automatic,"163 lb.-ft. @ 3,600rpm",4-wheel,2.5 l,152 cu.in.,176 hp,"38.3 ""","56.9 ""","72.4 ""","38.0 ""","42.1 ""","192.1 ""","37.6 ""","111.2 """,16,continuously variable,"3,472 lbs.",,,,,,,,,
Toyota,Camry Hybrid,2017,42 mpg,38 mpg,17.0gal.,5,13 cu.ft.,front-wheel,i-4,2.5,"156hp @ 5,700rpm",continuously variable automatic,"156 lb.-ft. @ 4,500rpm",4-wheel,2.5 l,152 cu.in.,156 hp,"38.8 ""","57.9 ""","71.7 ""","38.9 ""","41.6 ""","190.9 ""","38.1 ""","109.3 """,16,continuously variable,"3,485 lbs.",,,,,,,,,
Toyota,Camry Hybrid,2016,43 mpg,39 mpg,17.0gal.,5,13 cu.ft.,front-wheel,i-4,2.5,"156hp @ 5,700rpm",continuously variable automatic,"156 lb.-ft. @ 4,500rpm",4-wheel,2.5 l,152 cu.in.,156 hp,"38.8 ""","57.9 ""","71.7 ""","38.9 ""","41.6 ""","190.9 ""","38.1 ""","109.3 """,16,continuously variable,"3,485 lbs.",,,,,,,,,
Toyota,Camry Hybrid,2015,43 mpg,39 mpg,17.0gal.,5,13 cu.ft.,front-wheel,i-4,2.5,"156hp @ 5,700rpm",continuously variable automatic,"156 lb.-ft. @ 4,500rpm",4-wheel,2.5 l,152 cu.in.,156 hp,"38.8 ""","57.9 ""","71.7 ""","38.9 ""","41.6 ""","190.9 ""","38.1 ""","109.3 """,16,continuously variable,"3,485 lbs.",,,,,,,,,
Toyota,Camry Hybrid,2014,43 mpg,39 mpg,17.0gal.,5,13 cu.ft.,front-wheel,i-4,2.5,"156hp @ 5,700rpm",continuously variable automatic,"156 lb.-ft. @ 4,500rpm",4-wheel,2.5 l,152 cu.in.,156 hp,"38.8 ""","57.9 ""","71.7 ""","38.9 ""","41.6 ""","189.2 ""","38.1 ""","109.3 """,16,continuously variable,"3,420 lbs.","4,630 lbs.",,,,,,,,
Toyota,Camry Hybrid,2013,43 mpg,39 mpg,17.0gal.,5,13 cu.ft.,front-wheel,i-4,2.5,"156hp @ 5,700rpm",continuously variable automatic,"156 lb.-ft. @ 4,500rpm",4-wheel,2.5 l,152 cu.in.,156 hp,"38.8 ""","57.9 ""","71.7 ""","38.9 ""","41.6 ""","189.2 ""","38.1 ""","109.3 """,16,continuously variable,"3,435 lbs.",,,,,,,,,
Toyota,Camry Hybrid,2012,43 mpg,39 mpg,17.0gal.,5,13 cu.ft.,front-wheel,i-4,2.5,"156hp @ 5,700rpm",continuously variable automatic,"156 lb.-ft. @ 4,500rpm",4-wheel,2.5 l,152 cu.in.,156 hp,"38.8 ""","57.9 ""","71.7 ""","38.9 ""","41.6 ""","189.2 ""","38.1 ""","109.3 """,16,continuously variable,"3,435 lbs.",,,,,,,,,
Toyota,Camry Hybrid,2011,31 mpg,35 mpg,17.2gal.,5,11 cu.ft.,front-wheel,i-4,2.4,"147hp @ 6,000rpm",continuously variable automatic,"138 lb.-ft. @ 4,400rpm",4-wheel,2.4 l,144 cu.in.,147 hp,"38.8 ""","57.5 ""","71.7 ""","38.3 ""","41.6 ""","189.2 ""","37.8 ""","109.3 """,16,continuously variable,"3,680 lbs.",,,,,,,,,
Toyota,Camry Hybrid,2010,33 mpg,34 mpg,17.2gal.,5,11 cu.ft.,front-wheel,i-4,2.4,"147hp @ 6,000rpm",continuously variable automatic,"138 lb.-ft. @ 4,400rpm",4-wheel,2.4 l,144 cu.in.,147 hp,"38.8 ""","57.5 ""","71.7 ""","38.3 ""","41.6 ""","189.2 ""","37.8 ""","109.3 """,16,continuously variable,"3,680 lbs.",,,,,,,,,
Toyota,Camry Hybrid,2009,,,17.2gal.,,,front-wheel,i-4,2.4,"147hp @ 6,000rpm",continuously variable automatic,"138 lb.-ft. @ 4,400rpm",,,,,,,,,,,,,16,,,,,,,,,,,
Toyota,Camry Hybrid,2008,33 mpg,34 mpg,17.2gal.,5,11 cu.ft.,front-wheel,i-4,2.4,"147hp @ 6,000rpm",continuously variable automatic,"138 lb.-ft. @ 4,400rpm",4-wheel,2.4 l,144 cu.in.,147 hp,"38.8 ""","57.5 ""","71.7 ""","38.3 ""","41.6 ""","189.2 ""","37.8 ""","109.3 """,16,continuously variable,"3,680 lbs.",,,,,,,,,
Toyota,Camry Hybrid,2007,40 mpg,38 mpg,17.1gal.,5,11 cu.ft.,front-wheel,i-4,2.4,"147hp @ 6,000rpm",continuously variable automatic,"138 lb.-ft. @ 4,400rpm",4-wheel,2.4 l,144 cu.in.,147 hp,"38.8 ""","57.5 ""","71.7 ""","38.3 ""","41.6 ""","189.2 ""","37.8 ""","109.3 """,16,continuously variable,"3,680 lbs.",,,,,,,,,
Toyota,Camry Solara,2008,,,18.5gal.,,,front-wheel,i-4,2.4,"155hp @ 6,000rpm",5 speed manual,"158 lb.-ft. @ 4,000rpm",,,,,,,,,,,,,16,,,,,,,,,,,
Toyota,Camry Solara,2007,,,18.5gal.,,,front-wheel,i-4,2.4,"155hp @ 6,000rpm",5 speed manual,"158 lb.-ft. @ 4,000rpm",,,,,,,,,,,,,16,,,,,,,,,,,
Toyota,Camry Solara,2006,,,18.5gal.,,,front-wheel,i-4,2.4,"157hp @ 5,600rpm",5 speed manual,"162 lb.-ft. @ 4,000rpm",,,,,,,,,,,,,16,,,,,,,,,,,
Toyota,Camry Solara,2005,,,18.5gal.,,,front-wheel,i-4,2.4,"157hp @ 5,600rpm",5 speed manual,"162 lb.-ft. @ 4,000rpm",,,,,,,,,,,,,16,,,,,,,,,,,
Toyota,Camry Solara,2004,,,18.5gal.,,,front-wheel,i-4,2.4,"157hp @ 5,600rpm",5 speed manual,"162 lb.-ft. @ 4,000rpm",,,,,,,,,,,,,16,,,,,,,,,,,
Toyota,Camry Solara,2003,,,18.5gal.,,,front-wheel,i-4,2.4,"157hp @ 5,600rpm",5 speed manual,"162 lb.-ft. @ 4,000rpm",,,,,,,,,,,,,16,,,,,,,,,,,
Toyota,Camry Solara,2002,,,18.5gal.,,,front-wheel,i-4,2.4,"157hp @ 5,600rpm",5 speed manual,"162 lb.-ft. @ 4,000rpm",,,,,,,,,,,,,16,,,,,,,,,,,
Toyota,Camry Solara,2001,,,18.5gal.,,,front-wheel,i-4,2.2,"135hp @ 5,200rpm",5 speed manual,"147 lb.-ft. @ 4,400rpm",,,,,,,,,,,,,16,,,,,,,,,,,
Toyota,Camry Solara,2000,,,18.5gal.,,,front-wheel,i-4,2.2,"135hp @ 5,200rpm",5 speed manual,"147 lb.-ft. @ 4,400rpm",,,,,,,,,,,,,16,,,,,,,,,,,
Toyota,Camry Solara,1999,,,18.5gal.,,,front-wheel,i-4,2.2,"135hp @ 5,200rpm",5 speed manual,"147 lb.-ft. @ 4,400rpm",,,,,,,,,,,,,16,,,,,,,,,,,
Toyota,Avalon,2019,22 mpg,32 mpg,14.5gal.,5,16 cu.ft.,front-wheel,v-6,3.5,"301hp @ 6,600rpm",8 speed automatic,"267 lb.-ft. @ 4,700rpm",4-wheel,3.5 l,211 cu.in.,301 hp,"38.5 ""","56.5 ""","72.8 ""","40.3 ""","42.1 ""","195.9 ""","37.9 ""","113.0 """,24,8,"3,560 lbs.",,,,,,,,,
Toyota,Avalon,2018,21 mpg,30 mpg,17.0gal.,5,16 cu.ft.,front-wheel,v-6,3.5,"268hp @ 6,200rpm",6 speed automatic,"248 lb.-ft. @ 4,700rpm",4-wheel,3.5 l,211 cu.in.,268 hp,"38.5 ""","57.5 ""","72.2 ""","39.2 ""","42.1 ""","195.3 ""","37.9 ""","111.0 """,24,6,"3,505 lbs.","4,590 lbs.","1,000 lbs.",,,,,,,
Toyota,Avalon,2017,21 mpg,30 mpg,17.2gal.,5,16 cu.ft.,front-wheel,v-6,3.5,"268hp @ 6,200rpm",6 speed automatic,"248 lb.-ft. @ 4,700rpm",4-wheel,3.5 l,211 cu.in.,268 hp,"37.6 ""","57.5 ""","72.2 ""","39.2 ""","42.1 ""","195.3 ""","37.9 ""","111.0 """,24,6,"3,505 lbs.","4,590 lbs.","1,000 lbs.",,,,,,,
Toyota,Avalon,2016,21 mpg,30 mpg,17.0gal.,5,16 cu.ft.,front-wheel,v-6,3.5,"268hp @ 6,200rpm",6 speed automatic,"248 lb.-ft. @ 4,700rpm",4-wheel,3.5 l,211 cu.in.,268 hp,"38.5 ""","57.5 ""","72.2 ""","39.2 ""","42.1 ""","195.3 ""","37.9 ""","111.0 """,24,6,"3,505 lbs.","4,590 lbs.","1,000 lbs.",,,,,,,
Toyota,Avalon,2015,21 mpg,31 mpg,17.0gal.,5,16 cu.ft.,front-wheel,v-6,3.5,"268hp @ 6,200rpm",6 speed automatic,"248 lb.-ft. @ 4,700rpm",4-wheel,3.5 l,211 cu.in.,268 hp,"37.6 ""","57.5 ""","72.2 ""","39.2 ""","42.1 ""","195.3 ""","37.9 ""","111.0 """,24,6,"3,505 lbs.","4,590 lbs.","1,000 lbs.",,,,,,,
Toyota,Avalon,2014,21 mpg,31 mpg,17.0gal.,5,16 cu.ft.,front-wheel,v-6,3.5,"268hp @ 6,200rpm",6 speed automatic,"248 lb.-ft. @ 4,700rpm",4-wheel,3.5 l,211 cu.in.,268 hp,"38.5 ""","57.5 ""","72.2 ""","39.2 ""","42.1 ""","195.2 ""","37.9 ""","111.0 """,24,6,"3,461 lbs.","4,590 lbs.","1,000 lbs.",,,,,,,
Toyota,Avalon,2013,21 mpg,31 mpg,17.0gal.,5,16 cu.ft.,front-wheel,v-6,3.5,"268hp @ 6,200rpm",6 speed automatic,"248 lb.-ft. @ 4,700rpm",4-wheel,3.5 l,211 cu.in.,268 hp,"38.5 ""","57.5 ""","72.2 ""","39.2 ""","42.1 ""","195.2 ""","37.9 ""","111.0 """,24,6,"3,461 lbs.",,"1,000 lbs.",,,,,,,
Toyota,Avalon,2012,19 mpg,28 mpg,18.5gal.,5,14 cu.ft.,front-wheel,v-6,3.5,"268hp @ 6,200rpm",6 speed automatic,"248 lb.-ft. @ 4,700rpm",4-wheel,3.5 l,211 cu.in.,268 hp,"38.9 ""","58.5 ""","72.8 ""","40.9 ""","41.3 ""","197.6 ""","37.5 ""","111.0 """,24,6,"3,572 lbs.","4,565 lbs.","1,000 lbs.",,,,,,,
Toyota,Avalon,2011,20 mpg,29 mpg,18.5gal.,5,14 cu.ft.,front-wheel,v-6,3.5,"268hp @ 6,200rpm",6 speed automatic,"248 lb.-ft. @ 4,700rpm",4-wheel,3.5 l,211 cu.in.,268 hp,"38.9 ""","58.5 ""","72.8 ""","40.9 ""","41.3 ""","197.6 ""","37.5 ""","111.0 """,24,6,"3,572 lbs.","4,565 lbs.",,,,,,,,
Toyota,Avalon,2010,19 mpg,28 mpg,18.5gal.,5,14 cu.ft.,front-wheel,v-6,3.5,"268hp @ 6,200rpm",6 speed automatic,"248 lb.-ft. @ 4,700rpm",4-wheel,3.5 l,211 cu.in.,268 hp,"38.9 ""","58.5 ""","72.8 ""","40.9 ""","41.3 ""","197.2 ""","37.5 ""","111.0 """,24,6,"3,490 lbs.","4,565 lbs.","1,000 lbs.",,,,,,,
Toyota,Avalon,2009,19 mpg,28 mpg,18.5gal.,5,14 cu.ft.,front-wheel,v-6,3.5,"268hp @ 6,200rpm",6 speed automatic,"248 lb.-ft. @ 4,700rpm",4-wheel,3.5 l,211 cu.in.,268 hp,"38.9 ""","58.5 ""","72.8 ""","40.9 ""","41.3 ""","197.2 ""","37.5 ""","111.0 """,24,6,"3,610 lbs.","4,565 lbs.","1,000 lbs.",,,,,,,
Toyota,Avalon,2008,,,18.5gal.,,,front-wheel,v-6,3.5,"268hp @ 6,200rpm",6 speed automatic,"248 lb.-ft. @ 4,700rpm",,,,,,,,,,,,,24,,,,,,,,,,,
Toyota,Avalon,2007,22 mpg,31 mpg,18.5gal.,5,14 cu.ft.,front-wheel,v-6,3.5,"268hp @ 6,200rpm",5 speed automatic,"248 lb.-ft. @ 4,700rpm",4-wheel,3.5 l,211 cu.in.,268 hp,"38.8 ""","58.5 ""","72.8 ""","40.9 ""","41.3 ""","197.2 ""","37.5 ""","111.0 """,24,5,"3,595 lbs.","4,565 lbs.","1,000 lbs.",,,,,,,
Toyota,Avalon,2006,,,18.5gal.,,,front-wheel,v-6,3.5,"268hp @ 6,200rpm",5 speed automatic,"248 lb.-ft. @ 4,700rpm",,,,,,,,,,,,,24,,,,,,,,,,,
Toyota,Avalon,2005,,,18.5gal.,,,front-wheel,v-6,3.5,"280hp @ 6,200rpm",5 speed automatic,"260 lb.-ft. @ 4,700rpm",,,,,,,,,,,,,24,,,,,,,,,,,
Toyota,Avalon,2004,,,18.5gal.,,,front-wheel,v-6,3.0,"210hp @ 5,800rpm",4 speed automatic,"220 lb.-ft. @ 4,400rpm",,,,,,,,,,,,,24,,,,,,,,,,,
Toyota,Avalon,2003,,,18.5gal.,,,front-wheel,v-6,3.0,"210hp @ 5,800rpm",4 speed automatic,"220 lb.-ft. @ 4,400rpm",,,,,,,,,,,,,24,,,,,,,,,,,
Toyota,Avalon,2002,,,18.5gal.,,,front-wheel,v-6,3.0,"210hp @ 5,800rpm",4 speed automatic,"220 lb.-ft. @ 4,400rpm",,,,,,,,,,,,,24,,,,,,,,,,,
Toyota,Avalon,2001,,,18.5gal.,,,front-wheel,v-6,3.0,"210hp @ 5,800rpm",4 speed automatic,"220 lb.-ft. @ 4,400rpm",,,,,,,,,,,,,24,,,,,,,,,,,
Toyota,Avalon,2000,,,18.5gal.,,,front-wheel,v-6,3.0,"210hp @ 5,800rpm",4 speed automatic,"220 lb.-ft. @ 4,400rpm",,,,,,,,,,,,,24,,,,,,,,,,,
Toyota,Avalon,1999,,,18.5gal.,,,front-wheel,v-6,3.0,"200hp @ 5,200rpm",4 speed automatic,"214 lb.-ft. @ 4,400rpm",,,,,,,,,,,,,24,,,,,,,,,,,
Toyota,Avalon Hybrid,2019,43 mpg,44 mpg,13.2gal.,5,16 cu.ft.,front-wheel,i-4,2.5,"176hp @ 5,700rpm",continuously variable automatic,"163 lb.-ft. @ 3,600rpm",4-wheel,2.5 l,152 cu.in.,176 hp,"38.5 ""","56.5 ""","72.8 ""","40.4 ""","42.1 ""","195.9 ""","37.9 ""","113.0 """,16,continuously variable,"3,638 lbs.",,,,,,,,,
Toyota,Avalon Hybrid,2018,40 mpg,39 mpg,17.0gal.,5,14 cu.ft.,front-wheel,i-4,2.5,"156hp @ 5,700rpm",continuously variable automatic,"156 lb.-ft. @ 4,500rpm",4-wheel,2.5 l,152 cu.in.,156 hp,"37.6 ""","57.5 ""","72.2 ""","39.2 ""","42.1 ""","195.3 ""","37.9 ""","111.0 """,16,continuously variable,"3,638 lbs.","4,700 lbs.","1,000 lbs.",,,,,,,
Toyota,Avalon Hybrid,2017,40 mpg,39 mpg,17.0gal.,5,14 cu.ft.,front-wheel,i-4,2.5,"156hp @ 5,700rpm",continuously variable automatic,"156 lb.-ft. @ 4,500rpm",4-wheel,2.5 l,152 cu.in.,156 hp,"37.6 ""","57.5 ""","72.2 ""","39.2 ""","42.1 ""","195.3 ""","37.9 ""","111.0 """,16,continuously variable,"3,682 lbs.","4,700 lbs.","1,000 lbs.",,,,,,,
Toyota,Avalon Hybrid,2016,40 mpg,39 mpg,17.0gal.,5,14 cu.ft.,front-wheel,i-4,2.5,"156hp @ 5,700rpm",continuously variable automatic,"156 lb.-ft. @ 4,500rpm",4-wheel,2.5 l,152 cu.in.,156 hp,"37.6 ""","57.5 ""","72.2 ""","39.2 ""","42.1 ""","195.3 ""","37.9 ""","111.0 """,16,continuously variable,"3,638 lbs.","4,700 lbs.","1,000 lbs.",,,,,,,
Toyota,Avalon Hybrid,2015,40 mpg,39 mpg,17.0gal.,5,14 cu.ft.,front-wheel,i-4,2.5,"156hp @ 5,700rpm",continuously variable automatic,"156 lb.-ft. @ 4,500rpm",4-wheel,2.5 l,152 cu.in.,156 hp,"37.6 ""","57.5 ""","72.2 ""","39.2 ""","42.1 ""","195.3 ""","37.0 ""","111.0 """,16,continuously variable,"3,638 lbs.","4,700 lbs.","1,000 lbs.",,,,,,,
Toyota,Avalon Hybrid,2014,40 mpg,39 mpg,17.0gal.,5,14 cu.ft.,front-wheel,i-4,2.5,"156hp @ 5,700rpm",continuously variable automatic,"156 lb.-ft. @ 4,500rpm",4-wheel,2.5 l,152 cu.in.,156 hp,"37.6 ""","57.5 ""","72.2 ""","39.2 ""","42.1 ""","195.2 ""","37.9 ""","111.0 """,16,continuously variable,"3,594 lbs.","4,700 lbs.","1,000 lbs.",,,,,,,
Toyota,Avalon Hybrid,2013,40 mpg,39 mpg,17.0gal.,5,14 cu.ft.,front-wheel,i-4,2.5,"156hp @ 5,700rpm",continuously variable automatic,"156 lb.-ft. @ 4,500rpm",4-wheel,2.5 l,152 cu.in.,156 hp,"37.6 ""","57.5 ""","72.2 ""","39.2 ""","42.1 ""","195.2 ""","37.9 ""","111.0 """,16,continuously variable,"3,585 lbs.",,"1,000 lbs.",,,,,,,
Toyota,C-HR,2019,27 mpg,31 mpg,13.2gal.,5,36 cu.ft.,front-wheel,i-4,2.0,"144hp @ 6,100rpm",continuously variable automatic,"139 lb.-ft. @ 3,900rpm",4-wheel,2.0 l,121 cu.in.,144 hp,"38.1 ""","61.6 ""","70.7 ""","31.7 ""","43.5 ""","171.2 ""","38.3 ""","103.9 """,16,continuously variable,"3,300 lbs.","4,330 lbs.",,,,,,,,
Toyota,C-HR,2018,27 mpg,31 mpg,13.2gal.,5,36 cu.ft.,front-wheel,i-4,2.0,"144hp @ 6,100rpm",continuously variable automatic,"139 lb.-ft. @ 3,900rpm",4-wheel,2.0 l,121 cu.in.,144 hp,"38.1 ""","61.6 ""","70.7 ""","31.7 ""","43.5 ""","171.2 ""","38.3 ""","103.9 """,16,continuously variable,"3,300 lbs.","4,330 lbs.",,,,,,,,
Toyota,Highlander,2018,20 mpg,24 mpg,19.2gal.,8,84 cu.ft.,front-wheel,i-4,2.7,"185hp @ 5,800rpm",6 speed automatic,"184 lb.-ft. @ 4,200rpm",4-wheel,2.7 l,163 cu.in.,185 hp,"40.7 ""","68.1 ""","75.8 ""","38.4 ""","44.2 ""","192.5 ""","39.9 ""","109.8 """,16,6,"4,165 lbs.","5,665 lbs.","1,500 lbs.",,,,,,,
Toyota,Highlander,2017,20 mpg,24 mpg,19.2gal.,8,84 cu.ft.,front-wheel,i-4,2.7,"185hp @ 5,800rpm",6 speed automatic,"184 lb.-ft. @ 4,200rpm",4-wheel,2.7 l,163 cu.in.,185 hp,"40.7 ""","68.1 ""","75.8 ""","38.4 ""","44.2 ""","192.5 ""","39.9 ""","109.8 """,16,6,"4,165 lbs.","5,665 lbs.","1,500 lbs.",,,,,,,
Toyota,Highlander,2016,,,19.2gal.,,,front-wheel,i-4,2.7,"185hp @ 5,800rpm",6 speed automatic,"184 lb.-ft. @ 4,200rpm",,,,,,,,,,,,,16,,,,,,,,,,,
Toyota,Highlander,2015,,,19.2gal.,,,front-wheel,i-4,2.7,"185hp @ 5,800rpm",6 speed automatic,"184 lb.-ft. @ 4,200rpm",,,,,,,,,,,,,16,,,,,,,,,,,
Toyota,Highlander,2014,,,19.2gal.,,,front-wheel,i-4,2.7,"185hp @ 5,800rpm",6 speed automatic,"184 lb.-ft. @ 4,200rpm",,,,,,,,,,,,,16,,,,,,,,,,,
Toyota,Highlander,2013,,,19.2gal.,,,front-wheel,i-4,2.7,"187hp @ 5,800rpm",6 speed automatic,"186 lb.-ft. @ 4,100rpm",,,,,,,,,,,,,16,,,,,,,,,,,
Toyota,Highlander,2012,,,19.2gal.,,,front-wheel,i-4,2.7,"187hp @ 5,800rpm",6 speed automatic,"186 lb.-ft. @ 4,100rpm",,,,,,,,,,,,,16,,,,,,,,,,,
Toyota,Highlander,2011,,,19.2gal.,,,front-wheel,i-4,2.7,"187hp @ 5,800rpm",6 speed automatic,"186 lb.-ft. @ 4,100rpm",,,,,,,,,,,,,16,,,,,,,,,,,
Toyota,Highlander,2010,,,19.2gal.,,,front-wheel,i-4,2.7,"187hp @ 5,800rpm",6 speed automatic,"186 lb.-ft. @ 4,100rpm",,,,,,,,,,,,,16,,,,,,,,,,,
Toyota,Highlander,2009,,,19.2gal.,,,front-wheel,v-6,3.5,"270hp @ 6,200rpm",5 speed automatic,"248 lb.-ft. @ 4,700rpm",,,,,,,,,,,,,24,,,,,,,,,,,
Toyota,Highlander,2008,,,19.2gal.,,,front-wheel,v-6,3.5,"270hp @ 6,200rpm",5 speed automatic,"248 lb.-ft. @ 4,700rpm",,,,,,,,,,,,,24,,,,,,,,,,,
Toyota,Highlander,2007,,,19.1gal.,,,front-wheel,i-4,2.4,"155hp @ 5,700rpm",4 speed automatic,"162 lb.-ft. @ 4,000rpm",,,,,,,,,,,,,16,,,,,,,,,,,
Toyota,Highlander,2006,,,19.1gal.,,,front-wheel,i-4,2.4,"155hp @ 5,700rpm",4 speed automatic,"162 lb.-ft. @ 4,000rpm",,,,,,,,,,,,,16,,,,,,,,,,,
Toyota,Highlander,2005,,,19.1gal.,,,all-wheel drive,i-4,2.4,"160hp @ 5,700rpm",4 speed automatic,"165 lb.-ft. @ 4,000rpm",,,,,,,,,,,,,16,,,,,,,,,,,
Toyota,Highlander,2004,,,19.1gal.,,,front-wheel,i-4,2.4,"160hp @ 5,700rpm",4 speed automatic,"165 lb.-ft. @ 4,000rpm",,,,,,,,,,,,,16,,,,,,,,,,,
Toyota,Highlander,2003,,,19.8gal.,,,front-wheel,i-4,2.4,"155hp @ 5,600rpm",4 speed automatic,"163 lb.-ft. @ 4,000rpm",,,,,,,,,,,,,16,,,,,,,,,,,
Toyota,Highlander,2002,,,19.8gal.,,,front-wheel,i-4,2.4,"155hp @ 5,600rpm",4 speed automatic,"163 lb.-ft. @ 4,000rpm",,,,,,,,,,,,,16,,,,,,,,,,,
Toyota,Highlander,2001,,,19.8gal.,,,front-wheel,i-4,2.4,"155hp @ 5,600rpm",4 speed automatic,"163 lb.-ft. @ 4,000rpm",,,,,,,,,,,,,16,,,,,,,,,,,
Toyota,RAV4,2018,23 mpg,30 mpg,15.9gal.,5,73 cu.ft.,front-wheel,i-4,2.5,"176hp @ 6,000rpm",6 speed automatic,"172 lb.-ft. @ 4,100rpm",4-wheel,2.5 l,152 cu.in.,176 hp,"39.8 ""","65.9 ""","72.6 ""","37.2 ""","42.6 ""","183.5 ""","38.9 ""","104.7 """,16,6,"3,455 lbs.","4,525 lbs.","1,500 lbs.",,,,,,,
Toyota,RAV4,2017,23 mpg,30 mpg,15.9gal.,5,73 cu.ft.,front-wheel,i-4,2.5,"176hp @ 6,000rpm",6 speed automatic,"172 lb.-ft. @ 4,100rpm",4-wheel,2.5 l,152 cu.in.,176 hp,"39.8 ""","67.1 ""","72.6 ""","37.2 ""","42.6 ""","183.5 ""","38.9 ""","104.7 """,16,6,"3,455 lbs.","4,525 lbs.","1,500 lbs.",,,,,,,
Toyota,RAV4,2016,,,15.9gal.,,,front-wheel,i-4,2.5,"176hp @ 6,000rpm",6 speed automatic,"172 lb.-ft. @ 4,100rpm",,,,,,,,,,,,,16,,,,,,,,,,,
Toyota,RAV4,2015,,,15.9gal.,,,front-wheel,i-4,2.5,"176hp @ 6,000rpm",6 speed automatic,"172 lb.-ft. @ 4,100rpm",,,,,,,,,,,,,16,,,,,,,,,,,
Toyota,RAV4,2014,,,15.9gal.,,,front-wheel,i-4,2.5,"176hp @ 6,000rpm",6 speed automatic,"172 lb.-ft. @ 4,100rpm",,,,,,,,,,,,,16,,,,,,,,,,,
Toyota,RAV4,2013,,,15.9gal.,,,front-wheel,i-4,2.5,"176hp @ 6,000rpm",6 speed automatic,"172 lb.-ft. @ 4,100rpm",,,,,,,,,,,,,16,,,,,,,,,,,
Toyota,RAV4,2012,,,15.9gal.,,,front-wheel,i-4,2.5,"179hp @ 6,000rpm",4 speed automatic,"172 lb.-ft. @ 4,000rpm",,,,,,,,,,,,,16,,,,,,,,,,,
Toyota,RAV4,2011,,,15.9gal.,,,front-wheel,i-4,2.5,"179hp @ 6,000rpm",4 speed automatic,"172 lb.-ft. @ 4,000rpm",,,,,,,,,,,,,16,,,,,,,,,,,
Toyota,RAV4,2010,,,15.9gal.,,,front-wheel,i-4,2.5,"179hp @ 6,000rpm",4 speed automatic,"172 lb.-ft. @ 4,000rpm",,,,,,,,,,,,,16,,,,,,,,,,,
Toyota,RAV4,2009,,,15.9gal.,,,front-wheel,i-4,2.5,"179hp @ 6,000rpm",4 speed automatic,"172 lb.-ft. @ 4,000rpm",,,,,,,,,,,,,16,,,,,,,,,,,
Toyota,RAV4,2008,,,15.9gal.,,,front-wheel,i-4,2.4,"166hp @ 6,000rpm",4 speed automatic,"165 lb.-ft. @ 4,000rpm",,,,,,,,,,,,,16,,,,,,,,,,,
Toyota,RAV4,2007,,,15.9gal.,,,front-wheel,i-4,2.4,"166hp @ 6,000rpm",4 speed automatic,"165 lb.-ft. @ 4,000rpm",,,,,,,,,,,,,16,,,,,,,,,,,
Toyota,RAV4,2006,,,15.9gal.,,,front-wheel,i-4,2.4,"166hp @ 6,000rpm",4 speed automatic,"165 lb.-ft. @ 4,000rpm",,,,,,,,,,,,,16,,,,,,,,,,,
Toyota,RAV4,2005,,,14.8gal.,,,front-wheel,i-4,2.4,"161hp @ 5,700rpm",5 speed manual,"165 lb.-ft. @ 4,000rpm",,,,,,,,,,,,,16,,,,,,,,,,,
Toyota,RAV4,2004,,,14.8gal.,,,front-wheel,i-4,2.4,"161hp @ 5,700rpm",5 speed manual,"165 lb.-ft. @ 4,000rpm",,,,,,,,,,,,,16,,,,,,,,,,,
Toyota,RAV4,2003,,,14.7gal.,,,front-wheel,i-4,2.0,"148hp @ 6,000rpm",5 speed manual,"142 lb.-ft. @ 4,000rpm",,,,,,,,,,,,,16,,,,,,,,,,,
Toyota,RAV4,2002,,,14.7gal.,,,front-wheel,i-4,2.0,"148hp @ 6,000rpm",5 speed manual,"142 lb.-ft. @ 4,000rpm",,,,,,,,,,,,,16,,,,,,,,,,,
Toyota,RAV4,2001,,,14.7gal.,,,front-wheel,i-4,2.0,"148hp @ 6,000rpm",5 speed manual,"142 lb.-ft. @ 4,000rpm",,,,,,,,,,,,,16,,,,,,,,,,,
Toyota,RAV4,2000,,,15.3gal.,,,front-wheel,i-4,2.0,"127hp @ 5,400rpm",5 speed manual,"132 lb.-ft. @ 4,600rpm",,,,,,,,,,,,,16,,,,,,,,,,,
Toyota,RAV4,1999,,,15.3gal.,,,front-wheel,i-4,2.0,"127hp @ 5,400rpm",5 speed manual,"132 lb.-ft. @ 4,600rpm",,,,,,,,,,,,,16,,,,,,,,,,,
Toyota,Sienna,2018,19 mpg,27 mpg,20.0gal.,7,150 cu.ft.,front-wheel,v-6,3.5,"296hp @ 6,600rpm",8 speed automatic,"263 lb.-ft. @ 4,700rpm",4-wheel,3.5 l,211 cu.in.,296 hp,"41.0 ""","68.9 ""","78.1 ""","37.6 ""","40.5 ""","200.2 ""","39.7 ""","119.3 """,24,8,"4,430 lbs.","5,995 lbs.","3,500 lbs.",,,,,,,
Toyota,Sienna,2017,19 mpg,27 mpg,20.0gal.,7,150 cu.ft.,front-wheel,v-6,3.5,"296hp @ 6,600rpm",8 speed automatic,"263 lb.-ft. @ 4,700rpm",4-wheel,3.5 l,211 cu.in.,296 hp,"41.0 ""","68.9 ""","78.1 ""","37.6 ""","40.5 ""","200.2 ""","39.7 ""","119.3 """,24,8,"4,375 lbs.","5,995 lbs.","3,500 lbs.",,,,,,,
Toyota,Sienna,2016,,,20.0gal.,,,front-wheel,v-6,3.5,"266hp @ 6,200rpm",6 speed automatic,"245 lb.-ft. @ 4,700rpm",,,,,,,,,,,,,24,,,,,,,,,,,
Toyota,Sienna,2015,,,20.0gal.,,,front-wheel,v-6,3.5,"266hp @ 6,200rpm",6 speed automatic,"245 lb.-ft. @ 4,700rpm",,,,,,,,,,,,,24,,,,,,,,,,,
Toyota,Sienna,2014,,,20.0gal.,,,front-wheel,v-6,3.5,"266hp @ 6,200rpm",6 speed automatic,"245 lb.-ft. @ 4,700rpm",,,,,,,,,,,,,24,,,,,,,,,,,
Toyota,Sienna,2013,,,20.0gal.,,,front-wheel,v-6,3.5,"266hp @ 6,200rpm",6 speed automatic,"245 lb.-ft. @ 4,700rpm",,,,,,,,,,,,,24,,,,,,,,,,,
Toyota,Sienna,2012,,,20.0gal.,,,front-wheel,i-4,2.7,"187hp @ 5,800rpm",6 speed automatic,"186 lb.-ft. @ 4,100rpm",,,,,,,,,,,,,16,,,,,,,,,,,
Toyota,Sienna,2011,,,20.0gal.,,,all-wheel drive,v-6,3.5,"265hp @ 6,200rpm",6 speed automatic,"245 lb.-ft. @ 4,700rpm",,,,,,,,,,,,,24,,,,,,,,,,,
Toyota,Sienna,2010,,,20.0gal.,,,front-wheel,v-6,3.5,"266hp @ 6,200rpm",5 speed automatic,"245 lb.-ft. @ 4,700rpm",,,,,,,,,,,,,24,,,,,,,,,,,
Toyota,Sienna,2009,,,20.0gal.,,,front-wheel,v-6,3.5,"266hp @ 6,200rpm",5 speed automatic,"245 lb.-ft. @ 4,700rpm",,,,,,,,,,,,,24,,,,,,,,,,,
Toyota,Sienna,2008,,,20.0gal.,,,front-wheel,v-6,3.5,"266hp @ 6,200rpm",5 speed automatic,"245 lb.-ft. @ 4,700rpm",,,,,,,,,,,,,24,,,,,,,,,,,
Toyota,Sienna,2007,,,20.0gal.,,,front-wheel,v-6,3.5,"266hp @ 6,200rpm",5 speed automatic,"245 lb.-ft. @ 4,700rpm",,,,,,,,,,,,,24,,,,,,,,,,,
Toyota,Sienna,2006,,,20.9gal.,,,front-wheel,v-6,3.3,"215hp @ 5,600rpm",5 speed automatic,"222 lb.-ft. @ 3,600rpm",,,,,,,,,,,,,24,,,,,,,,,,,
Toyota,Sienna,2005,,,20.9gal.,,,front-wheel,v-6,3.3,"230hp @ 5,600rpm",5 speed automatic,"242 lb.-ft. @ 3,600rpm",,,,,,,,,,,,,24,,,,,,,,,,,
Toyota,Sienna,2004,,,20.9gal.,,,front-wheel,v-6,3.3,"230hp @ 5,600rpm",5 speed automatic,"242 lb.-ft. @ 3,600rpm",,,,,,,,,,,,,24,,,,,,,,,,,
Toyota,Sienna,2003,,,20.9gal.,,,front-wheel,v-6,3.0,"210hp @ 5,800rpm",4 speed automatic,"220 lb.-ft. @ 4,400rpm",,,,,,,,,,,,,24,,,,,,,,,,,
Toyota,Sienna,2002,,,20.9gal.,,,front-wheel,v-6,3.0,"210hp @ 5,800rpm",4 speed automatic,"220 lb.-ft. @ 4,400rpm",,,,,,,,,,,,,24,,,,,,,,,,,
Toyota,Sienna,2001,,,20.9gal.,,,front-wheel,v-6,3.0,"210hp @ 5,800rpm",4 speed automatic,"220 lb.-ft. @ 4,400rpm",,,,,,,,,,,,,24,,,,,,,,,,,
Toyota,Sienna,2000,,,20.9gal.,,,front-wheel,v-6,3.0,"194hp @ 5,200rpm",4 speed automatic,"209 lb.-ft. @ 4,400rpm",,,,,,,,,,,,,24,,,,,,,,,,,
Toyota,Sienna,1999,18 mpg,24 mpg,20.9gal.,7,131 cu.ft.,front-wheel,v-6,3.0,"194hp @ 5,200rpm",4 speed automatic,"209 lb.-ft. @ 4,400rpm",4-wheel,3.0 l,183 cu.in.,194 hp,"40.6 ""","67.3 ""","73.4 ""","36.5 ""","41.9 ""","193.5 ""","40.3 ""","114.2 """,24,4,"3,759 lbs.",,"1,000 lbs.",,,,,,,
Toyota,Tacoma,2018,20 mpg,23 mpg,21.1gal.,4,,rear-wheel,i-4,2.7,"159hp @ 5,200rpm",6 speed automatic,"180 lb.-ft. @ 3,800rpm",4-wheel,2.7 l,164 cu.in.,159 hp,"39.7 ""","70.6 ""","74.4 ""","24.6 ""","42.9 ""","212.3 ""","34.9 ""","127.4 """,16,6,"3,980 lbs.","5,600 lbs.","3,500 lbs.",,,,,,,
Toyota,Tacoma,2017,19 mpg,23 mpg,21.1gal.,4,,rear-wheel,i-4,2.7,"159hp @ 5,200rpm",6 speed automatic,"180 lb.-ft. @ 3,800rpm",4-wheel,2.7 l,164 cu.in.,159 hp,"39.7 ""","70.6 ""","74.4 ""","24.6 ""","42.9 ""","212.3 ""","34.9 ""","127.4 """,16,6,"3,980 lbs.","5,600 lbs.","3,500 lbs.",,,,,,,
Toyota,Tacoma,2016,19 mpg,23 mpg,21.1gal.,4,,rear-wheel,i-4,2.7,"159hp @ 5,200rpm",6 speed automatic,"180 lb.-ft. @ 3,800rpm",4-wheel,2.7 l,164 cu.in.,159 hp,"39.7 ""","70.6 ""","74.4 ""","24.6 ""","42.9 ""","212.3 ""","34.9 ""","127.4 """,16,6,"3,980 lbs.","5,600 lbs.","3,500 lbs.",,,,,,,
Toyota,Tacoma,2015,,,21.1gal.,,,rear-wheel,i-4,2.7,"159hp @ 5,200rpm",5 speed manual,"180 lb.-ft. @ 3,800rpm",,,,,,,,,,,,,16,,,,,,,,,,,
Toyota,Tacoma,2014,,,21.1gal.,,,rear-wheel,i-4,2.7,"159hp @ 5,200rpm",5 speed manual,"180 lb.-ft. @ 3,800rpm",,,,,,,,,,,,,16,,,,,,,,,,,
Toyota,Tacoma,2013,,,21.1gal.,,,rear-wheel,i-4,2.7,"159hp @ 5,200rpm",5 speed manual,"180 lb.-ft. @ 3,800rpm",,,,,,,,,,,,,16,,,,,,,,,,,
Toyota,Tacoma,2012,,,21.1gal.,,,rear-wheel,i-4,2.7,"159hp @ 5,200rpm",5 speed manual,"180 lb.-ft. @ 3,800rpm",,,,,,,,,,,,,16,,,,,,,,,,,
Toyota,Tacoma,2011,,,21.1gal.,,,rear-wheel,i-4,2.7,"159hp @ 5,200rpm",5 speed manual,"180 lb.-ft. @ 3,800rpm",,,,,,,,,,,,,16,,,,,,,,,,,
Toyota,Tacoma,2010,,,21.0gal.,,,four-wheel,i-4,2.7,"159hp @ 5,200rpm",5 speed manual,"180 lb.-ft. @ 3,800rpm",,,,,,,,,,,,,16,,,,,,,,,,,
Toyota,Tacoma,2009,,,21.0gal.,,,four-wheel,i-4,2.7,"159hp @ 5,200rpm",5 speed manual,"180 lb.-ft. @ 3,800rpm",,,,,,,,,,,,,16,,,,,,,,,,,
Toyota,Tacoma,2008,,,21.0gal.,,,rear-wheel,i-4,2.7,"159hp @ 5,200rpm",5 speed manual,"180 lb.-ft. @ 3,800rpm",,,,,,,,,,,,,16,,,,,,,,,,,
Toyota,Tacoma,2007,,,21.0gal.,,,four-wheel,i-4,2.7,"159hp @ 5,200rpm",5 speed manual,"180 lb.-ft. @ 3,800rpm",,,,,,,,,,,,,16,,,,,,,,,,,
Toyota,Tacoma,2006,,,21.0gal.,,,four-wheel,i-4,2.7,"159hp @ 5,200rpm",5 speed manual,"180 lb.-ft. @ 3,800rpm",,,,,,,,,,,,,16,,,,,,,,,,,
Toyota,Tacoma,2005,,,21.0gal.,,,four-wheel,i-4,2.7,"164hp @ 5,200rpm",5 speed manual,"183 lb.-ft. @ 3,800rpm",,,,,,,,,,,,,16,,,,,,,,,,,
Toyota,Tacoma,2004,,,15.8gal.,,,rear-wheel,i-4,2.4,"142hp @ 5,000rpm",5 speed manual,"160 lb.-ft. @ 4,000rpm",,,,,,,,,,,,,16,,,,,,,,,,,
Toyota,Tacoma,2003,,,15.8gal.,,,rear-wheel,i-4,2.4,"142hp @ 5,000rpm",5 speed manual,"160 lb.-ft. @ 4,000rpm",,,,,,,,,,,,,16,,,,,,,,,,,
Toyota,Tacoma,2002,,,15.8gal.,,,rear-wheel,i-4,2.4,"142hp @ 5,000rpm",5 speed manual,"160 lb.-ft. @ 4,000rpm",,,,,,,,,,,,,16,,,,,,,,,,,
Toyota,Tacoma,2001,,,15.8gal.,,,rear-wheel,i-4,2.4,"142hp @ 5,000rpm",5 speed manual,"160 lb.-ft. @ 4,000rpm",,,,,,,,,,,,,16,,,,,,,,,,,
Toyota,Tacoma,2000,,,15.1gal.,,,rear-wheel,i-4,2.4,"142hp @ 5,000rpm",5 speed manual,"160 lb.-ft. @ 4,000rpm",,,,,,,,,,,,,16,,,,,,,,,,,
Toyota,Tacoma,1999,,,15.1gal.,,,rear-wheel,i-4,2.4,"142hp @ 5,000rpm",5 speed manual,"160 lb.-ft. @ 4,000rpm",,,,,,,,,,,,,16,,,,,,,,,,,
Toyota,Tundra,2018,15 mpg,19 mpg,26.4gal.,6,,rear-wheel,v-8,4.6,"310hp @ 5,600rpm",6 speed automatic,"327 lb.-ft. @ 3,400rpm",4-wheel,4.6 l,281 cu.in.,310 hp,"39.7 ""","76.0 ""","79.9 ""","34.7 ""","42.5 ""","228.9 ""","38.7 ""","145.7 """,32,6,"5,100 lbs.","6,700 lbs.","6,800 lbs.",,,,,,,
Toyota,Tundra,2017,13 mpg,18 mpg,26.4gal.,3,,rear-wheel,v-8,5.7,"381hp @ 5,600rpm",6 speed automatic,"401 lb.-ft. @ 3,600rpm",4-wheel,5.7 l,346 cu.in.,381 hp,"39.7 ""","75.8 ""","79.9 """,,"42.5 ""","228.9 """,,"145.7 """,32,6,"4,920 lbs.","7,000 lbs.","10,500 lbs.",,,,,,,
Toyota,Tundra,2016,,,26.4gal.,,,rear-wheel,v-8,5.7,"381hp @ 5,600rpm",6 speed automatic,"401 lb.-ft. @ 3,600rpm",,,,,,,,,,,,,32,,,,,,,,,,,
Toyota,Tundra,2015,,,26.4gal.,,,rear-wheel,v-8,5.7,"381hp @ 5,600rpm",6 speed automatic,"401 lb.-ft. @ 3,600rpm",,,,,,,,,,,,,32,,,,,,,,,,,
Toyota,Tundra,2014,,,26.4gal.,,,rear-wheel,v-6,4.0,"270hp @ 5,600rpm",5 speed automatic,"278 lb.-ft. @ 4,400rpm",,,,,,,,,,,,,24,,,,,,,,,,,
Toyota,Tundra,2013,,,26.4gal.,,,rear-wheel,v-6,4.0,"270hp @ 5,600rpm",5 speed automatic,"278 lb.-ft. @ 4,400rpm",,,,,,,,,,,,,24,,,,,,,,,,,
Toyota,Tundra,2012,,,26.4gal.,,,rear-wheel,v-6,4.0,"270hp @ 5,600rpm",5 speed automatic,"278 lb.-ft. @ 4,400rpm",,,,,,,,,,,,,24,,,,,,,,,,,
Toyota,Tundra,2011,,,26.4gal.,,,rear-wheel,v-6,4.0,"270hp @ 5,600rpm",5 speed automatic,"278 lb.-ft. @ 4,400rpm",,,,,,,,,,,,,24,,,,,,,,,,,
Toyota,Tundra,2010,,,26.4gal.,,,rear-wheel,v-8,4.6,"310hp @ 5,600rpm",6 speed automatic,"327 lb.-ft. @ 3,400rpm",,,,,,,,,,,,,32,,,,,,,,,,,
Toyota,Tundra,2009,,,26.4gal.,,,four-wheel,v-8,5.7,"381hp @ 5,600rpm",6 speed automatic,"402 lb.-ft. @ 3,600rpm",,,,,,,,,,,,,32,,,,,,,,,,,
Toyota,Tundra,2008,,,26.4gal.,,,rear-wheel,v-6,4.0,"236hp @ 5,200rpm",5 speed automatic,"266 lb.-ft. @ 4,000rpm",,,,,,,,,,,,,24,,,,,,,,,,,
Toyota,Tundra,2007,,,26.4gal.,,,rear-wheel,v-6,4.0,"236hp @ 5,200rpm",5 speed automatic,"266 lb.-ft. @ 4,000rpm",,,,,,,,,,,,,24,,,,,,,,,,,
Toyota,Tundra,2006,,,26.4gal.,,,rear-wheel,v-6,4.0,"236hp @ 5,200rpm",6 speed manual,"266 lb.-ft. @ 4,000rpm",,,,,,,,,,,,,24,,,,,,,,,,,
Toyota,Tundra,2005,,,26.4gal.,,,rear-wheel,v-6,4.0,"245hp @ 5,200rpm",6 speed manual,"282 lb.-ft. @ 3,800rpm",,,,,,,,,,,,,24,,,,,,,,,,,
Toyota,Tundra,2004,,,26.4gal.,,,rear-wheel,v-6,3.4,"190hp @ 4,800rpm",5 speed manual,"220 lb.-ft. @ 3,600rpm",,,,,,,,,,,,,24,,,,,,,,,,,
Toyota,Tundra,2003,,,26.4gal.,,,rear-wheel,v-6,3.4,"190hp @ 4,800rpm",5 speed manual,"220 lb.-ft. @ 3,600rpm",,,,,,,,,,,,,24,,,,,,,,,,,
Toyota,Tundra,2002,,,26.4gal.,,,rear-wheel,v-6,3.4,"190hp @ 4,800rpm",5 speed manual,"220 lb.-ft. @ 3,600rpm",,,,,,,,,,,,,24,,,,,,,,,,,
Toyota,Tundra,2001,,,26.4gal.,,,rear-wheel,v-6,3.4,"190hp @ 4,800rpm",5 speed manual,"220 lb.-ft. @ 3,600rpm",,,,,,,,,,,,,24,,,,,,,,,,,
Toyota,Tundra,2000,,,26.4gal.,,,rear-wheel,v-6,3.4,"190hp @ 4,800rpm",5 speed manual,"220 lb.-ft. @ 3,600rpm",,,,,,,,,,,,,24,,,,,,,,,,,
Toyota,4Runner,2018,17 mpg,21 mpg,23.0gal.,5,90 cu.ft.,rear-wheel,v-6,4.0,"270hp @ 5,600rpm",5 speed automatic,"278 lb.-ft. @ 4,400rpm",4-wheel,4.0 l,241 cu.in.,270 hp,"39.3 ""","71.5 ""","75.8 ""","32.9 ""","41.7 ""","190.2 ""","38.6 ""","109.8 """,24,5,"4,400 lbs.","6,100 lbs.","5,000 lbs.",,,,,,,
Toyota,4Runner,2017,17 mpg,21 mpg,23.0gal.,5,90 cu.ft.,rear-wheel,v-6,4.0,"270hp @ 5,600rpm",5 speed automatic,"278 lb.-ft. @ 4,400rpm",4-wheel,4.0 l,241 cu.in.,270 hp,"39.3 ""","71.5 ""","75.8 ""","32.9 ""","41.7 ""","190.2 ""","38.6 ""","109.8 """,24,5,"4,400 lbs.","6,100 lbs.","5,000 lbs.",,,,,,,
Toyota,4Runner,2016,17 mpg,22 mpg,23.0gal.,5,90 cu.ft.,rear-wheel,v-6,4.0,"270hp @ 5,600rpm",5 speed automatic,"278 lb.-ft. @ 4,400rpm",4-wheel,4.0 l,241 cu.in.,270 hp,"39.3 ""","71.5 ""","75.8 ""","32.9 ""","41.7 ""","190.2 ""","38.6 ""","109.8 """,24,5,"4,400 lbs.","6,100 lbs.","5,000 lbs.",,,,,,,
Toyota,4Runner,2015,17 mpg,22 mpg,23.0gal.,5,90 cu.ft.,rear-wheel,v-6,4.0,"270hp @ 5,600rpm",5 speed automatic,"278 lb.-ft. @ 4,400rpm",4-wheel,4.0 l,241 cu.in.,270 hp,"39.3 ""","71.5 ""","75.8 ""","32.9 ""","41.7 ""","190.2 ""","38.6 ""","109.8 """,24,5,"4,400 lbs.","6,100 lbs.","4,700 lbs.",,,,,,,
Toyota,4Runner,2014,17 mpg,22 mpg,23.0gal.,5,90 cu.ft.,rear-wheel,v-6,4.0,"270hp @ 5,600rpm",5 speed automatic,"278 lb.-ft. @ 4,400rpm",4-wheel,4.0 l,241 cu.in.,270 hp,"39.3 ""","71.5 ""","75.8 ""","32.9 ""","41.7 ""","190.2 ""","38.6 ""","109.8 """,24,5,"4,400 lbs.","6,100 lbs.","4,700 lbs.",,,,,,,
Toyota,4Runner,2013,17 mpg,22 mpg,23.0gal.,5,90 cu.ft.,rear-wheel,v-6,4.0,"270hp @ 5,600rpm",5 speed automatic,"278 lb.-ft. @ 4,400rpm",4-wheel,4.0 l,241 cu.in.,270 hp,"39.3 ""","71.5 ""","75.8 ""","32.9 ""","41.7 ""","189.9 ""","38.6 ""","109.8 """,24,5,"4,400 lbs.","6,100 lbs.","5,000 lbs.",,,,,,,
Toyota,4Runner,2012,17 mpg,23 mpg,23.0gal.,5,90 cu.ft.,rear-wheel,v-6,4.0,"270hp @ 5,600rpm",5 speed automatic,"278 lb.-ft. @ 4,400rpm",4-wheel,4.0 l,241 cu.in.,270 hp,"39.3 ""","71.5 ""","75.8 ""","32.9 ""","41.7 ""","189.9 ""","38.6 ""","109.8 """,24,5,"4,400 lbs.","6,100 lbs.","5,000 lbs.",,,,,,,
Toyota,4Runner,2011,17 mpg,23 mpg,23.0gal.,5,90 cu.ft.,rear-wheel,v-6,4.0,"270hp @ 5,600rpm",5 speed automatic,"278 lb.-ft. @ 4,400rpm",4-wheel,4.0 l,241 cu.in.,270 hp,"39.3 ""","71.5 ""","75.2 ""","32.9 ""","41.7 ""","189.9 ""","38.6 ""","109.8 """,24,5,"4,400 lbs.","6,100 lbs.","5,000 lbs.",,,,,,,
Toyota,4Runner,2010,18 mpg,23 mpg,24.0gal.,5,90 cu.ft.,rear-wheel,i-4,2.7,"157hp @ 5,200rpm",4 speed automatic,"178 lb.-ft. @ 3,800rpm",4-wheel,2.7 l,164 cu.in.,157 hp,"39.3 ""","71.5 ""","75.2 ""","32.9 ""","41.7 ""","189.9 ""","38.6 ""","109.8 """,16,4,"4,295 lbs.","5,900 lbs.","2,000 lbs.",,,,,,,
Toyota,4Runner,2009,,,23.0gal.,,,four-wheel,v-6,4.0,"236hp @ 5,200rpm",5 speed automatic,"266 lb.-ft. @ 4,000rpm",,,,,,,,,,,,,24,,,,,,,,,,,
Toyota,4Runner,2008,,,23.0gal.,,,four-wheel,v-6,4.0,"236hp @ 5,200rpm",5 speed automatic,"266 lb.-ft. @ 4,000rpm",,,,,,,,,,,,,24,,,,,,,,,,,
Toyota,4Runner,2007,,,23.0gal.,,,four-wheel,v-6,4.0,"236hp @ 5,200rpm",5 speed automatic,"266 lb.-ft. @ 4,000rpm",,,,,,,,,,,,,24,,,,,,,,,,,
Toyota,4Runner,2006,,,23.0gal.,,,four-wheel,v-6,4.0,"236hp @ 5,200rpm",5 speed automatic,"266 lb.-ft. @ 4,000rpm",,,,,,,,,,,,,24,,,,,,,,,,,
Toyota,4Runner,2005,,,23.0gal.,,,rear-wheel,v-6,4.0,"245hp @ 5,200rpm",5 speed automatic,"282 lb.-ft. @ 3,800rpm",,,,,,,,,,,,,24,,,,,,,,,,,
Toyota,4Runner,2004,18 mpg,21 mpg,23.0gal.,5,75 cu.ft.,rear-wheel,v-6,4.0,"245hp @ 5,200rpm",4 speed automatic,"282 lb.-ft. @ 3,800rpm",4-wheel,4.0 l,241 cu.in.,245 hp,"39.7 ""","69.1 ""","73.8 ""","34.7 ""","41.7 ""","189.0 ""","39.1 ""","109.8 """,24,4,"4,035 lbs.","5,330 lbs.","5,000 lbs.",,,,,,,
Toyota,4Runner,2003,,,23.0gal.,,,rear-wheel,v-6,4.0,"245hp @ 5,200rpm",4 speed automatic,"282 lb.-ft. @ 3,800rpm",,,,,,,,,,,,,24,,,,,,,,,,,
Toyota,4Runner,2002,,,18.5gal.,,,rear-wheel,v-6,3.4,"183hp @ 4,800rpm",4 speed automatic,"217 lb.-ft. @ 3,600rpm",,,,,,,,,,,,,24,,,,,,,,,,,
Toyota,4Runner,2001,,,18.5gal.,,,rear-wheel,v-6,3.4,"183hp @ 4,800rpm",4 speed automatic,"217 lb.-ft. @ 3,600rpm",,,,,,,,,,,,,24,,,,,,,,,,,
Toyota,4Runner,2000,,,18.5gal.,,,rear-wheel,i-4,2.7,"150hp @ 4,800rpm",5 speed manual,"177 lb.-ft. @ 4,000rpm",,,,,,,,,,,,,16,,,,,,,,,,,
Toyota,4Runner,1999,,,18.5gal.,,,rear-wheel,i-4,2.7,"150hp @ 4,800rpm",5 speed manual,"177 lb.-ft. @ 4,000rpm",,,,,,,,,,,,,16,,,,,,,,,,,
Toyota,C-HR,2019,27 mpg,31 mpg,13.2gal.,5,36 cu.ft.,front-wheel,i-4,2.0,"144hp @ 6,100rpm",continuously variable automatic,"139 lb.-ft. @ 3,900rpm",4-wheel,2.0 l,121 cu.in.,144 hp,"38.1 ""","61.6 ""","70.7 ""","31.7 ""","43.5 ""","171.2 ""","38.3 ""","103.9 """,16,continuously variable,"3,300 lbs.","4,330 lbs.",,,,,,,,
Toyota,C-HR,2018,27 mpg,31 mpg,13.2gal.,5,36 cu.ft.,front-wheel,i-4,2.0,"144hp @ 6,100rpm",continuously variable automatic,"139 lb.-ft. @ 3,900rpm",4-wheel,2.0 l,121 cu.in.,144 hp,"38.1 ""","61.6 ""","70.7 ""","31.7 ""","43.5 ""","171.2 ""","38.3 ""","103.9 """,16,continuously variable,"3,300 lbs.","4,330 lbs.",,,,,,,,
Toyota,FJ Cruiser,2014,,,19.0gal.,,,rear-wheel,v-6,4.0,"260hp @ 5,600rpm",5 speed automatic,"271 lb.-ft. @ 4,400rpm",,,,,,,,,,,,,24,,,,,,,,,,,
Toyota,FJ Cruiser,2013,,,19.0gal.,,,rear-wheel,v-6,4.0,"260hp @ 5,600rpm",5 speed automatic,"271 lb.-ft. @ 4,400rpm",,,,,,,,,,,,,24,,,,,,,,,,,
Toyota,FJ Cruiser,2012,,,19.0gal.,,,rear-wheel,v-6,4.0,"260hp @ 5,600rpm",5 speed automatic,"271 lb.-ft. @ 4,400rpm",,,,,,,,,,,,,24,,,,,,,,,,,
Toyota,FJ Cruiser,2011,,,19.0gal.,,,rear-wheel,v-6,4.0,"260hp @ 5,600rpm",5 speed automatic,"271 lb.-ft. @ 4,400rpm",,,,,,,,,,,,,24,,,,,,,,,,,
Toyota,FJ Cruiser,2010,,,19.0gal.,,,rear-wheel,v-6,4.0,"259hp @ 5,600rpm",5 speed automatic,"270 lb.-ft. @ 4,400rpm",,,,,,,,,,,,,24,,,,,,,,,,,
Toyota,FJ Cruiser,2009,,,19.0gal.,,,rear-wheel,v-6,4.0,"239hp @ 5,200rpm",5 speed automatic,"278 lb.-ft. @ 3,700rpm",,,,,,,,,,,,,24,,,,,,,,,,,
Toyota,FJ Cruiser,2008,,,19.0gal.,,,rear-wheel,v-6,4.0,"239hp @ 5,200rpm",5 speed automatic,"278 lb.-ft. @ 3,700rpm",,,,,,,,,,,,,24,,,,,,,,,,,
Toyota,FJ Cruiser,2007,,,19.0gal.,,,rear-wheel,v-6,4.0,"239hp @ 5,200rpm",5 speed automatic,"278 lb.-ft. @ 3,700rpm",,,,,,,,,,,,,24,,,,,,,,,,,
Toyota,Highlander,2018,20 mpg,24 mpg,19.2gal.,8,84 cu.ft.,front-wheel,i-4,2.7,"185hp @ 5,800rpm",6 speed automatic,"184 lb.-ft. @ 4,200rpm",4-wheel,2.7 l,163 cu.in.,185 hp,"40.7 ""","68.1 ""","75.8 ""","38.4 ""","44.2 ""","192.5 ""","39.9 ""","109.8 """,16,6,"4,165 lbs.","5,665 lbs.","1,500 lbs.",,,,,,,
Toyota,Highlander,2017,20 mpg,24 mpg,19.2gal.,8,84 cu.ft.,front-wheel,i-4,2.7,"185hp @ 5,800rpm",6 speed automatic,"184 lb.-ft. @ 4,200rpm",4-wheel,2.7 l,163 cu.in.,185 hp,"40.7 ""","68.1 ""","75.8 ""","38.4 ""","44.2 ""","192.5 ""","39.9 ""","109.8 """,16,6,"4,165 lbs.","5,665 lbs.","1,500 lbs.",,,,,,,
Toyota,Highlander,2016,,,19.2gal.,,,front-wheel,i-4,2.7,"185hp @ 5,800rpm",6 speed automatic,"184 lb.-ft. @ 4,200rpm",,,,,,,,,,,,,16,,,,,,,,,,,
Toyota,Highlander,2015,,,19.2gal.,,,front-wheel,i-4,2.7,"185hp @ 5,800rpm",6 speed automatic,"184 lb.-ft. @ 4,200rpm",,,,,,,,,,,,,16,,,,,,,,,,,
Toyota,Highlander,2014,,,19.2gal.,,,front-wheel,i-4,2.7,"185hp @ 5,800rpm",6 speed automatic,"184 lb.-ft. @ 4,200rpm",,,,,,,,,,,,,16,,,,,,,,,,,
Toyota,Highlander,2013,,,19.2gal.,,,front-wheel,i-4,2.7,"187hp @ 5,800rpm",6 speed automatic,"186 lb.-ft. @ 4,100rpm",,,,,,,,,,,,,16,,,,,,,,,,,
Toyota,Highlander,2012,,,19.2gal.,,,front-wheel,i-4,2.7,"187hp @ 5,800rpm",6 speed automatic,"186 lb.-ft. @ 4,100rpm",,,,,,,,,,,,,16,,,,,,,,,,,
Toyota,Highlander,2011,,,19.2gal.,,,front-wheel,i-4,2.7,"187hp @ 5,800rpm",6 speed automatic,"186 lb.-ft. @ 4,100rpm",,,,,,,,,,,,,16,,,,,,,,,,,
Toyota,Highlander,2010,,,19.2gal.,,,front-wheel,i-4,2.7,"187hp @ 5,800rpm",6 speed automatic,"186 lb.-ft. @ 4,100rpm",,,,,,,,,,,,,16,,,,,,,,,,,
Toyota,Highlander,2009,,,19.2gal.,,,front-wheel,v-6,3.5,"270hp @ 6,200rpm",5 speed automatic,"248 lb.-ft. @ 4,700rpm",,,,,,,,,,,,,24,,,,,,,,,,,
Toyota,Highlander,2008,,,19.2gal.,,,front-wheel,v-6,3.5,"270hp @ 6,200rpm",5 speed automatic,"248 lb.-ft. @ 4,700rpm",,,,,,,,,,,,,24,,,,,,,,,,,
Toyota,Highlander,2007,,,19.1gal.,,,front-wheel,i-4,2.4,"155hp @ 5,700rpm",4 speed automatic,"162 lb.-ft. @ 4,000rpm",,,,,,,,,,,,,16,,,,,,,,,,,
Toyota,Highlander,2006,,,19.1gal.,,,front-wheel,i-4,2.4,"155hp @ 5,700rpm",4 speed automatic,"162 lb.-ft. @ 4,000rpm",,,,,,,,,,,,,16,,,,,,,,,,,
Toyota,Highlander,2005,,,19.1gal.,,,all-wheel drive,i-4,2.4,"160hp @ 5,700rpm",4 speed automatic,"165 lb.-ft. @ 4,000rpm",,,,,,,,,,,,,16,,,,,,,,,,,
Toyota,Highlander,2004,,,19.1gal.,,,front-wheel,i-4,2.4,"160hp @ 5,700rpm",4 speed automatic,"165 lb.-ft. @ 4,000rpm",,,,,,,,,,,,,16,,,,,,,,,,,
Toyota,Highlander,2003,,,19.8gal.,,,front-wheel,i-4,2.4,"155hp @ 5,600rpm",4 speed automatic,"163 lb.-ft. @ 4,000rpm",,,,,,,,,,,,,16,,,,,,,,,,,
Toyota,Highlander,2002,,,19.8gal.,,,front-wheel,i-4,2.4,"155hp @ 5,600rpm",4 speed automatic,"163 lb.-ft. @ 4,000rpm",,,,,,,,,,,,,16,,,,,,,,,,,
Toyota,Highlander,2001,,,19.8gal.,,,front-wheel,i-4,2.4,"155hp @ 5,600rpm",4 speed automatic,"163 lb.-ft. @ 4,000rpm",,,,,,,,,,,,,16,,,,,,,,,,,
Toyota,Highlander Hybrid,2018,30 mpg,28 mpg,17.2gal.,8,84 cu.ft.,all-wheel drive,v-6,3.5,"231hp @ 5,800rpm",continuously variable automatic,"215 lb.-ft. @ 4,800rpm",4-wheel,3.5 l,211 cu.in.,231 hp,"40.7 ""","68.1 ""","75.8 ""","38.4 ""","44.2 ""","192.5 ""","39.9 ""","109.8 """,24,continuously variable,"4,398 lbs.","6,000 lbs.","3,500 lbs.",,,,,,,
Toyota,Highlander Hybrid,2017,30 mpg,28 mpg,17.2gal.,8,84 cu.ft.,all-wheel drive,v-6,3.5,"231hp @ 5,800rpm",continuously variable automatic,"215 lb.-ft. @ 4,800rpm",4-wheel,3.5 l,211 cu.in.,231 hp,"40.7 ""","68.1 ""","75.8 ""","38.4 ""","44.2 ""","192.5 ""","39.9 ""","109.8 """,24,continuously variable,"4,825 lbs.","6,260 lbs.","3,500 lbs.",,,,,,,
Toyota,Highlander Hybrid,2016,,,17.2gal.,,,all-wheel drive,v-6,3.5,"231hp @ 5,800rpm",continuously variable automatic,"215 lb.-ft. @ 4,800rpm",,,,,,,,,,,,,24,,,,,,,,,,,
Toyota,Highlander Hybrid,2015,,,17.2gal.,,,all-wheel drive,v-6,3.5,"231hp @ 5,800rpm",continuously variable automatic,"215 lb.-ft. @ 4,800rpm",,,,,,,,,,,,,24,,,,,,,,,,,
Toyota,Highlander Hybrid,2014,,,17.2gal.,,,all-wheel drive,v-6,3.5,"231hp @ 5,800rpm",continuously variable automatic,"215 lb.-ft. @ 4,800rpm",,,,,,,,,,,,,24,,,,,,,,,,,
Toyota,Highlander Hybrid,2013,,,17.2gal.,,,all-wheel drive,v-6,3.5,"231hp @ 5,800rpm",continuously variable automatic,"215 lb.-ft. @ 4,800rpm",,,,,,,,,,,,,24,,,,,,,,,,,
Toyota,Highlander Hybrid,2012,,,17.2gal.,,,all-wheel drive,v-6,3.5,"231hp @ 5,800rpm",continuously variable automatic,"215 lb.-ft. @ 4,800rpm",,,,,,,,,,,,,24,,,,,,,,,,,
Toyota,Highlander Hybrid,2011,,,17.2gal.,,,all-wheel drive,v-6,3.5,"231hp @ 5,800rpm",continuously variable automatic,"215 lb.-ft. @ 4,800rpm",,,,,,,,,,,,,24,,,,,,,,,,,
Toyota,Highlander Hybrid,2010,,,17.2gal.,,,all-wheel drive,v-6,3.3,"209hp @ 5,600rpm",continuously variable automatic,"212 lb.-ft. @ 3,600rpm",,,,,,,,,,,,,24,,,,,,,,,,,
Toyota,Highlander Hybrid,2009,,,17.2gal.,,,all-wheel drive,v-6,3.3,"209hp @ 5,600rpm",continuously variable automatic,"212 lb.-ft. @ 3,600rpm",,,,,,,,,,,,,24,,,,,,,,,,,
Toyota,Highlander Hybrid,2008,,,17.2gal.,,,all-wheel drive,v-6,3.3,"209hp @ 5,600rpm",continuously variable automatic,"212 lb.-ft. @ 3,600rpm",,,,,,,,,,,,,24,,,,,,,,,,,
Toyota,Highlander Hybrid,2007,,,17.2gal.,,,front-wheel,v-6,3.3,"208hp @ 5,600rpm",continuously variable automatic,"212 lb.-ft. @ 4,400rpm",,,,,,,,,,,,,24,,,,,,,,,,,
Toyota,Highlander Hybrid,2006,,,17.2gal.,,,front-wheel,v-6,3.3,"208hp @ 5,600rpm",continuously variable automatic,"212 lb.-ft. @ 4,400rpm",,,,,,,,,,,,,24,,,,,,,,,,,
Toyota,Land Cruiser,2018,13 mpg,18 mpg,24.6gal.,8,82 cu.ft.,four-wheel,v-8,5.7,"381hp @ 5,600rpm",8 speed automatic,"401 lb.-ft. @ 3,600rpm",4-wheel,5.7 l,346 cu.in.,381 hp,"38.3 ""","74.0 ""","78.0 ""","34.4 ""","42.9 ""","194.9 ""","38.9 ""","112.2 """,32,8,"5,815 lbs.","7,385 lbs.","8,100 lbs.",,,,,,,
Toyota,Land Cruiser,2017,13 mpg,18 mpg,24.6gal.,8,82 cu.ft.,four-wheel,v-8,5.7,"381hp @ 5,600rpm",8 speed automatic,"401 lb.-ft. @ 3,600rpm",4-wheel,5.7 l,346 cu.in.,381 hp,"38.3 ""","74.0 ""","78.0 ""","34.4 ""","42.9 ""","194.9 ""","38.9 ""","112.2 """,32,8,"5,815 lbs.","7,385 lbs.","8,100 lbs.",,,,,,,
Toyota,Land Cruiser,2016,,,24.6gal.,,,four-wheel,v-8,5.7,"381hp @ 5,600rpm",8 speed automatic,"401 lb.-ft. @ 3,600rpm",,,,,,,,,,,,,32,,,,,,,,,,,
Toyota,Land Cruiser,2015,,,24.6gal.,,,four-wheel,v-8,5.7,"381hp @ 5,600rpm",6 speed automatic,"401 lb.-ft. @ 3,600rpm",,,,,,,,,,,,,32,,,,,,,,,,,
Toyota,Land Cruiser,2014,,,24.6gal.,,,four-wheel,v-8,5.7,"381hp @ 5,600rpm",6 speed automatic,"401 lb.-ft. @ 3,600rpm",,,,,,,,,,,,,32,,,,,,,,,,,
Toyota,Land Cruiser,2013,,,24.6gal.,,,four-wheel,v-8,5.7,"381hp @ 5,600rpm",6 speed automatic,"401 lb.-ft. @ 3,600rpm",,,,,,,,,,,,,32,,,,,,,,,,,
Toyota,Land Cruiser,2011,,,24.6gal.,,,four-wheel,v-8,5.7,"381hp @ 5,600rpm",6 speed automatic,"401 lb.-ft. @ 3,600rpm",,,,,,,,,,,,,32,,,,,,,,,,,
Toyota,Land Cruiser,2010,,,24.6gal.,,,four-wheel,v-8,5.7,"381hp @ 5,600rpm",6 speed automatic,"401 lb.-ft. @ 3,600rpm",,,,,,,,,,,,,32,,,,,,,,,,,
Toyota,Land Cruiser,2009,,,25.4gal.,,,four-wheel,v-8,5.7,"381hp @ 5,600rpm",6 speed automatic,"402 lb.-ft. @ 3,600rpm",,,,,,,,,,,,,32,,,,,,,,,,,
Toyota,Land Cruiser,2008,,,25.4gal.,,,four-wheel,v-8,5.7,"381hp @ 5,600rpm",6 speed automatic,"401 lb.-ft. @ 3,600rpm",,,,,,,,,,,,,32,,,,,,,,,,,
Toyota,Land Cruiser,2007,,,25.4gal.,,,four-wheel,v-8,4.7,"265hp @ 5,400rpm",5 speed automatic,"310 lb.-ft. @ 3,400rpm",,,,,,,,,,,,,32,,,,,,,,,,,
Toyota,Land Cruiser,2006,,,25.4gal.,,,four-wheel,v-8,4.7,"275hp @ 5,400rpm",5 speed automatic,"332 lb.-ft. @ 3,400rpm",,,,,,,,,,,,,32,,,,,,,,,,,
Toyota,Land Cruiser,2005,,,25.4gal.,,,four-wheel,v-8,4.7,"235hp @ 4,800rpm",5 speed automatic,"320 lb.-ft. @ 3,400rpm",,,,,,,,,,,,,32,,,,,,,,,,,
Toyota,Land Cruiser,2004,,,25.4gal.,,,four-wheel,v-8,4.7,"235hp @ 4,800rpm",5 speed automatic,"320 lb.-ft. @ 3,400rpm",,,,,,,,,,,,,32,,,,,,,,,,,
Toyota,Land Cruiser,2003,,,25.4gal.,,,four-wheel,v-8,4.7,"230hp @ 4,800rpm",5 speed automatic,"320 lb.-ft. @ 3,600rpm",,,,,,,,,,,,,32,,,,,,,,,,,
Toyota,Land Cruiser,2002,,,25.4gal.,,,four-wheel,v-8,4.7,"230hp @ 4,800rpm",4 speed automatic,"320 lb.-ft. @ 3,400rpm",,,,,,,,,,,,,32,,,,,,,,,,,
Toyota,Land Cruiser,2001,,,25.4gal.,,,four-wheel,v-8,4.7,"230hp @ 4,800rpm",4 speed automatic,"320 lb.-ft. @ 3,600rpm",,,,,,,,,,,,,32,,,,,,,,,,,
Toyota,Land Cruiser,2000,,,25.4gal.,,,four-wheel,v-8,4.7,"230hp @ 4,800rpm",4 speed automatic,"320 lb.-ft. @ 3,600rpm",,,,,,,,,,,,,32,,,,,,,,,,,
Toyota,Land Cruiser,1999,13 mpg,16 mpg,25.4gal.,5,98 cu.ft.,four-wheel,v-8,4.7,"230hp @ 4,800rpm",4 speed automatic,"320 lb.-ft. @ 3,600rpm",4-wheel,4.7 l,285 cu.in.,230 hp,"40.6 ""","73.2 ""","76.4 ""","34.3 ""","42.3 ""","192.5 ""","39.8 ""","112.2 """,32,4,"5,115 lbs.","6,860 lbs.","6,500 lbs.",,,,,,,
Toyota,Land Cruiser,2018,13 mpg,18 mpg,24.6gal.,8,82 cu.ft.,four-wheel,v-8,5.7,"381hp @ 5,600rpm",8 speed automatic,"401 lb.-ft. @ 3,600rpm",4-wheel,5.7 l,346 cu.in.,381 hp,"38.3 ""","74.0 ""","78.0 ""","34.4 ""","42.9 ""","194.9 ""","38.9 ""","112.2 """,32,8,"5,815 lbs.","7,385 lbs.","8,100 lbs.",,,,,,,
Toyota,Land Cruiser,2017,13 mpg,18 mpg,24.6gal.,8,82 cu.ft.,four-wheel,v-8,5.7,"381hp @ 5,600rpm",8 speed automatic,"401 lb.-ft. @ 3,600rpm",4-wheel,5.7 l,346 cu.in.,381 hp,"38.3 ""","74.0 ""","78.0 ""","34.4 ""","42.9 ""","194.9 ""","38.9 ""","112.2 """,32,8,"5,815 lbs.","7,385 lbs.","8,100 lbs.",,,,,,,
Toyota,Land Cruiser,2016,,,24.6gal.,,,four-wheel,v-8,5.7,"381hp @ 5,600rpm",8 speed automatic,"401 lb.-ft. @ 3,600rpm",,,,,,,,,,,,,32,,,,,,,,,,,
Toyota,Land Cruiser,2015,,,24.6gal.,,,four-wheel,v-8,5.7,"381hp @ 5,600rpm",6 speed automatic,"401 lb.-ft. @ 3,600rpm",,,,,,,,,,,,,32,,,,,,,,,,,
Toyota,Land Cruiser,2014,,,24.6gal.,,,four-wheel,v-8,5.7,"381hp @ 5,600rpm",6 speed automatic,"401 lb.-ft. @ 3,600rpm",,,,,,,,,,,,,32,,,,,,,,,,,
Toyota,Land Cruiser,2013,,,24.6gal.,,,four-wheel,v-8,5.7,"381hp @ 5,600rpm",6 speed automatic,"401 lb.-ft. @ 3,600rpm",,,,,,,,,,,,,32,,,,,,,,,,,
Toyota,Land Cruiser,2011,,,24.6gal.,,,four-wheel,v-8,5.7,"381hp @ 5,600rpm",6 speed automatic,"401 lb.-ft. @ 3,600rpm",,,,,,,,,,,,,32,,,,,,,,,,,
Toyota,Land Cruiser,2010,,,24.6gal.,,,four-wheel,v-8,5.7,"381hp @ 5,600rpm",6 speed automatic,"401 lb.-ft. @ 3,600rpm",,,,,,,,,,,,,32,,,,,,,,,,,
Toyota,Land Cruiser,2009,,,25.4gal.,,,four-wheel,v-8,5.7,"381hp @ 5,600rpm",6 speed automatic,"402 lb.-ft. @ 3,600rpm",,,,,,,,,,,,,32,,,,,,,,,,,
Toyota,Land Cruiser,2008,,,25.4gal.,,,four-wheel,v-8,5.7,"381hp @ 5,600rpm",6 speed automatic,"401 lb.-ft. @ 3,600rpm",,,,,,,,,,,,,32,,,,,,,,,,,
Toyota,Land Cruiser,2007,,,25.4gal.,,,four-wheel,v-8,4.7,"265hp @ 5,400rpm",5 speed automatic,"310 lb.-ft. @ 3,400rpm",,,,,,,,,,,,,32,,,,,,,,,,,
Toyota,Land Cruiser,2006,,,25.4gal.,,,four-wheel,v-8,4.7,"275hp @ 5,400rpm",5 speed automatic,"332 lb.-ft. @ 3,400rpm",,,,,,,,,,,,,32,,,,,,,,,,,
Toyota,Land Cruiser,2005,,,25.4gal.,,,four-wheel,v-8,4.7,"235hp @ 4,800rpm",5 speed automatic,"320 lb.-ft. @ 3,400rpm",,,,,,,,,,,,,32,,,,,,,,,,,
Toyota,Land Cruiser,2004,,,25.4gal.,,,four-wheel,v-8,4.7,"235hp @ 4,800rpm",5 speed automatic,"320 lb.-ft. @ 3,400rpm",,,,,,,,,,,,,32,,,,,,,,,,,
Toyota,Land Cruiser,2003,,,25.4gal.,,,four-wheel,v-8,4.7,"230hp @ 4,800rpm",5 speed automatic,"320 lb.-ft. @ 3,600rpm",,,,,,,,,,,,,32,,,,,,,,,,,
Toyota,Land Cruiser,2002,,,25.4gal.,,,four-wheel,v-8,4.7,"230hp @ 4,800rpm",4 speed automatic,"320 lb.-ft. @ 3,400rpm",,,,,,,,,,,,,32,,,,,,,,,,,
Toyota,Land Cruiser,2001,,,25.4gal.,,,four-wheel,v-8,4.7,"230hp @ 4,800rpm",4 speed automatic,"320 lb.-ft. @ 3,600rpm",,,,,,,,,,,,,32,,,,,,,,,,,
Toyota,Land Cruiser,2000,,,25.4gal.,,,four-wheel,v-8,4.7,"230hp @ 4,800rpm",4 speed automatic,"320 lb.-ft. @ 3,600rpm",,,,,,,,,,,,,32,,,,,,,,,,,
Toyota,Land Cruiser,1999,13 mpg,16 mpg,25.4gal.,5,98 cu.ft.,four-wheel,v-8,4.7,"230hp @ 4,800rpm",4 speed automatic,"320 lb.-ft. @ 3,600rpm",4-wheel,4.7 l,285 cu.in.,230 hp,"40.6 ""","73.2 ""","76.4 ""","34.3 ""","42.3 ""","192.5 ""","39.8 ""","112.2 """,32,4,"5,115 lbs.","6,860 lbs.","6,500 lbs.",,,,,,,
