make,model,year,city,highway,fuel tank capacity,total seating capacity,max cargo capacity,drive type,cylinder configuration,engine liters,horsepower,transmission,torque,abs,size,displacement,horse power,front head room,overall height,overall width,rear leg room,front leg room,overall length,rear head room,wheelbase,number of valves,number of speeds,curb weight,gross vehicle weight,towing capacity,number of doors,speakers,approach angle,ground clearance (max),ramp breakover angle,departure angle,ground clearance
Acura,Integra,2001,,,13.2gal.,,,front-wheel,i-4,1.8,"140hp @ 6,300rpm",5 speed manual,"124 lb.-ft. @ 5,200rpm",,,,,,,,,,,,,16,,,,,,,,,,,
Acura,Integra,2000,,,13.2gal.,,,front-wheel,i-4,1.8,"140hp @ 6,300rpm",5 speed manual,"124 lb.-ft. @ 5,200rpm",,,,,,,,,,,,,16,,,,,,,,,,,
Acura,Integra,1999,,,13.2gal.,,,front-wheel,i-4,1.8,"140hp @ 6,300rpm",5 speed manual,"124 lb.-ft. @ 5,200rpm",,,,,,,,,,,,,16,,,,,,,,,,,
Acura,Integra,2001,,,13.2gal.,,,front-wheel,i-4,1.8,"140hp @ 6,300rpm",5 speed manual,"124 lb.-ft. @ 5,200rpm",,,,,,,,,,,,,16,,,,,,,,,,,
Acura,Integra,2000,,,13.2gal.,,,front-wheel,i-4,1.8,"140hp @ 6,300rpm",5 speed manual,"124 lb.-ft. @ 5,200rpm",,,,,,,,,,,,,16,,,,,,,,,,,
Acura,Integra,1999,,,13.2gal.,,,front-wheel,i-4,1.8,"140hp @ 6,300rpm",5 speed manual,"124 lb.-ft. @ 5,200rpm",,,,,,,,,,,,,16,,,,,,,,,,,
Acura,NSX,2018,21 mpg,22 mpg,15.6gal.,2,4 cu.ft.,sport hybrid sh-awd all-wheel drive,v-6,3.5,"500hp @ 6,500rpm",9 speed automatic with auto-shift,"406 lb.-ft. @ 2,000rpm",4-wheel,3.5 l,213 cu.in.,500 hp,"38.3 ""","47.8 ""","87.3 """,,"42.8 ""","176.0 """,,"103.5 """,24,9,"3,803 lbs.","4,497 lbs.",,,,,,,,
Acura,NSX,2017,21 mpg,22 mpg,15.6gal.,2,4 cu.ft.,sport hybrid sh-awd all-wheel drive,v-6,3.5,"500hp @ 6,500rpm",9 speed automatic with auto-shift,"406 lb.-ft. @ 2,000rpm",4-wheel,3.5 l,213 cu.in.,500 hp,"38.3 ""","47.8 ""","87.3 """,,"42.8 ""","176.0 """,,"103.5 """,24,9,"3,803 lbs.","4,497 lbs.",,,,,,,,
Acura,NSX,2001,,,18.5gal.,,,rear-wheel,v-6,3.2,"290hp @ 7,100rpm",6 speed manual,"224 lb.-ft. @ 5,500rpm",,,,,,,,,,,,,24,,,,,,,,,,,
Acura,NSX,2000,,,18.5gal.,,,rear-wheel,v-6,3.2,"290hp @ 7,100rpm",6 speed manual,"224 lb.-ft. @ 5,500rpm",,,,,,,,,,,,,24,,,,,,,,,,,
Acura,NSX,1999,,,18.5gal.,,,rear-wheel,v-6,3.2,"290hp @ 7,100rpm",6 speed manual,"224 lb.-ft. @ 5,500rpm",,,,,,,,,,,,,24,,,,,,,,,,,
Acura,MDX Sport Hybrid,2018,26 mpg,27 mpg,19.4gal.,7,91 cu.ft.,sh-awd all-wheel drive,v-6,3.0,"257hp @ 6,300rpm",7 speed automatic with auto-shift,"218 lb.-ft. @ 5,000rpm",4-wheel,3.0 l,183 cu.in.,257 hp,"38.1 ""","67.4 ""","77.7 ""","38.5 ""","41.4 ""","196.2 ""","38.3 ""","111.0 """,24,7,"4,471 lbs.","5,952 lbs.",,,,,,,,
Acura,MDX Sport Hybrid,2017,26 mpg,27 mpg,19.4gal.,7,91 cu.ft.,all-wheel drive,v-6,3.0,"257hp @ 6,300rpm",7 speed automatic with auto-shift,"218 lb.-ft. @ 5,000rpm",4-wheel,3.0 l,212 cu.in.,257 hp,"38.1 ""","67.4 ""","77.8 ""","38.5 ""","41.4 ""","196.2 ""","38.3 ""","111.0 """,24,7,"4,471 lbs.",,,,,,,,,
Acura,RLX Sport Hybrid,2018,28 mpg,29 mpg,15.1gal.,5,12 cu.ft.,sport hybrid sh-awd all-wheel drive,v-6,3.5,"310hp @ 6,500rpm",7 speed automatic with auto-shift,"273 lb.-ft. @ 4,700rpm",4-wheel,3.5 l,212 cu.in.,310 hp,"37.6 ""","57.7 ""","74.4 ""","38.8 ""","42.3 ""","198.1 ""","36.9 ""","112.2 """,24,7,"4,380 lbs.","5,379 lbs.",,,,,,,,
Acura,RLX Sport Hybrid,2017,,,15.1gal.,,,sport hybrid sh-awd all-wheel drive,v-6,3.5,"310hp @ 6,500rpm",7 speed automatic with auto-shift,"273 lb.-ft. @ 4,700rpm",,,,,,,,,,,,,24,,,,,,,,,,,
Acura,RLX Sport Hybrid,2016,,,15.1gal.,,,sh-awd all-wheel drive,v-6,3.5,"310hp @ 6,500rpm",7 speed automatic with auto-shift,"273 lb.-ft. @ 4,700rpm",,,,,,,,,,,,,24,,,,,,,,,,,
Acura,RLX Sport Hybrid,2014,,,15.1gal.,,,sh-awd all-wheel drive,v-6,3.5,"310hp @ 6,500rpm",7 speed automatic with auto-shift,"273 lb.-ft. @ 4,700rpm",,,,,,,,,,,,,24,,,,,,,,,,,
Acura,CL,2003,,,17.2gal.,,,front-wheel,v-6,3.2,"260hp @ 6,100rpm",6 speed manual,"232 lb.-ft. @ 3,500rpm",,,,,,,,,,,,,24,,,,,,,,,,,
Acura,CL,2002,,,17.2gal.,,,front-wheel,v-6,3.2,"225hp @ 5,600rpm",5 speed automatic,"216 lb.-ft. @ 4,700rpm",,,,,,,,,,,,,24,,,,,,,,,,,
Acura,CL,2001,,,17.2gal.,,,front-wheel,v-6,3.2,"225hp @ 5,600rpm",5 speed automatic,"216 lb.-ft. @ 4,700rpm",,,,,,,,,,,,,24,,,,,,,,,,,
Acura,CL,1999,,,17.2gal.,,,front-wheel,i-4,2.3,"150hp @ 5,700rpm",5 speed manual,"152 lb.-ft. @ 4,900rpm",,,,,,,,,,,,,16,,,,,,,,,,,
Acura,ILX,2018,25 mpg,35 mpg,13.2gal.,5,12 cu.ft.,front-wheel,i-4,2.4,"201hp @ 6,800rpm",8 speed automatic with auto-shift,"180 lb.-ft. @ 3,600rpm",4-wheel,2.4 l,144 cu.in.,201 hp,"38.0 ""","55.6 ""","70.6 ""","34.0 ""","42.3 ""","181.9 ""","35.9 ""","105.1 """,16,8,"3,093 lbs.",,,,,,,,,
Acura,ILX,2017,25 mpg,35 mpg,13.2gal.,5,12 cu.ft.,front-wheel,i-4,2.4,"201hp @ 6,800rpm",8 speed automatic with auto-shift,"180 lb.-ft. @ 3,600rpm",4-wheel,2.4 l,144 cu.in.,201 hp,"38.0 ""","55.6 ""","70.6 ""","34.0 ""","42.3 ""","181.9 ""","35.9 ""","105.1 """,16,8,"3,113 lbs.",,,,,,,,,
Acura,ILX,2016,25 mpg,36 mpg,13.2gal.,5,12 cu.ft.,front-wheel,i-4,2.4,"201hp @ 6,800rpm",8 speed automatic with auto-shift,"180 lb.-ft. @ 3,600rpm",4-wheel,2.4 l,144 cu.in.,201 hp,"38.0 ""","55.6 ""","70.6 ""","34.0 ""","42.3 ""","181.9 ""","35.9 ""","105.1 """,16,8,"3,093 lbs.",,,,,,,,,
Acura,ILX,2015,,,13.2gal.,,,front-wheel,i-4,2.0,"150hp @ 6,500rpm",5 speed automatic,"140 lb.-ft. @ 4,300rpm",,,,,,,,,,,,,16,,,,,,,,,,,
Acura,ILX,2014,,,13.2gal.,,,front-wheel,i-4,2.0,"150hp @ 6,500rpm",5 speed automatic,"140 lb.-ft. @ 4,300rpm",,,,,,,,,,,,,16,,,,,,,,,,,
Acura,ILX,2013,,,13.2gal.,,,front-wheel,i-4,2.0,"150hp @ 6,500rpm",5 speed automatic,"140 lb.-ft. @ 4,300rpm",,,,,,,,,,,,,16,,,,,,,,,,,
Acura,ILX Hybrid,2014,,,13.2gal.,,,front-wheel,i-4,1.5,"90hp @ 6,000rpm",continuously variable automatic,"97 lb.-ft. @ 4,500rpm",,,,,,,,,,,,,8,,,,,,,,,,,
Acura,ILX Hybrid,2013,,,13.2gal.,,,front-wheel,i-4,1.5,"90hp @ 6,000rpm",continuously variable automatic,"97 lb.-ft. @ 4,500rpm",,,,,,,,,,,,,8,,,,,,,,,,,
Acura,MDX Sport Hybrid,2018,26 mpg,27 mpg,19.4gal.,7,91 cu.ft.,sh-awd all-wheel drive,v-6,3.0,"257hp @ 6,300rpm",7 speed automatic with auto-shift,"218 lb.-ft. @ 5,000rpm",4-wheel,3.0 l,183 cu.in.,257 hp,"38.1 ""","67.4 ""","77.7 ""","38.5 ""","41.4 ""","196.2 ""","38.3 ""","111.0 """,24,7,"4,471 lbs.","5,952 lbs.",,,,,,,,
Acura,MDX Sport Hybrid,2017,26 mpg,27 mpg,19.4gal.,7,91 cu.ft.,all-wheel drive,v-6,3.0,"257hp @ 6,300rpm",7 speed automatic with auto-shift,"218 lb.-ft. @ 5,000rpm",4-wheel,3.0 l,212 cu.in.,257 hp,"38.1 ""","67.4 ""","77.8 ""","38.5 ""","41.4 ""","196.2 ""","38.3 ""","111.0 """,24,7,"4,471 lbs.",,,,,,,,,
Acura,NSX-T,2005,,,18.5gal.,,,rear-wheel,v-6,3.2,"290hp @ 7,100rpm",6 speed manual,"224 lb.-ft. @ 5,500rpm",,,,,,,,,,,,,24,,,,,,,,,,,
Acura,NSX-T,2004,,,18.5gal.,,,rear-wheel,v-6,3.0,"252hp @ 6,600rpm",4 speed automatic,"210 lb.-ft. @ 5,300rpm",,,,,,,,,,,,,24,,,,,,,,,,,
Acura,NSX-T,2003,,,18.5gal.,,,rear-wheel,v-6,3.0,"252hp @ 6,600rpm",4 speed automatic,"210 lb.-ft. @ 5,300rpm",,,,,,,,,,,,,24,,,,,,,,,,,
Acura,NSX-T,2002,,,18.5gal.,,,rear-wheel,v-6,3.0,"252hp @ 6,600rpm",4 speed automatic,"210 lb.-ft. @ 5,300rpm",,,,,,,,,,,,,24,,,,,,,,,,,
Acura,NSX-T,2001,,,18.5gal.,,,rear-wheel,v-6,3.2,"290hp @ 7,100rpm",6 speed manual,"224 lb.-ft. @ 5,500rpm",,,,,,,,,,,,,24,,,,,,,,,,,
Acura,NSX-T,2000,,,18.5gal.,,,rear-wheel,v-6,3.2,"290hp @ 7,100rpm",6 speed manual,"224 lb.-ft. @ 5,500rpm",,,,,,,,,,,,,24,,,,,,,,,,,
Acura,NSX-T,1999,,,18.5gal.,,,rear-wheel,v-6,3.2,"290hp @ 7,100rpm",6 speed manual,"224 lb.-ft. @ 5,500rpm",,,,,,,,,,,,,24,,,,,,,,,,,
Acura,RDX,2019,21 mpg,27 mpg,17.1gal.,5,59 cu.ft.,sh-awd all-wheel drive,i-4,2.0,"272hp @ 6,500rpm",10 speed automatic,"280 lb.-ft. @ 1,600rpm",4-wheel,2.0 l,122 cu.in.,272 hp,"39.6 ""","65.7 ""","74.8 ""","38.4 ""","41.6 ""","186.8 ""","38.3 ""","108.3 """,16,10,"4,019 lbs.","5,027 lbs.",,,,,,,,
Acura,RDX,2018,19 mpg,27 mpg,16.0gal.,5,61 cu.ft.,all-wheel drive,v-6,3.5,"279hp @ 6,200rpm",6 speed automatic,"252 lb.-ft. @ 4,900rpm",4-wheel,3.5 l,212 cu.in.,279 hp,"38.7 ""","65.0 ""","73.7 ""","38.3 ""","42.0 ""","184.4 ""","38.1 ""","105.7 """,24,6,"3,902 lbs.",,"1,500 lbs.",,,,,,,
Acura,RDX,2017,,,16.0gal.,,,all-wheel drive,v-6,3.5,"279hp @ 6,200rpm",6 speed automatic,"252 lb.-ft. @ 4,900rpm",,,,,,,,,,,,,24,,,,,,,,,,,
Acura,RDX,2016,19 mpg,28 mpg,16.0gal.,5,61 cu.ft.,all-wheel drive,v-6,3.5,"279hp @ 6,200rpm",6 speed automatic,"252 lb.-ft. @ 4,900rpm",4-wheel,3.5 l,212 cu.in.,279 hp,"38.7 ""","65.0 ""","73.7 ""","38.3 ""","42.0 ""","184.4 ""","38.1 ""","105.7 """,24,6,"3,902 lbs.",,"1,500 lbs.",,,,,,,
Acura,RDX,2015,,,16.0gal.,,,all-wheel drive,v-6,3.5,"273hp @ 6,200rpm",6 speed automatic,"251 lb.-ft. @ 5,000rpm",,,,,,,,,,,,,24,,,,,,,,,,,
Acura,RDX,2014,,,16.0gal.,,,all-wheel drive,v-6,3.5,"273hp @ 6,200rpm",6 speed automatic,"251 lb.-ft. @ 5,000rpm",,,,,,,,,,,,,24,,,,,,,,,,,
Acura,RDX,2013,,,16.0gal.,,,sh-awd all-wheel drive,v-6,3.5,"273hp @ 6,200rpm",6 speed automatic,"251 lb.-ft. @ 5,000rpm",,,,,,,,,,,,,24,,,,,,,,,,,
Acura,RDX,2012,,,18.0gal.,,,sh-awd all-wheel drive,i-4,2.3,"240hp @ 6,000rpm",5 speed automatic,"260 lb.-ft. @ 4,500rpm",,,,,,,,,,,,,16,,,,,,,,,,,
Acura,RDX,2011,,,18.0gal.,,,sh-awd all-wheel drive,i-4,2.3,"240hp @ 6,000rpm",5 speed automatic,"260 lb.-ft. @ 4,500rpm",,,,,,,,,,,,,16,,,,,,,,,,,
Acura,RDX,2010,,,18.0gal.,,,front-wheel,i-4,2.3,"240hp @ 6,000rpm",5 speed automatic,"260 lb.-ft. @ 4,500rpm",,,,,,,,,,,,,16,,,,,,,,,,,
Acura,RDX,2009,,,18.0gal.,,,sh-awd all-wheel drive,i-4,2.3,"240hp @ 6,000rpm",5 speed automatic,"260 lb.-ft. @ 4,500rpm",,,,,,,,,,,,,16,,,,,,,,,,,
Acura,RDX,2008,,,18.0gal.,,,sh-awd all-wheel drive,i-4,2.3,"240hp @ 6,000rpm",5 speed automatic,"260 lb.-ft. @ 4,500rpm",,,,,,,,,,,,,16,,,,,,,,,,,
Acura,RDX,2007,,,18.0gal.,,,sh-awd all-wheel drive,i-4,2.3,"240hp @ 6,000rpm",5 speed automatic,"260 lb.-ft. @ 4,500rpm",,,,,,,,,,,,,16,,,,,,,,,,,
Acura,RL,2012,,,19.4gal.,,,super handling all-wheel drive all-wheel drive,v-6,3.7,"300hp @ 6,300rpm",6 speed automatic,"271 lb.-ft. @ 5,000rpm",,,,,,,,,,,,,24,,,,,,,,,,,
Acura,RL,2011,,,19.4gal.,,,super handling all-wheel drive all-wheel drive,v-6,3.7,"300hp @ 6,300rpm",6 speed automatic,"271 lb.-ft. @ 5,000rpm",,,,,,,,,,,,,24,,,,,,,,,,,
Acura,RL,2010,,,19.4gal.,,,super handling all-wheel drive all-wheel drive,v-6,3.7,"300hp @ 6,300rpm",5 speed automatic,"271 lb.-ft. @ 5,000rpm",,,,,,,,,,,,,24,,,,,,,,,,,
Acura,RL,2009,,,19.4gal.,,,sh-awd all-wheel drive,v-6,3.7,"300hp @ 6,300rpm",5 speed automatic,"271 lb.-ft. @ 5,000rpm",,,,,,,,,,,,,24,,,,,,,,,,,
Acura,RL,2008,,,19.4gal.,,,sh-awd all-wheel drive,v-6,3.5,"290hp @ 6,200rpm",5 speed automatic,"256 lb.-ft. @ 5,000rpm",,,,,,,,,,,,,24,,,,,,,,,,,
Acura,RL,2007,,,19.4gal.,,,sh-awd all-wheel drive,v-6,3.5,"290hp @ 6,200rpm",5 speed automatic,"256 lb.-ft. @ 5,000rpm",,,,,,,,,,,,,24,,,,,,,,,,,
Acura,RL,2006,,,19.4gal.,,,sh-awd all-wheel drive,v-6,3.5,"290hp @ 6,200rpm",5 speed automatic,"256 lb.-ft. @ 5,000rpm",,,,,,,,,,,,,24,,,,,,,,,,,
Acura,RL,2005,,,19.4gal.,,,sh-awd all-wheel drive,v-6,3.5,"300hp @ 6,200rpm",5 speed automatic,"260 lb.-ft. @ 5,000rpm",,,,,,,,,,,,,24,,,,,,,,,,,
Acura,RL,2004,,,18.0gal.,,,front-wheel,v-6,3.5,"225hp @ 5,200rpm",4 speed automatic,"231 lb.-ft. @ 2,800rpm",,,,,,,,,,,,,24,,,,,,,,,,,
Acura,RL,2003,,,18.0gal.,,,front-wheel,v-6,3.5,"225hp @ 5,200rpm",4 speed automatic,"231 lb.-ft. @ 2,800rpm",,,,,,,,,,,,,24,,,,,,,,,,,
Acura,RL,2002,,,18.0gal.,,,front-wheel,v-6,3.5,"225hp @ 5,200rpm",4 speed automatic,"231 lb.-ft. @ 2,800rpm",,,,,,,,,,,,,24,,,,,,,,,,,
Acura,RL,2001,,,18.0gal.,,,front-wheel,v-6,3.5,"210hp @ 5,200rpm",4 speed automatic,"224 lb.-ft. @ 2,800rpm",,,,,,,,,,,,,24,,,,,,,,,,,
Acura,RL,2000,,,18.0gal.,,,front-wheel,v-6,3.5,"210hp @ 5,200rpm",4 speed automatic,"224 lb.-ft. @ 2,800rpm",,,,,,,,,,,,,24,,,,,,,,,,,
Acura,RL,1999,,,18.0gal.,,,front-wheel,v-6,3.5,"210hp @ 5,200rpm",4 speed automatic,"224 lb.-ft. @ 2,800rpm",,,,,,,,,,,,,24,,,,,,,,,,,
Acura,SLX,1999,15 mpg,19 mpg,22.5gal.,5,90 cu.ft.,four-wheel,v-6,3.5,"215hp @ 5,400rpm",4 speed automatic,"230 lb.-ft. @ 3,000rpm",4-wheel,3.5 l,213 cu.in.,215 hp,"39.4 ""","72.2 ""","72.2 ""","39.1 ""","40.8 ""","187.8 ""","37.8 ""","108.7 """,24,4,"4,615 lbs.","5,510 lbs.","5,000 lbs.",,,,,,,
Acura,MDX,2018,18 mpg,26 mpg,19.5gal.,7,91 cu.ft.,sh-awd all-wheel drive,v-6,3.5,"290hp @ 6,200rpm",9 speed automatic,"267 lb.-ft. @ 4,700rpm",4-wheel,3.5 l,212 cu.in.,290 hp,"38.1 ""","67.4 ""","77.7 ""","38.5 ""","41.4 ""","196.2 ""","38.3 ""","111.0 """,24,9,"4,215 lbs.","5,677 lbs.","3,500 lbs.",,,,,,,
Acura,MDX,2017,18 mpg,26 mpg,19.5gal.,7,91 cu.ft.,sh-awd all-wheel drive,v-6,3.5,"290hp @ 6,200rpm",9 speed automatic,"267 lb.-ft. @ 4,700rpm",4-wheel,3.5 l,212 cu.in.,290 hp,"38.1 ""","67.4 ""","77.8 ""","38.5 ""","41.4 ""","196.2 ""","38.3 ""","111.0 """,24,9,"4,215 lbs.",,"3,500 lbs.",,,,,,,
Acura,MDX,2016,18 mpg,26 mpg,19.5gal.,7,68 cu.ft.,super handling all-wheel drive all-wheel drive,v-6,3.5,"290hp @ 6,200rpm",9 speed automatic,"267 lb.-ft. @ 4,700rpm",4-wheel,3.5 l,212 cu.in.,290 hp,"38.1 ""","67.6 ""","77.2 ""","36.5 ""","41.5 ""","193.6 ""","38.3 ""","111.0 """,24,9,"4,195 lbs.",,"3,500 lbs.",,,,,,,
Acura,MDX,2015,,,19.5gal.,,,super handling all-wheel drive all-wheel drive,v-6,3.5,"290hp @ 6,200rpm",6 speed automatic,"267 lb.-ft. @ 4,500rpm",,,,,,,,,,,,,24,,,,,,,,,,,
Acura,MDX,2014,,,19.5gal.,,,super handling all-wheel drive all-wheel drive,v-6,3.5,"290hp @ 6,200rpm",6 speed automatic,"267 lb.-ft. @ 4,500rpm",,,,,,,,,,,,,24,,,,,,,,,,,
Acura,MDX,2013,,,21.0gal.,,,super handling all-wheel drive all-wheel drive,v-6,3.7,"300hp @ 6,300rpm",6 speed automatic,"270 lb.-ft. @ 4,500rpm",,,,,,,,,,,,,24,,,,,,,,,,,
Acura,MDX,2012,,,21.0gal.,,,super handling all-wheel drive all-wheel drive,v-6,3.7,"300hp @ 6,300rpm",6 speed automatic,"270 lb.-ft. @ 4,500rpm",,,,,,,,,,,,,24,,,,,,,,,,,
Acura,MDX,2011,,,21.0gal.,,,super handling all-wheel drive all-wheel drive,v-6,3.7,"300hp @ 6,300rpm",6 speed automatic,"270 lb.-ft. @ 4,500rpm",,,,,,,,,,,,,24,,,,,,,,,,,
Acura,MDX,2010,,,21.0gal.,,,super handling all-wheel drive all-wheel drive,v-6,3.7,"300hp @ 6,300rpm",6 speed automatic,"270 lb.-ft. @ 4,500rpm",,,,,,,,,,,,,24,,,,,,,,,,,
Acura,MDX,2009,,,21.0gal.,,,sh-awd all-wheel drive,v-6,3.7,"300hp @ 6,000rpm",5 speed automatic,"275 lb.-ft. @ 5,000rpm",,,,,,,,,,,,,24,,,,,,,,,,,
Acura,MDX,2008,,,21.0gal.,,,sh-awd all-wheel drive,v-6,3.7,"300hp @ 6,000rpm",5 speed automatic,"275 lb.-ft. @ 5,000rpm",,,,,,,,,,,,,24,,,,,,,,,,,
Acura,MDX,2007,,,21.0gal.,,,sh-awd all-wheel drive,v-6,3.7,"300hp @ 6,000rpm",5 speed automatic,"275 lb.-ft. @ 5,000rpm",,,,,,,,,,,,,24,,,,,,,,,,,
Acura,MDX,2006,,,20.4gal.,,,four-wheel,v-6,3.5,"253hp @ 5,800rpm",5 speed automatic,"250 lb.-ft. @ 3,500rpm",,,,,,,,,,,,,24,,,,,,,,,,,
Acura,MDX,2005,,,20.4gal.,,,four-wheel,v-6,3.5,"265hp @ 5,800rpm",5 speed automatic,"253 lb.-ft. @ 3,500rpm",,,,,,,,,,,,,24,,,,,,,,,,,
Acura,MDX,2004,,,19.2gal.,,,four-wheel,v-6,3.5,"265hp @ 5,800rpm",5 speed automatic,"253 lb.-ft. @ 3,500rpm",,,,,,,,,,,,,24,,,,,,,,,,,
Acura,MDX,2003,,,19.2gal.,,,four-wheel,v-6,3.5,"260hp @ 5,750rpm",5 speed automatic,"250 lb.-ft. @ 3,500rpm",,,,,,,,,,,,,24,,,,,,,,,,,
Acura,MDX,2002,,,19.2gal.,,,four-wheel,v-6,3.5,"240hp @ 5,300rpm",5 speed automatic,"245 lb.-ft. @ 3,000rpm",,,,,,,,,,,,,24,,,,,,,,,,,
Acura,MDX,2001,,,19.2gal.,,,four-wheel,v-6,3.5,"240hp @ 5,300rpm",5 speed automatic,"245 lb.-ft. @ 3,000rpm",,,,,,,,,,,,,24,,,,,,,,,,,
Acura,RDX,2019,21 mpg,27 mpg,17.1gal.,5,59 cu.ft.,sh-awd all-wheel drive,i-4,2.0,"272hp @ 6,500rpm",10 speed automatic,"280 lb.-ft. @ 1,600rpm",4-wheel,2.0 l,122 cu.in.,272 hp,"39.6 ""","65.7 ""","74.8 ""","38.4 ""","41.6 ""","186.8 ""","38.3 ""","108.3 """,16,10,"4,019 lbs.","5,027 lbs.",,,,,,,,
Acura,RDX,2018,19 mpg,27 mpg,16.0gal.,5,61 cu.ft.,all-wheel drive,v-6,3.5,"279hp @ 6,200rpm",6 speed automatic,"252 lb.-ft. @ 4,900rpm",4-wheel,3.5 l,212 cu.in.,279 hp,"38.7 ""","65.0 ""","73.7 ""","38.3 ""","42.0 ""","184.4 ""","38.1 ""","105.7 """,24,6,"3,902 lbs.",,"1,500 lbs.",,,,,,,
Acura,RDX,2017,,,16.0gal.,,,all-wheel drive,v-6,3.5,"279hp @ 6,200rpm",6 speed automatic,"252 lb.-ft. @ 4,900rpm",,,,,,,,,,,,,24,,,,,,,,,,,
Acura,RDX,2016,19 mpg,28 mpg,16.0gal.,5,61 cu.ft.,all-wheel drive,v-6,3.5,"279hp @ 6,200rpm",6 speed automatic,"252 lb.-ft. @ 4,900rpm",4-wheel,3.5 l,212 cu.in.,279 hp,"38.7 ""","65.0 ""","73.7 ""","38.3 ""","42.0 ""","184.4 ""","38.1 ""","105.7 """,24,6,"3,902 lbs.",,"1,500 lbs.",,,,,,,
Acura,RDX,2015,,,16.0gal.,,,all-wheel drive,v-6,3.5,"273hp @ 6,200rpm",6 speed automatic,"251 lb.-ft. @ 5,000rpm",,,,,,,,,,,,,24,,,,,,,,,,,
Acura,RDX,2014,,,16.0gal.,,,all-wheel drive,v-6,3.5,"273hp @ 6,200rpm",6 speed automatic,"251 lb.-ft. @ 5,000rpm",,,,,,,,,,,,,24,,,,,,,,,,,
Acura,RDX,2013,,,16.0gal.,,,sh-awd all-wheel drive,v-6,3.5,"273hp @ 6,200rpm",6 speed automatic,"251 lb.-ft. @ 5,000rpm",,,,,,,,,,,,,24,,,,,,,,,,,
Acura,RDX,2012,,,18.0gal.,,,sh-awd all-wheel drive,i-4,2.3,"240hp @ 6,000rpm",5 speed automatic,"260 lb.-ft. @ 4,500rpm",,,,,,,,,,,,,16,,,,,,,,,,,
Acura,RDX,2011,,,18.0gal.,,,sh-awd all-wheel drive,i-4,2.3,"240hp @ 6,000rpm",5 speed automatic,"260 lb.-ft. @ 4,500rpm",,,,,,,,,,,,,16,,,,,,,,,,,
Acura,RDX,2010,,,18.0gal.,,,front-wheel,i-4,2.3,"240hp @ 6,000rpm",5 speed automatic,"260 lb.-ft. @ 4,500rpm",,,,,,,,,,,,,16,,,,,,,,,,,
Acura,RDX,2009,,,18.0gal.,,,sh-awd all-wheel drive,i-4,2.3,"240hp @ 6,000rpm",5 speed automatic,"260 lb.-ft. @ 4,500rpm",,,,,,,,,,,,,16,,,,,,,,,,,
Acura,RDX,2008,,,18.0gal.,,,sh-awd all-wheel drive,i-4,2.3,"240hp @ 6,000rpm",5 speed automatic,"260 lb.-ft. @ 4,500rpm",,,,,,,,,,,,,16,,,,,,,,,,,
Acura,RDX,2007,,,18.0gal.,,,sh-awd all-wheel drive,i-4,2.3,"240hp @ 6,000rpm",5 speed automatic,"260 lb.-ft. @ 4,500rpm",,,,,,,,,,,,,16,,,,,,,,,,,
