make,model,year,city,highway,fuel tank capacity,total seating capacity,max cargo capacity,drive type,cylinder configuration,engine liters,horsepower,transmission,torque,abs,size,displacement,horse power,front head room,overall height,overall width,rear leg room,front leg room,overall length,rear head room,wheelbase,number of valves,number of speeds,curb weight,gross vehicle weight,towing capacity,number of doors,speakers,approach angle,ground clearance (max),ramp breakover angle,departure angle,ground clearance
Alfa Romeo,4C,2018,24 mpg,34 mpg,10.5gal.,2,4 cu.ft.,rear-wheel,i-4,1.7,"237hp @ 6,000rpm",6 speed automatic with auto-shift,"258 lb.-ft. @ 2,200rpm",4-wheel,1.7 l,106 cu.in.,237 hp,"38.0 ""","46.6 ""","73.5 """,,"42.7 ""","157.0 """,,"93.7 """,16,6,"2,465 lbs.","2,840 lbs.",,,,,,,,
Alfa Romeo,4C,2017,24 mpg,34 mpg,10.5gal.,2,4 cu.ft.,rear-wheel,i-4,1.7,"237hp @ 6,000rpm",6 speed automatic with auto-shift,"258 lb.-ft. @ 2,200rpm",4-wheel,1.7 l,106 cu.in.,237 hp,"38.0 ""","46.6 ""","73.5 """,,"42.7 ""","157.0 """,,"93.7 """,16,6,"2,465 lbs.","2,840 lbs.",,,,,,,,
Alfa Romeo,4C,2016,24 mpg,34 mpg,10.5gal.,2,4 cu.ft.,rear-wheel,i-4,1.7,"237hp @ 6,000rpm",6 speed automatic with auto-shift,"258 lb.-ft. @ 2,200rpm",4-wheel,1.7 l,106 cu.in.,237 hp,"38.0 ""","46.6 ""","73.5 """,,"42.7 ""","157.0 """,,"93.7 """,16,6,"2,465 lbs.","2,840 lbs.",,,,,,,,
Alfa Romeo,4C,2015,,,10.5gal.,,,rear-wheel,i-4,1.7,"237hp @ 6,000rpm",6 speed automatic with auto-shift,"258 lb.-ft. @ 2,200rpm",,,,,,,,,,,,,16,,,,,,,,,,,
Alfa Romeo,4C Spider,2019,24 mpg,34 mpg,10.5gal.,2,4 cu.ft.,rear-wheel,i-4,1.7,"237hp @ 6,000rpm",6 speed automatic with auto-shift,"258 lb.-ft. @ 2,200rpm",4-wheel,1.7 l,106 cu.in.,237 hp,"38.0 ""","46.6 ""","73.5 """,,"42.7 ""","157.0 """,,"93.7 """,16,6,"2,487 lbs.","2,840 lbs.",,,,,,,,
Alfa Romeo,4C Spider,2018,24 mpg,34 mpg,10.5gal.,2,4 cu.ft.,rear-wheel,i-4,1.7,"237hp @ 6,000rpm",6 speed automatic with auto-shift,"258 lb.-ft. @ 2,200rpm",4-wheel,1.7 l,106 cu.in.,237 hp,"38.0 ""","46.6 ""","73.5 """,,"42.7 ""","157.0 """,,"93.7 """,16,6,"2,487 lbs.","2,840 lbs.",,,,,,,,
Alfa Romeo,4C Spider,2016,24 mpg,34 mpg,10.5gal.,2,4 cu.ft.,rear-wheel,i-4,1.7,"237hp @ 6,000rpm",6 speed automatic with auto-shift,"258 lb.-ft. @ 2,200rpm",4-wheel,1.7 l,106 cu.in.,237 hp,"38.0 ""","46.6 ""","73.5 """,,"42.7 ""","157.0 """,,"93.7 """,16,6,"2,487 lbs.","2,840 lbs.",,,,,,,,
Alfa Romeo,4C Spider,2015,,,10.5gal.,,,rear-wheel,i-4,1.7,"237hp @ 6,000rpm",6 speed automatic with auto-shift,"258 lb.-ft. @ 2,200rpm",,,,,,,,,,,,,16,,,,,,,,,,,
Alfa Romeo,4C Spider,2019,24 mpg,34 mpg,10.5gal.,2,4 cu.ft.,rear-wheel,i-4,1.7,"237hp @ 6,000rpm",6 speed automatic with auto-shift,"258 lb.-ft. @ 2,200rpm",4-wheel,1.7 l,106 cu.in.,237 hp,"38.0 ""","46.6 ""","73.5 """,,"42.7 ""","157.0 """,,"93.7 """,16,6,"2,487 lbs.","2,840 lbs.",,,,,,,,
Alfa Romeo,4C Spider,2018,24 mpg,34 mpg,10.5gal.,2,4 cu.ft.,rear-wheel,i-4,1.7,"237hp @ 6,000rpm",6 speed automatic with auto-shift,"258 lb.-ft. @ 2,200rpm",4-wheel,1.7 l,106 cu.in.,237 hp,"38.0 ""","46.6 ""","73.5 """,,"42.7 ""","157.0 """,,"93.7 """,16,6,"2,487 lbs.","2,840 lbs.",,,,,,,,
Alfa Romeo,4C Spider,2016,24 mpg,34 mpg,10.5gal.,2,4 cu.ft.,rear-wheel,i-4,1.7,"237hp @ 6,000rpm",6 speed automatic with auto-shift,"258 lb.-ft. @ 2,200rpm",4-wheel,1.7 l,106 cu.in.,237 hp,"38.0 ""","46.6 ""","73.5 """,,"42.7 ""","157.0 """,,"93.7 """,16,6,"2,487 lbs.","2,840 lbs.",,,,,,,,
Alfa Romeo,4C Spider,2015,,,10.5gal.,,,rear-wheel,i-4,1.7,"237hp @ 6,000rpm",6 speed automatic with auto-shift,"258 lb.-ft. @ 2,200rpm",,,,,,,,,,,,,16,,,,,,,,,,,
Alfa Romeo,4C Spider,2019,24 mpg,34 mpg,10.5gal.,2,4 cu.ft.,rear-wheel,i-4,1.7,"237hp @ 6,000rpm",6 speed automatic with auto-shift,"258 lb.-ft. @ 2,200rpm",4-wheel,1.7 l,106 cu.in.,237 hp,"38.0 ""","46.6 ""","73.5 """,,"42.7 ""","157.0 """,,"93.7 """,16,6,"2,487 lbs.","2,840 lbs.",,,,,,,,
Alfa Romeo,4C Spider,2018,24 mpg,34 mpg,10.5gal.,2,4 cu.ft.,rear-wheel,i-4,1.7,"237hp @ 6,000rpm",6 speed automatic with auto-shift,"258 lb.-ft. @ 2,200rpm",4-wheel,1.7 l,106 cu.in.,237 hp,"38.0 ""","46.6 ""","73.5 """,,"42.7 ""","157.0 """,,"93.7 """,16,6,"2,487 lbs.","2,840 lbs.",,,,,,,,
Alfa Romeo,4C Spider,2016,24 mpg,34 mpg,10.5gal.,2,4 cu.ft.,rear-wheel,i-4,1.7,"237hp @ 6,000rpm",6 speed automatic with auto-shift,"258 lb.-ft. @ 2,200rpm",4-wheel,1.7 l,106 cu.in.,237 hp,"38.0 ""","46.6 ""","73.5 """,,"42.7 ""","157.0 """,,"93.7 """,16,6,"2,487 lbs.","2,840 lbs.",,,,,,,,
Alfa Romeo,4C Spider,2015,,,10.5gal.,,,rear-wheel,i-4,1.7,"237hp @ 6,000rpm",6 speed automatic with auto-shift,"258 lb.-ft. @ 2,200rpm",,,,,,,,,,,,,16,,,,,,,,,,,
Alfa Romeo,Giulia,2019,24 mpg,33 mpg,15.3gal.,5,,rear-wheel,i-4,2.0,"280hp @ 5,200rpm",8 speed automatic,"306 lb.-ft. @ 2,000rpm",4-wheel,2.0 l,122 cu.in.,280 hp,"38.6 ""","56.5 ""","73.7 ""","35.1 ""","42.4 ""","182.5 ""","37.6 ""","111.0 """,16,8,"3,521 lbs.","4,612 lbs.",,,,,,,,
Alfa Romeo,Giulia,2018,24 mpg,33 mpg,15.3gal.,5,,rear-wheel,i-4,2.0,"280hp @ 5,200rpm",8 speed automatic,"306 lb.-ft. @ 2,000rpm",4-wheel,2.0 l,122 cu.in.,280 hp,"38.6 ""","56.5 ""","73.7 ""","35.1 ""","42.4 ""","182.5 ""","37.6 ""","111.0 """,16,8,"3,521 lbs.","4,612 lbs.",,,,,,,,
Alfa Romeo,Giulia,2017,24 mpg,33 mpg,15.3gal.,5,,rear-wheel,i-4,2.0,"280hp @ 5,200rpm",8 speed automatic,"306 lb.-ft. @ 2,000rpm",4-wheel,2.0 l,122 cu.in.,280 hp,"38.6 ""","56.5 ""","73.7 ""","35.1 ""","42.4 ""","182.5 ""","37.6 ""","111.0 """,16,8,"3,632 lbs.",,,,,,,,,
Alfa Romeo,Stelvio,2019,,,16.9gal.,5,57 cu.ft.,q4 awd system all-wheel drive,i-4,2.0,"280hp @ 5,200rpm",8 speed automatic,"306 lb.-ft. @ 2,000rpm",4-wheel,2.0 l,122 cu.in.,280 hp,"40.2 ""","66.0 ""","74.9 ""","35.9 ""","36.6 ""","184.6 ""","38.9 ""","111.0 """,16,8,"4,044 lbs.",,"3,000 lbs.",,,,,,,
Alfa Romeo,Stelvio,2018,22 mpg,28 mpg,16.9gal.,5,57 cu.ft.,q4 awd system all-wheel drive,i-4,2.0,"280hp @ 5,200rpm",8 speed automatic,"306 lb.-ft. @ 2,000rpm",4-wheel,2.0 l,122 cu.in.,280 hp,"40.2 ""","66.0 ""","74.9 ""","35.9 ""","36.6 ""","184.6 ""","38.9 ""","111.0 """,16,8,"4,044 lbs.",,"3,000 lbs.",,,,,,,
