make,model,year,city,highway,fuel tank capacity,total seating capacity,max cargo capacity,drive type,cylinder configuration,engine liters,horsepower,transmission,torque,abs,size,displacement,horse power,front head room,overall height,overall width,rear leg room,front leg room,overall length,rear head room,wheelbase,number of valves,number of speeds,curb weight,gross vehicle weight,towing capacity,number of doors,speakers,approach angle,ground clearance (max),ramp breakover angle,departure angle,ground clearance
Audi,A3,2018,26 mpg,35 mpg,13.2gal.,5,12 cu.ft.,front-wheel,i-4,2.0,"186hp @ 4,400rpm",7 speed automatic with auto-shift,"221 lb.-ft. @ 1,600rpm",4-wheel,2.0 l,121 cu.in.,186 hp,"39.6 ""","55.7 ""","70.7 ""","35.1 ""","41.2 ""","175.5 ""","36.4 ""","103.8 """,16,7,"3,197 lbs.","4,068 lbs.",,,,,,,,
Audi,A3,2017,,,13.2gal.,,,front-wheel,i-4,2.0,"186hp @ 4,400rpm",7 speed automatic with auto-shift,"221 lb.-ft. @ 1,600rpm",,,,,,,,,,,,,16,,,,,,,,,,,
Audi,A3,2016,23 mpg,33 mpg,13.2gal.,5,,fronttrak front-wheel,i-4,1.8,"170hp @ 4,500rpm",6 speed automatic with auto-shift,"200 lb.-ft. @ 1,600rpm",4-wheel,1.8 l,110 cu.in.,170 hp,"39.6 ""","55.8 ""","70.7 ""","35.1 ""","41.2 ""","175.0 ""","36.4 ""","103.8 """,16,6,"3,175 lbs.","4,365 lbs.",,,,,,,,
Audi,A3,2015,23 mpg,33 mpg,13.2gal.,5,,fronttrak front-wheel,i-4,1.8,"170hp @ 4,500rpm",6 speed automatic with auto-shift,"200 lb.-ft. @ 1,600rpm",4-wheel,1.8 l,110 cu.in.,170 hp,"39.6 ""","55.8 ""","70.7 ""","35.1 ""","41.2 ""","175.0 ""","36.4 ""","103.8 """,16,6,"3,175 lbs.","4,387 lbs.",,,,,,,,
Audi,A3,2013,21 mpg,30 mpg,14.6gal.,5,39 cu.ft.,fronttrak front-wheel,i-4,2.0,"200hp @ 5,100rpm",6 speed manual,"207 lb.-ft. @ 1,800rpm",4-wheel,2.0 l,121 cu.in.,200 hp,"39.3 ""","56.0 ""","69.5 ""","34.8 ""","41.2 ""","169.0 ""","36.9 ""","101.5 """,16,6,"3,219 lbs.","4,497 lbs.",,,,,,,,
Audi,A3,2012,21 mpg,30 mpg,14.6gal.,5,39 cu.ft.,fronttrak front-wheel,i-4,2.0,"200hp @ 5,100rpm",6 speed manual,"207 lb.-ft. @ 1,800rpm",4-wheel,2.0 l,121 cu.in.,200 hp,"39.3 ""","56.0 ""","69.5 ""","34.8 ""","41.2 ""","169.0 ""","36.9 ""","101.5 """,16,6,"3,219 lbs.","4,497 lbs.",,,,,,,,
Audi,A3,2011,21 mpg,30 mpg,14.6gal.,5,39 cu.ft.,fronttrak front-wheel,i-4,2.0,"200hp @ 5,100rpm",6 speed manual,"207 lb.-ft. @ 1,800rpm",4-wheel,2.0 l,121 cu.in.,200 hp,"39.3 ""","56.0 ""","69.5 ""","34.8 ""","41.2 ""","169.0 ""","36.9 ""","101.5 """,16,6,"3,219 lbs.","4,497 lbs.",,,,,,,,
Audi,A3,2010,21 mpg,30 mpg,14.6gal.,5,39 cu.ft.,fronttrak front-wheel,i-4,2.0,"200hp @ 5,100rpm",6 speed manual,"207 lb.-ft. @ 1,800rpm",4-wheel,2.0 l,121 cu.in.,200 hp,"39.3 ""","56.0 ""","69.5 ""","34.8 ""","41.2 ""","169.0 ""","36.9 ""","101.5 """,16,6,"3,219 lbs.","4,497 lbs.",,,,,,,,
Audi,A3,2009,,,14.5gal.,,,fronttrak front-wheel,i-4,2.0,"200hp @ 5,100rpm",6 speed manual,"207 lb.-ft. @ 1,800rpm",,,,,,,,,,,,,16,,,,,,,,,,,
Audi,A3,2008,,,14.5gal.,,,front-wheel,i-4,2.0,"200hp @ 5,100rpm",6 speed manual,"207 lb.-ft. @ 1,800rpm",,,,,,,,,,,,,16,,,,,,,,,,,
Audi,A3,2007,,,14.5gal.,,,front-wheel,i-4,2.0,"200hp @ 5,100rpm",6 speed manual,"207 lb.-ft. @ 1,800rpm",,,,,,,,,,,,,16,,,,,,,,,,,
Audi,A3,2006,,,14.5gal.,,,fronttrak front-wheel,i-4,2.0,"200hp @ 5,100rpm",6 speed manual,"207 lb.-ft. @ 1,800rpm",,,,,,,,,,,,,16,,,,,,,,,,,
Audi,R8,2018,14 mpg,22 mpg,21.9gal.,2,8 cu.ft.,quattro all-wheel drive,v-10,5.2,"532hp @ 7,800rpm",7 speed automatic with auto-shift,"398 lb.-ft. @ 6,500rpm",4-wheel,5.2 l,318 cu.in.,532 hp,"38.5 ""","48.8 ""","76.4 """,,"40.9 ""","174.3 """,,"104.4 """,40,7,"3,737 lbs.",,,,,,,,,
Audi,R8,2017,,,21.9gal.,,,quattro all-wheel drive,v-10,5.2,"540hp @ 7,800rpm",7 speed automatic with auto-shift,"398 lb.-ft. @ 6,500rpm",,,,,,,,,,,,,40,,,,,,,,,,,
Audi,R8,2015,11 mpg,20 mpg,23.8gal.,2,3 cu.ft.,quattro all-wheel drive,v-8,4.2,"430hp @ 7,900rpm",6 speed manual,"317 lb.-ft. @ 4,500rpm",4-wheel,4.2 l,254 cu.in.,430 hp,"37.7 ""","49.3 ""","75.0 """,,"41.0 ""","175.0 """,,"104.3 """,32,6,"3,439 lbs.","4,211 lbs.",,,,,,,,
Audi,R8,2014,11 mpg,20 mpg,23.8gal.,2,3 cu.ft.,quattro all-wheel drive,v-8,4.2,"430hp @ 7,900rpm",6 speed manual,"317 lb.-ft. @ 4,500rpm",4-wheel,4.2 l,254 cu.in.,430 hp,"37.7 ""","49.3 ""","75.0 """,,"41.0 ""","175.0 """,,"104.3 """,32,6,"3,583 lbs.",,,,,,,,,
Audi,R8,2012,13 mpg,19 mpg,23.7gal.,2,3 cu.ft.,quattro all-wheel drive,v-10,5.2,"560hp @ 8,000rpm",6 speed automatic with auto-shift,"398 lb.-ft. @ 6,500rpm",4-wheel,5.2 l,318 cu.in.,560 hp,"38.0 ""","49.3 ""","75.0 """,,"41.1 ""","174.5 """,,"104.3 """,40,6,"3,362 lbs.","4,365 lbs.",,,,,,,,
Audi,R8,2011,12 mpg,19 mpg,23.8gal.,2,3 cu.ft.,quattro all-wheel drive,v-10,5.2,"525hp @ 8,000rpm",6 speed manual,"391 lb.-ft. @ 6,500rpm",4-wheel,5.2 l,318 cu.in.,525 hp,"38.0 ""","49.3 ""","75.0 """,,"41.1 ""","174.5 """,,"104.3 """,40,6,"3,605 lbs.","4,365 lbs.",,,,,,,,
Audi,R8,2010,,,23.8gal.,,,quattro all-wheel drive,v-8,4.2,"420hp @ 7,800rpm",6 speed manual,"317 lb.-ft. @ 4,500rpm",,,,,,,,,,,,,32,,,,,,,,,,,
Audi,R8,2009,,,23.8gal.,,,quattro all-wheel drive,v-8,4.2,"420hp @ 7,800rpm",6 speed manual,"317 lb.-ft. @ 4,500rpm",,,,,,,,,,,,,32,,,,,,,,,,,
Audi,R8,2008,,,23.8gal.,,,quattro all-wheel drive,v-8,4.2,"420hp @ 7,800rpm",6 speed manual,"317 lb.-ft. @ 4,500rpm",,,,,,,,,,,,,32,,,,,,,,,,,
Audi,RS 3,2018,19 mpg,28 mpg,14.5gal.,5,10 cu.ft.,quattro all-wheel drive,i-5,2.5,"400hp @ 5,850rpm",7 speed automatic with auto-shift,"354 lb.-ft. @ 1,700rpm",4-wheel,2.5 l,151 cu.in.,400 hp,"39.6 ""","55.0 ""","70.7 ""","35.1 ""","41.2 ""","176.3 ""","36.4 ""","103.6 """,20,7,"3,593 lbs.",,,,,,,,,
Audi,RS 3,2017,,,14.5gal.,,,quattro all-wheel drive,i-5,2.5,"400hp @ 5,850rpm",7 speed automatic with auto-shift,"354 lb.-ft. @ 1,700rpm",,,,,,,,,,,,,20,,,,,,,,,,,
Audi,RS 5,2018,18 mpg,26 mpg,15.3gal.,4,16 cu.ft.,quattro all-wheel drive,v-6,2.9,"444hp @ 5,700rpm",8 speed automatic,"443 lb.-ft. @ 1,900rpm",4-wheel,2.9 l,177 cu.in.,444 hp,"39.0 ""","53.5 ""","73.3 ""","32.7 ""","41.3 ""","185.9 """,,"108.9 """,24,8,"3,649 lbs.","4,839 lbs.",,,,,,,,
Audi,RS 5,2015,16 mpg,23 mpg,16.1gal.,4,12 cu.ft.,quattro all-wheel drive,v-8,4.2,"450hp @ 8,250rpm",7 speed automatic with auto-shift,"317 lb.-ft. @ 4,000rpm",4-wheel,4.2 l,254 cu.in.,450 hp,"39.1 ""","53.8 ""","73.2 ""","31.7 ""","41.3 ""","183.0 ""","36.0 ""","108.3 """,32,7,"4,009 lbs.","4,971 lbs.",,,,,,,,
Audi,RS 5,2014,16 mpg,23 mpg,16.1gal.,4,12 cu.ft.,quattro all-wheel drive,v-8,4.2,"450hp @ 8,250rpm",7 speed automatic with auto-shift,"317 lb.-ft. @ 4,000rpm",4-wheel,4.2 l,254 cu.in.,450 hp,"39.1 ""","53.8 ""","73.2 ""","31.7 ""","41.3 ""","183.0 ""","36.0 ""","108.3 """,32,7,"4,012 lbs.","4,971 lbs.",,,,,,,,
Audi,RS 5,2013,16 mpg,23 mpg,16.1gal.,4,12 cu.ft.,quattro all-wheel drive,v-8,4.2,"450hp @ 8,250rpm",7 speed automatic with auto-shift,"317 lb.-ft. @ 4,000rpm",4-wheel,4.2 l,254 cu.in.,450 hp,"39.1 ""","53.8 ""","73.2 ""","31.7 ""","41.3 ""","183.0 ""","36.0 ""","108.3 """,32,7,"4,012 lbs.","4,971 lbs.",,,,,,,,
Audi,RS 7,2018,14 mpg,24 mpg,19.8gal.,4,49 cu.ft.,quattro all-wheel drive,v-8,4.0,"560hp @ 5,700rpm",8 speed automatic,"516 lb.-ft. @ 1,750rpm",4-wheel,4.0 l,244 cu.in.,560 hp,"36.9 ""","55.8 ""","75.2 ""","37.0 ""","41.3 ""","197.3 ""","36.6 ""","114.8 """,32,8,"4,497 lbs.",,,,,,,,,
Audi,RS 7,2017,,,19.8gal.,,,quattro all-wheel drive,v-8,4.0,"560hp @ 5,700rpm",8 speed automatic,"516 lb.-ft. @ 1,750rpm",,,,,,,,,,,,,32,,,,,,,,,,,
Audi,RS 7,2016,,,19.8gal.,,,quattro all-wheel drive,v-8,4.0,"560hp @ 5,700rpm",8 speed automatic,"516 lb.-ft. @ 1,750rpm",,,,,,,,,,,,,32,,,,,,,,,,,
Audi,RS 7,2015,16 mpg,27 mpg,19.8gal.,4,49 cu.ft.,quattro all-wheel drive,v-8,4.0,"560hp @ 5,700rpm",8 speed automatic,"516 lb.-ft. @ 1,750rpm",4-wheel,4.0 l,244 cu.in.,560 hp,"36.9 ""","55.8 ""","75.2 ""","37.0 ""","41.3 ""","197.3 ""","36.6 ""","114.8 """,32,8,"4,475 lbs.",,,,,,,,,
Audi,RS 7,2014,16 mpg,27 mpg,19.8gal.,4,49 cu.ft.,quattro all-wheel drive,v-8,4.0,"560hp @ 5,700rpm",8 speed automatic,"516 lb.-ft. @ 1,750rpm",4-wheel,4.0 l,244 cu.in.,560 hp,"36.9 ""","55.8 ""","75.2 ""","37.0 ""","41.3 ""","197.3 ""","36.6 ""","114.8 """,32,8,"4,232 lbs.",,,,,,,,,
Audi,S3,2018,22 mpg,28 mpg,14.5gal.,5,10 cu.ft.,quattro all-wheel drive,i-4,2.0,"292hp @ 5,400rpm",7 speed automatic with auto-shift,"280 lb.-ft. @ 1,900rpm",4-wheel,2.0 l,121 cu.in.,292 hp,"39.6 ""","54.8 ""","70.7 ""","35.1 ""","41.2 ""","175.8 ""","36.4 ""","103.6 """,16,7,"3,462 lbs.","4,652 lbs.",,,,,,,,
Audi,S3,2017,,,14.5gal.,,,quattro all-wheel drive,i-4,2.0,"292hp @ 5,400rpm",6 speed automatic with auto-shift,"280 lb.-ft. @ 1,900rpm",,,,,,,,,,,,,16,,,,,,,,,,,
Audi,S3,2016,,,14.5gal.,,,quattro all-wheel drive,i-4,2.0,"292hp @ 5,400rpm",6 speed automatic with auto-shift,"280 lb.-ft. @ 1,900rpm",,,,,,,,,,,,,16,,,,,,,,,,,
Audi,S3,2015,23 mpg,31 mpg,14.5gal.,5,,quattro all-wheel drive,i-4,2.0,"292hp @ 5,400rpm",6 speed automatic with auto-shift,"280 lb.-ft. @ 1,900rpm",4-wheel,2.0 l,121 cu.in.,292 hp,"39.6 ""","54.8 ""","70.7 ""","35.1 ""","41.2 ""","175.9 ""","36.4 ""","103.6 """,16,6,"3,450 lbs.","4,641 lbs.",,,,,,,,
Audi,S4,2018,21 mpg,30 mpg,15.3gal.,5,13 cu.ft.,quattro all-wheel drive,v-6,3.0,"354hp @ 5,400rpm",8 speed automatic,"369 lb.-ft. @ 1,370rpm",4-wheel,3.0 l,183 cu.in.,354 hp,"38.9 ""","55.3 ""","72.5 ""","35.7 ""","41.3 ""","186.8 ""","37.4 ""","111.2 """,24,8,"3,858 lbs.","4,850 lbs.",,,,,,,,
Audi,S4,2016,,,16.1gal.,,,quattro all-wheel drive,v-6,3.0,"333hp @ 5,500rpm",6 speed manual,"325 lb.-ft. @ 2,900rpm",,,,,,,,,,,,,24,,,,,,,,,,,
Audi,S4,2015,17 mpg,26 mpg,16.1gal.,5,12 cu.ft.,quattro all-wheel drive,v-6,3.0,"333hp @ 5,500rpm",6 speed manual,"325 lb.-ft. @ 2,900rpm",4-wheel,3.0 l,183 cu.in.,333 hp,"38.0 ""","55.4 ""","71.9 ""","35.2 ""","41.3 ""","185.7 ""","37.5 ""","110.7 """,24,6,"3,869 lbs.","5,082 lbs.",,,,,,,,
Audi,S4,2014,17 mpg,26 mpg,16.1gal.,5,12 cu.ft.,quattro all-wheel drive,v-6,3.0,"333hp @ 5,500rpm",6 speed manual,"325 lb.-ft. @ 2,900rpm",4-wheel,3.0 l,183 cu.in.,333 hp,"38.0 ""","55.4 ""","71.9 ""","35.2 ""","41.3 ""","185.7 ""","37.5 ""","110.7 """,24,6,"3,858 lbs.","5,082 lbs.",,,,,,,,
Audi,S4,2013,17 mpg,26 mpg,16.1gal.,5,12 cu.ft.,quattro all-wheel drive,v-6,3.0,"333hp @ 5,500rpm",6 speed manual,"325 lb.-ft. @ 2,900rpm",4-wheel,3.0 l,183 cu.in.,333 hp,"40.0 ""","55.4 ""","71.9 ""","35.2 ""","41.3 ""","185.7 ""","37.5 ""","110.7 """,24,6,"3,858 lbs.","5,082 lbs.",,,,,,,,
Audi,S4,2012,18 mpg,27 mpg,16.9gal.,5,12 cu.ft.,quattro all-wheel drive,v-6,3.0,"333hp @ 5,500rpm",6 speed manual,"325 lb.-ft. @ 2,900rpm",4-wheel,3.0 l,183 cu.in.,333 hp,"40.0 ""","55.4 ""","71.9 ""","35.2 ""","41.3 ""","185.7 ""","37.5 ""","110.7 """,24,6,"3,847 lbs.",,,,,,,,,
Audi,S4,2011,18 mpg,27 mpg,16.9gal.,5,12 cu.ft.,quattro all-wheel drive,v-6,3.0,"333hp @ 5,500rpm",6 speed manual,"325 lb.-ft. @ 2,900rpm",4-wheel,3.0 l,183 cu.in.,333 hp,"40.0 ""","56.2 ""","71.9 ""","35.2 ""","41.3 ""","185.2 ""","37.5 ""","110.6 """,24,6,"3,847 lbs.","5,049 lbs.",,,,,,,,
Audi,S4,2010,,,16.9gal.,,,quattro all-wheel drive,v-6,3.0,"333hp @ 5,500rpm",6 speed manual,"325 lb.-ft. @ 2,900rpm",,,,,,,,,,,,,24,,,,,,,,,,,
Audi,S4,2009,,,16.6gal.,,,quattro all-wheel drive,v-8,4.2,"340hp @ 7,000rpm",6 speed manual,"302 lb.-ft. @ 3,500rpm",,,,,,,,,,,,,40,,,,,,,,,,,
Audi,S4,2008,,,16.6gal.,,,all-wheel drive,v-8,4.2,"340hp @ 7,000rpm",6 speed manual,"302 lb.-ft. @ 3,500rpm",,,,,,,,,,,,,40,,,,,,,,,,,
Audi,S4,2007,,,16.6gal.,,,all-wheel drive,v-8,4.2,"340hp @ 7,000rpm",6 speed manual,"302 lb.-ft. @ 3,500rpm",,,,,,,,,,,,,40,,,,,,,,,,,
Audi,S4,2006,,,16.6gal.,,,quattro all-wheel drive,v-8,4.2,"340hp @ 7,000rpm",6 speed manual,"302 lb.-ft. @ 3,500rpm",,,,,,,,,,,,,40,,,,,,,,,,,
Audi,S4,2005,,,16.6gal.,,,quattro all-wheel drive,v-8,4.2,"340hp @ 7,000rpm",6 speed automatic,"302 lb.-ft. @ 3,500rpm",,,,,,,,,,,,,40,,,,,,,,,,,
Audi,S4,2004,,,17.4gal.,,,quattro all-wheel drive,v-8,4.2,"340hp @ 7,000rpm",6 speed manual,"302 lb.-ft. @ 3,500rpm",,,,,,,,,,,,,40,,,,,,,,,,,
Audi,S4,2002,,,16.4gal.,,,all-wheel drive,v-6,2.7,"250hp @ 5,800rpm",6 speed manual,"258 lb.-ft. @ 1,850rpm",,,,,,,,,,,,,30,,,,,,,,,,,
Audi,S4,2001,,,16.4gal.,,,all-wheel drive,v-6,2.7,"250hp @ 5,800rpm",5 speed automatic,"258 lb.-ft. @ 1,850rpm",,,,,,,,,,,,,30,,,,,,,,,,,
Audi,S4,2000,,,16.4gal.,,,all-wheel drive,v-6,2.7,"250hp @ 5,800rpm",5 speed automatic,"258 lb.-ft. @ 1,850rpm",,,,,,,,,,,,,30,,,,,,,,,,,
Audi,S5,2018,21 mpg,30 mpg,15.3gal.,4,12 cu.ft.,quattro all-wheel drive,v-6,3.0,"354hp @ 5,400rpm",8 speed automatic,"369 lb.-ft. @ 1,370rpm",4-wheel,3.0 l,183 cu.in.,354 hp,"39.0 ""","53.9 ""","72.7 ""","32.7 ""","41.3 ""","184.7 """,,"108.8 """,24,8,"3,836 lbs.",,,,,,,,,
Audi,S5,2017,,,16.1gal.,,,quattro all-wheel drive,v-6,3.0,"333hp @ 5,500rpm",6 speed manual,"325 lb.-ft. @ 2,900rpm",,,,,,,,,,,,,24,,,,,,,,,,,
Audi,S5,2016,,,16.1gal.,,,quattro all-wheel drive,v-6,3.0,"333hp @ 5,500rpm",6 speed manual,"325 lb.-ft. @ 2,900rpm",,,,,,,,,,,,,24,,,,,,,,,,,
Audi,S5,2015,17 mpg,26 mpg,16.1gal.,4,12 cu.ft.,quattro all-wheel drive,v-6,3.0,"333hp @ 5,500rpm",6 speed manual,"325 lb.-ft. @ 2,900rpm",4-wheel,3.0 l,183 cu.in.,333 hp,"39.1 ""","53.9 ""","73.0 ""","31.7 ""","41.3 ""","182.7 ""","36.0 ""","108.3 """,24,6,"3,858 lbs.","4,872 lbs.",,,,,,,,
Audi,S5,2014,17 mpg,26 mpg,16.1gal.,4,12 cu.ft.,quattro all-wheel drive,v-6,3.0,"333hp @ 5,500rpm",6 speed manual,"325 lb.-ft. @ 2,900rpm",4-wheel,3.0 l,183 cu.in.,333 hp,"39.1 ""","53.9 ""","73.0 ""","31.7 ""","41.3 ""","182.7 ""","36.0 ""","108.3 """,24,6,"3,858 lbs.","4,872 lbs.",,,,,,,,
Audi,S5,2013,17 mpg,26 mpg,16.1gal.,4,12 cu.ft.,quattro all-wheel drive,v-6,3.0,"333hp @ 5,500rpm",6 speed manual,"325 lb.-ft. @ 2,900rpm",4-wheel,3.0 l,183 cu.in.,333 hp,"39.1 ""","53.9 ""","73.0 ""","31.7 ""","41.3 ""","182.7 ""","36.0 ""","108.3 """,24,6,"3,858 lbs.","4,872 lbs.",,,,,,,,
Audi,S5,2012,14 mpg,22 mpg,16.9gal.,4,12 cu.ft.,quattro all-wheel drive,v-8,4.2,"354hp @ 7,000rpm",6 speed manual,"325 lb.-ft. @ 3,500rpm",4-wheel,4.2 l,254 cu.in.,354 hp,"39.1 ""","53.9 ""","73.0 ""","31.7 ""","41.3 ""","182.5 ""","36.0 ""","108.3 """,32,6,"3,858 lbs.","4,861 lbs.",,,,,,,,
Audi,S5,2011,14 mpg,22 mpg,16.6gal.,4,12 cu.ft.,quattro all-wheel drive,v-8,4.2,"354hp @ 7,000rpm",6 speed manual,"325 lb.-ft. @ 3,500rpm",4-wheel,4.2 l,254 cu.in.,354 hp,"39.1 ""","54.0 ""","73.0 """,,,"182.1 ""","36.0 ""","108.3 """,32,6,"3,858 lbs.","4,861 lbs.",,,,,,,,
Audi,S5,2010,,,16.6gal.,,,quattro all-wheel drive,v-8,4.2,"354hp @ 7,000rpm",6 speed manual,"325 lb.-ft. @ 3,500rpm",,,,,,,,,,,,,32,,,,,,,,,,,
Audi,S5,2009,,,16.6gal.,,,quattro all-wheel drive,v-8,4.2,"354hp @ 6,800rpm",6 speed manual,"325 lb.-ft. @ 3,500rpm",,,,,,,,,,,,,32,,,,,,,,,,,
Audi,S5,2008,,,16.6gal.,,,quattro all-wheel drive,v-8,4.2,"354hp @ 6,800rpm",6 speed manual,"325 lb.-ft. @ 3,500rpm",,,,,,,,,,,,,32,,,,,,,,,,,
Audi,A3,2018,26 mpg,35 mpg,13.2gal.,5,12 cu.ft.,front-wheel,i-4,2.0,"186hp @ 4,400rpm",7 speed automatic with auto-shift,"221 lb.-ft. @ 1,600rpm",4-wheel,2.0 l,121 cu.in.,186 hp,"39.6 ""","55.7 ""","70.7 ""","35.1 ""","41.2 ""","175.5 ""","36.4 ""","103.8 """,16,7,"3,197 lbs.","4,068 lbs.",,,,,,,,
Audi,A3,2017,,,13.2gal.,,,front-wheel,i-4,2.0,"186hp @ 4,400rpm",7 speed automatic with auto-shift,"221 lb.-ft. @ 1,600rpm",,,,,,,,,,,,,16,,,,,,,,,,,
Audi,A3,2016,23 mpg,33 mpg,13.2gal.,5,,fronttrak front-wheel,i-4,1.8,"170hp @ 4,500rpm",6 speed automatic with auto-shift,"200 lb.-ft. @ 1,600rpm",4-wheel,1.8 l,110 cu.in.,170 hp,"39.6 ""","55.8 ""","70.7 ""","35.1 ""","41.2 ""","175.0 ""","36.4 ""","103.8 """,16,6,"3,175 lbs.","4,365 lbs.",,,,,,,,
Audi,A3,2015,23 mpg,33 mpg,13.2gal.,5,,fronttrak front-wheel,i-4,1.8,"170hp @ 4,500rpm",6 speed automatic with auto-shift,"200 lb.-ft. @ 1,600rpm",4-wheel,1.8 l,110 cu.in.,170 hp,"39.6 ""","55.8 ""","70.7 ""","35.1 ""","41.2 ""","175.0 ""","36.4 ""","103.8 """,16,6,"3,175 lbs.","4,387 lbs.",,,,,,,,
Audi,A3,2013,21 mpg,30 mpg,14.6gal.,5,39 cu.ft.,fronttrak front-wheel,i-4,2.0,"200hp @ 5,100rpm",6 speed manual,"207 lb.-ft. @ 1,800rpm",4-wheel,2.0 l,121 cu.in.,200 hp,"39.3 ""","56.0 ""","69.5 ""","34.8 ""","41.2 ""","169.0 ""","36.9 ""","101.5 """,16,6,"3,219 lbs.","4,497 lbs.",,,,,,,,
Audi,A3,2012,21 mpg,30 mpg,14.6gal.,5,39 cu.ft.,fronttrak front-wheel,i-4,2.0,"200hp @ 5,100rpm",6 speed manual,"207 lb.-ft. @ 1,800rpm",4-wheel,2.0 l,121 cu.in.,200 hp,"39.3 ""","56.0 ""","69.5 ""","34.8 ""","41.2 ""","169.0 ""","36.9 ""","101.5 """,16,6,"3,219 lbs.","4,497 lbs.",,,,,,,,
Audi,A3,2011,21 mpg,30 mpg,14.6gal.,5,39 cu.ft.,fronttrak front-wheel,i-4,2.0,"200hp @ 5,100rpm",6 speed manual,"207 lb.-ft. @ 1,800rpm",4-wheel,2.0 l,121 cu.in.,200 hp,"39.3 ""","56.0 ""","69.5 ""","34.8 ""","41.2 ""","169.0 ""","36.9 ""","101.5 """,16,6,"3,219 lbs.","4,497 lbs.",,,,,,,,
Audi,A3,2010,21 mpg,30 mpg,14.6gal.,5,39 cu.ft.,fronttrak front-wheel,i-4,2.0,"200hp @ 5,100rpm",6 speed manual,"207 lb.-ft. @ 1,800rpm",4-wheel,2.0 l,121 cu.in.,200 hp,"39.3 ""","56.0 ""","69.5 ""","34.8 ""","41.2 ""","169.0 ""","36.9 ""","101.5 """,16,6,"3,219 lbs.","4,497 lbs.",,,,,,,,
Audi,A3,2009,,,14.5gal.,,,fronttrak front-wheel,i-4,2.0,"200hp @ 5,100rpm",6 speed manual,"207 lb.-ft. @ 1,800rpm",,,,,,,,,,,,,16,,,,,,,,,,,
Audi,A3,2008,,,14.5gal.,,,front-wheel,i-4,2.0,"200hp @ 5,100rpm",6 speed manual,"207 lb.-ft. @ 1,800rpm",,,,,,,,,,,,,16,,,,,,,,,,,
Audi,A3,2007,,,14.5gal.,,,front-wheel,i-4,2.0,"200hp @ 5,100rpm",6 speed manual,"207 lb.-ft. @ 1,800rpm",,,,,,,,,,,,,16,,,,,,,,,,,
Audi,A3,2006,,,14.5gal.,,,fronttrak front-wheel,i-4,2.0,"200hp @ 5,100rpm",6 speed manual,"207 lb.-ft. @ 1,800rpm",,,,,,,,,,,,,16,,,,,,,,,,,
Audi,A5,2018,24 mpg,34 mpg,15.3gal.,4,12 cu.ft.,quattro all-wheel drive,i-4,2.0,"252hp @ 5,000rpm",7 speed automatic with auto-shift,"273 lb.-ft. @ 1,600rpm",4-wheel,2.0 l,121 cu.in.,252 hp,"39.0 ""","54.0 ""","72.7 ""","32.7 ""","41.3 ""","184.0 """,,"108.8 """,16,7,"3,549 lbs.",,,,,,,,,
Audi,A5,2017,,,16.1gal.,,,quattro all-wheel drive,i-4,2.0,"220hp @ 4,450rpm",6 speed manual,"258 lb.-ft. @ 1,500rpm",,,,,,,,,,,,,16,,,,,,,,,,,
Audi,A5,2016,,,16.1gal.,,,quattro all-wheel drive,i-4,2.0,"220hp @ 4,450rpm",6 speed manual,"258 lb.-ft. @ 1,500rpm",,,,,,,,,,,,,16,,,,,,,,,,,
Audi,A5,2015,22 mpg,32 mpg,16.1gal.,4,12 cu.ft.,quattro all-wheel drive,i-4,2.0,"220hp @ 4,450rpm",6 speed manual,"258 lb.-ft. @ 1,500rpm",4-wheel,2.0 l,121 cu.in.,220 hp,"39.1 ""","54.0 ""","73.0 ""","31.7 ""","41.3 ""","182.1 ""","36.0 ""","108.3 """,16,6,"3,583 lbs.","4,575 lbs.",,,,,,,,
Audi,A5,2014,22 mpg,32 mpg,16.1gal.,4,12 cu.ft.,quattro all-wheel drive,i-4,2.0,"220hp @ 4,450rpm",6 speed manual,"258 lb.-ft. @ 1,500rpm",4-wheel,2.0 l,121 cu.in.,220 hp,"39.1 ""","54.0 ""","73.0 ""","31.7 ""","41.3 ""","182.1 ""","36.0 ""","108.3 """,16,6,"3,583 lbs.","4,575 lbs.",,,,,,,,
Audi,A5,2013,22 mpg,32 mpg,16.1gal.,4,12 cu.ft.,quattro all-wheel drive,i-4,2.0,"211hp @ 4,300rpm",6 speed manual,"258 lb.-ft. @ 1,500rpm",4-wheel,2.0 l,121 cu.in.,211 hp,"39.1 ""","54.0 ""","73.0 ""","31.7 ""","41.3 ""","182.1 ""","36.0 ""","108.3 """,16,6,"3,583 lbs.","4,575 lbs.",,,,,,,,
Audi,A5,2012,21 mpg,31 mpg,16.9gal.,4,12 cu.ft.,quattro all-wheel drive,i-4,2.0,"211hp @ 4,300rpm",6 speed manual,"258 lb.-ft. @ 1,500rpm",4-wheel,2.0 l,121 cu.in.,211 hp,"39.1 ""","54.0 ""","73.0 ""","31.7 ""","41.3 ""","182.1 ""","36.0 ""","108.3 """,16,6,"3,583 lbs.",,,,,,,,,
Audi,A5,2011,21 mpg,31 mpg,17.2gal.,4,12 cu.ft.,quattro all-wheel drive,i-4,2.0,"211hp @ 4,300rpm",6 speed manual,"258 lb.-ft. @ 1,500rpm",4-wheel,2.0 l,121 cu.in.,211 hp,"39.1 ""","54.0 ""","73.0 """,,,"182.1 ""","36.0 ""","108.3 """,16,6,"3,583 lbs.","4,575 lbs.",,,,,,,,
Audi,A5,2010,,,17.2gal.,,,quattro all-wheel drive,i-4,2.0,"211hp @ 4,300rpm",6 speed manual,"258 lb.-ft. @ 1,500rpm",,,,,,,,,,,,,16,,,,,,,,,,,
Audi,A5,2009,,,16.9gal.,,,quattro all-wheel drive,v-6,3.2,"265hp @ 6,500rpm",6 speed manual,"243 lb.-ft. @ 3,250rpm",,,,,,,,,,,,,24,,,,,,,,,,,
Audi,A5,2008,,,16.9gal.,,,quattro all-wheel drive,v-6,3.2,"265hp @ 6,500rpm",6 speed manual,"243 lb.-ft. @ 3,250rpm",,,,,,,,,,,,,24,,,,,,,,,,,
Audi,R8,2018,14 mpg,22 mpg,21.9gal.,2,8 cu.ft.,quattro all-wheel drive,v-10,5.2,"532hp @ 7,800rpm",7 speed automatic with auto-shift,"398 lb.-ft. @ 6,500rpm",4-wheel,5.2 l,318 cu.in.,532 hp,"38.5 ""","48.8 ""","76.4 """,,"40.9 ""","174.3 """,,"104.4 """,40,7,"3,737 lbs.",,,,,,,,,
Audi,R8,2017,,,21.9gal.,,,quattro all-wheel drive,v-10,5.2,"540hp @ 7,800rpm",7 speed automatic with auto-shift,"398 lb.-ft. @ 6,500rpm",,,,,,,,,,,,,40,,,,,,,,,,,
Audi,R8,2015,11 mpg,20 mpg,23.8gal.,2,3 cu.ft.,quattro all-wheel drive,v-8,4.2,"430hp @ 7,900rpm",6 speed manual,"317 lb.-ft. @ 4,500rpm",4-wheel,4.2 l,254 cu.in.,430 hp,"37.7 ""","49.3 ""","75.0 """,,"41.0 ""","175.0 """,,"104.3 """,32,6,"3,439 lbs.","4,211 lbs.",,,,,,,,
Audi,R8,2014,11 mpg,20 mpg,23.8gal.,2,3 cu.ft.,quattro all-wheel drive,v-8,4.2,"430hp @ 7,900rpm",6 speed manual,"317 lb.-ft. @ 4,500rpm",4-wheel,4.2 l,254 cu.in.,430 hp,"37.7 ""","49.3 ""","75.0 """,,"41.0 ""","175.0 """,,"104.3 """,32,6,"3,583 lbs.",,,,,,,,,
Audi,R8,2012,13 mpg,19 mpg,23.7gal.,2,3 cu.ft.,quattro all-wheel drive,v-10,5.2,"560hp @ 8,000rpm",6 speed automatic with auto-shift,"398 lb.-ft. @ 6,500rpm",4-wheel,5.2 l,318 cu.in.,560 hp,"38.0 ""","49.3 ""","75.0 """,,"41.1 ""","174.5 """,,"104.3 """,40,6,"3,362 lbs.","4,365 lbs.",,,,,,,,
Audi,R8,2011,12 mpg,19 mpg,23.8gal.,2,3 cu.ft.,quattro all-wheel drive,v-10,5.2,"525hp @ 8,000rpm",6 speed manual,"391 lb.-ft. @ 6,500rpm",4-wheel,5.2 l,318 cu.in.,525 hp,"38.0 ""","49.3 ""","75.0 """,,"41.1 ""","174.5 """,,"104.3 """,40,6,"3,605 lbs.","4,365 lbs.",,,,,,,,
Audi,R8,2010,,,23.8gal.,,,quattro all-wheel drive,v-8,4.2,"420hp @ 7,800rpm",6 speed manual,"317 lb.-ft. @ 4,500rpm",,,,,,,,,,,,,32,,,,,,,,,,,
Audi,R8,2009,,,23.8gal.,,,quattro all-wheel drive,v-8,4.2,"420hp @ 7,800rpm",6 speed manual,"317 lb.-ft. @ 4,500rpm",,,,,,,,,,,,,32,,,,,,,,,,,
Audi,R8,2008,,,23.8gal.,,,quattro all-wheel drive,v-8,4.2,"420hp @ 7,800rpm",6 speed manual,"317 lb.-ft. @ 4,500rpm",,,,,,,,,,,,,32,,,,,,,,,,,
Audi,RS 5,2018,18 mpg,26 mpg,15.3gal.,4,16 cu.ft.,quattro all-wheel drive,v-6,2.9,"444hp @ 5,700rpm",8 speed automatic,"443 lb.-ft. @ 1,900rpm",4-wheel,2.9 l,177 cu.in.,444 hp,"39.0 ""","53.5 ""","73.3 ""","32.7 ""","41.3 ""","185.9 """,,"108.9 """,24,8,"3,649 lbs.","4,839 lbs.",,,,,,,,
Audi,RS 5,2015,16 mpg,23 mpg,16.1gal.,4,12 cu.ft.,quattro all-wheel drive,v-8,4.2,"450hp @ 8,250rpm",7 speed automatic with auto-shift,"317 lb.-ft. @ 4,000rpm",4-wheel,4.2 l,254 cu.in.,450 hp,"39.1 ""","53.8 ""","73.2 ""","31.7 ""","41.3 ""","183.0 ""","36.0 ""","108.3 """,32,7,"4,009 lbs.","4,971 lbs.",,,,,,,,
Audi,RS 5,2014,16 mpg,23 mpg,16.1gal.,4,12 cu.ft.,quattro all-wheel drive,v-8,4.2,"450hp @ 8,250rpm",7 speed automatic with auto-shift,"317 lb.-ft. @ 4,000rpm",4-wheel,4.2 l,254 cu.in.,450 hp,"39.1 ""","53.8 ""","73.2 ""","31.7 ""","41.3 ""","183.0 ""","36.0 ""","108.3 """,32,7,"4,012 lbs.","4,971 lbs.",,,,,,,,
Audi,RS 5,2013,16 mpg,23 mpg,16.1gal.,4,12 cu.ft.,quattro all-wheel drive,v-8,4.2,"450hp @ 8,250rpm",7 speed automatic with auto-shift,"317 lb.-ft. @ 4,000rpm",4-wheel,4.2 l,254 cu.in.,450 hp,"39.1 ""","53.8 ""","73.2 ""","31.7 ""","41.3 ""","183.0 ""","36.0 ""","108.3 """,32,7,"4,012 lbs.","4,971 lbs.",,,,,,,,
Audi,A3 e-tron,2018,,,10.6gal.,5,34 cu.ft.,front-wheel,i-4,1.4,"150hp @ 5,000rpm",6 speed automatic with auto-shift,"184 lb.-ft. @ 1,600rpm",4-wheel,1.4 l,85 cu.in.,150 hp,"38.7 ""","56.1 ""","70.3 ""","35.4 ""","41.2 ""","169.7 ""","37.5 ""","103.5 """,16,6,"3,616 lbs.","4,696 lbs.",,,,,,,,
Audi,A3 e-tron,2017,,,10.6gal.,,,front-wheel,i-4,1.4,"150hp @ 5,000rpm",6 speed automatic with auto-shift,"184 lb.-ft. @ 1,600rpm",,,,,,,,,,,,,16,,,,,,,,,,,
Audi,A3 e-tron,2016,,,10.6gal.,5,,fronttrak front-wheel,i-4,1.4,"150hp @ 5,000rpm",6 speed automatic with auto-shift,"184 lb.-ft. @ 1,600rpm",4-wheel,1.4 l,85 cu.in.,150 hp,"38.7 ""","56.0 ""","70.3 ""","35.4 ""","41.2 ""","169.8 ""","37.5 ""","103.5 """,16,6,"3,616 lbs.","4,696 lbs.",,,,,,,,
Audi,Q5 hybrid,2016,,,19.0gal.,,,quattro all-wheel drive,i-4,2.0,"211hp @ 4,300rpm",8 speed automatic,"258 lb.-ft. @ 1,500rpm",,,,,,,,,,,,,16,,,,,,,,,,,
Audi,Q5 hybrid,2015,24 mpg,30 mpg,19.0gal.,5,57 cu.ft.,quattro all-wheel drive,i-4,2.0,"211hp @ 4,300rpm",8 speed automatic,"258 lb.-ft. @ 1,500rpm",4-wheel,2.0 l,121 cu.in.,211 hp,"39.4 ""","65.0 ""","74.7 ""","37.4 ""","41.0 ""","182.6 ""","39.0 ""","110.5 """,16,8,"4,409 lbs.","5,611 lbs.","4,400 lbs.",,,,,,,
Audi,Q5 hybrid,2014,24 mpg,30 mpg,19.0gal.,5,57 cu.ft.,quattro all-wheel drive,i-4,2.0,"211hp @ 4,300rpm",8 speed automatic,"258 lb.-ft. @ 1,500rpm",4-wheel,2.0 l,121 cu.in.,211 hp,"39.4 ""","65.0 ""","74.7 ""","37.4 ""","41.0 ""","182.6 ""","39.0 ""","110.5 """,16,8,"4,431 lbs.","5,611 lbs.","4,400 lbs.",,,,,,,
Audi,Q5 hybrid,2013,24 mpg,30 mpg,19.0gal.,5,57 cu.ft.,quattro all-wheel drive,i-4,2.0,"211hp @ 4,300rpm",8 speed automatic,"258 lb.-ft. @ 1,500rpm",4-wheel,2.0 l,121 cu.in.,211 hp,"39.4 ""","65.0 ""","74.7 ""","37.4 ""","41.0 ""","182.6 ""","39.0 ""","110.5 """,16,8,"4,431 lbs.","5,567 lbs.","4,400 lbs.",,,,,,,
Audi,A3,2018,26 mpg,35 mpg,13.2gal.,5,12 cu.ft.,front-wheel,i-4,2.0,"186hp @ 4,400rpm",7 speed automatic with auto-shift,"221 lb.-ft. @ 1,600rpm",4-wheel,2.0 l,121 cu.in.,186 hp,"39.6 ""","55.7 ""","70.7 ""","35.1 ""","41.2 ""","175.5 ""","36.4 ""","103.8 """,16,7,"3,197 lbs.","4,068 lbs.",,,,,,,,
Audi,A3,2017,,,13.2gal.,,,front-wheel,i-4,2.0,"186hp @ 4,400rpm",7 speed automatic with auto-shift,"221 lb.-ft. @ 1,600rpm",,,,,,,,,,,,,16,,,,,,,,,,,
Audi,A3,2016,23 mpg,33 mpg,13.2gal.,5,,fronttrak front-wheel,i-4,1.8,"170hp @ 4,500rpm",6 speed automatic with auto-shift,"200 lb.-ft. @ 1,600rpm",4-wheel,1.8 l,110 cu.in.,170 hp,"39.6 ""","55.8 ""","70.7 ""","35.1 ""","41.2 ""","175.0 ""","36.4 ""","103.8 """,16,6,"3,175 lbs.","4,365 lbs.",,,,,,,,
Audi,A3,2015,23 mpg,33 mpg,13.2gal.,5,,fronttrak front-wheel,i-4,1.8,"170hp @ 4,500rpm",6 speed automatic with auto-shift,"200 lb.-ft. @ 1,600rpm",4-wheel,1.8 l,110 cu.in.,170 hp,"39.6 ""","55.8 ""","70.7 ""","35.1 ""","41.2 ""","175.0 ""","36.4 ""","103.8 """,16,6,"3,175 lbs.","4,387 lbs.",,,,,,,,
Audi,A3,2013,21 mpg,30 mpg,14.6gal.,5,39 cu.ft.,fronttrak front-wheel,i-4,2.0,"200hp @ 5,100rpm",6 speed manual,"207 lb.-ft. @ 1,800rpm",4-wheel,2.0 l,121 cu.in.,200 hp,"39.3 ""","56.0 ""","69.5 ""","34.8 ""","41.2 ""","169.0 ""","36.9 ""","101.5 """,16,6,"3,219 lbs.","4,497 lbs.",,,,,,,,
Audi,A3,2012,21 mpg,30 mpg,14.6gal.,5,39 cu.ft.,fronttrak front-wheel,i-4,2.0,"200hp @ 5,100rpm",6 speed manual,"207 lb.-ft. @ 1,800rpm",4-wheel,2.0 l,121 cu.in.,200 hp,"39.3 ""","56.0 ""","69.5 ""","34.8 ""","41.2 ""","169.0 ""","36.9 ""","101.5 """,16,6,"3,219 lbs.","4,497 lbs.",,,,,,,,
Audi,A3,2011,21 mpg,30 mpg,14.6gal.,5,39 cu.ft.,fronttrak front-wheel,i-4,2.0,"200hp @ 5,100rpm",6 speed manual,"207 lb.-ft. @ 1,800rpm",4-wheel,2.0 l,121 cu.in.,200 hp,"39.3 ""","56.0 ""","69.5 ""","34.8 ""","41.2 ""","169.0 ""","36.9 ""","101.5 """,16,6,"3,219 lbs.","4,497 lbs.",,,,,,,,
Audi,A3,2010,21 mpg,30 mpg,14.6gal.,5,39 cu.ft.,fronttrak front-wheel,i-4,2.0,"200hp @ 5,100rpm",6 speed manual,"207 lb.-ft. @ 1,800rpm",4-wheel,2.0 l,121 cu.in.,200 hp,"39.3 ""","56.0 ""","69.5 ""","34.8 ""","41.2 ""","169.0 ""","36.9 ""","101.5 """,16,6,"3,219 lbs.","4,497 lbs.",,,,,,,,
Audi,A3,2009,,,14.5gal.,,,fronttrak front-wheel,i-4,2.0,"200hp @ 5,100rpm",6 speed manual,"207 lb.-ft. @ 1,800rpm",,,,,,,,,,,,,16,,,,,,,,,,,
Audi,A3,2008,,,14.5gal.,,,front-wheel,i-4,2.0,"200hp @ 5,100rpm",6 speed manual,"207 lb.-ft. @ 1,800rpm",,,,,,,,,,,,,16,,,,,,,,,,,
Audi,A3,2007,,,14.5gal.,,,front-wheel,i-4,2.0,"200hp @ 5,100rpm",6 speed manual,"207 lb.-ft. @ 1,800rpm",,,,,,,,,,,,,16,,,,,,,,,,,
Audi,A3,2006,,,14.5gal.,,,fronttrak front-wheel,i-4,2.0,"200hp @ 5,100rpm",6 speed manual,"207 lb.-ft. @ 1,800rpm",,,,,,,,,,,,,16,,,,,,,,,,,
Audi,A3 e-tron,2018,,,10.6gal.,5,34 cu.ft.,front-wheel,i-4,1.4,"150hp @ 5,000rpm",6 speed automatic with auto-shift,"184 lb.-ft. @ 1,600rpm",4-wheel,1.4 l,85 cu.in.,150 hp,"38.7 ""","56.1 ""","70.3 ""","35.4 ""","41.2 ""","169.7 ""","37.5 ""","103.5 """,16,6,"3,616 lbs.","4,696 lbs.",,,,,,,,
Audi,A3 e-tron,2017,,,10.6gal.,,,front-wheel,i-4,1.4,"150hp @ 5,000rpm",6 speed automatic with auto-shift,"184 lb.-ft. @ 1,600rpm",,,,,,,,,,,,,16,,,,,,,,,,,
Audi,A3 e-tron,2016,,,10.6gal.,5,,fronttrak front-wheel,i-4,1.4,"150hp @ 5,000rpm",6 speed automatic with auto-shift,"184 lb.-ft. @ 1,600rpm",4-wheel,1.4 l,85 cu.in.,150 hp,"38.7 ""","56.0 ""","70.3 ""","35.4 ""","41.2 ""","169.8 ""","37.5 ""","103.5 """,16,6,"3,616 lbs.","4,696 lbs.",,,,,,,,
Audi,A4,2018,27 mpg,37 mpg,15.3gal.,5,13 cu.ft.,front-wheel,i-4,2.0,"190hp @ 4,200rpm",7 speed automatic with auto-shift,"236 lb.-ft. @ 1,450rpm",4-wheel,2.0 l,121 cu.in.,190 hp,"38.9 ""","56.2 ""","72.5 ""","35.7 ""","41.3 ""","186.1 ""","37.4 ""","111.0 """,16,7,"3,450 lbs.","4,795 lbs.",,,,,,,,
Audi,A4,2017,25 mpg,33 mpg,15.3gal.,5,13 cu.ft.,front-wheel,i-4,2.0,"252hp @ 5,000rpm",7 speed automatic with auto-shift,"273 lb.-ft. @ 1,600rpm",4-wheel,2.0 l,121 cu.in.,252 hp,"38.9 ""","56.2 ""","72.5 ""","35.7 ""","41.3 ""","186.1 ""","37.4 ""","111.0 """,16,7,"3,483 lbs.","4,795 lbs.",,,,,,,,
Audi,A4,2016,,,16.1gal.,,,fronttrak front-wheel,i-4,2.0,"220hp @ 4,450rpm",continuously variable automatic,"258 lb.-ft. @ 1,500rpm",,,,,,,,,,,,,16,,,,,,,,,,,
Audi,A4,2015,24 mpg,32 mpg,16.1gal.,5,12 cu.ft.,fronttrak front-wheel,i-4,2.0,"220hp @ 4,450rpm",continuously variable automatic,"258 lb.-ft. @ 1,500rpm",4-wheel,2.0 l,121 cu.in.,220 hp,"38.0 ""","56.2 ""","71.9 ""","35.2 ""","41.3 ""","185.1 ""","37.5 ""","110.6 """,16,continuously variable,"3,583 lbs.","4,740 lbs.",,,,,,,,
Audi,A4,2014,24 mpg,32 mpg,16.1gal.,5,12 cu.ft.,fronttrak front-wheel,i-4,2.0,"220hp @ 4,450rpm",continuously variable automatic,"258 lb.-ft. @ 1,500rpm",4-wheel,2.0 l,121 cu.in.,220 hp,"38.0 ""","56.2 ""","71.9 ""","35.2 ""","41.3 ""","185.1 ""","37.5 ""","110.6 """,16,continuously variable,"3,516 lbs.","4,740 lbs.",,,,,,,,
Audi,A4,2013,24 mpg,31 mpg,16.1gal.,5,12 cu.ft.,fronttrak front-wheel,i-4,2.0,"211hp @ 4,300rpm",continuously variable automatic,"258 lb.-ft. @ 1,500rpm",4-wheel,2.0 l,121 cu.in.,211 hp,"40.0 ""","56.2 ""","71.9 ""","35.2 ""","41.3 ""","185.1 ""","37.5 ""","110.6 """,16,continuously variable,"3,516 lbs.","4,740 lbs.",,,,,,,,
Audi,A4,2012,22 mpg,30 mpg,16.9gal.,5,12 cu.ft.,fronttrak front-wheel,i-4,2.0,"211hp @ 4,300rpm",continuously variable automatic,"258 lb.-ft. @ 1,500rpm",4-wheel,2.0 l,121 cu.in.,211 hp,"40.0 ""","56.2 ""","72.0 ""","35.2 ""","41.3 ""","185.2 ""","37.5 ""","110.6 """,16,continuously variable,"3,505 lbs.",,,,,,,,,
Audi,A4,2011,22 mpg,30 mpg,17.2gal.,5,12 cu.ft.,fronttrak front-wheel,i-4,2.0,"211hp @ 4,300rpm",continuously variable automatic,"258 lb.-ft. @ 1,500rpm",4-wheel,2.0 l,121 cu.in.,211 hp,"40.0 ""","56.2 ""","71.9 ""","35.2 ""","41.3 ""","185.2 ""","37.5 ""","110.6 """,16,continuously variable,"3,505 lbs.","4,707 lbs.",,,,,,,,
Audi,A4,2010,,,17.2gal.,,,quattro all-wheel drive,i-4,2.0,"211hp @ 4,300rpm",6 speed automatic,"258 lb.-ft. @ 1,500rpm",,,,,,,,,,,,,16,,,,,,,,,,,
Audi,A4,2009,,,16.9gal.,,,quattro all-wheel drive,i-4,2.0,"211hp @ 5,300rpm",6 speed automatic,"258 lb.-ft. @ 1,500rpm",,,,,,,,,,,,,16,,,,,,,,,,,
Audi,A4,2008,,,16.6gal.,,,quattro all-wheel drive,i-4,2.0,"200hp @ 5,100rpm",6 speed automatic,"207 lb.-ft. @ 1,800rpm",,,,,,,,,,,,,16,,,,,,,,,,,
Audi,A4,2007,,,18.5gal.,,,front-wheel,i-4,2.0,"200hp @ 5,100rpm",6 speed manual,"207 lb.-ft. @ 1,800rpm",,,,,,,,,,,,,16,,,,,,,,,,,
Audi,A4,2006,,,18.5gal.,,,fronttrak front-wheel,i-4,1.8,"170hp @ 5,900rpm",continuously variable automatic,"166 lb.-ft. @ 1,950rpm",,,,,,,,,,,,,20,,,,,,,,,,,
Audi,A4,2005,,,18.5gal.,,,fronttrak front-wheel,i-4,2.0,"200hp @ 5,100rpm",6 speed manual,"207 lb.-ft. @ 1,800rpm",,,,,,,,,,,,,16,,,,,,,,,,,
Audi,A4,2004,,,18.5gal.,,,fronttrak front-wheel,i-4,1.8,"170hp @ 5,900rpm",5 speed manual,"166 lb.-ft. @ 1,950rpm",,,,,,,,,,,,,20,,,,,,,,,,,
Audi,A4,2003,,,18.5gal.,,,fronttrak front-wheel,i-4,1.8,"170hp @ 5,900rpm",5 speed manual,"166 lb.-ft. @ 1,950rpm",,,,,,,,,,,,,20,,,,,,,,,,,
Audi,A4,2002,,,18.5gal.,,,front-wheel,i-4,1.8,"170hp @ 5,900rpm",5 speed manual,"166 lb.-ft. @ 1,950rpm",,,,,,,,,,,,,20,,,,,,,,,,,
Audi,A4,2001,,,15.9gal.,,,front-wheel,i-4,1.8,"170hp @ 5,900rpm",5 speed manual,"166 lb.-ft. @ 1,950rpm",,,,,,,,,,,,,20,,,,,,,,,,,
Audi,A4,2000,,,16.4gal.,,,front-wheel,i-4,1.8,"150hp @ 5,700rpm",5 speed manual,"155 lb.-ft. @ 1,750rpm",,,,,,,,,,,,,20,,,,,,,,,,,
Audi,A4,1999,,,16.4gal.,,,front-wheel,v-6,2.8,"190hp @ 6,000rpm",5 speed manual,"207 lb.-ft. @ 3,200rpm",,,,,,,,,,,,,30,,,,,,,,,,,
Audi,A4 allroad,2018,22 mpg,30 mpg,15.3gal.,5,59 cu.ft.,quattro w/ultra all-wheel drive,i-4,2.0,"252hp @ 5,000rpm",7 speed automatic with auto-shift,"273 lb.-ft. @ 1,600rpm",4-wheel,2.0 l,121 cu.in.,252 hp,"39.2 ""","58.8 ""","72.5 ""","35.7 ""","41.3 ""","187.0 ""","37.4 ""","110.9 """,16,7,"3,825 lbs.","5,004 lbs.",,,,,,,,
Audi,A4 allroad,2017,23 mpg,28 mpg,15.3gal.,5,59 cu.ft.,all-wheel drive,i-4,2.0,"252hp @ 5,000rpm",7 speed automatic with auto-shift,"273 lb.-ft. @ 1,600rpm",4-wheel,2.0 l,121 cu.in.,252 hp,"39.2 ""","58.8 ""","72.5 ""","35.7 ""","41.3 ""","187.0 ""","37.4 ""","110.9 """,16,7,"3,825 lbs.","5,004 lbs.",,,,,,,,
Audi,A5,2018,24 mpg,34 mpg,15.3gal.,4,12 cu.ft.,quattro all-wheel drive,i-4,2.0,"252hp @ 5,000rpm",7 speed automatic with auto-shift,"273 lb.-ft. @ 1,600rpm",4-wheel,2.0 l,121 cu.in.,252 hp,"39.0 ""","54.0 ""","72.7 ""","32.7 ""","41.3 ""","184.0 """,,"108.8 """,16,7,"3,549 lbs.",,,,,,,,,
Audi,A5,2017,,,16.1gal.,,,quattro all-wheel drive,i-4,2.0,"220hp @ 4,450rpm",6 speed manual,"258 lb.-ft. @ 1,500rpm",,,,,,,,,,,,,16,,,,,,,,,,,
Audi,A5,2016,,,16.1gal.,,,quattro all-wheel drive,i-4,2.0,"220hp @ 4,450rpm",6 speed manual,"258 lb.-ft. @ 1,500rpm",,,,,,,,,,,,,16,,,,,,,,,,,
Audi,A5,2015,22 mpg,32 mpg,16.1gal.,4,12 cu.ft.,quattro all-wheel drive,i-4,2.0,"220hp @ 4,450rpm",6 speed manual,"258 lb.-ft. @ 1,500rpm",4-wheel,2.0 l,121 cu.in.,220 hp,"39.1 ""","54.0 ""","73.0 ""","31.7 ""","41.3 ""","182.1 ""","36.0 ""","108.3 """,16,6,"3,583 lbs.","4,575 lbs.",,,,,,,,
Audi,A5,2014,22 mpg,32 mpg,16.1gal.,4,12 cu.ft.,quattro all-wheel drive,i-4,2.0,"220hp @ 4,450rpm",6 speed manual,"258 lb.-ft. @ 1,500rpm",4-wheel,2.0 l,121 cu.in.,220 hp,"39.1 ""","54.0 ""","73.0 ""","31.7 ""","41.3 ""","182.1 ""","36.0 ""","108.3 """,16,6,"3,583 lbs.","4,575 lbs.",,,,,,,,
Audi,A5,2013,22 mpg,32 mpg,16.1gal.,4,12 cu.ft.,quattro all-wheel drive,i-4,2.0,"211hp @ 4,300rpm",6 speed manual,"258 lb.-ft. @ 1,500rpm",4-wheel,2.0 l,121 cu.in.,211 hp,"39.1 ""","54.0 ""","73.0 ""","31.7 ""","41.3 ""","182.1 ""","36.0 ""","108.3 """,16,6,"3,583 lbs.","4,575 lbs.",,,,,,,,
Audi,A5,2012,21 mpg,31 mpg,16.9gal.,4,12 cu.ft.,quattro all-wheel drive,i-4,2.0,"211hp @ 4,300rpm",6 speed manual,"258 lb.-ft. @ 1,500rpm",4-wheel,2.0 l,121 cu.in.,211 hp,"39.1 ""","54.0 ""","73.0 ""","31.7 ""","41.3 ""","182.1 ""","36.0 ""","108.3 """,16,6,"3,583 lbs.",,,,,,,,,
Audi,A5,2011,21 mpg,31 mpg,17.2gal.,4,12 cu.ft.,quattro all-wheel drive,i-4,2.0,"211hp @ 4,300rpm",6 speed manual,"258 lb.-ft. @ 1,500rpm",4-wheel,2.0 l,121 cu.in.,211 hp,"39.1 ""","54.0 ""","73.0 """,,,"182.1 ""","36.0 ""","108.3 """,16,6,"3,583 lbs.","4,575 lbs.",,,,,,,,
Audi,A5,2010,,,17.2gal.,,,quattro all-wheel drive,i-4,2.0,"211hp @ 4,300rpm",6 speed manual,"258 lb.-ft. @ 1,500rpm",,,,,,,,,,,,,16,,,,,,,,,,,
Audi,A5,2009,,,16.9gal.,,,quattro all-wheel drive,v-6,3.2,"265hp @ 6,500rpm",6 speed manual,"243 lb.-ft. @ 3,250rpm",,,,,,,,,,,,,24,,,,,,,,,,,
Audi,A5,2008,,,16.9gal.,,,quattro all-wheel drive,v-6,3.2,"265hp @ 6,500rpm",6 speed manual,"243 lb.-ft. @ 3,250rpm",,,,,,,,,,,,,24,,,,,,,,,,,
Audi,A6,2018,22 mpg,31 mpg,19.8gal.,5,14 cu.ft.,all-wheel drive,i-4,2.0,"252hp @ 5,000rpm",8 speed automatic,"273 lb.-ft. @ 1,600rpm",4-wheel,2.0 l,121 cu.in.,252 hp,"37.2 ""","57.8 ""","73.8 ""","37.4 ""","41.3 ""","194.2 ""","37.8 ""","114.6 """,16,8,"4,023 lbs.",,,,,,,,,
Audi,A6,2017,22 mpg,31 mpg,19.8gal.,5,14 cu.ft.,all-wheel drive,i-4,2.0,"252hp @ 5,000rpm",8 speed automatic,"273 lb.-ft. @ 1,600rpm",4-wheel,2.0 l,121 cu.in.,252 hp,"37.2 ""","57.8 ""","73.8 ""","37.4 ""","41.3 ""","194.2 ""","37.8 ""","114.6 """,16,8,"4,023 lbs.",,,,,,,,,
Audi,A6,2016,22 mpg,32 mpg,19.8gal.,5,14 cu.ft.,all-wheel drive,i-4,2.0,"252hp @ 5,000rpm",8 speed automatic,"273 lb.-ft. @ 1,600rpm",4-wheel,2.0 l,121 cu.in.,252 hp,"37.2 ""","57.8 ""","73.8 ""","37.4 ""","41.3 ""","194.2 ""","37.8 ""","114.6 """,16,8,"3,957 lbs.",,,,,,,,,
Audi,A6,2015,20 mpg,29 mpg,19.8gal.,5,14 cu.ft.,quattro all-wheel drive,i-4,2.0,"220hp @ 4,450rpm",8 speed automatic,"258 lb.-ft. @ 1,500rpm",4-wheel,2.0 l,121 cu.in.,220 hp,"37.2 ""","57.8 ""","73.8 ""","37.4 ""","41.3 ""","193.9 ""","37.8 ""","114.7 """,16,8,"3,957 lbs.",,,,,,,,,
Audi,A6,2014,20 mpg,29 mpg,19.8gal.,5,14 cu.ft.,quattro all-wheel drive,i-4,2.0,"220hp @ 4,450rpm",8 speed automatic,"258 lb.-ft. @ 1,500rpm",4-wheel,2.0 l,121 cu.in.,220 hp,"37.2 ""","57.8 ""","73.8 ""","37.4 ""","41.3 ""","193.9 ""","37.8 ""","114.7 """,16,8,"3,957 lbs.",,,,,,,,,
Audi,A6,2013,20 mpg,30 mpg,19.8gal.,5,14 cu.ft.,quattro all-wheel drive,i-4,2.0,"211hp @ 4,300rpm",8 speed automatic,"258 lb.-ft. @ 1,500rpm",4-wheel,2.0 l,121 cu.in.,211 hp,"37.2 ""","57.8 ""","73.8 ""","37.4 ""","41.3 ""","193.9 ""","37.8 ""","114.7 """,16,8,"3,891 lbs.","5,104 lbs.",,,,,,,,
Audi,A6,2012,19 mpg,28 mpg,19.8gal.,5,14 cu.ft.,quattro all-wheel drive,v-6,3.0,"310hp @ 5,500rpm",8 speed automatic,"325 lb.-ft. @ 2,900rpm",4-wheel,3.0 l,183 cu.in.,310 hp,"37.2 ""","57.8 ""","73.8 ""","37.4 ""","41.3 ""","193.9 ""","37.8 ""","114.7 """,24,8,"4,045 lbs.",,,,,,,,,
Audi,A6,2011,18 mpg,26 mpg,21.1gal.,5,16 cu.ft.,quattro all-wheel drive,v-6,3.0,"300hp @ 5,100rpm",6 speed automatic,"310 lb.-ft. @ 2,500rpm",4-wheel,3.0 l,183 cu.in.,300 hp,"37.5 ""","57.4 ""","73.0 ""","36.9 ""","41.3 ""","193.5 ""","37.8 ""","111.9 """,24,6,"4,123 lbs.","5,313 lbs.",,,,,,,,
Audi,A6,2010,18 mpg,26 mpg,21.1gal.,5,64 cu.ft.,quattro all-wheel drive,v-6,3.0,"300hp @ 5,100rpm",6 speed automatic,"310 lb.-ft. @ 2,500rpm",4-wheel,3.0 l,183 cu.in.,300 hp,"37.5 ""","58.2 ""","73.0 ""","36.9 ""","41.3 ""","194.2 ""","37.8 ""","111.9 """,24,6,"4,255 lbs.","5,501 lbs.",,,,,,,,
Audi,A6,2009,,,21.1gal.,,,quattro all-wheel drive,v-6,3.0,"300hp @ 5,100rpm",6 speed automatic,"310 lb.-ft. @ 2,500rpm",,,,,,,,,,,,,24,,,,,,,,,,,
Audi,A6,2008,,,21.1gal.,,,fronttrak front-wheel,v-6,3.1,"255hp @ 6,500rpm",continuously variable automatic,"243 lb.-ft. @ 3,250rpm",,,,,,,,,,,,,24,,,,,,,,,,,
Audi,A6,2007,,,21.1gal.,,,fronttrak front-wheel,v-6,3.1,"255hp @ 6,500rpm",continuously variable automatic,"243 lb.-ft. @ 3,250rpm",,,,,,,,,,,,,24,,,,,,,,,,,
Audi,A6,2006,,,21.1gal.,,,quattro all-wheel drive,v-6,3.1,"255hp @ 6,500rpm",6 speed automatic,"243 lb.-ft. @ 3,250rpm",,,,,,,,,,,,,24,,,,,,,,,,,
Audi,A6,2005,,,21.1gal.,,,quattro all-wheel drive,v-6,3.1,"255hp @ 6,500rpm",6 speed automatic,"243 lb.-ft. @ 3,250rpm",,,,,,,,,,,,,24,,,,,,,,,,,
Audi,A6,2004,,,18.5gal.,,,fronttrak front-wheel,v-6,3.0,"220hp @ 6,300rpm",continuously variable automatic,"221 lb.-ft. @ 3,200rpm",,,,,,,,,,,,,30,,,,,,,,,,,
Audi,A6,2003,,,18.5gal.,,,front-wheel,v-6,3.0,"220hp @ 6,300rpm",continuously variable automatic,"221 lb.-ft. @ 3,200rpm",,,,,,,,,,,,,30,,,,,,,,,,,
Audi,A6,2002,,,18.5gal.,,,front-wheel,v-6,3.0,"220hp @ 6,300rpm",continuously variable automatic,"221 lb.-ft. @ 3,200rpm",,,,,,,,,,,,,30,,,,,,,,,,,
Audi,A6,2001,,,18.5gal.,,,all-wheel drive,v-6,2.8,"200hp @ 6,000rpm",5 speed automatic,"207 lb.-ft. @ 3,200rpm",,,,,,,,,,,,,30,,,,,,,,,,,
Audi,A6,2000,,,18.5gal.,,,all-wheel drive,v-6,2.8,"200hp @ 6,000rpm",5 speed automatic,"207 lb.-ft. @ 3,200rpm",,,,,,,,,,,,,30,,,,,,,,,,,
Audi,A6,1999,,,18.5gal.,,,four-wheel,v-6,2.8,"200hp @ 6,000rpm",5 speed automatic,"207 lb.-ft. @ 3,200rpm",,,,,,,,,,,,,30,,,,,,,,,,,
Audi,A7,2018,20 mpg,29 mpg,19.8gal.,5,,quattro all-wheel drive,v-6,3.0,"340hp @ 5,300rpm",8 speed automatic,"325 lb.-ft. @ 2,900rpm",4-wheel,3.0 l,183 cu.in.,340 hp,"36.9 ""","55.9 ""","75.2 ""","37.0 ""","41.3 ""","196.2 ""","36.6 ""","114.7 """,24,8,"4,244 lbs.",,,,,,,,,
Audi,A7,2017,,,19.8gal.,,,quattro all-wheel drive,v-6,3.0,"333hp @ 5,500rpm",8 speed automatic,"325 lb.-ft. @ 2,900rpm",,,,,,,,,,,,,24,,,,,,,,,,,
Audi,A7,2016,,,19.8gal.,,,quattro all-wheel drive,v-6,3.0,"333hp @ 5,300rpm",8 speed automatic,"325 lb.-ft. @ 2,900rpm",,,,,,,,,,,,,24,,,,,,,,,,,
Audi,A7,2015,18 mpg,28 mpg,19.8gal.,5,,quattro all-wheel drive,v-6,3.0,"310hp @ 5,500rpm",8 speed automatic,"325 lb.-ft. @ 2,900rpm",4-wheel,3.0 l,183 cu.in.,310 hp,"36.9 ""","55.9 ""","75.2 ""","37.0 ""","41.3 ""","195.6 ""","36.6 ""","114.7 """,24,8,"4,200 lbs.","5,456 lbs.",,,,,,,,
Audi,A7,2014,18 mpg,28 mpg,19.8gal.,5,,quattro all-wheel drive,v-6,3.0,"310hp @ 5,500rpm",8 speed automatic,"325 lb.-ft. @ 2,900rpm",4-wheel,3.0 l,183 cu.in.,310 hp,"36.9 ""","55.9 ""","75.2 ""","37.0 ""","41.3 ""","195.6 ""","36.6 ""","114.7 """,24,8,"4,200 lbs.","5,456 lbs.",,,,,,,,
Audi,A7,2013,18 mpg,28 mpg,19.8gal.,4,,quattro all-wheel drive,v-6,3.0,"310hp @ 5,500rpm",8 speed automatic,"325 lb.-ft. @ 2,900rpm",4-wheel,3.0 l,183 cu.in.,310 hp,"36.9 ""","55.9 ""","75.2 ""","37.0 ""","41.3 ""","195.6 ""","36.6 ""","114.7 """,24,8,"4,167 lbs.","5,456 lbs.",,,,,,,,
Audi,A7,2012,18 mpg,28 mpg,19.8gal.,4,,quattro all-wheel drive,v-6,3.0,"310hp @ 5,500rpm",8 speed automatic,"325 lb.-ft. @ 2,900rpm",4-wheel,3.0 l,183 cu.in.,310 hp,"36.9 ""","55.9 ""","75.2 ""","37.0 ""","41.3 ""","195.6 ""","36.6 ""","114.7 """,24,8,"4,210 lbs.","5,324 lbs.",,,,,,,,
Audi,A8,2018,19 mpg,29 mpg,21.7gal.,5,14 cu.ft.,quattro all-wheel drive,v-6,3.0,"333hp @ 5,500rpm",8 speed automatic,"325 lb.-ft. @ 2,900rpm",4-wheel,3.0 l,183 cu.in.,333 hp,"37.2 ""","57.9 ""","76.7 ""","42.9 ""","41.4 ""","207.4 ""","39.1 ""","122.9 """,24,8,"4,464 lbs.","5,831 lbs.",,,,,,,,
Audi,A8,2017,,,21.7gal.,,,quattro all-wheel drive,v-6,3.0,"333hp @ 5,500rpm",8 speed automatic,"325 lb.-ft. @ 2,900rpm",,,,,,,,,,,,,24,,,,,,,,,,,
Audi,A8,2016,,,21.7gal.,,,quattro all-wheel drive,v-6,3.0,"333hp @ 5,500rpm",8 speed automatic,"325 lb.-ft. @ 2,900rpm",,,,,,,,,,,,,24,,,,,,,,,,,
Audi,A8,2015,19 mpg,29 mpg,21.7gal.,5,14 cu.ft.,quattro all-wheel drive,v-6,3.0,"333hp @ 5,500rpm",8 speed automatic,"325 lb.-ft. @ 2,900rpm",4-wheel,3.0 l,183 cu.in.,333 hp,"37.2 ""","57.9 ""","76.7 ""","42.9 ""","41.4 ""","207.4 ""","39.1 ""","122.9 """,24,8,"4,464 lbs.","5,831 lbs.",,,,,,,,
Audi,A8,2014,24 mpg,36 mpg,23.8gal.,5,13 cu.ft.,quattro all-wheel drive,v-6,3.0,"240hp @ 3,500rpm",8 speed automatic,"406 lb.-ft. @ 1,750rpm",4-wheel,3.0 l,181 cu.in.,240 hp,"37.2 ""","57.9 ""","76.7 ""","42.9 ""","41.4 ""","207.4 ""","39.1 ""","122.9 """,24,8,"4,564 lbs.","5,831 lbs.",,,,,,,,
Audi,A8,2013,18 mpg,28 mpg,23.8gal.,5,13 cu.ft.,quattro all-wheel drive,v-6,3.0,"333hp @ 5,500rpm",8 speed automatic,"325 lb.-ft. @ 2,900rpm",4-wheel,3.0 l,183 cu.in.,333 hp,"37.2 ""","57.9 ""","76.7 ""","42.9 ""","41.4 ""","207.4 ""","39.1 ""","122.9 """,24,8,"4,464 lbs.","5,831 lbs.",,,,,,,,
Audi,A8,2012,14 mpg,21 mpg,23.8gal.,4,13 cu.ft.,quattro all-wheel drive,w-12,6.3,"500hp @ 6,200rpm",8 speed automatic,"463 lb.-ft. @ 4,750rpm",4-wheel,6.3 l,384 cu.in.,500 hp,"37.2 ""","57.9 ""","76.7 ""","42.9 ""","41.4 ""","207.4 ""","39.1 ""","122.9 """,48,8,"4,773 lbs.",,,,,,,,,
Audi,A8,2011,17 mpg,27 mpg,23.8gal.,5,13 cu.ft.,quattro all-wheel drive,v-8,4.2,"372hp @ 6,800rpm",8 speed automatic,"328 lb.-ft. @ 3,500rpm",4-wheel,4.2 l,254 cu.in.,372 hp,"37.2 ""","57.9 ""","76.7 ""","42.9 ""","41.4 ""","207.4 ""","39.1 ""","122.9 """,32,8,"4,453 lbs.",,,,,,,,,
Audi,A8,2010,,,23.8gal.,,,quattro all-wheel drive,v-8,4.2,"350hp @ 6,800rpm",6 speed automatic,"325 lb.-ft. @ 3,500rpm",,,,,,,,,,,,,32,,,,,,,,,,,
Audi,A8,2009,,,23.8gal.,,,quattro all-wheel drive,v-8,4.2,"350hp @ 6,800rpm",6 speed automatic,"325 lb.-ft. @ 3,500rpm",,,,,,,,,,,,,32,,,,,,,,,,,
Audi,A8,2008,,,23.8gal.,,,quattro all-wheel drive,v-8,4.2,"350hp @ 6,800rpm",6 speed automatic,"325 lb.-ft. @ 3,500rpm",,,,,,,,,,,,,32,,,,,,,,,,,
Audi,A8,2007,,,23.8gal.,,,quattro all-wheel drive,v-8,4.2,"350hp @ 6,800rpm",6 speed automatic,"325 lb.-ft. @ 3,500rpm",,,,,,,,,,,,,32,,,,,,,,,,,
Audi,A8,2006,,,23.8gal.,,,quattro all-wheel drive,v-8,4.2,"335hp @ 6,500rpm",6 speed automatic,"317 lb.-ft. @ 3,500rpm",,,,,,,,,,,,,40,,,,,,,,,,,
Audi,A8,2005,,,23.8gal.,,,quattro all-wheel drive,v-8,4.2,"335hp @ 6,500rpm",6 speed automatic,"317 lb.-ft. @ 3,500rpm",,,,,,,,,,,,,40,,,,,,,,,,,
Audi,A8,2004,,,23.8gal.,,,quattro all-wheel drive,v-8,4.2,"330hp @ 6,500rpm",6 speed automatic,"317 lb.-ft. @ 3,500rpm",,,,,,,,,,,,,40,,,,,,,,,,,
Audi,A8,2003,,,23.7gal.,,,quattro all-wheel drive,v-8,4.2,"310hp @ 6,200rpm",5 speed automatic,"302 lb.-ft. @ 3,000rpm",,,,,,,,,,,,,40,,,,,,,,,,,
Audi,A8,2002,,,23.7gal.,,,quattro all-wheel drive,v-8,4.2,"310hp @ 6,200rpm",5 speed automatic,"302 lb.-ft. @ 3,000rpm",,,,,,,,,,,,,40,,,,,,,,,,,
Audi,A8,2001,,,23.7gal.,,,quattro all-wheel drive,v-8,4.2,"310hp @ 6,200rpm",5 speed automatic,"302 lb.-ft. @ 3,000rpm",,,,,,,,,,,,,40,,,,,,,,,,,
Audi,A8,2000,,,23.7gal.,,,quattro all-wheel drive,v-8,4.2,"310hp @ 6,200rpm",5 speed automatic,"302 lb.-ft. @ 3,000rpm",,,,,,,,,,,,,40,,,,,,,,,,,
Audi,A8,1999,17 mpg,26 mpg,23.7gal.,5,18 cu.ft.,front-wheel,v-8,3.7,"230hp @ 5,500rpm",5 speed automatic,"235 lb.-ft. @ 2,700rpm",4-wheel,3.7 l,226 cu.in.,230 hp,"37.1 ""","56.7 ""","74.0 ""","38.4 ""","41.3 ""","198.2 ""","37.9 ""","113.0 """,32,5,"3,682 lbs.",,,,,,,,,
Audi,allroad,2016,,,16.1gal.,,,quattro all-wheel drive,i-4,2.0,"220hp @ 4,450rpm",8 speed automatic,"258 lb.-ft. @ 1,500rpm",,,,,,,,,,,,,16,,,,,,,,,,,
Audi,allroad,2015,21 mpg,28 mpg,16.1gal.,5,50 cu.ft.,quattro all-wheel drive,i-4,2.0,"220hp @ 4,450rpm",8 speed automatic,"258 lb.-ft. @ 1,500rpm",4-wheel,2.0 l,121 cu.in.,220 hp,"38.5 ""","58.0 ""","72.5 ""","35.2 ""","41.3 ""","185.9 ""","38.2 ""","110.4 """,16,8,"3,891 lbs.","5,137 lbs.",,,,,,,,
Audi,allroad,2014,20 mpg,27 mpg,16.1gal.,5,50 cu.ft.,quattro all-wheel drive,i-4,2.0,"220hp @ 4,450rpm",8 speed automatic,"258 lb.-ft. @ 1,500rpm",4-wheel,2.0 l,121 cu.in.,220 hp,"38.5 ""","58.0 ""","72.5 ""","35.2 ""","41.3 ""","185.9 ""","38.2 ""","110.4 """,16,8,"3,891 lbs.","5,137 lbs.",,,,,,,,
Audi,allroad,2013,20 mpg,27 mpg,16.9gal.,5,50 cu.ft.,quattro all-wheel drive,i-4,2.0,"211hp @ 4,300rpm",8 speed automatic,"258 lb.-ft. @ 1,500rpm",4-wheel,2.0 l,121 cu.in.,211 hp,"40.4 ""","58.0 ""","72.5 ""","35.2 ""","41.3 ""","185.9 ""","38.2 ""","110.4 """,16,8,"3,891 lbs.","5,137 lbs.",,,,,,,,
Audi,allroad,2005,,,18.5gal.,,,quattro all-wheel drive,v-6,2.7,"250hp @ 5,800rpm",6 speed manual,"258 lb.-ft. @ 1,850rpm",,,,,,,,,,,,,30,,,,,,,,,,,
Audi,allroad,2004,,,18.5gal.,,,quattro all-wheel drive,v-8,4.2,"300hp @ 6,200rpm",5 speed automatic,"280 lb.-ft. @ 2,700rpm",,,,,,,,,,,,,40,,,,,,,,,,,
Audi,allroad,2003,,,18.5gal.,,,all-wheel drive,v-6,2.7,"250hp @ 5,800rpm",6 speed manual,"258 lb.-ft. @ 1,850rpm",,,,,,,,,,,,,30,,,,,,,,,,,
Audi,allroad,2002,,,18.5gal.,,,all-wheel drive,v-6,2.7,"250hp @ 5,800rpm",6 speed manual,"258 lb.-ft. @ 1,850rpm",,,,,,,,,,,,,30,,,,,,,,,,,
Audi,allroad,2001,,,18.5gal.,,,all-wheel drive,v-6,2.7,"250hp @ 5,800rpm",6 speed manual,"258 lb.-ft. @ 1,850rpm",,,,,,,,,,,,,30,,,,,,,,,,,
Audi,Q5,2018,23 mpg,27 mpg,18.5gal.,5,60 cu.ft.,quattro w/ultra all-wheel drive,i-4,2.0,"252hp @ 5,000rpm",7 speed automatic with auto-shift,"273 lb.-ft. @ 1,600rpm",4-wheel,2.0 l,121 cu.in.,252 hp,"41.7 ""","65.3 ""","74.5 ""","37.8 ""","40.9 ""","183.6 ""","39.3 ""","111.0 """,16,7,"4,045 lbs.",,"4,400 lbs.",,,,,,,
Audi,Q5,2017,20 mpg,27 mpg,19.8gal.,5,57 cu.ft.,quattro all-wheel drive,i-4,2.0,"220hp @ 4,450rpm",8 speed automatic,"258 lb.-ft. @ 1,500rpm",4-wheel,2.0 l,121 cu.in.,220 hp,"39.4 ""","65.2 ""","74.7 ""","37.4 ""","41.0 ""","182.6 ""","39.0 ""","110.5 """,16,8,"4,200 lbs.","5,423 lbs.","4,400 lbs.",,,,,,,
Audi,Q5,2016,,,19.8gal.,,,quattro all-wheel drive,i-4,2.0,"220hp @ 4,450rpm",8 speed automatic,"258 lb.-ft. @ 1,500rpm",,,,,,,,,,,,,16,,,,,,,,,,,
Audi,Q5,2015,20 mpg,28 mpg,19.8gal.,5,57 cu.ft.,quattro all-wheel drive,i-4,2.0,"220hp @ 4,450rpm",8 speed automatic,"258 lb.-ft. @ 1,500rpm",4-wheel,2.0 l,121 cu.in.,220 hp,"39.4 ""","65.2 ""","74.7 ""","37.4 ""","41.0 ""","182.6 ""","39.0 ""","110.5 """,16,8,"4,079 lbs.","5,368 lbs.","4,400 lbs.",,,,,,,
Audi,Q5,2014,20 mpg,28 mpg,19.8gal.,5,57 cu.ft.,quattro all-wheel drive,i-4,2.0,"220hp @ 4,450rpm",8 speed automatic,"258 lb.-ft. @ 1,500rpm",4-wheel,2.0 l,121 cu.in.,220 hp,"39.4 ""","65.2 ""","74.7 ""","37.4 ""","41.0 ""","182.6 ""","39.0 ""","110.5 """,16,8,"4,079 lbs.","5,368 lbs.","4,400 lbs.",,,,,,,
Audi,Q5,2013,20 mpg,28 mpg,19.8gal.,5,57 cu.ft.,quattro all-wheel drive,i-4,2.0,"211hp @ 4,300rpm",8 speed automatic,"258 lb.-ft. @ 1,500rpm",4-wheel,2.0 l,121 cu.in.,211 hp,"39.4 ""","65.2 ""","74.7 ""","37.4 ""","41.0 ""","182.6 ""","39.0 ""","110.5 """,16,8,"4,079 lbs.","5,567 lbs.","4,400 lbs.",,,,,,,
Audi,Q5,2012,20 mpg,27 mpg,19.8gal.,5,57 cu.ft.,quattro all-wheel drive,i-4,2.0,"211hp @ 4,300rpm",8 speed automatic,"258 lb.-ft. @ 1,500rpm",4-wheel,2.0 l,121 cu.in.,211 hp,"39.4 ""","65.1 ""","74.7 ""","37.4 ""","41.0 ""","182.2 ""","39.0 ""","110.5 """,16,8,"4,090 lbs.","5,567 lbs.","4,400 lbs.",,,,,,,
Audi,Q5,2011,20 mpg,27 mpg,19.8gal.,5,57 cu.ft.,quattro all-wheel drive,i-4,2.0,"211hp @ 4,300rpm",8 speed automatic,"258 lb.-ft. @ 1,500rpm",4-wheel,2.0 l,121 cu.in.,211 hp,"39.4 ""","65.1 ""","74.0 ""","37.4 ""","41.0 ""","182.2 ""","39.0 ""","110.5 """,16,8,"4,090 lbs.","5,567 lbs.","4,400 lbs.",,,,,,,
Audi,Q5,2010,,,19.8gal.,,,quattro all-wheel drive,v-6,3.2,"270hp @ 6,500rpm",6 speed automatic,"243 lb.-ft. @ 3,000rpm",,,,,,,,,,,,,24,,,,,,,,,,,
Audi,Q5,2009,,,19.8gal.,,,quattro all-wheel drive,v-6,3.2,"270hp @ 6,500rpm",6 speed automatic,"243 lb.-ft. @ 3,000rpm",,,,,,,,,,,,,24,,,,,,,,,,,
Audi,Q5 hybrid,2016,,,19.0gal.,,,quattro all-wheel drive,i-4,2.0,"211hp @ 4,300rpm",8 speed automatic,"258 lb.-ft. @ 1,500rpm",,,,,,,,,,,,,16,,,,,,,,,,,
Audi,Q5 hybrid,2015,24 mpg,30 mpg,19.0gal.,5,57 cu.ft.,quattro all-wheel drive,i-4,2.0,"211hp @ 4,300rpm",8 speed automatic,"258 lb.-ft. @ 1,500rpm",4-wheel,2.0 l,121 cu.in.,211 hp,"39.4 ""","65.0 ""","74.7 ""","37.4 ""","41.0 ""","182.6 ""","39.0 ""","110.5 """,16,8,"4,409 lbs.","5,611 lbs.","4,400 lbs.",,,,,,,
Audi,Q5 hybrid,2014,24 mpg,30 mpg,19.0gal.,5,57 cu.ft.,quattro all-wheel drive,i-4,2.0,"211hp @ 4,300rpm",8 speed automatic,"258 lb.-ft. @ 1,500rpm",4-wheel,2.0 l,121 cu.in.,211 hp,"39.4 ""","65.0 ""","74.7 ""","37.4 ""","41.0 ""","182.6 ""","39.0 ""","110.5 """,16,8,"4,431 lbs.","5,611 lbs.","4,400 lbs.",,,,,,,
Audi,Q5 hybrid,2013,24 mpg,30 mpg,19.0gal.,5,57 cu.ft.,quattro all-wheel drive,i-4,2.0,"211hp @ 4,300rpm",8 speed automatic,"258 lb.-ft. @ 1,500rpm",4-wheel,2.0 l,121 cu.in.,211 hp,"39.4 ""","65.0 ""","74.7 ""","37.4 ""","41.0 ""","182.6 ""","39.0 ""","110.5 """,16,8,"4,431 lbs.","5,567 lbs.","4,400 lbs.",,,,,,,
Audi,Q7,2018,19 mpg,25 mpg,22.5gal.,7,72 cu.ft.,quattro all-wheel drive,i-4,2.0,"252hp @ 5,000rpm",8 speed automatic,"273 lb.-ft. @ 1,600rpm",4-wheel,2.0 l,121 cu.in.,252 hp,"38.4 ""","68.5 ""","77.5 ""","38.8 ""","41.7 ""","199.6 ""","38.8 ""","117.9 """,16,8,"4,696 lbs.","6,479 lbs.","4,400 lbs.",,,,,,,
Audi,Q7,2017,19 mpg,25 mpg,22.5gal.,7,72 cu.ft.,quattro all-wheel drive,v-6,3.0,"333hp @ 5,500rpm",8 speed automatic,"325 lb.-ft. @ 2,900rpm",4-wheel,3.0 l,183 cu.in.,333 hp,"38.4 ""","68.5 ""","77.5 ""","38.8 ""","41.7 ""","199.6 ""","38.8 ""","117.9 """,24,8,"4,938 lbs.","6,479 lbs.","7,700 lbs.",,,,,,,
Audi,Q7,2015,16 mpg,22 mpg,26.4gal.,7,72 cu.ft.,quattro all-wheel drive,v-6,3.0,"280hp @ 4,920rpm",8 speed automatic,"295 lb.-ft. @ 2,250rpm",4-wheel,3.0 l,183 cu.in.,280 hp,"39.5 ""","68.4 ""","78.1 ""","37.1 ""","41.3 ""","200.3 ""","39.0 ""","118.2 """,24,8,"5,192 lbs.","6,790 lbs.","5,500 lbs.",,,,,,,
Audi,Q7,2014,16 mpg,22 mpg,26.4gal.,7,72 cu.ft.,quattro all-wheel drive,v-6,3.0,"280hp @ 4,920rpm",8 speed automatic,"295 lb.-ft. @ 2,250rpm",4-wheel,3.0 l,183 cu.in.,280 hp,"39.5 ""","68.4 ""","78.1 ""","37.1 ""","41.3 ""","200.3 ""","39.0 ""","118.2 """,24,8,"5,192 lbs.","7,044 lbs.","5,500 lbs.",,,,,,,
Audi,Q7,2013,16 mpg,22 mpg,26.4gal.,7,72 cu.ft.,quattro all-wheel drive,v-6,3.0,"280hp @ 4,920rpm",8 speed automatic,"295 lb.-ft. @ 2,250rpm",4-wheel,3.0 l,183 cu.in.,280 hp,"39.5 ""","68.4 ""","78.1 ""","37.1 ""","41.3 ""","200.3 ""","39.0 ""","118.2 """,24,8,"5,291 lbs.","7,044 lbs.","5,500 lbs.",,,,,,,
Audi,Q7,2012,17 mpg,25 mpg,26.4gal.,7,72 cu.ft.,quattro all-wheel drive,v-6,3.0,"225hp @ 3,750rpm",8 speed automatic,"406 lb.-ft. @ 1,750rpm",4-wheel,3.0 l,181 cu.in.,225 hp,"39.5 ""","68.4 ""","78.1 ""","37.1 ""","41.3 ""","200.3 ""","39.0 ""","118.2 """,24,8,"5,567 lbs.","7,044 lbs.","5,500 lbs.",,,,,,,
Audi,Q7,2011,17 mpg,25 mpg,26.4gal.,7,72 cu.ft.,quattro all-wheel drive,v-6,3.0,"225hp @ 3,750rpm",8 speed automatic,"406 lb.-ft. @ 1,750rpm",4-wheel,3.0 l,181 cu.in.,225 hp,"39.5 ""","68.4 ""","78.1 ""","37.1 ""","41.3 ""","200.3 ""","39.0 ""","118.2 """,24,8,"5,567 lbs.","7,044 lbs.","5,500 lbs.",,,,,,,
Audi,Q7,2010,,,26.4gal.,,,quattro all-wheel drive,v-6,3.6,"280hp @ 6,200rpm",6 speed automatic,"266 lb.-ft. @ 2,750rpm",,,,,,,,,,,,,24,,,,,,,,,,,
Audi,Q7,2009,,,26.4gal.,,,quattro all-wheel drive,v-6,3.6,"280hp @ 6,200rpm",6 speed automatic,"266 lb.-ft. @ 2,750rpm",,,,,,,,,,,,,24,,,,,,,,,,,
Audi,Q7,2008,,,26.4gal.,,,all-wheel drive,v-6,3.6,"280hp @ 6,200rpm",6 speed automatic,"266 lb.-ft. @ 2,750rpm",,,,,,,,,,,,,24,,,,,,,,,,,
Audi,Q7,2007,,,26.4gal.,,,quattro all-wheel drive,v-8,4.2,"350hp @ 6,800rpm",6 speed automatic,"325 lb.-ft. @ 3,500rpm",,,,,,,,,,,,,32,,,,,,,,,,,
Audi,R8,2018,14 mpg,22 mpg,21.9gal.,2,8 cu.ft.,quattro all-wheel drive,v-10,5.2,"532hp @ 7,800rpm",7 speed automatic with auto-shift,"398 lb.-ft. @ 6,500rpm",4-wheel,5.2 l,318 cu.in.,532 hp,"38.5 ""","48.8 ""","76.4 """,,"40.9 ""","174.3 """,,"104.4 """,40,7,"3,737 lbs.",,,,,,,,,
Audi,R8,2017,,,21.9gal.,,,quattro all-wheel drive,v-10,5.2,"540hp @ 7,800rpm",7 speed automatic with auto-shift,"398 lb.-ft. @ 6,500rpm",,,,,,,,,,,,,40,,,,,,,,,,,
Audi,R8,2015,11 mpg,20 mpg,23.8gal.,2,3 cu.ft.,quattro all-wheel drive,v-8,4.2,"430hp @ 7,900rpm",6 speed manual,"317 lb.-ft. @ 4,500rpm",4-wheel,4.2 l,254 cu.in.,430 hp,"37.7 ""","49.3 ""","75.0 """,,"41.0 ""","175.0 """,,"104.3 """,32,6,"3,439 lbs.","4,211 lbs.",,,,,,,,
Audi,R8,2014,11 mpg,20 mpg,23.8gal.,2,3 cu.ft.,quattro all-wheel drive,v-8,4.2,"430hp @ 7,900rpm",6 speed manual,"317 lb.-ft. @ 4,500rpm",4-wheel,4.2 l,254 cu.in.,430 hp,"37.7 ""","49.3 ""","75.0 """,,"41.0 ""","175.0 """,,"104.3 """,32,6,"3,583 lbs.",,,,,,,,,
Audi,R8,2012,13 mpg,19 mpg,23.7gal.,2,3 cu.ft.,quattro all-wheel drive,v-10,5.2,"560hp @ 8,000rpm",6 speed automatic with auto-shift,"398 lb.-ft. @ 6,500rpm",4-wheel,5.2 l,318 cu.in.,560 hp,"38.0 ""","49.3 ""","75.0 """,,"41.1 ""","174.5 """,,"104.3 """,40,6,"3,362 lbs.","4,365 lbs.",,,,,,,,
Audi,R8,2011,12 mpg,19 mpg,23.8gal.,2,3 cu.ft.,quattro all-wheel drive,v-10,5.2,"525hp @ 8,000rpm",6 speed manual,"391 lb.-ft. @ 6,500rpm",4-wheel,5.2 l,318 cu.in.,525 hp,"38.0 ""","49.3 ""","75.0 """,,"41.1 ""","174.5 """,,"104.3 """,40,6,"3,605 lbs.","4,365 lbs.",,,,,,,,
Audi,R8,2010,,,23.8gal.,,,quattro all-wheel drive,v-8,4.2,"420hp @ 7,800rpm",6 speed manual,"317 lb.-ft. @ 4,500rpm",,,,,,,,,,,,,32,,,,,,,,,,,
Audi,R8,2009,,,23.8gal.,,,quattro all-wheel drive,v-8,4.2,"420hp @ 7,800rpm",6 speed manual,"317 lb.-ft. @ 4,500rpm",,,,,,,,,,,,,32,,,,,,,,,,,
Audi,R8,2008,,,23.8gal.,,,quattro all-wheel drive,v-8,4.2,"420hp @ 7,800rpm",6 speed manual,"317 lb.-ft. @ 4,500rpm",,,,,,,,,,,,,32,,,,,,,,,,,
Audi,RS 4,2008,,,16.6gal.,,,quattro all-wheel drive,v-8,4.2,"420hp @ 7,800rpm",6 speed manual,"317 lb.-ft. @ 5,500rpm",,,,,,,,,,,,,32,,,,,,,,,,,
Audi,RS 4,2007,,,16.6gal.,,,quattro all-wheel drive,v-8,4.2,"420hp @ 7,800rpm",6 speed manual,"317 lb.-ft. @ 6,000rpm",,,,,,,,,,,,,32,,,,,,,,,,,
Audi,allroad,2016,,,16.1gal.,,,quattro all-wheel drive,i-4,2.0,"220hp @ 4,450rpm",8 speed automatic,"258 lb.-ft. @ 1,500rpm",,,,,,,,,,,,,16,,,,,,,,,,,
Audi,allroad,2015,21 mpg,28 mpg,16.1gal.,5,50 cu.ft.,quattro all-wheel drive,i-4,2.0,"220hp @ 4,450rpm",8 speed automatic,"258 lb.-ft. @ 1,500rpm",4-wheel,2.0 l,121 cu.in.,220 hp,"38.5 ""","58.0 ""","72.5 ""","35.2 ""","41.3 ""","185.9 ""","38.2 ""","110.4 """,16,8,"3,891 lbs.","5,137 lbs.",,,,,,,,
Audi,allroad,2014,20 mpg,27 mpg,16.1gal.,5,50 cu.ft.,quattro all-wheel drive,i-4,2.0,"220hp @ 4,450rpm",8 speed automatic,"258 lb.-ft. @ 1,500rpm",4-wheel,2.0 l,121 cu.in.,220 hp,"38.5 ""","58.0 ""","72.5 ""","35.2 ""","41.3 ""","185.9 ""","38.2 ""","110.4 """,16,8,"3,891 lbs.","5,137 lbs.",,,,,,,,
Audi,allroad,2013,20 mpg,27 mpg,16.9gal.,5,50 cu.ft.,quattro all-wheel drive,i-4,2.0,"211hp @ 4,300rpm",8 speed automatic,"258 lb.-ft. @ 1,500rpm",4-wheel,2.0 l,121 cu.in.,211 hp,"40.4 ""","58.0 ""","72.5 ""","35.2 ""","41.3 ""","185.9 ""","38.2 ""","110.4 """,16,8,"3,891 lbs.","5,137 lbs.",,,,,,,,
Audi,allroad,2005,,,18.5gal.,,,quattro all-wheel drive,v-6,2.7,"250hp @ 5,800rpm",6 speed manual,"258 lb.-ft. @ 1,850rpm",,,,,,,,,,,,,30,,,,,,,,,,,
Audi,allroad,2004,,,18.5gal.,,,quattro all-wheel drive,v-8,4.2,"300hp @ 6,200rpm",5 speed automatic,"280 lb.-ft. @ 2,700rpm",,,,,,,,,,,,,40,,,,,,,,,,,
Audi,allroad,2003,,,18.5gal.,,,all-wheel drive,v-6,2.7,"250hp @ 5,800rpm",6 speed manual,"258 lb.-ft. @ 1,850rpm",,,,,,,,,,,,,30,,,,,,,,,,,
Audi,allroad,2002,,,18.5gal.,,,all-wheel drive,v-6,2.7,"250hp @ 5,800rpm",6 speed manual,"258 lb.-ft. @ 1,850rpm",,,,,,,,,,,,,30,,,,,,,,,,,
Audi,allroad,2001,,,18.5gal.,,,all-wheel drive,v-6,2.7,"250hp @ 5,800rpm",6 speed manual,"258 lb.-ft. @ 1,850rpm",,,,,,,,,,,,,30,,,,,,,,,,,
Audi,Q3,2018,20 mpg,28 mpg,16.9gal.,5,50 cu.ft.,front-wheel,i-4,2.0,"200hp @ 5,100rpm",6 speed automatic,"207 lb.-ft. @ 1,700rpm",4-wheel,2.0 l,121 cu.in.,200 hp,"36.9 ""","62.5 ""","72.1 ""","31.1 ""","40.0 ""","172.8 ""","37.4 ""","102.5 """,16,6,"3,483 lbs.","4,707 lbs.","2,200 lbs.",,,,,,,
Audi,Q3,2017,,,16.9gal.,,,front-wheel,i-4,2.0,"200hp @ 5,100rpm",6 speed automatic,"207 lb.-ft. @ 1,700rpm",,,,,,,,,,,,,16,,,,,,,,,,,
Audi,Q3,2016,,,16.9gal.,,,front-wheel,i-4,2.0,"200hp @ 5,100rpm",6 speed automatic,"207 lb.-ft. @ 1,700rpm",,,,,,,,,,,,,16,,,,,,,,,,,
Audi,Q3,2015,20 mpg,29 mpg,16.9gal.,5,48 cu.ft.,front-wheel,i-4,2.0,"200hp @ 5,100rpm",6 speed automatic,"207 lb.-ft. @ 1,700rpm",4-wheel,2.0 l,121 cu.in.,200 hp,"37.0 ""","62.6 ""","72.1 ""","31.1 ""","40.0 ""","172.6 ""","37.4 ""","102.5 """,16,6,"3,494 lbs.","4,706 lbs.",,,,,,,,
Audi,Q5,2018,23 mpg,27 mpg,18.5gal.,5,60 cu.ft.,quattro w/ultra all-wheel drive,i-4,2.0,"252hp @ 5,000rpm",7 speed automatic with auto-shift,"273 lb.-ft. @ 1,600rpm",4-wheel,2.0 l,121 cu.in.,252 hp,"41.7 ""","65.3 ""","74.5 ""","37.8 ""","40.9 ""","183.6 ""","39.3 ""","111.0 """,16,7,"4,045 lbs.",,"4,400 lbs.",,,,,,,
Audi,Q5,2017,20 mpg,27 mpg,19.8gal.,5,57 cu.ft.,quattro all-wheel drive,i-4,2.0,"220hp @ 4,450rpm",8 speed automatic,"258 lb.-ft. @ 1,500rpm",4-wheel,2.0 l,121 cu.in.,220 hp,"39.4 ""","65.2 ""","74.7 ""","37.4 ""","41.0 ""","182.6 ""","39.0 ""","110.5 """,16,8,"4,200 lbs.","5,423 lbs.","4,400 lbs.",,,,,,,
Audi,Q5,2016,,,19.8gal.,,,quattro all-wheel drive,i-4,2.0,"220hp @ 4,450rpm",8 speed automatic,"258 lb.-ft. @ 1,500rpm",,,,,,,,,,,,,16,,,,,,,,,,,
Audi,Q5,2015,20 mpg,28 mpg,19.8gal.,5,57 cu.ft.,quattro all-wheel drive,i-4,2.0,"220hp @ 4,450rpm",8 speed automatic,"258 lb.-ft. @ 1,500rpm",4-wheel,2.0 l,121 cu.in.,220 hp,"39.4 ""","65.2 ""","74.7 ""","37.4 ""","41.0 ""","182.6 ""","39.0 ""","110.5 """,16,8,"4,079 lbs.","5,368 lbs.","4,400 lbs.",,,,,,,
Audi,Q5,2014,20 mpg,28 mpg,19.8gal.,5,57 cu.ft.,quattro all-wheel drive,i-4,2.0,"220hp @ 4,450rpm",8 speed automatic,"258 lb.-ft. @ 1,500rpm",4-wheel,2.0 l,121 cu.in.,220 hp,"39.4 ""","65.2 ""","74.7 ""","37.4 ""","41.0 ""","182.6 ""","39.0 ""","110.5 """,16,8,"4,079 lbs.","5,368 lbs.","4,400 lbs.",,,,,,,
Audi,Q5,2013,20 mpg,28 mpg,19.8gal.,5,57 cu.ft.,quattro all-wheel drive,i-4,2.0,"211hp @ 4,300rpm",8 speed automatic,"258 lb.-ft. @ 1,500rpm",4-wheel,2.0 l,121 cu.in.,211 hp,"39.4 ""","65.2 ""","74.7 ""","37.4 ""","41.0 ""","182.6 ""","39.0 ""","110.5 """,16,8,"4,079 lbs.","5,567 lbs.","4,400 lbs.",,,,,,,
Audi,Q5,2012,20 mpg,27 mpg,19.8gal.,5,57 cu.ft.,quattro all-wheel drive,i-4,2.0,"211hp @ 4,300rpm",8 speed automatic,"258 lb.-ft. @ 1,500rpm",4-wheel,2.0 l,121 cu.in.,211 hp,"39.4 ""","65.1 ""","74.7 ""","37.4 ""","41.0 ""","182.2 ""","39.0 ""","110.5 """,16,8,"4,090 lbs.","5,567 lbs.","4,400 lbs.",,,,,,,
Audi,Q5,2011,20 mpg,27 mpg,19.8gal.,5,57 cu.ft.,quattro all-wheel drive,i-4,2.0,"211hp @ 4,300rpm",8 speed automatic,"258 lb.-ft. @ 1,500rpm",4-wheel,2.0 l,121 cu.in.,211 hp,"39.4 ""","65.1 ""","74.0 ""","37.4 ""","41.0 ""","182.2 ""","39.0 ""","110.5 """,16,8,"4,090 lbs.","5,567 lbs.","4,400 lbs.",,,,,,,
Audi,Q5,2010,,,19.8gal.,,,quattro all-wheel drive,v-6,3.2,"270hp @ 6,500rpm",6 speed automatic,"243 lb.-ft. @ 3,000rpm",,,,,,,,,,,,,24,,,,,,,,,,,
Audi,Q5,2009,,,19.8gal.,,,quattro all-wheel drive,v-6,3.2,"270hp @ 6,500rpm",6 speed automatic,"243 lb.-ft. @ 3,000rpm",,,,,,,,,,,,,24,,,,,,,,,,,
Audi,Q7,2018,19 mpg,25 mpg,22.5gal.,7,72 cu.ft.,quattro all-wheel drive,i-4,2.0,"252hp @ 5,000rpm",8 speed automatic,"273 lb.-ft. @ 1,600rpm",4-wheel,2.0 l,121 cu.in.,252 hp,"38.4 ""","68.5 ""","77.5 ""","38.8 ""","41.7 ""","199.6 ""","38.8 ""","117.9 """,16,8,"4,696 lbs.","6,479 lbs.","4,400 lbs.",,,,,,,
Audi,Q7,2017,19 mpg,25 mpg,22.5gal.,7,72 cu.ft.,quattro all-wheel drive,v-6,3.0,"333hp @ 5,500rpm",8 speed automatic,"325 lb.-ft. @ 2,900rpm",4-wheel,3.0 l,183 cu.in.,333 hp,"38.4 ""","68.5 ""","77.5 ""","38.8 ""","41.7 ""","199.6 ""","38.8 ""","117.9 """,24,8,"4,938 lbs.","6,479 lbs.","7,700 lbs.",,,,,,,
Audi,Q7,2015,16 mpg,22 mpg,26.4gal.,7,72 cu.ft.,quattro all-wheel drive,v-6,3.0,"280hp @ 4,920rpm",8 speed automatic,"295 lb.-ft. @ 2,250rpm",4-wheel,3.0 l,183 cu.in.,280 hp,"39.5 ""","68.4 ""","78.1 ""","37.1 ""","41.3 ""","200.3 ""","39.0 ""","118.2 """,24,8,"5,192 lbs.","6,790 lbs.","5,500 lbs.",,,,,,,
Audi,Q7,2014,16 mpg,22 mpg,26.4gal.,7,72 cu.ft.,quattro all-wheel drive,v-6,3.0,"280hp @ 4,920rpm",8 speed automatic,"295 lb.-ft. @ 2,250rpm",4-wheel,3.0 l,183 cu.in.,280 hp,"39.5 ""","68.4 ""","78.1 ""","37.1 ""","41.3 ""","200.3 ""","39.0 ""","118.2 """,24,8,"5,192 lbs.","7,044 lbs.","5,500 lbs.",,,,,,,
Audi,Q7,2013,16 mpg,22 mpg,26.4gal.,7,72 cu.ft.,quattro all-wheel drive,v-6,3.0,"280hp @ 4,920rpm",8 speed automatic,"295 lb.-ft. @ 2,250rpm",4-wheel,3.0 l,183 cu.in.,280 hp,"39.5 ""","68.4 ""","78.1 ""","37.1 ""","41.3 ""","200.3 ""","39.0 ""","118.2 """,24,8,"5,291 lbs.","7,044 lbs.","5,500 lbs.",,,,,,,
Audi,Q7,2012,17 mpg,25 mpg,26.4gal.,7,72 cu.ft.,quattro all-wheel drive,v-6,3.0,"225hp @ 3,750rpm",8 speed automatic,"406 lb.-ft. @ 1,750rpm",4-wheel,3.0 l,181 cu.in.,225 hp,"39.5 ""","68.4 ""","78.1 ""","37.1 ""","41.3 ""","200.3 ""","39.0 ""","118.2 """,24,8,"5,567 lbs.","7,044 lbs.","5,500 lbs.",,,,,,,
Audi,Q7,2011,17 mpg,25 mpg,26.4gal.,7,72 cu.ft.,quattro all-wheel drive,v-6,3.0,"225hp @ 3,750rpm",8 speed automatic,"406 lb.-ft. @ 1,750rpm",4-wheel,3.0 l,181 cu.in.,225 hp,"39.5 ""","68.4 ""","78.1 ""","37.1 ""","41.3 ""","200.3 ""","39.0 ""","118.2 """,24,8,"5,567 lbs.","7,044 lbs.","5,500 lbs.",,,,,,,
Audi,Q7,2010,,,26.4gal.,,,quattro all-wheel drive,v-6,3.6,"280hp @ 6,200rpm",6 speed automatic,"266 lb.-ft. @ 2,750rpm",,,,,,,,,,,,,24,,,,,,,,,,,
Audi,Q7,2009,,,26.4gal.,,,quattro all-wheel drive,v-6,3.6,"280hp @ 6,200rpm",6 speed automatic,"266 lb.-ft. @ 2,750rpm",,,,,,,,,,,,,24,,,,,,,,,,,
Audi,Q7,2008,,,26.4gal.,,,all-wheel drive,v-6,3.6,"280hp @ 6,200rpm",6 speed automatic,"266 lb.-ft. @ 2,750rpm",,,,,,,,,,,,,24,,,,,,,,,,,
Audi,Q7,2007,,,26.4gal.,,,quattro all-wheel drive,v-8,4.2,"350hp @ 6,800rpm",6 speed automatic,"325 lb.-ft. @ 3,500rpm",,,,,,,,,,,,,32,,,,,,,,,,,
