make,model,year,city,highway,fuel tank capacity,total seating capacity,max cargo capacity,drive type,cylinder configuration,engine liters,horsepower,transmission,torque,abs,size,displacement,horse power,front head room,overall height,overall width,rear leg room,front leg room,overall length,rear head room,wheelbase,number of valves,number of speeds,curb weight,gross vehicle weight,towing capacity,number of doors,speakers,approach angle,ground clearance (max),ramp breakover angle,departure angle,ground clearance
Bentley,Continental GT,2018,12 mpg,20 mpg,24.0gal.,4,9 cu.ft.,all-wheel drive,w-12,6.0,"582hp @ 6,000rpm",8 speed automatic,"531 lb.-ft. @ 1,700rpm",4-wheel,6.0 l,366 cu.in.,582 hp,"38.2 ""","55.1 ""","76.7 ""","31.7 ""","41.3 ""","189.3 ""","38.2 ""","108.0 """,48,8,"5,501 lbs.","6,393 lbs.",,,,,,,,
Bentley,Continental GT,2017,,,24.0gal.,,,all-wheel drive,v-8,4.0,"500hp @ 6,000rpm",8 speed automatic,"487 lb.-ft. @ 1,700rpm",,,,,,,,,,,,,32,,,,,,,,,,,
Bentley,Continental GT,2016,,,24.0gal.,,,all-wheel drive,v-8,4.0,"500hp @ 6,000rpm",8 speed automatic,"487 lb.-ft. @ 1,700rpm",,,,,,,,,,,,,32,,,,,,,,,,,
Bentley,Continental GT,2015,,,24.0gal.,,,all-wheel drive,w-12,6.0,"582hp @ 6,100rpm",8 speed automatic,"531 lb.-ft. @ 1,700rpm",,,,,,,,,,,,,48,,,,,,,,,,,
Bentley,Continental GT,2014,,,24.0gal.,,,all-wheel drive,w-12,6.0,"567hp @ 6,000rpm",8 speed automatic,"516 lb.-ft. @ 1,700rpm",,,,,,,,,,,,,48,,,,,,,,,,,
Bentley,Continental GT,2013,,,24.0gal.,,,all-wheel drive,w-12,6.0,"567hp @ 6,000rpm",6 speed automatic,"516 lb.-ft. @ 1,700rpm",,,,,,,,,,,,,48,,,,,,,,,,,
Bentley,Continental GT,2012,,,24.0gal.,,,all-wheel drive,w-12,6.0,"567hp @ 6,000rpm",6 speed automatic,"516 lb.-ft. @ 1,700rpm",,,,,,,,,,,,,48,,,,,,,,,,,
Bentley,Continental GT,2010,,,23.8gal.,,,all-wheel drive,w-12,6.0,"552hp @ 6,100rpm",6 speed automatic,"479 lb.-ft. @ 1,600rpm",,,,,,,,,,,,,48,,,,,,,,,,,
Bentley,Continental GT,2009,,,23.8gal.,,,all-wheel drive,w-12,6.0,"552hp @ 6,100rpm",6 speed automatic,"480 lb.-ft. @ 1,600rpm",,,,,,,,,,,,,60,,,,,,,,,,,
Bentley,Continental GT,2008,,,23.8gal.,,,all-wheel drive,w-12,6.0,"552hp @ 6,100rpm",6 speed automatic,"479 lb.-ft. @ 1,600rpm",,,,,,,,,,,,,60,,,,,,,,,,,
Bentley,Continental GT,2007,,,23.8gal.,,,all-wheel drive,w-12,6.0,"552hp @ 6,100rpm",6 speed automatic,"479 lb.-ft. @ 1,600rpm",,,,,,,,,,,,,60,,,,,,,,,,,
Bentley,Continental GT,2006,,,23.8gal.,,,all-wheel drive,w-12,6.0,"552hp @ 6,100rpm",6 speed automatic,"479 lb.-ft. @ 1,600rpm",,,,,,,,,,,,,60,,,,,,,,,,,
Bentley,Continental GT,2005,,,23.8gal.,,,all-wheel drive,w-12,6.0,"552hp @ 6,100rpm",6 speed automatic,"479 lb.-ft. @ 1,600rpm",,,,,,,,,,,,,60,,,,,,,,,,,
Bentley,Continental GT,2004,,,23.8gal.,,,all-wheel drive,w-12,6.0,"552hp @ 6,100rpm",6 speed automatic,"479 lb.-ft. @ 1,600rpm",,,,,,,,,,,,,60,,,,,,,,,,,
Bentley,Continental GT,2003,,,23.8gal.,,,all-wheel drive,w-12,6.0,"552hp @ 6,100rpm",6 speed automatic,"479 lb.-ft. @ 1,600rpm",,,,,,,,,,,,,60,,,,,,,,,,,
Bentley,Continental GTC,2015,,,23.8gal.,,,all-wheel drive,w-12,6.0,"582hp @ 6,100rpm",8 speed automatic,"531 lb.-ft. @ 1,700rpm",,,,,,,,,,,,,48,,,,,,,,,,,
Bentley,Continental GTC,2014,,,23.8gal.,,,all-wheel drive,w-12,6.0,"567hp @ 6,000rpm",8 speed automatic,"516 lb.-ft. @ 1,700rpm",,,,,,,,,,,,,48,,,,,,,,,,,
Bentley,Continental GTC,2013,,,23.8gal.,,,all-wheel drive,w-12,6.0,"567hp @ 6,000rpm",6 speed automatic,"516 lb.-ft. @ 1,700rpm",,,,,,,,,,,,,48,,,,,,,,,,,
Bentley,Continental GTC,2012,,,23.8gal.,,,all-wheel drive,w-12,6.0,"567hp @ 6,000rpm",6 speed automatic,"516 lb.-ft. @ 1,700rpm",,,,,,,,,,,,,48,,,,,,,,,,,
Bentley,Continental GTC,2011,,,23.8gal.,,,all-wheel drive,w-12,6.0,"552hp @ 6,100rpm",6 speed automatic,"479 lb.-ft. @ 1,600rpm",,,,,,,,,,,,,48,,,,,,,,,,,
Bentley,Continental GTC,2010,,,23.8gal.,,,all-wheel drive,w-12,6.0,"552hp @ 6,100rpm",6 speed automatic,"479 lb.-ft. @ 1,600rpm",,,,,,,,,,,,,48,,,,,,,,,,,
Bentley,Continental GTC,2009,,,23.8gal.,,,all-wheel drive,w-12,6.0,"552hp @ 6,100rpm",6 speed automatic,"480 lb.-ft. @ 1,600rpm",,,,,,,,,,,,,60,,,,,,,,,,,
Bentley,Continental GTC,2008,,,23.8gal.,,,all-wheel drive,w-12,6.0,"552hp @ 6,100rpm",6 speed automatic,"479 lb.-ft. @ 1,600rpm",,,,,,,,,,,,,60,,,,,,,,,,,
Bentley,Continental GTC,2007,,,23.8gal.,,,all-wheel drive,w-12,6.0,"552hp @ 6,100rpm",6 speed automatic,"479 lb.-ft. @ 1,600rpm",,,,,,,,,,,,,60,,,,,,,,,,,
Bentley,Arnage,2009,,,25.3gal.,,,rear-wheel,v-8,6.8,"450hp @ 4,100rpm",6 speed automatic,"646 lb.-ft. @ 1,800rpm",,,,,,,,,,,,,16,,,,,,,,,,,
Bentley,Arnage,2008,,,25.3gal.,,,rear-wheel,v-8,6.8,"450hp @ 4,100rpm",6 speed automatic,"645 lb.-ft. @ 1,800rpm",,,,,,,,,,,,,16,,,,,,,,,,,
Bentley,Arnage,2007,,,25.3gal.,,,rear-wheel,v-8,6.8,"450hp @ 4,100rpm",6 speed automatic,"645 lb.-ft. @ 1,800rpm",,,,,,,,,,,,,16,,,,,,,,,,,
Bentley,Arnage,2006,,,25.3gal.,,,rear-wheel,v-8,6.8,"400hp @ 4,000rpm",4 speed automatic,"616 lb.-ft. @ 3,250rpm",,,,,,,,,,,,,16,,,,,,,,,,,
Bentley,Arnage,2005,,,26.4gal.,,,rear-wheel,v-8,6.8,"400hp @ 4,000rpm",4 speed automatic,"616 lb.-ft. @ 3,250rpm",,,,,,,,,,,,,16,,,,,,,,,,,
Bentley,Arnage,2004,,,26.4gal.,,,rear-wheel,v-8,6.8,"400hp @ 4,000rpm",4 speed automatic,"616 lb.-ft. @ 3,250rpm",,,,,,,,,,,,,16,,,,,,,,,,,
Bentley,Arnage,2003,,,26.4gal.,,,rear-wheel,v-8,6.8,"450hp @ 4,100rpm",4 speed automatic,"645 lb.-ft. @ 3,250rpm",,,,,,,,,,,,,16,,,,,,,,,,,
Bentley,Arnage,2002,,,26.4gal.,,,rear-wheel,v-8,6.8,"400hp @ 4,000rpm",4 speed automatic,"619 lb.-ft. @ 2,150rpm",,,,,,,,,,,,,16,,,,,,,,,,,
Bentley,Arnage,2001,,,26.4gal.,,,rear-wheel,v-8,6.8,"400hp @ 4,000rpm",4 speed automatic,"619 lb.-ft. @ 2,150rpm",,,,,,,,,,,,,16,,,,,,,,,,,
Bentley,Azure,2010,,,25.3gal.,,,rear-wheel,v-8,6.8,"500hp @ 4,200rpm",6 speed automatic,"738 lb.-ft. @ 3,200rpm",,,,,,,,,,,,,16,,,,,,,,,,,
Bentley,Azure,2009,,,25.3gal.,,,rear-wheel,v-8,6.8,"450hp @ 4,100rpm",6 speed automatic,"646 lb.-ft. @ 1,800rpm",,,,,,,,,,,,,16,,,,,,,,,,,
Bentley,Azure,2008,,,25.3gal.,,,rear-wheel,v-8,6.8,"450hp @ 4,100rpm",6 speed automatic,"645 lb.-ft. @ 1,800rpm",,,,,,,,,,,,,16,,,,,,,,,,,
Bentley,Azure,2007,,,25.3gal.,,,rear-wheel,v-8,6.8,"450hp @ 4,100rpm",6 speed automatic,"645 lb.-ft. @ 1,800rpm",,,,,,,,,,,,,16,,,,,,,,,,,
Bentley,Azure,2003,,,28.2gal.,,,rear-wheel,v-8,6.8,"400hp @ 4,100rpm",4 speed automatic,"590 lb.-ft. @ 2,150rpm",,,,,,,,,,,,,16,,,,,,,,,,,
Bentley,Azure,2002,,,28.2gal.,,,rear-wheel,v-8,6.8,"400hp @ 4,100rpm",4 speed automatic,"590 lb.-ft. @ 2,150rpm",,,,,,,,,,,,,16,,,,,,,,,,,
Bentley,Azure,2001,,,28.2gal.,,,rear-wheel,v-8,6.8,"400hp @ 4,100rpm",4 speed automatic,"590 lb.-ft. @ 2,150rpm",,,,,,,,,,,,,16,,,,,,,,,,,
Bentley,Brooklands,2010,,,25.3gal.,,,rear-wheel,v-8,6.8,"530hp @ 4,000rpm",6 speed automatic,"774 lb.-ft. @ 3,250rpm",,,,,,,,,,,,,16,,,,,,,,,,,
Bentley,Brooklands,2009,,,25.3gal.,,,rear-wheel,v-8,6.8,"530hp @ 4,000rpm",6 speed automatic,"775 lb.-ft. @ 3,250rpm",,,,,,,,,,,,,16,,,,,,,,,,,
Bentley,Continental,2003,,,28.5gal.,,,rear-wheel,v-8,6.8,"400hp @ 4,100rpm",4 speed automatic,"590 lb.-ft. @ 2,150rpm",,,,,,,,,,,,,16,,,,,,,,,,,
Bentley,Continental,2002,,,28.5gal.,,,rear-wheel,v-8,6.8,"400hp @ 4,100rpm",4 speed automatic,"590 lb.-ft. @ 2,150rpm",,,,,,,,,,,,,16,,,,,,,,,,,
Bentley,Continental,2001,,,28.5gal.,,,rear-wheel,v-8,6.8,"400hp @ 4,100rpm",4 speed automatic,"590 lb.-ft. @ 2,150rpm",,,,,,,,,,,,,16,,,,,,,,,,,
Bentley,Continental Flying Spur,2013,,,23.8gal.,,,all-wheel drive,w-12,6.0,"552hp @ 6,100rpm",6 speed automatic,"479 lb.-ft. @ 1,600rpm",,,,,,,,,,,,,48,,,,,,,,,,,
Bentley,Continental Flying Spur,2012,,,23.8gal.,,,all-wheel drive,w-12,6.0,"552hp @ 6,100rpm",6 speed automatic,"479 lb.-ft. @ 1,600rpm",,,,,,,,,,,,,48,,,,,,,,,,,
Bentley,Continental Flying Spur,2011,,,23.8gal.,,,all-wheel drive,w-12,6.0,"552hp @ 6,100rpm",6 speed automatic,"479 lb.-ft. @ 1,600rpm",,,,,,,,,,,,,48,,,,,,,,,,,
Bentley,Continental Flying Spur,2010,,,23.8gal.,,,all-wheel drive,w-12,6.0,"552hp @ 6,100rpm",6 speed automatic,"479 lb.-ft. @ 1,600rpm",,,,,,,,,,,,,48,,,,,,,,,,,
Bentley,Continental Flying Spur,2009,,,23.8gal.,,,all-wheel drive,w-12,6.0,"552hp @ 6,100rpm",6 speed automatic,"480 lb.-ft. @ 1,600rpm",,,,,,,,,,,,,60,,,,,,,,,,,
Bentley,Continental Flying Spur,2008,,,23.8gal.,,,all-wheel drive,w-12,6.0,"552hp @ 6,100rpm",6 speed automatic,"479 lb.-ft. @ 1,600rpm",,,,,,,,,,,,,60,,,,,,,,,,,
Bentley,Continental Flying Spur,2007,,,23.8gal.,,,all-wheel drive,w-12,6.0,"552hp @ 6,100rpm",6 speed automatic,"479 lb.-ft. @ 1,600rpm",,,,,,,,,,,,,60,,,,,,,,,,,
Bentley,Continental Flying Spur,2006,,,23.8gal.,,,all-wheel drive,w-12,6.0,"552hp @ 6,100rpm",6 speed automatic,"479 lb.-ft. @ 1,600rpm",,,,,,,,,,,,,60,,,,,,,,,,,
Bentley,Continental GT,2018,12 mpg,20 mpg,24.0gal.,4,9 cu.ft.,all-wheel drive,w-12,6.0,"582hp @ 6,000rpm",8 speed automatic,"531 lb.-ft. @ 1,700rpm",4-wheel,6.0 l,366 cu.in.,582 hp,"38.2 ""","55.1 ""","76.7 ""","31.7 ""","41.3 ""","189.3 ""","38.2 ""","108.0 """,48,8,"5,501 lbs.","6,393 lbs.",,,,,,,,
Bentley,Continental GT,2017,,,24.0gal.,,,all-wheel drive,v-8,4.0,"500hp @ 6,000rpm",8 speed automatic,"487 lb.-ft. @ 1,700rpm",,,,,,,,,,,,,32,,,,,,,,,,,
Bentley,Continental GT,2016,,,24.0gal.,,,all-wheel drive,v-8,4.0,"500hp @ 6,000rpm",8 speed automatic,"487 lb.-ft. @ 1,700rpm",,,,,,,,,,,,,32,,,,,,,,,,,
Bentley,Continental GT,2015,,,24.0gal.,,,all-wheel drive,w-12,6.0,"582hp @ 6,100rpm",8 speed automatic,"531 lb.-ft. @ 1,700rpm",,,,,,,,,,,,,48,,,,,,,,,,,
Bentley,Continental GT,2014,,,24.0gal.,,,all-wheel drive,w-12,6.0,"567hp @ 6,000rpm",8 speed automatic,"516 lb.-ft. @ 1,700rpm",,,,,,,,,,,,,48,,,,,,,,,,,
Bentley,Continental GT,2013,,,24.0gal.,,,all-wheel drive,w-12,6.0,"567hp @ 6,000rpm",6 speed automatic,"516 lb.-ft. @ 1,700rpm",,,,,,,,,,,,,48,,,,,,,,,,,
Bentley,Continental GT,2012,,,24.0gal.,,,all-wheel drive,w-12,6.0,"567hp @ 6,000rpm",6 speed automatic,"516 lb.-ft. @ 1,700rpm",,,,,,,,,,,,,48,,,,,,,,,,,
Bentley,Continental GT,2010,,,23.8gal.,,,all-wheel drive,w-12,6.0,"552hp @ 6,100rpm",6 speed automatic,"479 lb.-ft. @ 1,600rpm",,,,,,,,,,,,,48,,,,,,,,,,,
Bentley,Continental GT,2009,,,23.8gal.,,,all-wheel drive,w-12,6.0,"552hp @ 6,100rpm",6 speed automatic,"480 lb.-ft. @ 1,600rpm",,,,,,,,,,,,,60,,,,,,,,,,,
Bentley,Continental GT,2008,,,23.8gal.,,,all-wheel drive,w-12,6.0,"552hp @ 6,100rpm",6 speed automatic,"479 lb.-ft. @ 1,600rpm",,,,,,,,,,,,,60,,,,,,,,,,,
Bentley,Continental GT,2007,,,23.8gal.,,,all-wheel drive,w-12,6.0,"552hp @ 6,100rpm",6 speed automatic,"479 lb.-ft. @ 1,600rpm",,,,,,,,,,,,,60,,,,,,,,,,,
Bentley,Continental GT,2006,,,23.8gal.,,,all-wheel drive,w-12,6.0,"552hp @ 6,100rpm",6 speed automatic,"479 lb.-ft. @ 1,600rpm",,,,,,,,,,,,,60,,,,,,,,,,,
Bentley,Continental GT,2005,,,23.8gal.,,,all-wheel drive,w-12,6.0,"552hp @ 6,100rpm",6 speed automatic,"479 lb.-ft. @ 1,600rpm",,,,,,,,,,,,,60,,,,,,,,,,,
Bentley,Continental GT,2004,,,23.8gal.,,,all-wheel drive,w-12,6.0,"552hp @ 6,100rpm",6 speed automatic,"479 lb.-ft. @ 1,600rpm",,,,,,,,,,,,,60,,,,,,,,,,,
Bentley,Continental GT,2003,,,23.8gal.,,,all-wheel drive,w-12,6.0,"552hp @ 6,100rpm",6 speed automatic,"479 lb.-ft. @ 1,600rpm",,,,,,,,,,,,,60,,,,,,,,,,,
Bentley,Bentayga,2018,,,22.5gal.,,,all-wheel drive,w-12,6.0,"600hp @ 5,000rpm",8 speed automatic,"664 lb.-ft. @ 1,350rpm",,,,,,,,,,,,,48,,,,,,,,,,,
Bentley,Bentayga,2017,,,22.5gal.,,,all-wheel drive,w-12,6.0,"600hp @ 5,000rpm",8 speed automatic,"664 lb.-ft. @ 1,350rpm",,,,,,,,,,,,,48,,,,,,,,,,,
