make,model,year,city,highway,fuel tank capacity,total seating capacity,max cargo capacity,drive type,cylinder configuration,engine liters,horsepower,transmission,torque,abs,size,displacement,horse power,front head room,overall height,overall width,rear leg room,front leg room,overall length,rear head room,wheelbase,number of valves,number of speeds,curb weight,gross vehicle weight,towing capacity,number of doors,speakers,approach angle,ground clearance (max),ramp breakover angle,departure angle,ground clearance
Buick,Verano,2017,,,15.6gal.,,,front-wheel,i-4,2.4,"180hp @ 6,700rpm",6 speed automatic,"171 lb.-ft. @ 4,900rpm",,,,,,,,,,,,,16,,,,,,,,,,,
Buick,Verano,2016,,,15.6gal.,,,front-wheel,i-4,2.4,"180hp @ 6,700rpm",6 speed automatic,"171 lb.-ft. @ 4,900rpm",,,,,,,,,,,,,16,,,,,,,,,,,
Buick,Verano,2015,,,15.6gal.,,,front-wheel,i-4,2.4,"180hp @ 6,700rpm",6 speed automatic,"171 lb.-ft. @ 4,900rpm",,,,,,,,,,,,,16,,,,,,,,,,,
Buick,Verano,2014,,,15.6gal.,,,front-wheel,i-4,2.4,"180hp @ 6,700rpm",6 speed automatic,"171 lb.-ft. @ 4,900rpm",,,,,,,,,,,,,16,,,,,,,,,,,
Buick,Verano,2013,,,15.6gal.,,,front-wheel,i-4,2.4,"180hp @ 6,700rpm",6 speed automatic,"171 lb.-ft. @ 4,900rpm",,,,,,,,,,,,,16,,,,,,,,,,,
Buick,Verano,2012,,,15.6gal.,,,front-wheel,i-4,2.4,"180hp @ 6,700rpm",6 speed automatic,"171 lb.-ft. @ 4,900rpm",,,,,,,,,,,,,16,,,,,,,,,,,
Buick,Cascada,2019,21 mpg,29 mpg,14.3gal.,4,13 cu.ft.,front-wheel,i-4,1.6,"200hp @ 5,500rpm",6 speed automatic,"207 lb.-ft. @ 1,800rpm",4-wheel,1.6 l,97 cu.in.,200 hp,"37.8 ""","56.8 ""","72.4 ""","32.8 ""","42.2 ""","184.9 ""","36.1 ""","106.1 """,16,6,"3,979 lbs.",,,,,,,,,
Buick,Cascada,2018,21 mpg,29 mpg,14.3gal.,4,13 cu.ft.,front-wheel,i-4,1.6,"200hp @ 5,500rpm",6 speed automatic,"207 lb.-ft. @ 1,800rpm",4-wheel,1.6 l,97 cu.in.,200 hp,"37.8 ""","56.8 ""","72.4 ""","32.8 ""","42.2 ""","184.9 ""","36.1 ""","106.1 """,16,6,"3,979 lbs.",,,,,,,,,
Buick,Cascada,2017,,,14.3gal.,,,front-wheel,i-4,1.6,"200hp @ 5,500rpm",6 speed automatic,"206 lb.-ft. @ 1,800rpm",,,,,,,,,,,,,16,,,,,,,,,,,
Buick,Cascada,2016,,,,,,front-wheel,i-4,1.6,200hp @ rpm,6 speed automatic,206 lb.-ft. @ rpm,,,,,,,,,,,,,16,,,,,,,,,,,
Buick,Cascada,2019,21 mpg,29 mpg,14.3gal.,4,13 cu.ft.,front-wheel,i-4,1.6,"200hp @ 5,500rpm",6 speed automatic,"207 lb.-ft. @ 1,800rpm",4-wheel,1.6 l,97 cu.in.,200 hp,"37.8 ""","56.8 ""","72.4 ""","32.8 ""","42.2 ""","184.9 ""","36.1 ""","106.1 """,16,6,"3,979 lbs.",,,,,,,,,
Buick,Cascada,2018,21 mpg,29 mpg,14.3gal.,4,13 cu.ft.,front-wheel,i-4,1.6,"200hp @ 5,500rpm",6 speed automatic,"207 lb.-ft. @ 1,800rpm",4-wheel,1.6 l,97 cu.in.,200 hp,"37.8 ""","56.8 ""","72.4 ""","32.8 ""","42.2 ""","184.9 ""","36.1 ""","106.1 """,16,6,"3,979 lbs.",,,,,,,,,
Buick,Cascada,2017,,,14.3gal.,,,front-wheel,i-4,1.6,"200hp @ 5,500rpm",6 speed automatic,"206 lb.-ft. @ 1,800rpm",,,,,,,,,,,,,16,,,,,,,,,,,
Buick,Cascada,2016,,,,,,front-wheel,i-4,1.6,200hp @ rpm,6 speed automatic,206 lb.-ft. @ rpm,,,,,,,,,,,,,16,,,,,,,,,,,
Buick,Century,2005,,,17.0gal.,,,front-wheel,v-6,3.1,"175hp @ 5,200rpm",4 speed automatic,"195 lb.-ft. @ 4,000rpm",,,,,,,,,,,,,12,,,,,,,,,,,
Buick,Century,2004,,,17.0gal.,,,front-wheel,v-6,3.1,"175hp @ 5,200rpm",4 speed automatic,"195 lb.-ft. @ 4,000rpm",,,,,,,,,,,,,12,,,,,,,,,,,
Buick,Century,2003,,,17.0gal.,,,front-wheel,v-6,3.1,"175hp @ 5,200rpm",4 speed automatic,"195 lb.-ft. @ 4,000rpm",,,,,,,,,,,,,12,,,,,,,,,,,
Buick,Century,2002,,,17.5gal.,,,front-wheel,v-6,3.1,"175hp @ 5,200rpm",4 speed automatic,"195 lb.-ft. @ 4,000rpm",,,,,,,,,,,,,12,,,,,,,,,,,
Buick,Century,2001,,,17.5gal.,,,front-wheel,v-6,3.1,"175hp @ 5,200rpm",4 speed automatic,"195 lb.-ft. @ 4,000rpm",,,,,,,,,,,,,12,,,,,,,,,,,
Buick,Century,2000,,,17.5gal.,,,front-wheel,v-6,3.1,"175hp @ 5,200rpm",4 speed automatic,"195 lb.-ft. @ 4,000rpm",,,,,,,,,,,,,12,,,,,,,,,,,
Buick,Century,1999,,,17.5gal.,,,front-wheel,v-6,3.1,"160hp @ 5,200rpm",4 speed automatic,"185 lb.-ft. @ 4,000rpm",,,,,,,,,,,,,12,,,,,,,,,,,
Buick,LaCrosse,2019,25 mpg,35 mpg,15.8gal.,5,,front-wheel,i-4,2.5,"194hp @ 6,300rpm",6 speed automatic,"187 lb.-ft. @ 4,400rpm",4-wheel,2.5 l,150 cu.in.,194 hp,"38.4 ""","57.5 ""","73.5 ""","38.0 ""","42.0 ""","197.5 ""","37.2 ""","114.4 """,16,6,,,,,,,,,,
Buick,LaCrosse,2018,25 mpg,35 mpg,15.8gal.,5,14 cu.ft.,front-wheel,i-4,2.5,"194hp @ 6,300rpm",6 speed automatic,"187 lb.-ft. @ 4,400rpm",4-wheel,2.5 l,150 cu.in.,194 hp,"38.4 ""","57.5 ""","73.5 ""","38.0 ""","42.0 ""","197.5 ""","37.2 ""","114.4 """,16,6,"3,490 lbs.",,,,,,,,,
Buick,LaCrosse,2017,21 mpg,31 mpg,15.8gal.,5,15 cu.ft.,front-wheel,v-6,3.6,"310hp @ 6,800rpm",8 speed automatic,"268 lb.-ft. @ 5,200rpm",4-wheel,3.6 l,217 cu.in.,310 hp,"38.4 ""","57.5 ""","73.5 ""","38.0 ""","42.0 ""","197.5 ""","37.2 ""","114.4 """,24,8,,,"1,000 lbs.",,,,,,,
Buick,LaCrosse,2016,,,18.5gal.,,,front-wheel,v-6,3.6,"304hp @ 6,800rpm",6 speed automatic,"264 lb.-ft. @ 5,300rpm",,,,,,,,,,,,,24,,,,,,,,,,,
Buick,LaCrosse,2015,,,18.0gal.,,,front-wheel,i-4,3.6,"304hp @ 6,800rpm",6 speed automatic,"264 lb.-ft. @ 5,300rpm",,,,,,,,,,,,,24,,,,,,,,,,,
Buick,LaCrosse,2014,,,18.0gal.,,,front-wheel,v-6,3.6,"304hp @ 6,800rpm",6 speed automatic,"264 lb.-ft. @ 5,300rpm",,,,,,,,,,,,,16,,,,,,,,,,,
Buick,LaCrosse,2013,,,18.0gal.,,,front-wheel,v-6,3.6,"303hp @ 6,800rpm",6 speed automatic,"264 lb.-ft. @ 5,300rpm",,,,,,,,,,,,,24,,,,,,,,,,,
Buick,LaCrosse,2012,,,15.7gal.,,,front-wheel,i-4,2.4,"182hp @ 6,700rpm",6 speed automatic,"172 lb.-ft. @ 4,900rpm",,,,,,,,,,,,,16,,,,,,,,,,,
Buick,LaCrosse,2011,,,18.0gal.,,,front-wheel,v-6,3.6,"182hp @ 6,700rpm",6 speed automatic,"259 lb.-ft. @ 4,800rpm",,,,,,,,,,,,,24,,,,,,,,,,,
Buick,LaCrosse,2010,,,18.0gal.,,,front-wheel,v-6,3.0,"255hp @ 6,900rpm",6 speed automatic,"217 lb.-ft. @ 5,100rpm",,,,,,,,,,,,,24,,,,,,,,,,,
Buick,LaCrosse,2009,,,17.0gal.,,,front-wheel,v-6,3.8,"200hp @ 5,200rpm",4 speed automatic,"230 lb.-ft. @ 4,000rpm",,,,,,,,,,,,,12,,,,,,,,,,,
Buick,LaCrosse,2008,,,17.0gal.,,,front-wheel,v-6,3.8,"200hp @ 5,200rpm",4 speed automatic,"230 lb.-ft. @ 4,000rpm",,,,,,,,,,,,,12,,,,,,,,,,,
Buick,LaCrosse,2007,,,17.0gal.,,,front-wheel,v-6,3.8,"200hp @ 5,200rpm",4 speed automatic,"230 lb.-ft. @ 4,000rpm",,,,,,,,,,,,,12,,,,,,,,,,,
Buick,LaCrosse,2006,,,17.0gal.,,,front-wheel,v-6,3.8,"200hp @ 5,200rpm",4 speed automatic,"230 lb.-ft. @ 4,000rpm",,,,,,,,,,,,,12,,,,,,,,,,,
Buick,LaCrosse,2005,,,17.0gal.,,,front-wheel,v-6,3.8,"200hp @ 5,200rpm",4 speed automatic,"230 lb.-ft. @ 4,000rpm",,,,,,,,,,,,,12,,,,,,,,,,,
Buick,LeSabre,2005,,,18.0gal.,,,front-wheel,v-6,3.8,"205hp @ 5,200rpm",4 speed automatic,"230 lb.-ft. @ 4,000rpm",,,,,,,,,,,,,12,,,,,,,,,,,
Buick,LeSabre,2004,,,18.0gal.,,,front-wheel,v-6,3.8,"205hp @ 5,200rpm",4 speed automatic,"230 lb.-ft. @ 4,000rpm",,,,,,,,,,,,,12,,,,,,,,,,,
Buick,LeSabre,2003,,,18.0gal.,,,front-wheel,v-6,3.8,"205hp @ 5,200rpm",4 speed automatic,"230 lb.-ft. @ 4,000rpm",,,,,,,,,,,,,12,,,,,,,,,,,
Buick,LeSabre,2002,,,18.5gal.,,,front-wheel,v-6,3.8,"205hp @ 5,200rpm",4 speed automatic,"230 lb.-ft. @ 4,000rpm",,,,,,,,,,,,,12,,,,,,,,,,,
Buick,LeSabre,2001,,,18.5gal.,,,front-wheel,v-6,3.8,"205hp @ 5,200rpm",4 speed automatic,"230 lb.-ft. @ 4,000rpm",,,,,,,,,,,,,12,,,,,,,,,,,
Buick,LeSabre,2000,,,18.5gal.,,,front-wheel,v-6,3.8,"205hp @ 5,200rpm",4 speed automatic,"230 lb.-ft. @ 4,000rpm",,,,,,,,,,,,,12,,,,,,,,,,,
Buick,LeSabre,1999,,,18.0gal.,,,front-wheel,v-6,3.8,"205hp @ 5,200rpm",4 speed automatic,"230 lb.-ft. @ 4,000rpm",,,,,,,,,,,,,12,,,,,,,,,,,
Buick,Lucerne,2011,,,18.0gal.,,,front-wheel,v-6,3.9,"227hp @ 5,700rpm",4 speed automatic,"237 lb.-ft. @ 3,200rpm",,,,,,,,,,,,,12,,,,,,,,,,,
Buick,Lucerne,2010,,,18.0gal.,,,front-wheel,v-6,3.9,"219hp @ 5,700rpm",4 speed automatic,"234 lb.-ft. @ 3,200rpm",,,,,,,,,,,,,12,,,,,,,,,,,
Buick,Lucerne,2009,,,18.0gal.,,,front-wheel,v-6,3.9,"219hp @ 5,700rpm",4 speed automatic,"234 lb.-ft. @ 3,200rpm",,,,,,,,,,,,,12,,,,,,,,,,,
Buick,Lucerne,2008,,,18.0gal.,,,front-wheel,v-6,3.8,"197hp @ 5,200rpm",4 speed automatic,"227 lb.-ft. @ 3,800rpm",,,,,,,,,,,,,12,,,,,,,,,,,
Buick,Lucerne,2007,,,18.0gal.,,,front-wheel,v-6,3.8,"197hp @ 5,200rpm",4 speed automatic,"227 lb.-ft. @ 3,800rpm",,,,,,,,,,,,,12,,,,,,,,,,,
Buick,Lucerne,2006,,,18.0gal.,,,front-wheel,v-6,3.8,"197hp @ 5,200rpm",4 speed automatic,"227 lb.-ft. @ 3,800rpm",,,,,,,,,,,,,12,,,,,,,,,,,
Buick,Park Avenue,2005,,,18.0gal.,,,front-wheel,v-6,3.8,"205hp @ 5,200rpm",4 speed automatic,"230 lb.-ft. @ 4,000rpm",,,,,,,,,,,,,12,,,,,,,,,,,
Buick,Park Avenue,2004,,,18.0gal.,,,front-wheel,v-6,3.8,"240hp @ 5,200rpm",4 speed automatic,"280 lb.-ft. @ 3,600rpm",,,,,,,,,,,,,12,,,,,,,,,,,
Buick,Park Avenue,2003,,,18.0gal.,,,front-wheel,v-6,3.8,"240hp @ 5,200rpm",4 speed automatic,"280 lb.-ft. @ 3,600rpm",,,,,,,,,,,,,12,,,,,,,,,,,
Buick,Park Avenue,2002,,,18.5gal.,,,front-wheel,v-6,3.8,"240hp @ 5,200rpm",4 speed automatic,"280 lb.-ft. @ 3,600rpm",,,,,,,,,,,,,12,,,,,,,,,,,
Buick,Park Avenue,2001,,,18.5gal.,,,front-wheel,v-6,3.8,"205hp @ 5,200rpm",4 speed automatic,"230 lb.-ft. @ 4,000rpm",,,,,,,,,,,,,12,,,,,,,,,,,
Buick,Park Avenue,2000,,,18.5gal.,,,front-wheel,v-6,3.8,"205hp @ 5,200rpm",4 speed automatic,"230 lb.-ft. @ 4,000rpm",,,,,,,,,,,,,12,,,,,,,,,,,
Buick,Park Avenue,1999,,,18.5gal.,,,front-wheel,v-6,3.8,"205hp @ 5,200rpm",4 speed automatic,"230 lb.-ft. @ 4,000rpm",,,,,,,,,,,,,12,,,,,,,,,,,
Buick,Park Avenue,2005,,,18.0gal.,,,front-wheel,v-6,3.8,"205hp @ 5,200rpm",4 speed automatic,"230 lb.-ft. @ 4,000rpm",,,,,,,,,,,,,12,,,,,,,,,,,
Buick,Park Avenue,2004,,,18.0gal.,,,front-wheel,v-6,3.8,"240hp @ 5,200rpm",4 speed automatic,"280 lb.-ft. @ 3,600rpm",,,,,,,,,,,,,12,,,,,,,,,,,
Buick,Park Avenue,2003,,,18.0gal.,,,front-wheel,v-6,3.8,"240hp @ 5,200rpm",4 speed automatic,"280 lb.-ft. @ 3,600rpm",,,,,,,,,,,,,12,,,,,,,,,,,
Buick,Park Avenue,2002,,,18.5gal.,,,front-wheel,v-6,3.8,"240hp @ 5,200rpm",4 speed automatic,"280 lb.-ft. @ 3,600rpm",,,,,,,,,,,,,12,,,,,,,,,,,
Buick,Park Avenue,2001,,,18.5gal.,,,front-wheel,v-6,3.8,"205hp @ 5,200rpm",4 speed automatic,"230 lb.-ft. @ 4,000rpm",,,,,,,,,,,,,12,,,,,,,,,,,
Buick,Park Avenue,2000,,,18.5gal.,,,front-wheel,v-6,3.8,"205hp @ 5,200rpm",4 speed automatic,"230 lb.-ft. @ 4,000rpm",,,,,,,,,,,,,12,,,,,,,,,,,
Buick,Park Avenue,1999,,,18.5gal.,,,front-wheel,v-6,3.8,"205hp @ 5,200rpm",4 speed automatic,"230 lb.-ft. @ 4,000rpm",,,,,,,,,,,,,12,,,,,,,,,,,
Buick,Regal,2017,,,18.0gal.,,,front-wheel,i-4,2.4,"182hp @ 6,700rpm",6 speed automatic,"172 lb.-ft. @ 4,900rpm",,,,,,,,,,,,,16,,,,,,,,,,,
Buick,Regal,2016,,,18.0gal.,,,front-wheel,i-4,2.0,"259hp @ 5,300rpm",6 speed automatic,"295 lb.-ft. @ 3,000rpm",,,,,,,,,,,,,16,,,,,,,,,,,
Buick,Regal,2015,,,18.0gal.,,,front-wheel,i-4,2.0,"259hp @ 5,300rpm",6 speed automatic,"295 lb.-ft. @ 3,000rpm",,,,,,,,,,,,,16,,,,,,,,,,,
Buick,Regal,2014,,,18.0gal.,,,front-wheel,i-4,2.0,"259hp @ 5,300rpm",6 speed automatic,"295 lb.-ft. @ 3,000rpm",,,,,,,,,,,,,16,,,,,,,,,,,
Buick,Regal,2013,,,15.8gal.,,,front-wheel,i-4,2.4,"182hp @ 6,700rpm",6 speed automatic,"172 lb.-ft. @ 4,900rpm",,,,,,,,,,,,,16,,,,,,,,,,,
Buick,Regal,2012,,,15.6gal.,,,front-wheel,i-4,2.4,"182hp @ 6,700rpm",6 speed automatic,"172 lb.-ft. @ 4,900rpm",,,,,,,,,,,,,16,,,,,,,,,,,
Buick,Regal,2011,,,18.0gal.,,,front-wheel,i-4,2.4,"182hp @ 6,700rpm",6 speed automatic,"172 lb.-ft. @ 4,900rpm",,,,,,,,,,,,,16,,,,,,,,,,,
Buick,Regal,2004,,,17.0gal.,,,front-wheel,v-6,3.8,"200hp @ 5,200rpm",4 speed automatic,"225 lb.-ft. @ 4,000rpm",,,,,,,,,,,,,12,,,,,,,,,,,
Buick,Regal,2003,,,17.0gal.,,,front-wheel,v-6,3.8,"200hp @ 5,200rpm",4 speed automatic,"225 lb.-ft. @ 4,000rpm",,,,,,,,,,,,,12,,,,,,,,,,,
Buick,Regal,2002,,,17.5gal.,,,front-wheel,v-6,3.8,"200hp @ 5,200rpm",4 speed automatic,"225 lb.-ft. @ 4,000rpm",,,,,,,,,,,,,12,,,,,,,,,,,
Buick,Regal,2001,,,17.5gal.,,,front-wheel,v-6,3.8,"200hp @ 5,200rpm",4 speed automatic,"225 lb.-ft. @ 4,000rpm",,,,,,,,,,,,,12,,,,,,,,,,,
Buick,Regal,2000,,,17.5gal.,,,front-wheel,v-6,3.8,"200hp @ 5,200rpm",4 speed automatic,"225 lb.-ft. @ 4,000rpm",,,,,,,,,,,,,12,,,,,,,,,,,
Buick,Regal,1999,,,17.5gal.,,,front-wheel,v-6,3.8,"195hp @ 5,200rpm",4 speed automatic,"220 lb.-ft. @ 4,000rpm",,,,,,,,,,,,,12,,,,,,,,,,,
Buick,Enclave,2019,18 mpg,26 mpg,19.0gal.,7,98 cu.ft.,front-wheel,v-6,3.6,"310hp @ 6,800rpm",9 speed automatic,"266 lb.-ft. @ 2,800rpm",4-wheel,3.6 l,223 cu.in.,310 hp,"41.0 ""","69.6 ""","78.8 ""","38.9 ""","41.2 ""","204.3 ""","39.9 ""","120.9 """,24,9,"4,359 lbs.","6,173 lbs.","1,500 lbs.",,,,,,,
Buick,Enclave,2018,18 mpg,26 mpg,19.0gal.,7,98 cu.ft.,front-wheel,v-6,3.6,"310hp @ 6,800rpm",9 speed automatic,"266 lb.-ft. @ 2,800rpm",4-wheel,3.6 l,223 cu.in.,310 hp,"41.0 ""","69.6 ""","78.8 ""","38.9 ""","41.2 ""","204.3 ""","39.9 ""","120.9 """,24,9,"4,359 lbs.","6,173 lbs.","1,500 lbs.",,,,,,,
Buick,Enclave,2017,,,22.0gal.,,,front-wheel,v-6,3.6,"288hp @ 6,300rpm",6 speed automatic,"270 lb.-ft. @ 3,400rpm",,,,,,,,,,,,,24,,,,,,,,,,,
Buick,Enclave,2016,,,22.0gal.,,,front-wheel,v-6,3.6,"288hp @ 6,300rpm",6 speed automatic,"270 lb.-ft. @ 3,400rpm",,,,,,,,,,,,,24,,,,,,,,,,,
Buick,Enclave,2015,,,22.0gal.,,,front-wheel,v-6,3.6,"288hp @ 6,300rpm",6 speed automatic,"270 lb.-ft. @ 3,400rpm",,,,,,,,,,,,,24,,,,,,,,,,,
Buick,Enclave,2014,,,22.0gal.,,,front-wheel,v-6,3.6,"288hp @ 6,300rpm",6 speed automatic,"270 lb.-ft. @ 3,400rpm",,,,,,,,,,,,,24,,,,,,,,,,,
Buick,Enclave,2013,,,22.0gal.,,,front-wheel,v-6,3.6,"288hp @ 6,300rpm",6 speed automatic,"270 lb.-ft. @ 3,400rpm",,,,,,,,,,,,,24,,,,,,,,,,,
Buick,Enclave,2012,,,22.0gal.,,,front-wheel,v-6,3.6,"288hp @ 6,300rpm",6 speed automatic,"270 lb.-ft. @ 3,400rpm",,,,,,,,,,,,,24,,,,,,,,,,,
Buick,Enclave,2011,,,22.0gal.,,,front-wheel,v-6,3.6,"288hp @ 6,300rpm",6 speed automatic,"270 lb.-ft. @ 3,400rpm",,,,,,,,,,,,,24,,,,,,,,,,,
Buick,Enclave,2010,,,22.0gal.,,,front-wheel,v-6,3.6,"288hp @ 6,300rpm",6 speed automatic,"270 lb.-ft. @ 3,400rpm",,,,,,,,,,,,,24,,,,,,,,,,,
Buick,Enclave,2009,,,22.0gal.,,,front-wheel,v-6,3.6,"288hp @ 6,300rpm",6 speed automatic,"270 lb.-ft. @ 3,400rpm",,,,,,,,,,,,,24,,,,,,,,,,,
Buick,Enclave,2008,,,22.0gal.,,,front-wheel,v-6,3.6,"275hp @ 6,600rpm",6 speed automatic,"251 lb.-ft. @ 3,200rpm",,,,,,,,,,,,,24,,,,,,,,,,,
Buick,Encore,2019,25 mpg,33 mpg,14.0gal.,5,48 cu.ft.,front-wheel,i-4,1.4,"138hp @ 4,900rpm",6 speed automatic,"148 lb.-ft. @ 1,850rpm",4-wheel,1.4 l,83 cu.in.,138 hp,"39.6 ""","65.3 ""","69.9 ""","35.8 ""","40.8 ""","168.4 ""","38.8 ""","100.6 """,16,6,"3,237 lbs.","4,255 lbs.",,,,,,,,
Buick,Encore,2018,25 mpg,33 mpg,14.0gal.,5,48 cu.ft.,front-wheel,i-4,1.4,"138hp @ 4,900rpm",6 speed automatic,"148 lb.-ft. @ 1,850rpm",4-wheel,1.4 l,83 cu.in.,138 hp,"39.6 ""","65.3 ""","69.9 ""","35.8 ""","40.8 ""","168.4 ""","38.8 ""","100.6 """,16,6,"3,237 lbs.","4,255 lbs.",,,,,,,,
Buick,Encore,2017,,,14.0gal.,,,front-wheel,i-4,1.4,"138hp @ 4,900rpm",6 speed automatic,"148 lb.-ft. @ 1,850rpm",,,,,,,,,,,,,16,,,,,,,,,,,
Buick,Encore,2016,,,14.0gal.,,,front-wheel,i-4,1.4,"138hp @ 4,900rpm",6 speed automatic,"148 lb.-ft. @ 1,850rpm",,,,,,,,,,,,,16,,,,,,,,,,,
Buick,Encore,2015,,,14.0gal.,,,front-wheel,i-4,1.4,"138hp @ 4,900rpm",6 speed automatic,"148 lb.-ft. @ 1,850rpm",,,,,,,,,,,,,16,,,,,,,,,,,
Buick,Encore,2014,,,14.0gal.,,,front-wheel,i-4,1.4,"138hp @ 4,900rpm",6 speed automatic,"148 lb.-ft. @ 1,850rpm",,,,,,,,,,,,,16,,,,,,,,,,,
Buick,Encore,2013,,,14.0gal.,,,front-wheel,i-4,1.4,"138hp @ 4,900rpm",6 speed automatic,"148 lb.-ft. @ 1,850rpm",,,,,,,,,,,,,16,,,,,,,,,,,
Buick,Terraza,2007,,,25.0gal.,,,front-wheel,v-6,3.9,"240hp @ 6,000rpm",4 speed automatic,"240 lb.-ft. @ 4,800rpm",,,,,,,,,,,,,12,,,,,,,,,,,
Buick,Terraza,2006,,,25.0gal.,,,front-wheel,v-6,3.9,"240hp @ 6,000rpm",4 speed automatic,"240 lb.-ft. @ 4,800rpm",,,,,,,,,,,,,12,,,,,,,,,,,
Buick,Terraza,2005,,,25.0gal.,,,front-wheel,v-6,3.5,"200hp @ 5,200rpm",4 speed automatic,"220 lb.-ft. @ 4,400rpm",,,,,,,,,,,,,12,,,,,,,,,,,
Buick,Enclave,2019,18 mpg,26 mpg,19.0gal.,7,98 cu.ft.,front-wheel,v-6,3.6,"310hp @ 6,800rpm",9 speed automatic,"266 lb.-ft. @ 2,800rpm",4-wheel,3.6 l,223 cu.in.,310 hp,"41.0 ""","69.6 ""","78.8 ""","38.9 ""","41.2 ""","204.3 ""","39.9 ""","120.9 """,24,9,"4,359 lbs.","6,173 lbs.","1,500 lbs.",,,,,,,
Buick,Enclave,2018,18 mpg,26 mpg,19.0gal.,7,98 cu.ft.,front-wheel,v-6,3.6,"310hp @ 6,800rpm",9 speed automatic,"266 lb.-ft. @ 2,800rpm",4-wheel,3.6 l,223 cu.in.,310 hp,"41.0 ""","69.6 ""","78.8 ""","38.9 ""","41.2 ""","204.3 ""","39.9 ""","120.9 """,24,9,"4,359 lbs.","6,173 lbs.","1,500 lbs.",,,,,,,
Buick,Enclave,2017,,,22.0gal.,,,front-wheel,v-6,3.6,"288hp @ 6,300rpm",6 speed automatic,"270 lb.-ft. @ 3,400rpm",,,,,,,,,,,,,24,,,,,,,,,,,
Buick,Enclave,2016,,,22.0gal.,,,front-wheel,v-6,3.6,"288hp @ 6,300rpm",6 speed automatic,"270 lb.-ft. @ 3,400rpm",,,,,,,,,,,,,24,,,,,,,,,,,
Buick,Enclave,2015,,,22.0gal.,,,front-wheel,v-6,3.6,"288hp @ 6,300rpm",6 speed automatic,"270 lb.-ft. @ 3,400rpm",,,,,,,,,,,,,24,,,,,,,,,,,
Buick,Enclave,2014,,,22.0gal.,,,front-wheel,v-6,3.6,"288hp @ 6,300rpm",6 speed automatic,"270 lb.-ft. @ 3,400rpm",,,,,,,,,,,,,24,,,,,,,,,,,
Buick,Enclave,2013,,,22.0gal.,,,front-wheel,v-6,3.6,"288hp @ 6,300rpm",6 speed automatic,"270 lb.-ft. @ 3,400rpm",,,,,,,,,,,,,24,,,,,,,,,,,
Buick,Enclave,2012,,,22.0gal.,,,front-wheel,v-6,3.6,"288hp @ 6,300rpm",6 speed automatic,"270 lb.-ft. @ 3,400rpm",,,,,,,,,,,,,24,,,,,,,,,,,
Buick,Enclave,2011,,,22.0gal.,,,front-wheel,v-6,3.6,"288hp @ 6,300rpm",6 speed automatic,"270 lb.-ft. @ 3,400rpm",,,,,,,,,,,,,24,,,,,,,,,,,
Buick,Enclave,2010,,,22.0gal.,,,front-wheel,v-6,3.6,"288hp @ 6,300rpm",6 speed automatic,"270 lb.-ft. @ 3,400rpm",,,,,,,,,,,,,24,,,,,,,,,,,
Buick,Enclave,2009,,,22.0gal.,,,front-wheel,v-6,3.6,"288hp @ 6,300rpm",6 speed automatic,"270 lb.-ft. @ 3,400rpm",,,,,,,,,,,,,24,,,,,,,,,,,
Buick,Enclave,2008,,,22.0gal.,,,front-wheel,v-6,3.6,"275hp @ 6,600rpm",6 speed automatic,"251 lb.-ft. @ 3,200rpm",,,,,,,,,,,,,24,,,,,,,,,,,
Buick,Encore,2019,25 mpg,33 mpg,14.0gal.,5,48 cu.ft.,front-wheel,i-4,1.4,"138hp @ 4,900rpm",6 speed automatic,"148 lb.-ft. @ 1,850rpm",4-wheel,1.4 l,83 cu.in.,138 hp,"39.6 ""","65.3 ""","69.9 ""","35.8 ""","40.8 ""","168.4 ""","38.8 ""","100.6 """,16,6,"3,237 lbs.","4,255 lbs.",,,,,,,,
Buick,Encore,2018,25 mpg,33 mpg,14.0gal.,5,48 cu.ft.,front-wheel,i-4,1.4,"138hp @ 4,900rpm",6 speed automatic,"148 lb.-ft. @ 1,850rpm",4-wheel,1.4 l,83 cu.in.,138 hp,"39.6 ""","65.3 ""","69.9 ""","35.8 ""","40.8 ""","168.4 ""","38.8 ""","100.6 """,16,6,"3,237 lbs.","4,255 lbs.",,,,,,,,
Buick,Encore,2017,,,14.0gal.,,,front-wheel,i-4,1.4,"138hp @ 4,900rpm",6 speed automatic,"148 lb.-ft. @ 1,850rpm",,,,,,,,,,,,,16,,,,,,,,,,,
Buick,Encore,2016,,,14.0gal.,,,front-wheel,i-4,1.4,"138hp @ 4,900rpm",6 speed automatic,"148 lb.-ft. @ 1,850rpm",,,,,,,,,,,,,16,,,,,,,,,,,
Buick,Encore,2015,,,14.0gal.,,,front-wheel,i-4,1.4,"138hp @ 4,900rpm",6 speed automatic,"148 lb.-ft. @ 1,850rpm",,,,,,,,,,,,,16,,,,,,,,,,,
Buick,Encore,2014,,,14.0gal.,,,front-wheel,i-4,1.4,"138hp @ 4,900rpm",6 speed automatic,"148 lb.-ft. @ 1,850rpm",,,,,,,,,,,,,16,,,,,,,,,,,
Buick,Encore,2013,,,14.0gal.,,,front-wheel,i-4,1.4,"138hp @ 4,900rpm",6 speed automatic,"148 lb.-ft. @ 1,850rpm",,,,,,,,,,,,,16,,,,,,,,,,,
Buick,Envision,2019,22 mpg,29 mpg,17.3gal.,5,57 cu.ft.,front-wheel,i-4,2.5,"197hp @ 6,300rpm",6 speed automatic,"192 lb.-ft. @ 4,400rpm",4-wheel,2.5 l,150 cu.in.,197 hp,"40.0 ""","66.8 ""","72.4 ""","37.5 ""","40.9 ""","183.7 ""","38.5 ""","108.3 """,16,6,"3,755 lbs.","5,070 lbs.",,,,,,,,
Buick,Envision,2018,22 mpg,29 mpg,17.3gal.,5,57 cu.ft.,front-wheel,i-4,2.5,"197hp @ 6,300rpm",6 speed automatic,"192 lb.-ft. @ 4,400rpm",4-wheel,2.5 l,150 cu.in.,197 hp,"40.0 ""","66.8 ""","72.4 ""","37.5 ""","40.9 ""","183.7 ""","38.5 ""","108.3 """,16,6,"3,755 lbs.","5,070 lbs.",,,,,,,,
Buick,Envision,2017,,,17.3gal.,,,twin clutch awd all-wheel drive,i-4,2.5,"197hp @ 6,300rpm",6 speed automatic,"192 lb.-ft. @ 4,400rpm",,,,,,,,,,,,,16,,,,,,,,,,,
Buick,Envision,2016,,,17.3gal.,,,all-wheel drive,i-4,2.0,"252hp @ 5,500rpm",6 speed automatic,"260 lb.-ft. @ 2,000rpm",,,,,,,,,,,,,16,,,,,,,,,,,
Buick,Enclave,2019,18 mpg,26 mpg,19.0gal.,7,98 cu.ft.,front-wheel,v-6,3.6,"310hp @ 6,800rpm",9 speed automatic,"266 lb.-ft. @ 2,800rpm",4-wheel,3.6 l,223 cu.in.,310 hp,"41.0 ""","69.6 ""","78.8 ""","38.9 ""","41.2 ""","204.3 ""","39.9 ""","120.9 """,24,9,"4,359 lbs.","6,173 lbs.","1,500 lbs.",,,,,,,
Buick,Enclave,2018,18 mpg,26 mpg,19.0gal.,7,98 cu.ft.,front-wheel,v-6,3.6,"310hp @ 6,800rpm",9 speed automatic,"266 lb.-ft. @ 2,800rpm",4-wheel,3.6 l,223 cu.in.,310 hp,"41.0 ""","69.6 ""","78.8 ""","38.9 ""","41.2 ""","204.3 ""","39.9 ""","120.9 """,24,9,"4,359 lbs.","6,173 lbs.","1,500 lbs.",,,,,,,
Buick,Enclave,2017,,,22.0gal.,,,front-wheel,v-6,3.6,"288hp @ 6,300rpm",6 speed automatic,"270 lb.-ft. @ 3,400rpm",,,,,,,,,,,,,24,,,,,,,,,,,
Buick,Enclave,2016,,,22.0gal.,,,front-wheel,v-6,3.6,"288hp @ 6,300rpm",6 speed automatic,"270 lb.-ft. @ 3,400rpm",,,,,,,,,,,,,24,,,,,,,,,,,
Buick,Enclave,2015,,,22.0gal.,,,front-wheel,v-6,3.6,"288hp @ 6,300rpm",6 speed automatic,"270 lb.-ft. @ 3,400rpm",,,,,,,,,,,,,24,,,,,,,,,,,
Buick,Enclave,2014,,,22.0gal.,,,front-wheel,v-6,3.6,"288hp @ 6,300rpm",6 speed automatic,"270 lb.-ft. @ 3,400rpm",,,,,,,,,,,,,24,,,,,,,,,,,
Buick,Enclave,2013,,,22.0gal.,,,front-wheel,v-6,3.6,"288hp @ 6,300rpm",6 speed automatic,"270 lb.-ft. @ 3,400rpm",,,,,,,,,,,,,24,,,,,,,,,,,
Buick,Enclave,2012,,,22.0gal.,,,front-wheel,v-6,3.6,"288hp @ 6,300rpm",6 speed automatic,"270 lb.-ft. @ 3,400rpm",,,,,,,,,,,,,24,,,,,,,,,,,
Buick,Enclave,2011,,,22.0gal.,,,front-wheel,v-6,3.6,"288hp @ 6,300rpm",6 speed automatic,"270 lb.-ft. @ 3,400rpm",,,,,,,,,,,,,24,,,,,,,,,,,
Buick,Enclave,2010,,,22.0gal.,,,front-wheel,v-6,3.6,"288hp @ 6,300rpm",6 speed automatic,"270 lb.-ft. @ 3,400rpm",,,,,,,,,,,,,24,,,,,,,,,,,
Buick,Enclave,2009,,,22.0gal.,,,front-wheel,v-6,3.6,"288hp @ 6,300rpm",6 speed automatic,"270 lb.-ft. @ 3,400rpm",,,,,,,,,,,,,24,,,,,,,,,,,
Buick,Enclave,2008,,,22.0gal.,,,front-wheel,v-6,3.6,"275hp @ 6,600rpm",6 speed automatic,"251 lb.-ft. @ 3,200rpm",,,,,,,,,,,,,24,,,,,,,,,,,
Buick,Envision,2019,22 mpg,29 mpg,17.3gal.,5,57 cu.ft.,front-wheel,i-4,2.5,"197hp @ 6,300rpm",6 speed automatic,"192 lb.-ft. @ 4,400rpm",4-wheel,2.5 l,150 cu.in.,197 hp,"40.0 ""","66.8 ""","72.4 ""","37.5 ""","40.9 ""","183.7 ""","38.5 ""","108.3 """,16,6,"3,755 lbs.","5,070 lbs.",,,,,,,,
Buick,Envision,2018,22 mpg,29 mpg,17.3gal.,5,57 cu.ft.,front-wheel,i-4,2.5,"197hp @ 6,300rpm",6 speed automatic,"192 lb.-ft. @ 4,400rpm",4-wheel,2.5 l,150 cu.in.,197 hp,"40.0 ""","66.8 ""","72.4 ""","37.5 ""","40.9 ""","183.7 ""","38.5 ""","108.3 """,16,6,"3,755 lbs.","5,070 lbs.",,,,,,,,
Buick,Envision,2017,,,17.3gal.,,,twin clutch awd all-wheel drive,i-4,2.5,"197hp @ 6,300rpm",6 speed automatic,"192 lb.-ft. @ 4,400rpm",,,,,,,,,,,,,16,,,,,,,,,,,
Buick,Envision,2016,,,17.3gal.,,,all-wheel drive,i-4,2.0,"252hp @ 5,500rpm",6 speed automatic,"260 lb.-ft. @ 2,000rpm",,,,,,,,,,,,,16,,,,,,,,,,,
