make,model,year,city,highway,fuel tank capacity,total seating capacity,max cargo capacity,drive type,cylinder configuration,engine liters,horsepower,transmission,torque,abs,size,displacement,horse power,front head room,overall height,overall width,rear leg room,front leg room,overall length,rear head room,wheelbase,number of valves,number of speeds,curb weight,gross vehicle weight,towing capacity,number of doors,speakers,approach angle,ground clearance (max),ramp breakover angle,departure angle,ground clearance
Cadillac,ATS-V,2018,16 mpg,23 mpg,16.0gal.,5,10 cu.ft.,rear-wheel,v-6,3.6,"464hp @ 5,850rpm",8 speed automatic,"445 lb.-ft. @ 3,500rpm",4-wheel,3.6 l,217 cu.in.,464 hp,"38.6 ""","55.7 ""","71.3 ""","33.5 ""","42.5 ""","184.0 ""","36.8 ""","109.3 """,24,6,"3,812 lbs.",,,,,,,,,
Cadillac,ATS-V,2017,,,16.0gal.,,,rear-wheel,v-6,3.6,"464hp @ 5,850rpm",8 speed automatic,"445 lb.-ft. @ 3,500rpm",,,,,,,,,,,,,24,,,,,,,,,,,
Cadillac,ATS-V,2016,,,16.0gal.,,,rear-wheel,v-6,3.6,"464hp @ 5,850rpm",8 speed automatic,"445 lb.-ft. @ 3,500rpm",,,,,,,,,,,,,24,,,,,,,,,,,
Cadillac,CTS-V,2018,14 mpg,21 mpg,19.0gal.,5,14 cu.ft.,rear-wheel,v-8,6.2,"640hp @ 6,400rpm",8 speed automatic,"630 lb.-ft. @ 3,600rpm",4-wheel,6.2 l,376 cu.in.,640 hp,"40.4 ""","57.2 ""","72.2 ""","35.4 ""","45.7 ""","197.6 ""","37.5 ""","114.6 """,16,8,"4,141 lbs.","5,270 lbs.",,,,,,,,
Cadillac,CTS-V,2017,14 mpg,21 mpg,19.0gal.,5,14 cu.ft.,rear-wheel,v-8,6.2,"640hp @ 6,400rpm",8 speed automatic,"630 lb.-ft. @ 3,600rpm",4-wheel,6.2 l,376 cu.in.,640 hp,"40.4 ""","57.2 ""","72.2 ""","35.4 ""","45.7 ""","197.6 ""","37.5 ""","114.6 """,16,8,"4,141 lbs.","5,270 lbs.",,,,,,,,
Cadillac,CTS-V,2016,14 mpg,21 mpg,19.0gal.,5,14 cu.ft.,rear-wheel,v-8,6.2,"640hp @ 6,400rpm",8 speed automatic,"630 lb.-ft. @ 3,600rpm",4-wheel,6.2 l,376 cu.in.,640 hp,"40.4 ""","57.2 ""","72.2 ""","35.4 ""","45.7 ""","197.6 ""","37.5 ""","114.6 """,16,8,"4,134 lbs.","5,270 lbs.",,,,,,,,
Cadillac,CTS-V,2015,,,18.0gal.,,,rear-wheel,v-8,6.2,"556hp @ 6,100rpm",6 speed automatic,"551 lb.-ft. @ 3,800rpm",,,,,,,,,,,,,16,,,,,,,,,,,
Cadillac,CTS-V,2014,,,18.0gal.,,,rear-wheel,v-8,6.2,"556hp @ 6,100rpm",6 speed automatic,"551 lb.-ft. @ 3,800rpm",,,,,,,,,,,,,16,,,,,,,,,,,
Cadillac,CTS-V,2013,,,18.0gal.,,,rear-wheel,v-8,6.2,"556hp @ 6,100rpm",6 speed automatic,"551 lb.-ft. @ 3,800rpm",,,,,,,,,,,,,16,,,,,,,,,,,
Cadillac,CTS-V,2012,,,18.0gal.,,,rear-wheel,v-8,6.2,"556hp @ 6,100rpm",6 speed automatic,"551 lb.-ft. @ 3,800rpm",,,,,,,,,,,,,16,,,,,,,,,,,
Cadillac,CTS-V,2011,,,18.0gal.,,,rear-wheel,v-8,6.2,"556hp @ 6,100rpm",6 speed automatic,"551 lb.-ft. @ 3,800rpm",,,,,,,,,,,,,16,,,,,,,,,,,
Cadillac,CTS-V,2010,,,18.0gal.,,,rear-wheel,v-8,6.2,"556hp @ 6,100rpm",6 speed automatic,"551 lb.-ft. @ 3,800rpm",,,,,,,,,,,,,16,,,,,,,,,,,
Cadillac,CTS-V,2009,,,18.0gal.,,,rear-wheel,v-8,6.2,"556hp @ 6,100rpm",6 speed manual,"551 lb.-ft. @ 3,800rpm",,,,,,,,,,,,,16,,,,,,,,,,,
Cadillac,CTS-V,2007,,,17.0gal.,,,rear-wheel,v-8,6.0,"400hp @ 6,000rpm",6 speed manual,"395 lb.-ft. @ 4,400rpm",,,,,,,,,,,,,16,,,,,,,,,,,
Cadillac,CTS-V,2006,,,17.0gal.,,,rear-wheel,v-8,6.0,"400hp @ 6,000rpm",6 speed manual,"395 lb.-ft. @ 4,400rpm",,,,,,,,,,,,,16,,,,,,,,,,,
Cadillac,CTS-V,2005,,,17.0gal.,,,rear-wheel,v-8,5.7,"400hp @ 6,000rpm",6 speed manual,"395 lb.-ft. @ 4,800rpm",,,,,,,,,,,,,16,,,,,,,,,,,
Cadillac,CTS-V,2004,,,17.0gal.,,,rear-wheel,v-8,5.7,"400hp @ 6,000rpm",6 speed manual,"395 lb.-ft. @ 4,800rpm",,,,,,,,,,,,,16,,,,,,,,,,,
Cadillac,ELR,2016,,,9.3gal.,,,front-wheel,,,233hp @ rpm,1 speed automatic,373 lb.-ft. @ rpm,,,,,,,,,,,,,,,,,,,,,,,,
Cadillac,ELR,2015,,,9.3gal.,,,front-wheel,,,157hp @ rpm,1 speed automatic,295 lb.-ft. @ rpm,,,,,,,,,,,,,,,,,,,,,,,,
Cadillac,ELR,2014,,,9.3gal.,,,front-wheel,,,157hp @ rpm,1 speed automatic,295 lb.-ft. @ rpm,,,,,,,,,,,,,,,,,,,,,,,,
Cadillac,ATS,2018,22 mpg,31 mpg,16.0gal.,5,10 cu.ft.,rear-wheel,i-4,2.0,"272hp @ 5,500rpm",6 speed manual,"295 lb.-ft. @ 3,000rpm",4-wheel,2.0 l,122 cu.in.,272 hp,"38.6 ""","55.9 ""","71.1 ""","33.5 ""","42.5 ""","182.8 ""","36.8 ""","109.3 """,16,8,"3,373 lbs.","4,520 lbs.",,,,,,,,
Cadillac,ATS,2017,,,16.0gal.,,,rear-wheel,i-4,2.0,"272hp @ 5,500rpm",6 speed manual,"295 lb.-ft. @ 3,000rpm",,,,,,,,,,,,,16,,,,,,,,,,,
Cadillac,ATS,2016,,,16.0gal.,,,rear-wheel,i-4,2.5,"202hp @ 6,300rpm",8 speed automatic,"191 lb.-ft. @ 4,400rpm",,,,,,,,,,,,,16,,,,,,,,,,,
Cadillac,ATS,2015,,,16.0gal.,,,rear-wheel,i-4,2.5,"202hp @ 6,300rpm",6 speed automatic,"191 lb.-ft. @ 4,400rpm",,,,,,,,,,,,,16,,,,,,,,,,,
Cadillac,ATS,2014,,,16.0gal.,,,rear-wheel,i-4,2.5,"202hp @ 6,300rpm",6 speed automatic,"191 lb.-ft. @ 4,400rpm",,,,,,,,,,,,,16,,,,,,,,,,,
Cadillac,ATS,2013,,,16.0gal.,,,rear-wheel,i-4,2.5,"202hp @ 6,300rpm",6 speed automatic,"191 lb.-ft. @ 4,400rpm",,,,,,,,,,,,,16,,,,,,,,,,,
Cadillac,Catera,2001,,,16.0gal.,,,rear-wheel,v-6,3.0,"200hp @ 6,000rpm",4 speed automatic,"192 lb.-ft. @ 3,600rpm",,,,,,,,,,,,,24,,,,,,,,,,,
Cadillac,Catera,2000,,,16.0gal.,,,rear-wheel,v-6,3.0,"200hp @ 6,000rpm",4 speed automatic,"192 lb.-ft. @ 3,600rpm",,,,,,,,,,,,,24,,,,,,,,,,,
Cadillac,Catera,1999,18 mpg,24 mpg,16.0gal.,5,14 cu.ft.,rear-wheel,v-6,3.0,"200hp @ 6,000rpm",4 speed automatic,"192 lb.-ft. @ 3,600rpm",4-wheel,3.0 l,181 cu.in.,200 hp,"38.7 ""","56.4 ""","70.3 ""","37.5 ""","42.2 ""","194.0 ""","38.4 ""","107.5 """,24,4,"3,770 lbs.",,"1,000 lbs.",,,,,,,
Cadillac,CT6,2018,22 mpg,30 mpg,19.5gal.,5,15 cu.ft.,rear-wheel,i-4,2.0,"265hp @ 5,500rpm",8 speed automatic,"295 lb.-ft. @ 3,000rpm",4-wheel,2.0 l,122 cu.in.,265 hp,"40.2 ""","58.0 ""","74.0 ""","40.4 ""","46.4 ""","204.1 ""","38.0 ""","122.4 """,16,8,"3,647 lbs.","4,770 lbs.",,,,,,,,
Cadillac,CT6,2017,22 mpg,30 mpg,19.5gal.,5,15 cu.ft.,rear-wheel,i-4,2.0,"265hp @ 5,500rpm",8 speed automatic,"295 lb.-ft. @ 3,000rpm",4-wheel,2.0 l,122 cu.in.,265 hp,"40.2 ""","58.0 ""","74.0 ""","40.4 ""","46.4 ""","204.1 ""","38.0 ""","122.4 """,16,8,"3,647 lbs.","4,770 lbs.",,,,,,,,
Cadillac,CT6,2016,,,19.5gal.,,,all-wheel drive,v-6,3.6,"335hp @ 6,800rpm",8 speed automatic,"284 lb.-ft. @ 5,300rpm",,,,,,,,,,,,,24,,,,,,,,,,,
Cadillac,CT6 PLUG-IN,2018,,,15.6gal.,5,11 cu.ft.,rear-wheel,i-4,2.0,"265hp @ 5,500rpm",continuously variable automatic,"295 lb.-ft. @ 1,700rpm",4-wheel,2.0 l,122 cu.in.,265 hp,"40.2 ""","58.0 ""","74.0 ""","40.4 ""","46.4 ""","204.1 ""","38.0 ""","122.4 """,16,continuously variable,"4,537 lbs.","5,511 lbs.",,,,,,,,
Cadillac,CT6 PLUG-IN,2017,,,15.6gal.,5,11 cu.ft.,rear-wheel,i-4,2.0,"265hp @ 5,500rpm",continuously variable automatic,"295 lb.-ft. @ 1,700rpm",4-wheel,2.0 l,122 cu.in.,265 hp,"40.2 ""","58.0 ""","74.0 ""","40.4 ""","46.4 ""","204.1 ""","38.0 ""","122.4 """,16,continuously variable,"4,537 lbs.","5,511 lbs.",,,,,,,,
Cadillac,CTS,2018,22 mpg,30 mpg,19.0gal.,5,14 cu.ft.,rear-wheel,i-4,2.0,"268hp @ 5,600rpm",8 speed automatic,"295 lb.-ft. @ 3,000rpm",4-wheel,2.0 l,122 cu.in.,268 hp,"40.4 ""","57.2 ""","72.2 ""","35.4 ""","45.7 ""","195.5 ""","37.5 ""","114.6 """,16,8,"3,652 lbs.","4,805 lbs.",,,,,,,,
Cadillac,CTS,2017,,,19.0gal.,,,rear-wheel,i-4,2.0,"268hp @ 5,600rpm",8 speed automatic,"295 lb.-ft. @ 3,000rpm",,,,,,,,,,,,,16,,,,,,,,,,,
Cadillac,CTS,2016,,,19.0gal.,,,rear-wheel,i-4,2.0,"268hp @ 5,600rpm",8 speed automatic,"295 lb.-ft. @ 3,000rpm",,,,,,,,,,,,,16,,,,,,,,,,,
Cadillac,CTS,2015,,,19.0gal.,,,rear-wheel,i-4,2.0,"272hp @ 5,500rpm",6 speed automatic,"295 lb.-ft. @ 3,000rpm",,,,,,,,,,,,,16,,,,,,,,,,,
Cadillac,CTS,2014,,,18.0gal.,,,rear-wheel,v-6,3.6,"318hp @ 6,800rpm",6 speed automatic,"275 lb.-ft. @ 4,900rpm",,,,,,,,,,,,,24,,,,,,,,,,,
Cadillac,CTS,2013,,,18.0gal.,,,rear-wheel,v-6,3.0,"270hp @ 7,000rpm",6 speed automatic,"223 lb.-ft. @ 5,700rpm",,,,,,,,,,,,,24,,,,,,,,,,,
Cadillac,CTS,2012,,,18.0gal.,,,rear-wheel,v-6,3.0,"270hp @ 7,000rpm",6 speed automatic,"223 lb.-ft. @ 5,700rpm",,,,,,,,,,,,,24,,,,,,,,,,,
Cadillac,CTS,2011,,,18.0gal.,,,rear-wheel,v-6,3.0,"270hp @ 7,000rpm",6 speed automatic,"223 lb.-ft. @ 5,700rpm",,,,,,,,,,,,,24,,,,,,,,,,,
Cadillac,CTS,2010,,,18.0gal.,,,rear-wheel,v-6,3.0,"270hp @ 7,000rpm",6 speed automatic,"223 lb.-ft. @ 5,700rpm",,,,,,,,,,,,,24,,,,,,,,,,,
Cadillac,CTS,2009,,,18.0gal.,,,rear-wheel,v-6,3.6,"263hp @ 6,400rpm",6 speed automatic,"253 lb.-ft. @ 3,100rpm",,,,,,,,,,,,,24,,,,,,,,,,,
Cadillac,CTS,2008,,,18.0gal.,,,rear-wheel,v-6,3.6,"263hp @ 6,400rpm",6 speed automatic,"253 lb.-ft. @ 3,100rpm",,,,,,,,,,,,,24,,,,,,,,,,,
Cadillac,CTS,2007,,,17.0gal.,,,rear-wheel,v-6,2.8,"210hp @ 6,500rpm",5 speed automatic,"194 lb.-ft. @ 3,300rpm",,,,,,,,,,,,,24,,,,,,,,,,,
Cadillac,CTS,2006,,,17.0gal.,,,rear-wheel,v-6,2.8,"210hp @ 6,500rpm",5 speed automatic,"194 lb.-ft. @ 3,300rpm",,,,,,,,,,,,,24,,,,,,,,,,,
Cadillac,CTS,2005,,,17.0gal.,,,rear-wheel,v-6,3.6,"255hp @ 6,200rpm",5 speed automatic,"252 lb.-ft. @ 3,200rpm",,,,,,,,,,,,,24,,,,,,,,,,,
Cadillac,CTS,2004,,,17.0gal.,,,rear-wheel,v-6,3.6,"255hp @ 6,200rpm",5 speed automatic,"255 lb.-ft. @ 3,200rpm",,,,,,,,,,,,,24,,,,,,,,,,,
Cadillac,CTS,2003,,,17.0gal.,,,rear-wheel,v-6,3.2,"220hp @ 6,000rpm",5 speed automatic,"218 lb.-ft. @ 3,400rpm",,,,,,,,,,,,,24,,,,,,,,,,,
Cadillac,CTS-V,2018,14 mpg,21 mpg,19.0gal.,5,14 cu.ft.,rear-wheel,v-8,6.2,"640hp @ 6,400rpm",8 speed automatic,"630 lb.-ft. @ 3,600rpm",4-wheel,6.2 l,376 cu.in.,640 hp,"40.4 ""","57.2 ""","72.2 ""","35.4 ""","45.7 ""","197.6 ""","37.5 ""","114.6 """,16,8,"4,141 lbs.","5,270 lbs.",,,,,,,,
Cadillac,CTS-V,2017,14 mpg,21 mpg,19.0gal.,5,14 cu.ft.,rear-wheel,v-8,6.2,"640hp @ 6,400rpm",8 speed automatic,"630 lb.-ft. @ 3,600rpm",4-wheel,6.2 l,376 cu.in.,640 hp,"40.4 ""","57.2 ""","72.2 ""","35.4 ""","45.7 ""","197.6 ""","37.5 ""","114.6 """,16,8,"4,141 lbs.","5,270 lbs.",,,,,,,,
Cadillac,CTS-V,2016,14 mpg,21 mpg,19.0gal.,5,14 cu.ft.,rear-wheel,v-8,6.2,"640hp @ 6,400rpm",8 speed automatic,"630 lb.-ft. @ 3,600rpm",4-wheel,6.2 l,376 cu.in.,640 hp,"40.4 ""","57.2 ""","72.2 ""","35.4 ""","45.7 ""","197.6 ""","37.5 ""","114.6 """,16,8,"4,134 lbs.","5,270 lbs.",,,,,,,,
Cadillac,CTS-V,2015,,,18.0gal.,,,rear-wheel,v-8,6.2,"556hp @ 6,100rpm",6 speed automatic,"551 lb.-ft. @ 3,800rpm",,,,,,,,,,,,,16,,,,,,,,,,,
Cadillac,CTS-V,2014,,,18.0gal.,,,rear-wheel,v-8,6.2,"556hp @ 6,100rpm",6 speed automatic,"551 lb.-ft. @ 3,800rpm",,,,,,,,,,,,,16,,,,,,,,,,,
Cadillac,CTS-V,2013,,,18.0gal.,,,rear-wheel,v-8,6.2,"556hp @ 6,100rpm",6 speed automatic,"551 lb.-ft. @ 3,800rpm",,,,,,,,,,,,,16,,,,,,,,,,,
Cadillac,CTS-V,2012,,,18.0gal.,,,rear-wheel,v-8,6.2,"556hp @ 6,100rpm",6 speed automatic,"551 lb.-ft. @ 3,800rpm",,,,,,,,,,,,,16,,,,,,,,,,,
Cadillac,CTS-V,2011,,,18.0gal.,,,rear-wheel,v-8,6.2,"556hp @ 6,100rpm",6 speed automatic,"551 lb.-ft. @ 3,800rpm",,,,,,,,,,,,,16,,,,,,,,,,,
Cadillac,CTS-V,2010,,,18.0gal.,,,rear-wheel,v-8,6.2,"556hp @ 6,100rpm",6 speed automatic,"551 lb.-ft. @ 3,800rpm",,,,,,,,,,,,,16,,,,,,,,,,,
Cadillac,CTS-V,2009,,,18.0gal.,,,rear-wheel,v-8,6.2,"556hp @ 6,100rpm",6 speed automatic,"551 lb.-ft. @ 3,800rpm",,,,,,,,,,,,,16,,,,,,,,,,,
Cadillac,CTS-V,2007,,,17.0gal.,,,rear-wheel,v-8,6.0,"400hp @ 6,000rpm",6 speed manual,"395 lb.-ft. @ 4,400rpm",,,,,,,,,,,,,16,,,,,,,,,,,
Cadillac,CTS-V,2006,,,17.0gal.,,,rear-wheel,v-8,6.0,"400hp @ 6,000rpm",6 speed manual,"395 lb.-ft. @ 4,400rpm",,,,,,,,,,,,,16,,,,,,,,,,,
Cadillac,CTS-V,2005,,,17.0gal.,,,rear-wheel,v-8,5.7,"400hp @ 6,000rpm",6 speed manual,"395 lb.-ft. @ 4,800rpm",,,,,,,,,,,,,16,,,,,,,,,,,
Cadillac,CTS-V,2004,,,17.0gal.,,,rear-wheel,v-8,5.7,"400hp @ 6,000rpm",6 speed manual,"395 lb.-ft. @ 4,800rpm",,,,,,,,,,,,,16,,,,,,,,,,,
Cadillac,DeVille,2005,,,18.0gal.,,,front-wheel,v-8,4.6,"275hp @ 5,600rpm",4 speed automatic,"300 lb.-ft. @ 4,000rpm",,,,,,,,,,,,,32,,,,,,,,,,,
Cadillac,DeVille,2004,,,18.0gal.,,,front-wheel,v-8,4.6,"275hp @ 5,600rpm",4 speed automatic,"300 lb.-ft. @ 4,000rpm",,,,,,,,,,,,,32,,,,,,,,,,,
Cadillac,DeVille,2003,,,18.0gal.,,,front-wheel,v-8,4.6,"275hp @ 5,600rpm",4 speed automatic,"300 lb.-ft. @ 4,000rpm",,,,,,,,,,,,,32,,,,,,,,,,,
Cadillac,DeVille,2002,,,18.5gal.,,,front-wheel,v-8,4.6,"275hp @ 5,600rpm",4 speed automatic,"300 lb.-ft. @ 4,000rpm",,,,,,,,,,,,,32,,,,,,,,,,,
Cadillac,DeVille,2001,,,18.5gal.,,,front-wheel,v-8,4.6,"275hp @ 5,600rpm",4 speed automatic,"300 lb.-ft. @ 4,000rpm",,,,,,,,,,,,,32,,,,,,,,,,,
Cadillac,DeVille,2000,,,18.5gal.,,,front-wheel,v-8,4.6,"275hp @ 5,600rpm",4 speed automatic,"300 lb.-ft. @ 4,000rpm",,,,,,,,,,,,,32,,,,,,,,,,,
Cadillac,DeVille,1999,17 mpg,26 mpg,20.0gal.,6,20 cu.ft.,front-wheel,v-8,4.6,"275hp @ 5,600rpm",4 speed automatic,"300 lb.-ft. @ 4,000rpm",4-wheel,4.6 l,279 cu.in.,275 hp,"38.5 ""","56.0 ""","76.5 ""","43.3 ""","42.6 ""","209.8 ""","38.4 ""","113.8 """,32,4,"4,012 lbs.",,"1,000 lbs.",,,,,,,
Cadillac,DTS,2011,,,18.0gal.,,,front-wheel,v-8,4.6,"275hp @ 6,000rpm",4 speed automatic,"295 lb.-ft. @ 4,400rpm",,,,,,,,,,,,,32,,,,,,,,,,,
Cadillac,DTS,2010,,,18.0gal.,,,front-wheel,v-8,4.6,"275hp @ 6,000rpm",4 speed automatic,"295 lb.-ft. @ 4,400rpm",,,,,,,,,,,,,32,,,,,,,,,,,
Cadillac,DTS,2009,,,18.0gal.,,,front-wheel,v-8,4.6,"275hp @ 6,000rpm",4 speed automatic,"295 lb.-ft. @ 4,400rpm",,,,,,,,,,,,,32,,,,,,,,,,,
Cadillac,DTS,2008,,,18.0gal.,,,front-wheel,v-8,4.6,"275hp @ 6,000rpm",4 speed automatic,"295 lb.-ft. @ 4,400rpm",,,,,,,,,,,,,32,,,,,,,,,,,
Cadillac,DTS,2007,,,18.0gal.,,,front-wheel,v-8,4.6,"275hp @ 6,000rpm",4 speed automatic,"295 lb.-ft. @ 4,400rpm",,,,,,,,,,,,,32,,,,,,,,,,,
Cadillac,DTS,2006,,,18.0gal.,,,front-wheel,v-8,4.6,"291hp @ 5,600rpm",4 speed automatic,"286 lb.-ft. @ 4,400rpm",,,,,,,,,,,,,32,,,,,,,,,,,
Cadillac,Eldorado,2002,,,19.0gal.,,,front-wheel,v-8,4.6,"300hp @ 6,000rpm",4 speed automatic,"295 lb.-ft. @ 4,400rpm",,,,,,,,,,,,,32,,,,,,,,,,,
Cadillac,Eldorado,2001,,,19.0gal.,,,front-wheel,v-8,4.6,"275hp @ 5,600rpm",4 speed automatic,"300 lb.-ft. @ 4,000rpm",,,,,,,,,,,,,32,,,,,,,,,,,
Cadillac,Eldorado,2000,,,19.0gal.,,,front-wheel,v-8,4.6,"275hp @ 5,600rpm",4 speed automatic,"300 lb.-ft. @ 4,000rpm",,,,,,,,,,,,,32,,,,,,,,,,,
Cadillac,Eldorado,1999,17 mpg,26 mpg,20.0gal.,5,15 cu.ft.,front-wheel,v-8,4.6,"275hp @ 5,600rpm",4 speed automatic,"300 lb.-ft. @ 4,000rpm",4-wheel,4.6 l,279 cu.in.,275 hp,"37.8 ""","53.6 ""","75.5 ""","35.5 ""","42.6 ""","200.6 ""","38.3 ""","108.0 """,32,4,"3,843 lbs.",,"1,000 lbs.",,,,,,,
Cadillac,ELR,2016,,,9.3gal.,,,front-wheel,,,233hp @ rpm,1 speed automatic,373 lb.-ft. @ rpm,,,,,,,,,,,,,,,,,,,,,,,,
Cadillac,ELR,2015,,,9.3gal.,,,front-wheel,,,157hp @ rpm,1 speed automatic,295 lb.-ft. @ rpm,,,,,,,,,,,,,,,,,,,,,,,,
Cadillac,ELR,2014,,,9.3gal.,,,front-wheel,,,157hp @ rpm,1 speed automatic,295 lb.-ft. @ rpm,,,,,,,,,,,,,,,,,,,,,,,,
Cadillac,Escalade,2019,14 mpg,23 mpg,26.0gal.,7,94 cu.ft.,rear-wheel,v-8,6.2,"420hp @ 5,600rpm",10 speed automatic,"460 lb.-ft. @ 4,100rpm",4-wheel,6.2 l,376 cu.in.,420 hp,"42.8 ""","74.4 ""","80.5 ""","39.0 ""","45.3 ""","203.9 ""","38.7 ""","116.0 """,16,10,"5,578 lbs.","7,100 lbs.","8,300 lbs.",,,,,,,
Cadillac,Escalade,2018,14 mpg,23 mpg,26.0gal.,7,94 cu.ft.,rear-wheel,v-8,6.2,"420hp @ 5,600rpm",10 speed automatic,"460 lb.-ft. @ 4,100rpm",4-wheel,6.2 l,376 cu.in.,420 hp,"42.8 ""","74.4 ""","80.5 ""","39.0 ""","45.3 ""","203.9 ""","38.7 ""","116.0 """,16,10,"5,578 lbs.","7,100 lbs.","8,300 lbs.",,,,,,,
Cadillac,Escalade,2017,15 mpg,22 mpg,26.0gal.,7,94 cu.ft.,rear-wheel,v-8,6.2,"420hp @ 5,600rpm",8 speed automatic,"460 lb.-ft. @ 4,100rpm",4-wheel,6.2 l,376 cu.in.,420 hp,"42.8 ""","74.4 ""","80.5 ""","39.0 ""","45.3 ""","203.9 ""","38.7 ""","116.0 """,16,8,"5,521 lbs.","7,100 lbs.","8,300 lbs.",,,,,,,
Cadillac,Escalade,2016,15 mpg,22 mpg,26.0gal.,7,94 cu.ft.,rear-wheel,v-8,6.2,"420hp @ 5,600rpm",8 speed automatic,"460 lb.-ft. @ 4,100rpm",4-wheel,6.2 l,376 cu.in.,420 hp,"42.8 ""","74.4 ""","80.5 ""","39.0 ""","45.3 ""","203.9 ""","38.7 ""","116.0 """,16,8,"5,552 lbs.","7,100 lbs.","8,300 lbs.",,,,,,,
Cadillac,Escalade,2015,,,26.0gal.,,,rear-wheel,v-8,6.2,"420hp @ 5,600rpm",6 speed automatic,"460 lb.-ft. @ 4,100rpm",,,,,,,,,,,,,16,,,,,,,,,,,
Cadillac,Escalade,2014,,,26.0gal.,,,rear-wheel,v-8,6.2,"403hp @ 5,700rpm",6 speed automatic,"417 lb.-ft. @ 4,300rpm",,,,,,,,,,,,,16,,,,,,,,,,,
Cadillac,Escalade,2013,,,26.0gal.,,,rear-wheel,v-8,6.2,"403hp @ 5,700rpm",6 speed automatic,"417 lb.-ft. @ 4,300rpm",,,,,,,,,,,,,16,,,,,,,,,,,
Cadillac,Escalade,2012,,,26.0gal.,,,rear-wheel,v-8,6.2,"403hp @ 5,700rpm",6 speed automatic,"417 lb.-ft. @ 4,300rpm",,,,,,,,,,,,,16,,,,,,,,,,,
Cadillac,Escalade,2011,,,26.0gal.,,,rear-wheel,v-8,6.2,"403hp @ 5,700rpm",6 speed automatic,"417 lb.-ft. @ 4,300rpm",,,,,,,,,,,,,16,,,,,,,,,,,
Cadillac,Escalade,2010,,,26.0gal.,,,rear-wheel,v-8,6.2,"403hp @ 5,700rpm",6 speed automatic,"417 lb.-ft. @ 4,300rpm",,,,,,,,,,,,,16,,,,,,,,,,,
Cadillac,Escalade,2009,,,26.0gal.,,,rear-wheel,v-8,6.2,"403hp @ 5,700rpm",6 speed automatic,"417 lb.-ft. @ 4,300rpm",,,,,,,,,,,,,16,,,,,,,,,,,
Cadillac,Escalade,2008,,,26.0gal.,,,rear-wheel,v-8,6.2,"403hp @ 5,700rpm",6 speed automatic,"417 lb.-ft. @ 4,300rpm",,,,,,,,,,,,,16,,,,,,,,,,,
Cadillac,Escalade,2007,,,26.0gal.,,,rear-wheel,v-8,6.2,"403hp @ 5,700rpm",6 speed automatic,"417 lb.-ft. @ 4,300rpm",,,,,,,,,,,,,16,,,,,,,,,,,
Cadillac,Escalade,2006,,,26.0gal.,,,rear-wheel,v-8,6.0,"345hp @ 5,200rpm",4 speed automatic,"380 lb.-ft. @ 4,000rpm",,,,,,,,,,,,,16,,,,,,,,,,,
Cadillac,Escalade,2005,,,26.0gal.,,,rear-wheel,v-8,5.3,"295hp @ 5,200rpm",4 speed automatic,"335 lb.-ft. @ 4,000rpm",,,,,,,,,,,,,16,,,,,,,,,,,
Cadillac,Escalade,2004,,,26.0gal.,,,rear-wheel,v-8,5.3,"295hp @ 5,200rpm",4 speed automatic,"330 lb.-ft. @ 4,000rpm",,,,,,,,,,,,,16,,,,,,,,,,,
Cadillac,Escalade,2003,,,26.0gal.,,,rear-wheel,v-8,5.3,"285hp @ 5,200rpm",4 speed automatic,"325 lb.-ft. @ 4,000rpm",,,,,,,,,,,,,16,,,,,,,,,,,
Cadillac,Escalade,2002,,,26.0gal.,,,rear-wheel,v-8,5.3,"285hp @ 5,200rpm",4 speed automatic,"325 lb.-ft. @ 4,000rpm",,,,,,,,,,,,,16,,,,,,,,,,,
Cadillac,Escalade,2000,,,29.5gal.,,,four-wheel,v-8,5.7,"255hp @ 4,600rpm",4 speed automatic,"330 lb.-ft. @ 2,800rpm",,,,,,,,,,,,,16,,,,,,,,,,,
Cadillac,Escalade,1999,,,29.5gal.,,,four-wheel,v-8,5.7,"255hp @ 4,600rpm",4 speed automatic,"330 lb.-ft. @ 2,800rpm",,,,,,,,,,,,,16,,,,,,,,,,,
Cadillac,Escalade ESV,2019,14 mpg,23 mpg,31.0gal.,7,121 cu.ft.,rear-wheel,v-8,6.2,"420hp @ 5,600rpm",10 speed automatic,"460 lb.-ft. @ 4,100rpm",4-wheel,6.2 l,376 cu.in.,420 hp,"42.8 ""","74.0 ""","80.5 ""","39.7 ""","45.3 ""","224.3 ""","39.1 ""","130.0 """,16,10,"5,831 lbs.","7,300 lbs.","8,100 lbs.",,,,,,,
Cadillac,Escalade ESV,2018,14 mpg,23 mpg,31.0gal.,7,121 cu.ft.,rear-wheel,v-8,6.2,"420hp @ 5,600rpm",10 speed automatic,"460 lb.-ft. @ 4,100rpm",4-wheel,6.2 l,376 cu.in.,420 hp,"42.8 ""","74.0 ""","80.5 ""","39.7 ""","45.3 ""","224.3 ""","39.1 ""","130.0 """,16,10,"5,831 lbs.","7,300 lbs.","8,100 lbs.",,,,,,,
Cadillac,Escalade ESV,2017,15 mpg,22 mpg,31.0gal.,7,121 cu.ft.,rear-wheel,v-8,6.2,"420hp @ 5,600rpm",8 speed automatic,"460 lb.-ft. @ 4,100rpm",4-wheel,6.2 l,376 cu.in.,420 hp,"42.8 ""","74.0 ""","80.5 ""","39.7 ""","45.3 ""","224.3 ""","39.1 ""","130.0 """,16,8,"5,731 lbs.","7,300 lbs.","8,100 lbs.",,,,,,,
Cadillac,Escalade ESV,2016,15 mpg,22 mpg,31.0gal.,7,121 cu.ft.,rear-wheel,v-8,6.2,"420hp @ 5,600rpm",8 speed automatic,"460 lb.-ft. @ 4,100rpm",4-wheel,6.2 l,376 cu.in.,420 hp,"42.8 ""","74.0 ""","80.5 ""","39.7 ""","45.3 ""","224.3 ""","39.1 ""","130.0 """,16,8,"5,762 lbs.","7,300 lbs.","8,100 lbs.",,,,,,,
Cadillac,Escalade ESV,2015,,,31.0gal.,,,rear-wheel,v-8,6.2,"420hp @ 5,600rpm",6 speed automatic,"460 lb.-ft. @ 4,100rpm",,,,,,,,,,,,,16,,,,,,,,,,,
Cadillac,Escalade ESV,2014,,,31.0gal.,,,all-wheel drive,v-8,6.2,"403hp @ 5,700rpm",6 speed automatic,"417 lb.-ft. @ 4,300rpm",,,,,,,,,,,,,16,,,,,,,,,,,
Cadillac,Escalade ESV,2013,,,31.0gal.,,,all-wheel drive,v-8,6.2,"403hp @ 5,700rpm",6 speed automatic,"417 lb.-ft. @ 4,300rpm",,,,,,,,,,,,,16,,,,,,,,,,,
Cadillac,Escalade ESV,2012,,,31.0gal.,,,all-wheel drive,v-8,6.2,"403hp @ 5,700rpm",6 speed automatic,"417 lb.-ft. @ 4,300rpm",,,,,,,,,,,,,16,,,,,,,,,,,
Cadillac,Escalade ESV,2011,,,31.0gal.,,,all-wheel drive,v-8,6.2,"403hp @ 5,700rpm",6 speed automatic,"417 lb.-ft. @ 4,300rpm",,,,,,,,,,,,,16,,,,,,,,,,,
Cadillac,Escalade ESV,2010,,,31.0gal.,,,all-wheel drive,v-8,6.2,"403hp @ 5,700rpm",6 speed automatic,"417 lb.-ft. @ 4,300rpm",,,,,,,,,,,,,16,,,,,,,,,,,
Cadillac,Escalade ESV,2009,,,31.0gal.,,,rear-wheel,v-8,6.2,"403hp @ 5,700rpm",6 speed automatic,"417 lb.-ft. @ 4,300rpm",,,,,,,,,,,,,16,,,,,,,,,,,
Cadillac,Escalade ESV,2008,,,31.0gal.,,,all-wheel drive,v-8,6.2,"403hp @ 5,700rpm",6 speed automatic,"417 lb.-ft. @ 4,300rpm",,,,,,,,,,,,,16,,,,,,,,,,,
Cadillac,Escalade ESV,2007,,,31.0gal.,,,all-wheel drive,v-8,6.2,"403hp @ 5,700rpm",6 speed automatic,"417 lb.-ft. @ 4,300rpm",,,,,,,,,,,,,16,,,,,,,,,,,
Cadillac,Escalade ESV,2006,,,31.0gal.,,,all-wheel drive,v-8,6.0,"345hp @ 5,200rpm",4 speed automatic,"380 lb.-ft. @ 4,000rpm",,,,,,,,,,,,,16,,,,,,,,,,,
Cadillac,Escalade ESV,2005,,,31.0gal.,,,all-wheel drive,v-8,6.0,"345hp @ 5,200rpm",4 speed automatic,"380 lb.-ft. @ 4,000rpm",,,,,,,,,,,,,16,,,,,,,,,,,
Cadillac,Escalade ESV,2004,,,31.0gal.,,,all-wheel drive,v-8,6.0,"345hp @ 5,200rpm",4 speed automatic,"380 lb.-ft. @ 4,000rpm",,,,,,,,,,,,,16,,,,,,,,,,,
Cadillac,Escalade ESV,2003,,,31.0gal.,,,all-wheel drive,v-8,6.0,"345hp @ 5,200rpm",4 speed automatic,"380 lb.-ft. @ 4,000rpm",,,,,,,,,,,,,16,,,,,,,,,,,
Cadillac,Escalade EXT,2013,,,31.0gal.,,,all-wheel drive,v-8,6.2,"403hp @ 5,700rpm",6 speed automatic,"417 lb.-ft. @ 4,300rpm",,,,,,,,,,,,,16,,,,,,,,,,,
Cadillac,Escalade EXT,2012,,,31.0gal.,,,all-wheel drive,v-8,6.2,"403hp @ 5,700rpm",6 speed automatic,"417 lb.-ft. @ 4,300rpm",,,,,,,,,,,,,16,,,,,,,,,,,
Cadillac,Escalade EXT,2011,,,31.0gal.,,,all-wheel drive,v-8,6.2,"403hp @ 5,700rpm",6 speed automatic,"417 lb.-ft. @ 4,300rpm",,,,,,,,,,,,,16,,,,,,,,,,,
Cadillac,Escalade EXT,2010,,,31.0gal.,,,all-wheel drive,v-8,6.2,"403hp @ 5,700rpm",6 speed automatic,"417 lb.-ft. @ 4,300rpm",,,,,,,,,,,,,16,,,,,,,,,,,
Cadillac,Escalade EXT,2009,,,31.0gal.,,,all-wheel drive,v-8,6.2,"403hp @ 5,700rpm",6 speed automatic,"417 lb.-ft. @ 4,300rpm",,,,,,,,,,,,,16,,,,,,,,,,,
Cadillac,Escalade EXT,2008,,,31.0gal.,,,all-wheel drive,v-8,6.2,"403hp @ 5,700rpm",6 speed automatic,"417 lb.-ft. @ 4,300rpm",,,,,,,,,,,,,16,,,,,,,,,,,
Cadillac,Escalade EXT,2007,,,31.0gal.,,,all-wheel drive,v-8,6.2,"403hp @ 5,700rpm",6 speed automatic,"417 lb.-ft. @ 4,300rpm",,,,,,,,,,,,,16,,,,,,,,,,,
Cadillac,Escalade EXT,2006,,,31.0gal.,,,all-wheel drive,v-8,6.0,"345hp @ 5,200rpm",4 speed automatic,"380 lb.-ft. @ 4,000rpm",,,,,,,,,,,,,16,,,,,,,,,,,
Cadillac,Escalade EXT,2005,,,31.0gal.,,,all-wheel drive,v-8,6.0,"345hp @ 5,200rpm",4 speed automatic,"380 lb.-ft. @ 4,000rpm",,,,,,,,,,,,,16,,,,,,,,,,,
Cadillac,Escalade EXT,2004,,,31.0gal.,,,all-wheel drive,v-8,6.0,"345hp @ 5,200rpm",4 speed automatic,"380 lb.-ft. @ 4,000rpm",,,,,,,,,,,,,16,,,,,,,,,,,
Cadillac,Escalade EXT,2003,,,31.0gal.,,,all-wheel drive,v-8,6.0,"345hp @ 5,200rpm",4 speed automatic,"380 lb.-ft. @ 4,000rpm",,,,,,,,,,,,,16,,,,,,,,,,,
Cadillac,Escalade EXT,2002,,,31.0gal.,,,all-wheel drive,v-8,6.0,"345hp @ 5,200rpm",4 speed automatic,"380 lb.-ft. @ 4,000rpm",,,,,,,,,,,,,16,,,,,,,,,,,
Cadillac,Escalade,2019,14 mpg,23 mpg,26.0gal.,7,94 cu.ft.,rear-wheel,v-8,6.2,"420hp @ 5,600rpm",10 speed automatic,"460 lb.-ft. @ 4,100rpm",4-wheel,6.2 l,376 cu.in.,420 hp,"42.8 ""","74.4 ""","80.5 ""","39.0 ""","45.3 ""","203.9 ""","38.7 ""","116.0 """,16,10,"5,578 lbs.","7,100 lbs.","8,300 lbs.",,,,,,,
Cadillac,Escalade,2018,14 mpg,23 mpg,26.0gal.,7,94 cu.ft.,rear-wheel,v-8,6.2,"420hp @ 5,600rpm",10 speed automatic,"460 lb.-ft. @ 4,100rpm",4-wheel,6.2 l,376 cu.in.,420 hp,"42.8 ""","74.4 ""","80.5 ""","39.0 ""","45.3 ""","203.9 ""","38.7 ""","116.0 """,16,10,"5,578 lbs.","7,100 lbs.","8,300 lbs.",,,,,,,
Cadillac,Escalade,2017,15 mpg,22 mpg,26.0gal.,7,94 cu.ft.,rear-wheel,v-8,6.2,"420hp @ 5,600rpm",8 speed automatic,"460 lb.-ft. @ 4,100rpm",4-wheel,6.2 l,376 cu.in.,420 hp,"42.8 ""","74.4 ""","80.5 ""","39.0 ""","45.3 ""","203.9 ""","38.7 ""","116.0 """,16,8,"5,521 lbs.","7,100 lbs.","8,300 lbs.",,,,,,,
Cadillac,Escalade,2016,15 mpg,22 mpg,26.0gal.,7,94 cu.ft.,rear-wheel,v-8,6.2,"420hp @ 5,600rpm",8 speed automatic,"460 lb.-ft. @ 4,100rpm",4-wheel,6.2 l,376 cu.in.,420 hp,"42.8 ""","74.4 ""","80.5 ""","39.0 ""","45.3 ""","203.9 ""","38.7 ""","116.0 """,16,8,"5,552 lbs.","7,100 lbs.","8,300 lbs.",,,,,,,
Cadillac,Escalade,2015,,,26.0gal.,,,rear-wheel,v-8,6.2,"420hp @ 5,600rpm",6 speed automatic,"460 lb.-ft. @ 4,100rpm",,,,,,,,,,,,,16,,,,,,,,,,,
Cadillac,Escalade,2014,,,26.0gal.,,,rear-wheel,v-8,6.2,"403hp @ 5,700rpm",6 speed automatic,"417 lb.-ft. @ 4,300rpm",,,,,,,,,,,,,16,,,,,,,,,,,
Cadillac,Escalade,2013,,,26.0gal.,,,rear-wheel,v-8,6.2,"403hp @ 5,700rpm",6 speed automatic,"417 lb.-ft. @ 4,300rpm",,,,,,,,,,,,,16,,,,,,,,,,,
Cadillac,Escalade,2012,,,26.0gal.,,,rear-wheel,v-8,6.2,"403hp @ 5,700rpm",6 speed automatic,"417 lb.-ft. @ 4,300rpm",,,,,,,,,,,,,16,,,,,,,,,,,
Cadillac,Escalade,2011,,,26.0gal.,,,rear-wheel,v-8,6.2,"403hp @ 5,700rpm",6 speed automatic,"417 lb.-ft. @ 4,300rpm",,,,,,,,,,,,,16,,,,,,,,,,,
Cadillac,Escalade,2010,,,26.0gal.,,,rear-wheel,v-8,6.2,"403hp @ 5,700rpm",6 speed automatic,"417 lb.-ft. @ 4,300rpm",,,,,,,,,,,,,16,,,,,,,,,,,
Cadillac,Escalade,2009,,,26.0gal.,,,rear-wheel,v-8,6.2,"403hp @ 5,700rpm",6 speed automatic,"417 lb.-ft. @ 4,300rpm",,,,,,,,,,,,,16,,,,,,,,,,,
Cadillac,Escalade,2008,,,26.0gal.,,,rear-wheel,v-8,6.2,"403hp @ 5,700rpm",6 speed automatic,"417 lb.-ft. @ 4,300rpm",,,,,,,,,,,,,16,,,,,,,,,,,
Cadillac,Escalade,2007,,,26.0gal.,,,rear-wheel,v-8,6.2,"403hp @ 5,700rpm",6 speed automatic,"417 lb.-ft. @ 4,300rpm",,,,,,,,,,,,,16,,,,,,,,,,,
Cadillac,Escalade,2006,,,26.0gal.,,,rear-wheel,v-8,6.0,"345hp @ 5,200rpm",4 speed automatic,"380 lb.-ft. @ 4,000rpm",,,,,,,,,,,,,16,,,,,,,,,,,
Cadillac,Escalade,2005,,,26.0gal.,,,rear-wheel,v-8,5.3,"295hp @ 5,200rpm",4 speed automatic,"335 lb.-ft. @ 4,000rpm",,,,,,,,,,,,,16,,,,,,,,,,,
Cadillac,Escalade,2004,,,26.0gal.,,,rear-wheel,v-8,5.3,"295hp @ 5,200rpm",4 speed automatic,"330 lb.-ft. @ 4,000rpm",,,,,,,,,,,,,16,,,,,,,,,,,
Cadillac,Escalade,2003,,,26.0gal.,,,rear-wheel,v-8,5.3,"285hp @ 5,200rpm",4 speed automatic,"325 lb.-ft. @ 4,000rpm",,,,,,,,,,,,,16,,,,,,,,,,,
Cadillac,Escalade,2002,,,26.0gal.,,,rear-wheel,v-8,5.3,"285hp @ 5,200rpm",4 speed automatic,"325 lb.-ft. @ 4,000rpm",,,,,,,,,,,,,16,,,,,,,,,,,
Cadillac,Escalade,2000,,,29.5gal.,,,four-wheel,v-8,5.7,"255hp @ 4,600rpm",4 speed automatic,"330 lb.-ft. @ 2,800rpm",,,,,,,,,,,,,16,,,,,,,,,,,
Cadillac,Escalade,1999,,,29.5gal.,,,four-wheel,v-8,5.7,"255hp @ 4,600rpm",4 speed automatic,"330 lb.-ft. @ 2,800rpm",,,,,,,,,,,,,16,,,,,,,,,,,
Cadillac,Escalade ESV,2019,14 mpg,23 mpg,31.0gal.,7,121 cu.ft.,rear-wheel,v-8,6.2,"420hp @ 5,600rpm",10 speed automatic,"460 lb.-ft. @ 4,100rpm",4-wheel,6.2 l,376 cu.in.,420 hp,"42.8 ""","74.0 ""","80.5 ""","39.7 ""","45.3 ""","224.3 ""","39.1 ""","130.0 """,16,10,"5,831 lbs.","7,300 lbs.","8,100 lbs.",,,,,,,
Cadillac,Escalade ESV,2018,14 mpg,23 mpg,31.0gal.,7,121 cu.ft.,rear-wheel,v-8,6.2,"420hp @ 5,600rpm",10 speed automatic,"460 lb.-ft. @ 4,100rpm",4-wheel,6.2 l,376 cu.in.,420 hp,"42.8 ""","74.0 ""","80.5 ""","39.7 ""","45.3 ""","224.3 ""","39.1 ""","130.0 """,16,10,"5,831 lbs.","7,300 lbs.","8,100 lbs.",,,,,,,
Cadillac,Escalade ESV,2017,15 mpg,22 mpg,31.0gal.,7,121 cu.ft.,rear-wheel,v-8,6.2,"420hp @ 5,600rpm",8 speed automatic,"460 lb.-ft. @ 4,100rpm",4-wheel,6.2 l,376 cu.in.,420 hp,"42.8 ""","74.0 ""","80.5 ""","39.7 ""","45.3 ""","224.3 ""","39.1 ""","130.0 """,16,8,"5,731 lbs.","7,300 lbs.","8,100 lbs.",,,,,,,
Cadillac,Escalade ESV,2016,15 mpg,22 mpg,31.0gal.,7,121 cu.ft.,rear-wheel,v-8,6.2,"420hp @ 5,600rpm",8 speed automatic,"460 lb.-ft. @ 4,100rpm",4-wheel,6.2 l,376 cu.in.,420 hp,"42.8 ""","74.0 ""","80.5 ""","39.7 ""","45.3 ""","224.3 ""","39.1 ""","130.0 """,16,8,"5,762 lbs.","7,300 lbs.","8,100 lbs.",,,,,,,
Cadillac,Escalade ESV,2015,,,31.0gal.,,,rear-wheel,v-8,6.2,"420hp @ 5,600rpm",6 speed automatic,"460 lb.-ft. @ 4,100rpm",,,,,,,,,,,,,16,,,,,,,,,,,
Cadillac,Escalade ESV,2014,,,31.0gal.,,,all-wheel drive,v-8,6.2,"403hp @ 5,700rpm",6 speed automatic,"417 lb.-ft. @ 4,300rpm",,,,,,,,,,,,,16,,,,,,,,,,,
Cadillac,Escalade ESV,2013,,,31.0gal.,,,all-wheel drive,v-8,6.2,"403hp @ 5,700rpm",6 speed automatic,"417 lb.-ft. @ 4,300rpm",,,,,,,,,,,,,16,,,,,,,,,,,
Cadillac,Escalade ESV,2012,,,31.0gal.,,,all-wheel drive,v-8,6.2,"403hp @ 5,700rpm",6 speed automatic,"417 lb.-ft. @ 4,300rpm",,,,,,,,,,,,,16,,,,,,,,,,,
Cadillac,Escalade ESV,2011,,,31.0gal.,,,all-wheel drive,v-8,6.2,"403hp @ 5,700rpm",6 speed automatic,"417 lb.-ft. @ 4,300rpm",,,,,,,,,,,,,16,,,,,,,,,,,
Cadillac,Escalade ESV,2010,,,31.0gal.,,,all-wheel drive,v-8,6.2,"403hp @ 5,700rpm",6 speed automatic,"417 lb.-ft. @ 4,300rpm",,,,,,,,,,,,,16,,,,,,,,,,,
Cadillac,Escalade ESV,2009,,,31.0gal.,,,rear-wheel,v-8,6.2,"403hp @ 5,700rpm",6 speed automatic,"417 lb.-ft. @ 4,300rpm",,,,,,,,,,,,,16,,,,,,,,,,,
Cadillac,Escalade ESV,2008,,,31.0gal.,,,all-wheel drive,v-8,6.2,"403hp @ 5,700rpm",6 speed automatic,"417 lb.-ft. @ 4,300rpm",,,,,,,,,,,,,16,,,,,,,,,,,
Cadillac,Escalade ESV,2007,,,31.0gal.,,,all-wheel drive,v-8,6.2,"403hp @ 5,700rpm",6 speed automatic,"417 lb.-ft. @ 4,300rpm",,,,,,,,,,,,,16,,,,,,,,,,,
Cadillac,Escalade ESV,2006,,,31.0gal.,,,all-wheel drive,v-8,6.0,"345hp @ 5,200rpm",4 speed automatic,"380 lb.-ft. @ 4,000rpm",,,,,,,,,,,,,16,,,,,,,,,,,
Cadillac,Escalade ESV,2005,,,31.0gal.,,,all-wheel drive,v-8,6.0,"345hp @ 5,200rpm",4 speed automatic,"380 lb.-ft. @ 4,000rpm",,,,,,,,,,,,,16,,,,,,,,,,,
Cadillac,Escalade ESV,2004,,,31.0gal.,,,all-wheel drive,v-8,6.0,"345hp @ 5,200rpm",4 speed automatic,"380 lb.-ft. @ 4,000rpm",,,,,,,,,,,,,16,,,,,,,,,,,
Cadillac,Escalade ESV,2003,,,31.0gal.,,,all-wheel drive,v-8,6.0,"345hp @ 5,200rpm",4 speed automatic,"380 lb.-ft. @ 4,000rpm",,,,,,,,,,,,,16,,,,,,,,,,,
Cadillac,SRX,2016,,,21.0gal.,,,front-wheel,v-6,3.6,"308hp @ 6,800rpm",6 speed automatic,"265 lb.-ft. @ 2,400rpm",,,,,,,,,,,,,24,,,,,,,,,,,
Cadillac,SRX,2015,,,21.0gal.,,,front-wheel,v-6,3.6,"308hp @ 6,800rpm",6 speed automatic,"265 lb.-ft. @ 2,400rpm",,,,,,,,,,,,,24,,,,,,,,,,,
Cadillac,SRX,2014,17 mpg,24 mpg,21.0gal.,5,61 cu.ft.,front-wheel,v-6,3.6,"308hp @ 6,800rpm",6 speed automatic,"265 lb.-ft. @ 2,400rpm",4-wheel,3.6 l,217 cu.in.,308 hp,"39.7 ""","65.7 ""","75.2 ""","36.3 ""","41.2 ""","190.3 ""","38.4 ""","110.5 """,24,6,"4,277 lbs.","5,467 lbs.","2,500 lbs.",,,,,,,
Cadillac,SRX,2013,17 mpg,24 mpg,21.0gal.,5,61 cu.ft.,front-wheel,v-6,3.6,"308hp @ 6,800rpm",6 speed automatic,"265 lb.-ft. @ 2,400rpm",4-wheel,3.6 l,217 cu.in.,308 hp,"39.7 ""","65.7 ""","75.2 ""","36.3 ""","41.2 ""","190.3 ""","38.4 ""","110.5 """,24,6,"4,277 lbs.","5,467 lbs.","2,500 lbs.",,,,,,,
Cadillac,SRX,2012,17 mpg,24 mpg,21.0gal.,5,61 cu.ft.,front-wheel,v-6,3.6,"308hp @ 6,800rpm",6 speed automatic,"265 lb.-ft. @ 2,400rpm",4-wheel,3.6 l,217 cu.in.,308 hp,"39.7 ""","65.7 ""","75.2 ""","36.3 ""","41.2 ""","190.3 ""","38.4 ""","110.5 """,24,6,"4,277 lbs.","5,467 lbs.","2,500 lbs.",,,,,,,
Cadillac,SRX,2011,,,21.0gal.,,,front-wheel,v-6,3.0,"265hp @ 6,950rpm",6 speed automatic,"223 lb.-ft. @ 5,100rpm",,,,,,,,,,,,,24,,,,,,,,,,,
Cadillac,SRX,2010,,,21.0gal.,,,front-wheel,v-6,3.0,"265hp @ 6,950rpm",6 speed automatic,"223 lb.-ft. @ 5,100rpm",,,,,,,,,,,,,24,,,,,,,,,,,
Cadillac,SRX,2009,,,20.0gal.,,,rear-wheel,v-6,3.6,"255hp @ 6,500rpm",5 speed automatic,"254 lb.-ft. @ 2,800rpm",,,,,,,,,,,,,24,,,,,,,,,,,
Cadillac,SRX,2008,,,20.0gal.,,,rear-wheel,v-6,3.6,"255hp @ 6,500rpm",5 speed automatic,"254 lb.-ft. @ 2,800rpm",,,,,,,,,,,,,24,,,,,,,,,,,
Cadillac,SRX,2007,,,20.0gal.,,,rear-wheel,v-6,3.6,"255hp @ 6,500rpm",5 speed automatic,"254 lb.-ft. @ 2,800rpm",,,,,,,,,,,,,24,,,,,,,,,,,
Cadillac,SRX,2006,,,20.0gal.,,,all-wheel drive,v-6,3.6,"255hp @ 6,500rpm",5 speed automatic,"254 lb.-ft. @ 2,800rpm",,,,,,,,,,,,,24,,,,,,,,,,,
Cadillac,SRX,2005,,,20.0gal.,,,all-wheel drive,v-6,3.6,"255hp @ 6,500rpm",5 speed automatic,"252 lb.-ft. @ 2,800rpm",,,,,,,,,,,,,24,,,,,,,,,,,
Cadillac,SRX,2004,,,20.0gal.,,,all-wheel drive,v-6,3.6,"260hp @ 6,500rpm",5 speed automatic,"252 lb.-ft. @ 2,800rpm",,,,,,,,,,,,,24,,,,,,,,,,,
