make,model,year,city,highway,fuel tank capacity,total seating capacity,max cargo capacity,drive type,cylinder configuration,engine liters,horsepower,transmission,torque,abs,size,displacement,horse power,front head room,overall height,overall width,rear leg room,front leg room,overall length,rear head room,wheelbase,number of valves,number of speeds,curb weight,gross vehicle weight,towing capacity,number of doors,speakers,approach angle,ground clearance (max),ramp breakover angle,departure angle,ground clearance
Dodge,Caliber,2012,,,13.6gal.,,,front-wheel,i-4,2.0,"158hp @ 6,400rpm",5 speed manual,"141 lb.-ft. @ 5,000rpm",,,,,,,,,,,,,16,,,,,,,,,,,
Dodge,Caliber,2011,,,13.6gal.,,,front-wheel,i-4,2.0,"158hp @ 6,400rpm",5 speed manual,"141 lb.-ft. @ 5,000rpm",,,,,,,,,,,,,16,,,,,,,,,,,
Dodge,Caliber,2010,,,13.6gal.,,,front-wheel,i-4,2.0,"158hp @ 6,400rpm",continuously variable automatic,"141 lb.-ft. @ 5,000rpm",,,,,,,,,,,,,16,,,,,,,,,,,
Dodge,Caliber,2009,,,13.6gal.,,,front-wheel,i-4,2.4,"172hp @ 6,000rpm",continuously variable automatic,"165 lb.-ft. @ 4,400rpm",,,,,,,,,,,,,16,,,,,,,,,,,
Dodge,Caliber,2008,,,13.6gal.,,,front-wheel,i-4,2.4,"172hp @ 6,000rpm",continuously variable automatic,"165 lb.-ft. @ 4,400rpm",,,,,,,,,,,,,16,,,,,,,,,,,
Dodge,Caliber,2007,,,13.5gal.,,,all-wheel drive,i-4,2.4,"172hp @ 6,000rpm",continuously variable automatic,"165 lb.-ft. @ 4,400rpm",,,,,,,,,,,,,16,,,,,,,,,,,
Dodge,Dart,2016,,,14.2gal.,,,front-wheel,i-4,2.0,"160hp @ 6,400rpm",6 speed automatic,"148 lb.-ft. @ 4,600rpm",,,,,,,,,,,,,16,,,,,,,,,,,
Dodge,Dart,2015,,,14.2gal.,,,front-wheel,i-4,2.0,"160hp @ 6,400rpm",6 speed automatic,"148 lb.-ft. @ 4,600rpm",,,,,,,,,,,,,16,,,,,,,,,,,
Dodge,Dart,2014,,,14.2gal.,,,front-wheel,i-4,2.0,"160hp @ 6,400rpm",6 speed automatic,"148 lb.-ft. @ 4,600rpm",,,,,,,,,,,,,16,,,,,,,,,,,
Dodge,Dart,2013,,,13.2gal.,,,front-wheel,i-4,1.4,"160hp @ 5,500rpm",6 speed manual,"148 lb.-ft. @ 4,600rpm",,,,,,,,,,,,,16,,,,,,,,,,,
Dodge,Neon,2005,,,12.5gal.,,,front-wheel,i-4,2.0,"132hp @ 5,600rpm",4 speed automatic,"130 lb.-ft. @ 4,600rpm",,,,,,,,,,,,,16,,,,,,,,,,,
Dodge,Neon,2004,,,12.5gal.,,,front-wheel,i-4,2.0,"132hp @ 5,600rpm",4 speed automatic,"130 lb.-ft. @ 4,600rpm",,,,,,,,,,,,,16,,,,,,,,,,,
Dodge,Neon,2003,,,12.5gal.,,,front-wheel,i-4,2.0,"132hp @ 5,600rpm",4 speed automatic,"130 lb.-ft. @ 4,600rpm",,,,,,,,,,,,,16,,,,,,,,,,,
Dodge,Neon,2002,,,12.5gal.,,,front-wheel,i-4,2.0,"132hp @ 5,600rpm",4 speed automatic,"130 lb.-ft. @ 4,600rpm",,,,,,,,,,,,,16,,,,,,,,,,,
Dodge,Neon,2001,,,12.5gal.,,,front-wheel,i-4,2.0,"132hp @ 5,600rpm",3 speed automatic,"130 lb.-ft. @ 4,600rpm",,,,,,,,,,,,,16,,,,,,,,,,,
Dodge,Neon,2000,,,12.5gal.,,,front-wheel,i-4,2.0,"132hp @ 5,600rpm",3 speed automatic,"130 lb.-ft. @ 4,600rpm",,,,,,,,,,,,,16,,,,,,,,,,,
Dodge,Neon,1999,28 mpg,39 mpg,12.5gal.,5,12 cu.ft.,front-wheel,i-4,2.0,"150hp @ 6,500rpm",5 speed manual,"133 lb.-ft. @ 5,500rpm",,2.0 l,122 cu.in.,150 hp,"39.6 ""","54.8 ""","67.5 ""","35.1 ""","42.5 ""","171.8 ""","36.5 ""","104.0 """,16,5,"2,389 lbs.",,"1,000 lbs.",,,,,,,
Dodge,Avenger,2014,21 mpg,30 mpg,18.5gal.,5,13 cu.ft.,front-wheel,v-6,3.6,"283hp @ 6,400rpm",multi-speed automatic,"260 lb.-ft. @ 4,400rpm",4-wheel,2.4 l,144 cu.in.,173 hp,"40.0 ""","58.4 ""","72.8 ""","36.2 ""","42.4 ""","192.6 ""","38.3 ""","108.9 """,24,4,"3,400 lbs.","4,600 lbs.","1,000 lbs.",,,,,,,
Dodge,Avenger,2013,21 mpg,29 mpg,16.9gal.,5,13 cu.ft.,front-wheel,v-6,3.6,"283hp @ 6,400rpm",multi-speed automatic,"260 lb.-ft. @ 4,400rpm",4-wheel,2.4 l,144 cu.in.,173 hp,"40.0 ""","58.4 ""","72.8 ""","36.2 ""","42.4 ""","192.6 ""","38.3 ""","108.9 """,24,4,"3,400 lbs.","4,600 lbs.","1,000 lbs.",,,,,,,
Dodge,Avenger,2012,21 mpg,30 mpg,16.9gal.,5,13 cu.ft.,front-wheel,v-6,3.6,"283hp @ 6,400rpm",multi-speed automatic,"166 lb.-ft. @ 4,400rpm",4-wheel,2.4 l,144 cu.in.,173 hp,"40.0 ""","58.4 ""","72.8 ""","36.2 ""","42.4 ""","192.6 ""","38.3 ""","108.9 """,24,4,"3,400 lbs.","4,600 lbs.","1,000 lbs.",,,,,,,
Dodge,Avenger,2011,21 mpg,30 mpg,18.5gal.,5,13 cu.ft.,front-wheel,v-6,3.6,"283hp @ 6,400rpm",multi-speed automatic,"166 lb.-ft. @ 4,400rpm",4-wheel,2.4 l,144 cu.in.,173 hp,"40.0 ""","58.4 ""","72.8 ""","36.2 ""","42.4 ""","192.6 ""","38.3 ""","108.9 """,24,4,"3,394 lbs.","4,600 lbs.","1,000 lbs.",,,,,,,
Dodge,Avenger,2010,21 mpg,30 mpg,18.5gal.,5,13 cu.ft.,front-wheel,v-6,2.7,"189hp @ 6,400rpm",4 speed automatic,"166 lb.-ft. @ 4,400rpm",4-wheel,2.4 l,144 cu.in.,173 hp,"40.0 ""","58.9 ""","71.8 ""","36.2 ""","42.4 ""","190.9 ""","38.3 ""","108.9 """,24,4,"3,405 lbs.",,"1,000 lbs.",,,,,,,
Dodge,Avenger,2009,,,18.5gal.,,,front-wheel,v-6,2.7,"189hp @ 6,400rpm",multi-speed automatic,"191 lb.-ft. @ 4,000rpm",,,,,,,,,,,,,24,,,,,,,,,,,
Dodge,Avenger,2008,,,16.9gal.,,,front-wheel,v-6,3.5,"235hp @ 6,400rpm",multi-speed automatic,"232 lb.-ft. @ 4,000rpm",,,,,,,,,,,,,24,,,,,,,,,,,
Dodge,Avenger,2000,,,15.9gal.,,,front-wheel,v-6,2.5,"163hp @ 5,500rpm",4 speed automatic,"170 lb.-ft. @ 4,350rpm",,,,,,,,,,,,,24,,,,,,,,,,,
Dodge,Avenger,1999,22 mpg,32 mpg,16.9gal.,5,13 cu.ft.,front-wheel,v-6,2.5,"163hp @ 5,500rpm",4 speed automatic,"130 lb.-ft. @ 4,000rpm",4-wheel,2.0 l,122 cu.in.,140 hp,"39.2 ""","53.0 ""","69.1 ""","35.0 ""","43.3 ""","190.2 ""","36.5 ""","103.7 """,24,5,"2,879 lbs.",,,,,,,,,
Dodge,Challenger,2019,,,18.5gal.,5,,rear-wheel,v-6,3.6,"305hp @ 6,350rpm",8 speed automatic,"268 lb.-ft. @ 4,800rpm",4-wheel,3.6 l,220 cu.in.,305 hp,"39.3 ""","57.5 ""","75.7 ""","33.1 ""","42.0 ""","197.9 ""","37.1 ""","116.2 """,24,8,"3,894 lbs.","4,950 lbs.","1,000 lbs.",,,,,,,
Dodge,Challenger,2018,19 mpg,30 mpg,18.5gal.,5,,rear-wheel,v-6,3.6,"305hp @ 6,350rpm",8 speed automatic,"268 lb.-ft. @ 4,800rpm",4-wheel,3.6 l,220 cu.in.,305 hp,"39.3 ""","57.5 ""","75.7 ""","33.1 ""","42.0 ""","197.9 ""","37.1 ""","116.2 """,24,8,"3,894 lbs.","4,950 lbs.","1,000 lbs.",,,,,,,
Dodge,Challenger,2017,,,18.5gal.,,,rear-wheel,v-8,6.4,"485hp @ 6,100rpm",8 speed automatic,"475 lb.-ft. @ 4,200rpm",,,,,,,,,,,,,16,,,,,,,,,,,
Dodge,Challenger,2016,,,18.5gal.,,,rear-wheel,v-6,3.6,"305hp @ 6,350rpm",8 speed automatic,"268 lb.-ft. @ 4,800rpm",,,,,,,,,,,,,24,,,,,,,,,,,
Dodge,Challenger,2015,,,18.5gal.,,,rear-wheel,v-6,5.7,"372hp @ 5,200rpm",6 speed manual,"400 lb.-ft. @ 4,400rpm",,,,,,,,,,,,,16,,,,,,,,,,,
Dodge,Challenger,2014,,,19.5gal.,,,rear-wheel,v-6,3.6,"305hp @ 6,350rpm",5 speed automatic,"268 lb.-ft. @ 4,800rpm",,,,,,,,,,,,,24,,,,,,,,,,,
Dodge,Challenger,2013,,,19.5gal.,,,rear-wheel,v-6,3.6,"305hp @ 6,350rpm",5 speed automatic,"268 lb.-ft. @ 4,800rpm",,,,,,,,,,,,,24,,,,,,,,,,,
Dodge,Challenger,2012,,,19.5gal.,,,rear-wheel,v-6,3.6,"305hp @ 6,350rpm",5 speed automatic,"268 lb.-ft. @ 4,800rpm",,,,,,,,,,,,,24,,,,,,,,,,,
Dodge,Challenger,2011,,,19.5gal.,,,rear-wheel,v-6,3.6,"305hp @ 6,350rpm",5 speed automatic,"268 lb.-ft. @ 4,800rpm",,,,,,,,,,,,,24,,,,,,,,,,,
Dodge,Challenger,2010,,,18.5gal.,,,rear-wheel,v-6,3.5,"250hp @ 6,400rpm",5 speed automatic,"250 lb.-ft. @ 3,800rpm",,,,,,,,,,,,,24,,,,,,,,,,,
Dodge,Challenger,2009,,,19.0gal.,,,rear-wheel,v-8,5.7,"376hp @ 5,150rpm",6 speed manual,"411 lb.-ft. @ 4,300rpm",,,,,,,,,,,,,16,,,,,,,,,,,
Dodge,Challenger,2008,,,19.0gal.,,,rear-wheel,v-8,6.1,"425hp @ 6,200rpm",5 speed automatic,"420 lb.-ft. @ 4,800rpm",,,,,,,,,,,,,16,,,,,,,,,,,
Dodge,Charger,2019,,,18.5gal.,5,16 cu.ft.,rear-wheel,v-6,3.6,"292hp @ 6,350rpm",8 speed automatic,"260 lb.-ft. @ 4,800rpm",4-wheel,3.6 l,220 cu.in.,292 hp,"38.6 ""","58.2 ""","75.0 ""","40.1 ""","41.8 ""","198.4 ""","36.6 ""","120.2 """,24,8,"3,934 lbs.","5,100 lbs.","1,000 lbs.",,,,,,,
Dodge,Charger,2018,19 mpg,30 mpg,18.5gal.,5,16 cu.ft.,rear-wheel,v-6,3.6,"292hp @ 6,350rpm",8 speed automatic,"260 lb.-ft. @ 4,800rpm",4-wheel,3.6 l,220 cu.in.,292 hp,"38.6 ""","58.2 ""","75.0 ""","40.1 ""","41.8 ""","198.4 ""","36.6 ""","120.2 """,24,8,"3,934 lbs.","5,100 lbs.","1,000 lbs.",,,,,,,
Dodge,Charger,2017,,,18.5gal.,,,rear-wheel,v-6,5.7,"370hp @ 5,250rpm",5 speed automatic,"395 lb.-ft. @ 4,200rpm",,,,,,,,,,,,,16,,,,,,,,,,,
Dodge,Charger,2016,,,18.5gal.,,,rear-wheel,v-6,3.6,"292hp @ 6,350rpm",8 speed automatic,"260 lb.-ft. @ 4,800rpm",,,,,,,,,,,,,24,,,,,,,,,,,
Dodge,Charger,2015,,,18.5gal.,,,rear-wheel,v-6,3.6,"292hp @ 6,350rpm",8 speed automatic,"260 lb.-ft. @ 4,800rpm",,,,,,,,,,,,,24,,,,,,,,,,,
Dodge,Charger,2014,,,19.5gal.,,,rear-wheel,v-8,5.7,"370hp @ 5,250rpm",5 speed automatic,"395 lb.-ft. @ 4,200rpm",,,,,,,,,,,,,16,,,,,,,,,,,
Dodge,Charger,2013,,,19.1gal.,,,rear-wheel,v-8,5.7,"370hp @ 5,250rpm",5 speed automatic,"395 lb.-ft. @ 4,200rpm",,,,,,,,,,,,,24,,,,,,,,,,,
Dodge,Charger,2012,,,19.1gal.,,,rear-wheel,v-8,5.7,"370hp @ 5,250rpm",5 speed automatic,"395 lb.-ft. @ 4,200rpm",,,,,,,,,,,,,16,,,,,,,,,,,
Dodge,Charger,2011,,,19.1gal.,,,rear-wheel,v-8,5.7,"370hp @ 5,250rpm",5 speed automatic,"395 lb.-ft. @ 4,200rpm",,,,,,,,,,,,,16,,,,,,,,,,,
Dodge,Charger,2010,,,19.0gal.,,,rear-wheel,v-8,3.5,"368hp @ 5,200rpm",5 speed automatic,"395 lb.-ft. @ 4,350rpm",,,,,,,,,,,,,16,,,,,,,,,,,
Dodge,Charger,2009,,,19.0gal.,,,rear-wheel,v-8,5.7,"368hp @ 5,200rpm",5 speed automatic,"395 lb.-ft. @ 4,250rpm",,,,,,,,,,,,,16,,,,,,,,,,,
Dodge,Charger,2008,,,19.0gal.,,,rear-wheel,v-8,5.7,"350hp @ 5,000rpm",5 speed automatic,"390 lb.-ft. @ 4,000rpm",,,,,,,,,,,,,16,,,,,,,,,,,
Dodge,Charger,2007,,,19.0gal.,,,rear-wheel,v-8,5.7,"350hp @ 5,200rpm",5 speed automatic,"390 lb.-ft. @ 4,000rpm",,,,,,,,,,,,,16,,,,,,,,,,,
Dodge,Charger,2006,,,19.0gal.,,,rear-wheel,v-8,5.7,"350hp @ 5,000rpm",5 speed automatic,"390 lb.-ft. @ 4,000rpm",,,,,,,,,,,,,16,,,,,,,,,,,
Dodge,SRT Viper,2015,,,16.0gal.,,,rear-wheel,v-10,8.4,"645hp @ 6,200rpm",6 speed manual,"600 lb.-ft. @ 5,000rpm",,,,,,,,,,,,,20,,,,,,,,,,,
Dodge,SRT Viper,2014,,,16.0gal.,,,rear-wheel,v-10,8.4,"640hp @ 6,200rpm",6 speed manual,"600 lb.-ft. @ 5,000rpm",,,,,,,,,,,,,20,,,,,,,,,,,
Dodge,SRT Viper,2013,,,16.0gal.,,,rear-wheel,v-10,8.4,"640hp @ 6,200rpm",6 speed manual,"600 lb.-ft. @ 5,000rpm",,,,,,,,,,,,,20,,,,,,,,,,,
Dodge,Avenger,2014,21 mpg,30 mpg,18.5gal.,5,13 cu.ft.,front-wheel,v-6,3.6,"283hp @ 6,400rpm",multi-speed automatic,"260 lb.-ft. @ 4,400rpm",4-wheel,2.4 l,144 cu.in.,173 hp,"40.0 ""","58.4 ""","72.8 ""","36.2 ""","42.4 ""","192.6 ""","38.3 ""","108.9 """,24,4,"3,400 lbs.","4,600 lbs.","1,000 lbs.",,,,,,,
Dodge,Avenger,2013,21 mpg,29 mpg,18.5gal.,5,13 cu.ft.,front-wheel,v-6,3.6,"283hp @ 6,400rpm",multi-speed automatic,"260 lb.-ft. @ 4,400rpm",4-wheel,2.4 l,144 cu.in.,173 hp,"40.0 ""","58.4 ""","72.8 ""","36.2 ""","42.4 ""","192.6 ""","38.3 ""","108.9 """,24,4,"3,400 lbs.","4,600 lbs.","1,000 lbs.",,,,,,,
Dodge,Avenger,2012,21 mpg,30 mpg,16.9gal.,5,13 cu.ft.,front-wheel,v-6,3.6,"283hp @ 6,400rpm",multi-speed automatic,"166 lb.-ft. @ 4,400rpm",4-wheel,2.4 l,144 cu.in.,173 hp,"40.0 ""","58.4 ""","72.8 ""","36.2 ""","42.4 ""","192.6 ""","38.3 ""","108.9 """,24,4,"3,400 lbs.","4,600 lbs.","1,000 lbs.",,,,,,,
Dodge,Avenger,2011,21 mpg,30 mpg,18.5gal.,5,13 cu.ft.,front-wheel,v-6,3.6,"283hp @ 6,400rpm",multi-speed automatic,"166 lb.-ft. @ 4,400rpm",4-wheel,2.4 l,144 cu.in.,173 hp,"40.0 ""","58.4 ""","72.8 ""","36.2 ""","42.4 ""","192.6 ""","38.3 ""","108.9 """,24,4,"3,394 lbs.","4,600 lbs.","1,000 lbs.",,,,,,,
Dodge,Avenger,2010,21 mpg,30 mpg,18.5gal.,5,13 cu.ft.,front-wheel,v-6,2.7,"189hp @ 6,400rpm",4 speed automatic,"166 lb.-ft. @ 4,400rpm",4-wheel,2.4 l,144 cu.in.,173 hp,"40.0 ""","58.9 ""","71.8 ""","36.2 ""","42.4 ""","190.9 ""","38.3 ""","108.9 """,24,4,"3,405 lbs.",,"1,000 lbs.",,,,,,,
Dodge,Avenger,2009,,,18.5gal.,,,front-wheel,v-6,2.7,"189hp @ 6,400rpm",multi-speed automatic,"191 lb.-ft. @ 4,000rpm",,,,,,,,,,,,,24,,,,,,,,,,,
Dodge,Avenger,2008,,,16.9gal.,,,front-wheel,v-6,3.5,"235hp @ 6,400rpm",multi-speed automatic,"232 lb.-ft. @ 4,000rpm",,,,,,,,,,,,,24,,,,,,,,,,,
Dodge,Avenger,2000,,,15.9gal.,,,front-wheel,v-6,2.5,"163hp @ 5,500rpm",4 speed automatic,"170 lb.-ft. @ 4,350rpm",,,,,,,,,,,,,24,,,,,,,,,,,
Dodge,Avenger,1999,22 mpg,32 mpg,16.9gal.,5,13 cu.ft.,front-wheel,v-6,2.5,"163hp @ 5,500rpm",4 speed automatic,"130 lb.-ft. @ 4,000rpm",4-wheel,2.0 l,122 cu.in.,140 hp,"39.2 ""","53.0 ""","69.1 ""","35.0 ""","43.3 ""","190.2 ""","36.5 ""","103.7 """,24,5,"2,879 lbs.",,,,,,,,,
Dodge,Charger,2019,,,18.5gal.,5,16 cu.ft.,rear-wheel,v-6,3.6,"292hp @ 6,350rpm",8 speed automatic,"260 lb.-ft. @ 4,800rpm",4-wheel,3.6 l,220 cu.in.,292 hp,"38.6 ""","58.2 ""","75.0 ""","40.1 ""","41.8 ""","198.4 ""","36.6 ""","120.2 """,24,8,"3,934 lbs.","5,100 lbs.","1,000 lbs.",,,,,,,
Dodge,Charger,2018,19 mpg,30 mpg,18.5gal.,5,16 cu.ft.,rear-wheel,v-6,3.6,"292hp @ 6,350rpm",8 speed automatic,"260 lb.-ft. @ 4,800rpm",4-wheel,3.6 l,220 cu.in.,292 hp,"38.6 ""","58.2 ""","75.0 ""","40.1 ""","41.8 ""","198.4 ""","36.6 ""","120.2 """,24,8,"3,934 lbs.","5,100 lbs.","1,000 lbs.",,,,,,,
Dodge,Charger,2017,,,18.5gal.,,,rear-wheel,v-6,5.7,"370hp @ 5,250rpm",5 speed automatic,"395 lb.-ft. @ 4,200rpm",,,,,,,,,,,,,16,,,,,,,,,,,
Dodge,Charger,2016,,,18.5gal.,,,rear-wheel,v-6,3.6,"292hp @ 6,350rpm",8 speed automatic,"260 lb.-ft. @ 4,800rpm",,,,,,,,,,,,,24,,,,,,,,,,,
Dodge,Charger,2015,,,18.5gal.,,,rear-wheel,v-6,3.6,"292hp @ 6,350rpm",8 speed automatic,"260 lb.-ft. @ 4,800rpm",,,,,,,,,,,,,24,,,,,,,,,,,
Dodge,Charger,2014,,,19.5gal.,,,rear-wheel,v-8,5.7,"370hp @ 5,250rpm",5 speed automatic,"395 lb.-ft. @ 4,200rpm",,,,,,,,,,,,,16,,,,,,,,,,,
Dodge,Charger,2013,,,19.1gal.,,,rear-wheel,v-8,5.7,"370hp @ 5,250rpm",5 speed automatic,"395 lb.-ft. @ 4,200rpm",,,,,,,,,,,,,24,,,,,,,,,,,
Dodge,Charger,2012,,,19.1gal.,,,rear-wheel,v-8,5.7,"370hp @ 5,250rpm",5 speed automatic,"395 lb.-ft. @ 4,200rpm",,,,,,,,,,,,,16,,,,,,,,,,,
Dodge,Charger,2011,,,19.1gal.,,,rear-wheel,v-8,5.7,"370hp @ 5,250rpm",5 speed automatic,"395 lb.-ft. @ 4,200rpm",,,,,,,,,,,,,16,,,,,,,,,,,
Dodge,Charger,2010,,,19.0gal.,,,rear-wheel,v-8,3.5,"368hp @ 5,200rpm",5 speed automatic,"395 lb.-ft. @ 4,350rpm",,,,,,,,,,,,,16,,,,,,,,,,,
Dodge,Charger,2009,,,19.0gal.,,,rear-wheel,v-8,5.7,"368hp @ 5,200rpm",5 speed automatic,"395 lb.-ft. @ 4,250rpm",,,,,,,,,,,,,16,,,,,,,,,,,
Dodge,Charger,2008,,,19.0gal.,,,rear-wheel,v-8,5.7,"350hp @ 5,000rpm",5 speed automatic,"390 lb.-ft. @ 4,000rpm",,,,,,,,,,,,,16,,,,,,,,,,,
Dodge,Charger,2007,,,19.0gal.,,,rear-wheel,v-8,5.7,"350hp @ 5,200rpm",5 speed automatic,"390 lb.-ft. @ 4,000rpm",,,,,,,,,,,,,16,,,,,,,,,,,
Dodge,Charger,2006,,,19.0gal.,,,rear-wheel,v-8,5.7,"350hp @ 5,000rpm",5 speed automatic,"390 lb.-ft. @ 4,000rpm",,,,,,,,,,,,,16,,,,,,,,,,,
Dodge,Intrepid,2004,,,17.2gal.,,,front-wheel,v-6,2.7,"200hp @ 5,800rpm",4 speed automatic,"190 lb.-ft. @ 4,850rpm",,,,,,,,,,,,,24,,,,,,,,,,,
Dodge,Intrepid,2003,,,17.2gal.,,,front-wheel,v-6,2.7,"200hp @ 5,800rpm",4 speed automatic,"190 lb.-ft. @ 4,850rpm",,,,,,,,,,,,,24,,,,,,,,,,,
Dodge,Intrepid,2002,,,17.0gal.,,,front-wheel,v-6,2.7,"200hp @ 5,800rpm",4 speed automatic,"190 lb.-ft. @ 4,850rpm",,,,,,,,,,,,,24,,,,,,,,,,,
Dodge,Intrepid,2001,,,17.2gal.,,,front-wheel,v-6,2.7,"200hp @ 5,800rpm",4 speed automatic,"190 lb.-ft. @ 4,850rpm",,,,,,,,,,,,,24,,,,,,,,,,,
Dodge,Intrepid,2000,,,17.0gal.,,,front-wheel,v-6,2.7,"200hp @ 5,800rpm",4 speed automatic,"190 lb.-ft. @ 4,850rpm",,,,,,,,,,,,,24,,,,,,,,,,,
Dodge,Intrepid,1999,21 mpg,30 mpg,17.0gal.,5,18 cu.ft.,front-wheel,v-6,2.7,"200hp @ 5,800rpm",4 speed automatic,"190 lb.-ft. @ 4,850rpm",4-wheel,2.7 l,167 cu.in.,200 hp,"38.5 ""","55.9 ""","74.7 ""","39.1 ""","42.2 ""","203.7 ""","37.5 ""","113.0 """,24,4,"3,423 lbs.",,"1,500 lbs.",,,,,,,
Dodge,Viper,2017,12 mpg,19 mpg,16.0gal.,2,15 cu.ft.,rear-wheel,v-10,8.4,"645hp @ 6,200rpm",6 speed manual,"600 lb.-ft. @ 5,000rpm",4-wheel,8.4 l,512 cu.in.,645 hp,"36.6 ""","49.1 ""","76.4 """,,"42.7 ""","175.7 """,,"98.8 """,20,6,"3,378 lbs.",,,,,,,,,
Dodge,Viper,2016,,,16.0gal.,,,rear-wheel,v-10,8.4,"645hp @ 6,200rpm",6 speed manual,"600 lb.-ft. @ 5,000rpm",,,,,,,,,,,,,20,,,,,,,,,,,
Dodge,Viper,2015,,,16.0gal.,,,rear-wheel,v-10,8.4,"645hp @ 6,200rpm",6 speed manual,"600 lb.-ft. @ 5,000rpm",,,,,,,,,,,,,20,,,,,,,,,,,
Dodge,Viper,2010,,,16.0gal.,,,rear-wheel,v-10,8.4,"600hp @ 6,100rpm",6 speed manual,"560 lb.-ft. @ 5,000rpm",,,,,,,,,,,,,20,,,,,,,,,,,
Dodge,Viper,2009,,,16.0gal.,,,rear-wheel,v-10,8.4,"600hp @ 6,100rpm",6 speed manual,"561 lb.-ft. @ 5,000rpm",,,,,,,,,,,,,20,,,,,,,,,,,
Dodge,Viper,2008,,,16.0gal.,,,rear-wheel,v-10,8.4,"600hp @ 6,100rpm",6 speed manual,"560 lb.-ft. @ 5,000rpm",,,,,,,,,,,,,20,,,,,,,,,,,
Dodge,Viper,2006,,,18.5gal.,,,rear-wheel,v-10,8.3,"510hp @ 5,600rpm",6 speed manual,"535 lb.-ft. @ 4,200rpm",,,,,,,,,,,,,20,,,,,,,,,,,
Dodge,Viper,2005,,,18.5gal.,,,rear-wheel,v-10,8.3,"500hp @ 5,600rpm",6 speed manual,"525 lb.-ft. @ 4,200rpm",,,,,,,,,,,,,20,,,,,,,,,,,
Dodge,Viper,2004,,,18.5gal.,,,rear-wheel,v-10,8.3,"500hp @ 5,600rpm",6 speed manual,"525 lb.-ft. @ 4,200rpm",,,,,,,,,,,,,20,,,,,,,,,,,
Dodge,Viper,2003,,,18.5gal.,,,rear-wheel,v-10,8.3,"500hp @ 5,600rpm",6 speed manual,"525 lb.-ft. @ 4,200rpm",,,,,,,,,,,,,20,,,,,,,,,,,
Dodge,Viper,2002,,,19.0gal.,,,rear-wheel,v-10,8.0,"450hp @ 5,200rpm",6 speed manual,"490 lb.-ft. @ 3,700rpm",,,,,,,,,,,,,20,,,,,,,,,,,
Dodge,Viper,2001,,,19.0gal.,,,rear-wheel,v-10,8.0,"460hp @ 5,200rpm",6 speed manual,"500 lb.-ft. @ 3,700rpm",,,,,,,,,,,,,20,,,,,,,,,,,
Dodge,Viper,2000,,,19.0gal.,,,rear-wheel,v-10,8.0,"460hp @ 5,200rpm",6 speed manual,"500 lb.-ft. @ 3,700rpm",,,,,,,,,,,,,20,,,,,,,,,,,
Dodge,Viper,1999,12 mpg,21 mpg,19.0gal.,2,9 cu.ft.,rear-wheel,v-10,8.0,"450hp @ 5,200rpm",6 speed manual,"490 lb.-ft. @ 3,700rpm",,8.0 l,488 cu.in.,450 hp,"36.5 ""","47.0 ""","75.7 """,,"42.6 ""","176.7 """,,"96.2 """,20,6,"3,375 lbs.",,,,,,,,,
Dodge,Journey,2018,19 mpg,25 mpg,20.5gal.,7,68 cu.ft.,front-wheel,i-4,2.4,"173hp @ 6,000rpm",4 speed automatic,"166 lb.-ft. @ 4,400rpm",4-wheel,2.4 l,144 cu.in.,173 hp,"40.8 ""","66.6 ""","72.2 ""","36.1 ""","40.8 ""","192.4 ""","39.9 ""","113.8 """,16,4,,"5,250 lbs.","1,000 lbs.",,,,,,,
Dodge,Journey,2017,19 mpg,25 mpg,20.5gal.,5,68 cu.ft.,front-wheel,i-4,2.4,"173hp @ 6,000rpm",4 speed automatic,"166 lb.-ft. @ 4,400rpm",4-wheel,2.4 l,144 cu.in.,173 hp,"40.8 ""","66.6 ""","72.2 ""","36.1 ""","40.8 ""","192.4 ""","39.9 ""","113.8 """,16,4,"3,818 lbs.","5,005 lbs.","1,000 lbs.",,,,,,,
Dodge,Journey,2016,19 mpg,26 mpg,20.5gal.,5,68 cu.ft.,front-wheel,i-4,2.4,"173hp @ 6,000rpm",4 speed automatic,"166 lb.-ft. @ 4,400rpm",4-wheel,2.4 l,144 cu.in.,173 hp,"40.8 ""","66.6 ""","72.2 ""","36.1 ""","40.8 ""","192.4 ""","39.9 ""","113.8 """,16,4,"3,818 lbs.","5,005 lbs.","1,000 lbs.",,,,,,,
Dodge,Journey,2015,,,20.5gal.,,,front-wheel,i-4,2.4,"173hp @ 6,000rpm",4 speed automatic,"166 lb.-ft. @ 4,400rpm",,,,,,,,,,,,,16,,,,,,,,,,,
Dodge,Journey,2014,,,20.5gal.,,,front-wheel,i-4,2.4,"173hp @ 6,000rpm",4 speed automatic,"166 lb.-ft. @ 4,400rpm",,,,,,,,,,,,,16,,,,,,,,,,,
Dodge,Journey,2013,,,20.5gal.,,,front-wheel,i-4,2.4,"173hp @ 6,000rpm",4 speed automatic,"166 lb.-ft. @ 4,400rpm",,,,,,,,,,,,,16,,,,,,,,,,,
Dodge,Journey,2012,,,20.5gal.,,,front-wheel,i-4,2.4,"173hp @ 6,000rpm",4 speed automatic,"166 lb.-ft. @ 4,400rpm",,,,,,,,,,,,,16,,,,,,,,,,,
Dodge,Journey,2011,,,20.5gal.,,,front-wheel,i-4,2.4,"173hp @ 6,000rpm",4 speed automatic,"166 lb.-ft. @ 4,400rpm",,,,,,,,,,,,,16,,,,,,,,,,,
Dodge,Journey,2010,,,20.5gal.,,,front-wheel,v-6,3.5,"235hp @ 6,400rpm",multi-speed automatic,"232 lb.-ft. @ 4,000rpm",,,,,,,,,,,,,24,,,,,,,,,,,
Dodge,Journey,2009,,,20.5gal.,,,front-wheel,v-6,3.5,"235hp @ 6,400rpm",multi-speed automatic,"232 lb.-ft. @ 4,000rpm",,,,,,,,,,,,,24,,,,,,,,,,,
Dodge,Caravan,2007,,,20.0gal.,,,front-wheel,v-6,3.3,"180hp @ 5,000rpm",4 speed automatic,"210 lb.-ft. @ 4,000rpm",,,,,,,,,,,,,12,,,,,,,,,,,
Dodge,Caravan,2006,,,20.0gal.,,,front-wheel,v-6,3.3,"180hp @ 5,000rpm",4 speed automatic,"210 lb.-ft. @ 4,000rpm",,,,,,,,,,,,,12,,,,,,,,,,,
Dodge,Caravan,2005,,,20.0gal.,,,front-wheel,v-6,3.3,"180hp @ 5,000rpm",4 speed automatic,"210 lb.-ft. @ 4,000rpm",,,,,,,,,,,,,12,,,,,,,,,,,
Dodge,Caravan,2004,,,20.0gal.,,,front-wheel,v-6,3.3,"180hp @ 5,000rpm",4 speed automatic,"210 lb.-ft. @ 4,000rpm",,,,,,,,,,,,,12,,,,,,,,,,,
Dodge,Caravan,2003,,,20.0gal.,,,front-wheel,v-6,3.3,"180hp @ 5,000rpm",4 speed automatic,"210 lb.-ft. @ 4,000rpm",,,,,,,,,,,,,12,,,,,,,,,,,
Dodge,Caravan,2002,,,20.0gal.,,,front-wheel,i-4,2.4,"150hp @ 5,200rpm",4 speed automatic,"167 lb.-ft. @ 4,000rpm",,,,,,,,,,,,,16,,,,,,,,,,,
Dodge,Caravan,2001,,,20.0gal.,,,front-wheel,v-6,3.3,"180hp @ 5,200rpm",4 speed automatic,"210 lb.-ft. @ 4,000rpm",,,,,,,,,,,,,12,,,,,,,,,,,
Dodge,Caravan,2000,20 mpg,26 mpg,20.0gal.,5,143 cu.ft.,front-wheel,v-6,3.0,"158hp @ 4,850rpm",4 speed automatic,"176 lb.-ft. @ 4,000rpm",4-wheel,2.4 l,148 cu.in.,150 hp,"39.8 ""","68.5 ""","76.8 ""","36.6 ""","40.6 ""","186.3 ""","40.1 ""","113.3 """,12,3,"3,536 lbs.",,"1,000 lbs.",,,,,,,
Dodge,Caravan,1999,20 mpg,26 mpg,20.0gal.,5,143 cu.ft.,front-wheel,v-6,3.0,"158hp @ 4,850rpm",4 speed automatic,"176 lb.-ft. @ 4,000rpm",4-wheel,2.4 l,148 cu.in.,150 hp,"39.8 ""","68.5 ""","76.8 ""","36.6 ""","41.2 ""","186.3 ""","40.1 ""","113.3 """,12,3,"3,533 lbs.",,"1,000 lbs.",,,,,,,
Dodge,Grand Caravan,2019,17 mpg,25 mpg,20.0gal.,7,144 cu.ft.,front-wheel,v-6,3.6,"283hp @ 6,400rpm",multi-speed automatic,"260 lb.-ft. @ 4,400rpm",4-wheel,3.6 l,220 cu.in.,283 hp,"39.8 ""","67.9 ""","78.7 ""","36.5 ""","40.7 ""","202.8 ""","39.3 ""","121.2 """,24,6,"4,321 lbs.","6,050 lbs.","3,600 lbs.",,,,,,,
Dodge,Grand Caravan,2018,17 mpg,25 mpg,20.0gal.,7,144 cu.ft.,front-wheel,v-6,3.6,"283hp @ 6,400rpm",multi-speed automatic,"260 lb.-ft. @ 4,400rpm",4-wheel,3.6 l,220 cu.in.,283 hp,"39.8 ""","67.9 ""","78.7 ""","36.5 ""","40.7 ""","202.8 ""","39.3 ""","121.2 """,24,6,"4,321 lbs.","6,050 lbs.","3,600 lbs.",,,,,,,
Dodge,Grand Caravan,2017,,,20.0gal.,,,front-wheel,v-6,3.6,"283hp @ 6,400rpm",multi-speed automatic,"260 lb.-ft. @ 4,400rpm",,,,,,,,,,,,,24,,,,,,,,,,,
Dodge,Grand Caravan,2016,,,20.0gal.,,,front-wheel,v-6,3.6,"283hp @ 6,400rpm",multi-speed automatic,"260 lb.-ft. @ 4,400rpm",,,,,,,,,,,,,24,,,,,,,,,,,
Dodge,Grand Caravan,2015,,,20.0gal.,,,front-wheel,v-6,3.6,"283hp @ 6,400rpm",multi-speed automatic,"260 lb.-ft. @ 4,400rpm",,,,,,,,,,,,,24,,,,,,,,,,,
Dodge,Grand Caravan,2014,17 mpg,25 mpg,20.0gal.,7,144 cu.ft.,front-wheel,v-6,3.6,"283hp @ 6,400rpm",multi-speed automatic,"260 lb.-ft. @ 4,400rpm",4-wheel,3.6 l,220 cu.in.,283 hp,"39.8 ""","68.9 ""","78.7 ""","36.5 ""","40.7 ""","202.8 ""","39.3 ""","121.2 """,24,6,"4,321 lbs.","6,050 lbs.","3,600 lbs.",,,,,,,
Dodge,Grand Caravan,2013,17 mpg,25 mpg,20.0gal.,7,144 cu.ft.,front-wheel,v-6,3.6,"283hp @ 6,400rpm",multi-speed automatic,"260 lb.-ft. @ 4,400rpm",4-wheel,3.6 l,220 cu.in.,283 hp,"39.8 ""","67.9 ""","78.7 ""","36.5 ""","40.7 ""","202.8 ""","39.3 ""","121.2 """,24,6,"4,321 lbs.","6,050 lbs.","3,600 lbs.",,,,,,,
Dodge,Grand Caravan,2012,17 mpg,25 mpg,20.0gal.,7,144 cu.ft.,front-wheel,v-6,3.6,"283hp @ 6,400rpm",multi-speed automatic,"260 lb.-ft. @ 4,400rpm",4-wheel,3.6 l,220 cu.in.,283 hp,"39.8 ""","67.9 ""","78.7 ""","36.5 ""","40.7 ""","202.8 ""","39.3 ""","121.2 """,24,6,"4,321 lbs.","6,050 lbs.","3,600 lbs.",,,,,,,
Dodge,Grand Caravan,2011,17 mpg,25 mpg,20.0gal.,7,144 cu.ft.,front-wheel,v-6,3.6,"283hp @ 6,400rpm",multi-speed automatic,"260 lb.-ft. @ 4,400rpm",4-wheel,3.6 l,220 cu.in.,283 hp,"39.8 ""","67.9 ""","78.7 ""","36.5 ""","40.7 ""","202.8 ""","39.3 ""","121.2 """,24,6,"4,321 lbs.","5,500 lbs.","3,600 lbs.",,,,,,,
Dodge,Grand Caravan,2010,17 mpg,24 mpg,20.0gal.,7,144 cu.ft.,front-wheel,v-6,3.3,"175hp @ 5,000rpm",4 speed automatic,"205 lb.-ft. @ 4,000rpm",4-wheel,3.3 l,201 cu.in.,175 hp,"39.8 ""","68.9 ""","78.7 ""","36.4 ""","40.6 ""","202.5 ""","39.2 ""","121.2 """,12,4,"4,321 lbs.","5,500 lbs.","1,000 lbs.",,,,,,,
Dodge,Grand Caravan,2009,,,20.0gal.,,,front-wheel,v-6,3.3,"175hp @ 5,000rpm",4 speed automatic,"205 lb.-ft. @ 4,000rpm",,,,,,,,,,,,,12,,,,,,,,,,,
Dodge,Grand Caravan,2008,,,20.0gal.,,,front-wheel,v-6,3.3,"175hp @ 5,000rpm",4 speed automatic,"205 lb.-ft. @ 4,000rpm",,,,,,,,,,,,,12,,,,,,,,,,,
Dodge,Grand Caravan,2007,,,20.0gal.,,,front-wheel,v-6,3.3,"180hp @ 5,000rpm",4 speed automatic,"210 lb.-ft. @ 4,000rpm",,,,,,,,,,,,,12,,,,,,,,,,,
Dodge,Grand Caravan,2006,,,20.0gal.,,,front-wheel,v-6,3.3,"180hp @ 5,000rpm",4 speed automatic,"210 lb.-ft. @ 4,000rpm",,,,,,,,,,,,,12,,,,,,,,,,,
Dodge,Grand Caravan,2005,,,20.0gal.,,,front-wheel,v-6,3.8,"205hp @ 5,200rpm",4 speed automatic,"240 lb.-ft. @ 4,000rpm",,,,,,,,,,,,,12,,,,,,,,,,,
Dodge,Grand Caravan,2004,,,20.0gal.,,,front-wheel,v-6,3.3,"180hp @ 5,000rpm",4 speed automatic,"210 lb.-ft. @ 4,000rpm",,,,,,,,,,,,,12,,,,,,,,,,,
Dodge,Grand Caravan,2003,,,20.0gal.,,,all-wheel drive,v-6,3.8,"215hp @ 5,000rpm",4 speed automatic,"245 lb.-ft. @ 4,000rpm",,,,,,,,,,,,,12,,,,,,,,,,,
Dodge,Grand Caravan,2002,,,20.0gal.,,,all-wheel drive,v-6,3.8,"215hp @ 5,000rpm",4 speed automatic,"245 lb.-ft. @ 4,000rpm",,,,,,,,,,,,,12,,,,,,,,,,,
Dodge,Grand Caravan,2001,,,20.0gal.,,,front-wheel,v-6,3.3,"180hp @ 5,200rpm",4 speed automatic,"210 lb.-ft. @ 4,000rpm",,,,,,,,,,,,,12,,,,,,,,,,,
Dodge,Grand Caravan,2000,,,20.0gal.,,,front-wheel,v-6,3.3,"158hp @ 4,850rpm",4 speed automatic,"203 lb.-ft. @ 3,250rpm",,,,,,,,,,,,,12,,,,,,,,,,,
Dodge,Grand Caravan,1999,18 mpg,24 mpg,20.0gal.,7,169 cu.ft.,front-wheel,v-6,3.0,"150hp @ 5,200rpm",4 speed automatic,"176 lb.-ft. @ 4,000rpm",4-wheel,3.3 l,201 cu.in.,158 hp,"39.8 ""","68.5 ""","75.6 ""","39.6 ""","41.2 ""","199.6 ""","40.0 ""","119.3 """,12,4,"3,706 lbs.",,"1,000 lbs.",,,,,,,
Dodge,Ram Van 1500,2003,,,31.0gal.,,,rear-wheel,v-8,5.2,"225hp @ 4,400rpm",4 speed automatic,"295 lb.-ft. @ 3,200rpm",,,,,,,,,,,,,16,,,,,,,,,,,
Dodge,Ram Van 1500,2002,,,31.0gal.,,,rear-wheel,v-8,5.2,"225hp @ 4,400rpm",4 speed automatic,"295 lb.-ft. @ 3,200rpm",,,,,,,,,,,,,16,,,,,,,,,,,
Dodge,Ram Van 1500,2001,,,31.0gal.,,,rear-wheel,v-8,5.2,"225hp @ 4,400rpm",4 speed automatic,"295 lb.-ft. @ 3,200rpm",,,,,,,,,,,,,16,,,,,,,,,,,
Dodge,Ram Van 1500,2000,,,32.0gal.,,,rear-wheel,v-8,5.2,"230hp @ 4,400rpm",4 speed automatic,"300 lb.-ft. @ 3,200rpm",,,,,,,,,,,,,16,,,,,,,,,,,
Dodge,Ram Van 1500,1999,15 mpg,17 mpg,32.0gal.,2,209 cu.ft.,rear-wheel,v-8,5.2,"230hp @ 4,400rpm",4 speed automatic,"300 lb.-ft. @ 3,200rpm",rear wheel,3.9 l,239 cu.in.,175 hp,,"79.6 ""","78.8 """,,,"192.6 """,,"109.0 """,16,3,,"6,600 lbs.",,,,,,,,
Dodge,Ram Van 2500,2003,,,35.0gal.,,,rear-wheel,v-8,5.9,"245hp @ 4,000rpm",4 speed automatic,"335 lb.-ft. @ 3,200rpm",,,,,,,,,,,,,16,,,,,,,,,,,
Dodge,Ram Van 2500,2002,,,35.0gal.,,,rear-wheel,v-6,3.9,"175hp @ 4,800rpm",3 speed automatic,"225 lb.-ft. @ 3,200rpm",,,,,,,,,,,,,12,,,,,,,,,,,
Dodge,Ram Van 2500,2001,,,35.0gal.,,,rear-wheel,v-6,3.9,"175hp @ 4,800rpm",3 speed automatic,"225 lb.-ft. @ 3,200rpm",,,,,,,,,,,,,12,,,,,,,,,,,
Dodge,Ram Van 2500,2000,,,35.0gal.,,,rear-wheel,v-8,5.9,"200hp @ 4,400rpm",4 speed automatic,"335 lb.-ft. @ 3,200rpm",,,,,,,,,,,,,16,,,,,,,,,,,
Dodge,Ram Van 2500,1999,13 mpg,19 mpg,36.0gal.,2,209 cu.ft.,rear-wheel,v-8,5.9,"245hp @ 4,000rpm",4 speed automatic,"300 lb.-ft. @ 3,600rpm",rear wheel,5.2 l,318 cu.in.,230 hp,,"79.6 ""","78.8 """,,,"192.6 """,,"127.0 """,16,4,,"7,700 lbs.",,,,,,,,
Dodge,Ram Van 3500,2003,,,35.0gal.,,,rear-wheel,v-8,5.9,"245hp @ 4,000rpm",4 speed automatic,"335 lb.-ft. @ 3,200rpm",,,,,,,,,,,,,16,,,,,,,,,,,
Dodge,Ram Van 3500,2002,,,35.0gal.,,,rear-wheel,v-8,5.9,"250hp @ 3,600rpm",4 speed automatic,"335 lb.-ft. @ 3,200rpm",,,,,,,,,,,,,16,,,,,,,,,,,
Dodge,Ram Van 3500,2001,,,35.0gal.,,,rear-wheel,v-8,5.9,"250hp @ 3,600rpm",4 speed automatic,"335 lb.-ft. @ 3,200rpm",,,,,,,,,,,,,16,,,,,,,,,,,
Dodge,Ram Van 3500,2000,,,35.0gal.,,,rear-wheel,v-8,5.9,"200hp @ 4,400rpm",4 speed automatic,"335 lb.-ft. @ 3,200rpm",,,,,,,,,,,,,16,,,,,,,,,,,
Dodge,Ram Van 3500,1999,,,36.0gal.,2,241 cu.ft.,rear-wheel,v-8,5.9,"200hp @ 4,400rpm",4 speed automatic,"250 lb.-ft. @ 3,600rpm",rear wheel,5.2 l,318 cu.in.,230 hp,,"80.1 ""","78.8 """,,,"210.6 """,,"127.0 """,16,4,,"8,700 lbs.",,,,,,,,
Dodge,Ram Wagon 1500,2002,,,31.0gal.,,,rear-wheel,v-8,5.2,"225hp @ 4,400rpm",4 speed automatic,"295 lb.-ft. @ 3,200rpm",,,,,,,,,,,,,16,,,,,,,,,,,
Dodge,Ram Wagon 1500,2001,,,31.0gal.,,,rear-wheel,v-8,5.2,"225hp @ 4,400rpm",4 speed automatic,"295 lb.-ft. @ 3,200rpm",,,,,,,,,,,,,16,,,,,,,,,,,
Dodge,Ram Wagon 1500,2000,,,32.0gal.,,,rear-wheel,v-8,5.2,"230hp @ 4,400rpm",4 speed automatic,"300 lb.-ft. @ 3,200rpm",,,,,,,,,,,,,16,,,,,,,,,,,
Dodge,Ram Wagon 1500,1999,15 mpg,16 mpg,32.0gal.,8,209 cu.ft.,rear-wheel,v-8,5.2,"230hp @ 4,400rpm",4 speed automatic,"300 lb.-ft. @ 3,200rpm",rear wheel,3.9 l,239 cu.in.,175 hp,"38.9 ""","79.6 ""","78.8 ""","40.6 ""","39.0 ""","192.6 ""","39.2 ""","109.6 """,16,3,"4,245 lbs.","6,600 lbs.","5,700 lbs.",,,,,,,
Dodge,Dakota,2011,15 mpg,20 mpg,22.0gal.,4,,rear-wheel,v-8,4.7,"302hp @ 4,600rpm",multi-speed automatic,"329 lb.-ft. @ 3,600rpm",4-wheel,3.7 l,226 cu.in.,210 hp,"39.7 ""","68.0 ""","76.4 ""","32.1 ""","41.9 ""","218.5 ""","36.6 ""","131.3 """,16,4,"4,211 lbs.","6,010 lbs.","4,650 lbs.",,,,,,,
Dodge,Dakota,2010,14 mpg,18 mpg,22.0gal.,5,,four-wheel,v-8,4.7,"302hp @ 4,600rpm",multi-speed automatic,"329 lb.-ft. @ 3,600rpm",rear wheel,3.7 l,226 cu.in.,210 hp,"39.9 ""","68.7 ""","76.0 ""","36.4 ""","41.9 ""","218.5 ""","38.4 ""","131.3 """,16,4,"4,532 lbs.","6,010 lbs.","4,600 lbs.",,,,,,,
Dodge,Dakota,2009,,,22.0gal.,,,four-wheel,v-8,4.7,"302hp @ 4,600rpm",multi-speed automatic,"329 lb.-ft. @ 3,600rpm",,,,,,,,,,,,,16,,,,,,,,,,,
Dodge,Dakota,2008,14 mpg,19 mpg,22.0gal.,4,,four-wheel,v-8,4.7,"302hp @ 4,600rpm",multi-speed automatic,"329 lb.-ft. @ 3,600rpm",rear wheel,4.7 l,287 cu.in.,302 hp,"39.6 ""","68.7 ""","72.0 ""","32.1 ""","41.9 ""","218.8 ""","36.5 ""","131.3 """,16,5,"4,744 lbs.","6,010 lbs.","6,800 lbs.",,,,,,,
Dodge,Dakota,2007,,,22.0gal.,,,rear-wheel,v-8,4.7,"260hp @ 5,200rpm",multi-speed automatic,"310 lb.-ft. @ 3,500rpm",,,,,,,,,,,,,16,,,,,,,,,,,
Dodge,Dakota,2006,,,22.0gal.,,,four-wheel,v-8,4.7,"260hp @ 5,200rpm",multi-speed automatic,"310 lb.-ft. @ 3,500rpm",,,,,,,,,,,,,16,,,,,,,,,,,
Dodge,Dakota,2005,,,22.0gal.,,,four-wheel,v-8,4.7,"230hp @ 4,600rpm",multi-speed automatic,"290 lb.-ft. @ 3,600rpm",,,,,,,,,,,,,16,,,,,,,,,,,
Dodge,Dakota,2004,,,22.0gal.,,,rear-wheel,v-6,3.7,"210hp @ 5,200rpm",4 speed automatic,"235 lb.-ft. @ 4,000rpm",,,,,,,,,,,,,12,,,,,,,,,,,
Dodge,Dakota,2003,,,22.0gal.,,,rear-wheel,v-6,3.9,"175hp @ 4,800rpm",4 speed automatic,"225 lb.-ft. @ 3,200rpm",,,,,,,,,,,,,12,,,,,,,,,,,
Dodge,Dakota,2002,,,24.0gal.,,,rear-wheel,v-8,5.9,"245hp @ 4,000rpm",multi-speed automatic,"335 lb.-ft. @ 3,200rpm",,,,,,,,,,,,,16,,,,,,,,,,,
Dodge,Dakota,2001,,,22.0gal.,,,rear-wheel,v-6,3.9,"175hp @ 4,800rpm",4 speed automatic,"225 lb.-ft. @ 3,200rpm",,,,,,,,,,,,,12,,,,,,,,,,,
Dodge,Dakota,2000,,,22.0gal.,,,rear-wheel,v-6,3.9,"175hp @ 4,800rpm",4 speed automatic,"225 lb.-ft. @ 3,200rpm",,,,,,,,,,,,,12,,,,,,,,,,,
Dodge,Dakota,1999,20 mpg,24 mpg,22.0gal.,3,,rear-wheel,v-6,3.9,"175hp @ 4,800rpm",4 speed automatic,"225 lb.-ft. @ 3,200rpm",rear wheel,2.5 l,150 cu.in.,120 hp,"40.0 ""","65.2 ""","71.5 """,,"41.9 ""","196.0 """,,"112.0 """,12,5,,"4,480 lbs.","2,000 lbs.",,,,,,,
Dodge,Ram 1500,2011,,,26.0gal.,,,rear-wheel,v-8,4.7,"390hp @ 5,600rpm",multi-speed automatic,"407 lb.-ft. @ 4,000rpm",,,,,,,,,,,,,16,,,,,,,,,,,
Dodge,Ram 1500,2010,,,26.0gal.,,,rear-wheel,v-8,4.7,"390hp @ 5,600rpm",multi-speed automatic,"407 lb.-ft. @ 4,000rpm",,,,,,,,,,,,,16,,,,,,,,,,,
Dodge,Ram 1500,2009,,,26.0gal.,,,four-wheel,v-8,5.7,"390hp @ 5,600rpm",multi-speed automatic,"408 lb.-ft. @ 4,000rpm",,,,,,,,,,,,,16,,,,,,,,,,,
Dodge,Ram 1500,2008,,,34.0gal.,,,four-wheel,v-8,5.7,"345hp @ 5,200rpm",multi-speed automatic,"375 lb.-ft. @ 4,200rpm",,,,,,,,,,,,,16,,,,,,,,,,,
Dodge,Ram 1500,2007,,,34.0gal.,,,four-wheel,v-8,5.7,"345hp @ 5,200rpm",multi-speed automatic,"375 lb.-ft. @ 4,200rpm",,,,,,,,,,,,,16,,,,,,,,,,,
Dodge,Ram 1500,2006,,,34.0gal.,,,four-wheel,v-8,5.7,"345hp @ 5,200rpm",multi-speed automatic,"375 lb.-ft. @ 4,200rpm",,,,,,,,,,,,,16,,,,,,,,,,,
Dodge,Ram 1500,2005,,,26.0gal.,,,rear-wheel,v-10,8.3,"500hp @ 5,600rpm",4 speed automatic,"525 lb.-ft. @ 4,200rpm",,,,,,,,,,,,,20,,,,,,,,,,,
Dodge,Ram 1500,2004,,,34.0gal.,,,rear-wheel,v-8,5.7,"345hp @ 5,400rpm",multi-speed automatic,"375 lb.-ft. @ 4,200rpm",,,,,,,,,,,,,16,,,,,,,,,,,
Dodge,Ram 1500,2003,,,26.0gal.,,,rear-wheel,v-8,5.7,"345hp @ 5,400rpm",4 speed automatic,"375 lb.-ft. @ 4,200rpm",,,,,,,,,,,,,16,,,,,,,,,,,
Dodge,Ram 1500,2002,,,26.0gal.,,,rear-wheel,v-8,5.9,"245hp @ 4,000rpm",4 speed automatic,"335 lb.-ft. @ 3,200rpm",,,,,,,,,,,,,16,,,,,,,,,,,
Dodge,Ram 1500,2001,,,26.0gal.,,,rear-wheel,v-6,3.9,"175hp @ 4,800rpm",4 speed automatic,"230 lb.-ft. @ 3,200rpm",,,,,,,,,,,,,12,,,,,,,,,,,
Dodge,Ram 1500,2000,,,26.0gal.,,,rear-wheel,v-6,3.9,"175hp @ 4,800rpm",4 speed automatic,"230 lb.-ft. @ 3,200rpm",,,,,,,,,,,,,12,,,,,,,,,,,
Dodge,Ram 1500,1999,15 mpg,21 mpg,26.0gal.,3,,rear-wheel,v-6,3.9,"175hp @ 4,800rpm",4 speed automatic,"230 lb.-ft. @ 3,200rpm",rear wheel,3.9 l,239 cu.in.,175 hp,"40.2 ""","72.0 ""","79.3 """,,"41.0 ""","199.9 """,,"118.7 """,12,5,"4,021 lbs.","6,400 lbs.","3,600 lbs.",,,,,,,
Dodge,Ram 2500,2011,,,35.0gal.,,,rear-wheel,i-6,6.7,"383hp @ 5,600rpm",6 speed automatic,"610 lb.-ft. @ 1,400rpm",,,,,,,,,,,,,24,,,,,,,,,,,
Dodge,Ram 2500,2010,,,35.0gal.,,,rear-wheel,i-6,6.7,"350hp @ 3,000rpm",multi-speed automatic,"610 lb.-ft. @ 1,400rpm",,,,,,,,,,,,,24,,,,,,,,,,,
Dodge,Ram 2500,2009,,,34.0gal.,,,four-wheel,i-6,6.7,"350hp @ 3,000rpm",6 speed automatic,"610 lb.-ft. @ 1,400rpm",,,,,,,,,,,,,24,,,,,,,,,,,
Dodge,Ram 2500,2008,,,35.0gal.,,,four-wheel,i-6,6.7,"350hp @ 3,000rpm",6 speed automatic,"610 lb.-ft. @ 1,400rpm",,,,,,,,,,,,,24,,,,,,,,,,,
Dodge,Ram 2500,2007,,,34.0gal.,,,rear-wheel,i-6,5.9,"325hp @ 2,900rpm",4 speed automatic,"610 lb.-ft. @ 1,600rpm",,,,,,,,,,,,,24,,,,,,,,,,,
Dodge,Ram 2500,2006,,,34.0gal.,,,rear-wheel,i-6,5.9,"325hp @ 2,900rpm",4 speed automatic,"610 lb.-ft. @ 1,600rpm",,,,,,,,,,,,,24,,,,,,,,,,,
Dodge,Ram 2500,2005,,,35.0gal.,,,rear-wheel,i-6,5.9,"325hp @ 2,900rpm",4 speed automatic,"600 lb.-ft. @ 1,600rpm",,,,,,,,,,,,,24,,,,,,,,,,,
Dodge,Ram 2500,2004,,,34.0gal.,,,rear-wheel,i-6,5.9,"235hp @ 2,700rpm",4 speed automatic,"460 lb.-ft. @ 1,400rpm",,,,,,,,,,,,,24,,,,,,,,,,,
Dodge,Ram 2500,2003,,,34.0gal.,,,rear-wheel,i-6,5.9,"235hp @ 2,700rpm",6 speed manual,"460 lb.-ft. @ 1,400rpm",,,,,,,,,,,,,24,,,,,,,,,,,
Dodge,Ram 2500,2002,,,34.0gal.,,,rear-wheel,i-6,8.0,"245hp @ 2,700rpm",6 speed manual,"505 lb.-ft. @ 1,600rpm",,,,,,,,,,,,,24,,,,,,,,,,,
Dodge,Ram 2500,2001,,,35.0gal.,,,rear-wheel,i-6,8.0,"245hp @ 2,700rpm",6 speed manual,"505 lb.-ft. @ 1,600rpm",,,,,,,,,,,,,24,,,,,,,,,,,
Dodge,Ram 2500,2000,,,35.0gal.,,,rear-wheel,i-6,8.0,"235hp @ 2,700rpm",4 speed automatic,"460 lb.-ft. @ 1,400rpm",,,,,,,,,,,,,24,,,,,,,,,,,
Dodge,Ram 2500,1999,,,35.0gal.,3,,rear-wheel,i-6,8.0,"235hp @ 2,700rpm",6 speed manual,"460 lb.-ft. @ 1,400rpm",rear wheel,5.9 l,360 cu.in.,245 hp,"40.2 ""","72.0 ""","79.3 """,,"41.0 ""","224.2 """,,"134.7 """,24,5,"4,378 lbs.","8,800 lbs.","8,900 lbs.",,,,,,,
Dodge,Durango,2018,19 mpg,26 mpg,24.6gal.,5,84 cu.ft.,rear-wheel,v-6,3.6,"293hp @ 6,400rpm",8 speed automatic,"260 lb.-ft. @ 4,000rpm",4-wheel,3.6 l,220 cu.in.,293 hp,"39.9 ""","70.9 ""","75.8 ""","38.6 ""","40.3 ""","201.2 ""","39.8 ""","119.8 """,24,8,"4,680 lbs.","6,500 lbs.","6,200 lbs.",,,,,,,
Dodge,Durango,2017,,,24.6gal.,,,rear-wheel,v-6,3.6,"293hp @ 6,400rpm",8 speed automatic,"260 lb.-ft. @ 4,000rpm",,,,,,,,,,,,,24,,,,,,,,,,,
Dodge,Durango,2016,,,24.6gal.,,,rear-wheel,v-6,5.7,"360hp @ 5,150rpm",8 speed automatic,"390 lb.-ft. @ 4,250rpm",,,,,,,,,,,,,16,,,,,,,,,,,
Dodge,Durango,2015,,,24.6gal.,,,rear-wheel,v-6,3.6,"295hp @ 6,400rpm",8 speed automatic,"260 lb.-ft. @ 4,800rpm",,,,,,,,,,,,,24,,,,,,,,,,,
Dodge,Durango,2014,,,24.6gal.,,,rear-wheel,v-6,3.6,"290hp @ 6,400rpm",8 speed automatic,"260 lb.-ft. @ 4,800rpm",,,,,,,,,,,,,24,,,,,,,,,,,
Dodge,Durango,2013,,,24.6gal.,,,rear-wheel,v-6,3.6,"290hp @ 6,400rpm",5 speed automatic,"260 lb.-ft. @ 4,800rpm",,,,,,,,,,,,,24,,,,,,,,,,,
Dodge,Durango,2012,,,24.6gal.,,,all-wheel drive,v-6,3.6,"290hp @ 6,400rpm",5 speed automatic,"260 lb.-ft. @ 4,800rpm",,,,,,,,,,,,,24,,,,,,,,,,,
Dodge,Durango,2011,,,24.6gal.,,,all-wheel drive,v-6,3.6,"290hp @ 6,400rpm",5 speed automatic,"260 lb.-ft. @ 4,800rpm",,,,,,,,,,,,,24,,,,,,,,,,,
Dodge,Durango,2009,,,27.0gal.,,,rear-wheel,v-8,5.7,"335hp @ 5,200rpm",multi-speed automatic,"370 lb.-ft. @ 4,200rpm",,,,,,,,,,,,,16,,,,,,,,,,,
Dodge,Durango,2008,,,27.0gal.,,,rear-wheel,v-8,5.7,"335hp @ 5,200rpm",multi-speed automatic,"370 lb.-ft. @ 4,200rpm",,,,,,,,,,,,,16,,,,,,,,,,,
Dodge,Durango,2007,,,27.0gal.,,,rear-wheel,v-8,5.7,"235hp @ 4,600rpm",multi-speed automatic,"300 lb.-ft. @ 3,500rpm",,,,,,,,,,,,,16,,,,,,,,,,,
Dodge,Durango,2006,,,27.0gal.,,,rear-wheel,v-8,5.7,"235hp @ 4,600rpm",multi-speed automatic,"300 lb.-ft. @ 3,500rpm",,,,,,,,,,,,,16,,,,,,,,,,,
Dodge,Durango,2005,,,27.0gal.,,,rear-wheel,v-8,4.7,"230hp @ 4,600rpm",multi-speed automatic,"290 lb.-ft. @ 3,600rpm",,,,,,,,,,,,,16,,,,,,,,,,,
Dodge,Durango,2004,,,27.0gal.,,,rear-wheel,v-8,5.7,"335hp @ 5,200rpm",multi-speed automatic,"370 lb.-ft. @ 4,200rpm",,,,,,,,,,,,,16,,,,,,,,,,,
Dodge,Durango,2003,,,25.0gal.,,,rear-wheel,v-8,5.9,"245hp @ 4,000rpm",4 speed automatic,"335 lb.-ft. @ 3,200rpm",,,,,,,,,,,,,16,,,,,,,,,,,
Dodge,Durango,2002,,,25.0gal.,,,rear-wheel,v-8,4.7,"235hp @ 4,800rpm",multi-speed automatic,"295 lb.-ft. @ 3,200rpm",,,,,,,,,,,,,16,,,,,,,,,,,
Dodge,Durango,2001,,,25.0gal.,,,four-wheel,v-8,4.7,"235hp @ 4,800rpm",4 speed automatic,"295 lb.-ft. @ 3,200rpm",,,,,,,,,,,,,16,,,,,,,,,,,
Dodge,Durango,2000,,,25.0gal.,,,four-wheel,v-8,4.7,"235hp @ 4,800rpm",4 speed automatic,"295 lb.-ft. @ 3,200rpm",,,,,,,,,,,,,16,,,,,,,,,,,
Dodge,Durango,1999,13 mpg,17 mpg,25.0gal.,5,88 cu.ft.,four-wheel,v-8,5.9,"245hp @ 4,000rpm",4 speed automatic,"335 lb.-ft. @ 3,200rpm",rear wheel,5.2 l,318 cu.in.,230 hp,"39.8 ""","72.5 ""","71.7 ""","35.4 ""","41.9 ""","193.5 ""","40.6 ""","115.9 """,16,4,"4,689 lbs.","6,400 lbs.","4,100 lbs.",,,,,,,
Dodge,Durango Hybrid,2009,,,27.0gal.,,,four-wheel,v-8,5.7,"345hp @ 5,300rpm",,"381 lb.-ft. @ 4,200rpm",,,,,,,,,,,,,16,,,,,,,,,,,
Dodge,Journey,2018,19 mpg,25 mpg,20.5gal.,7,68 cu.ft.,front-wheel,i-4,2.4,"173hp @ 6,000rpm",4 speed automatic,"166 lb.-ft. @ 4,400rpm",4-wheel,2.4 l,144 cu.in.,173 hp,"40.8 ""","66.6 ""","72.2 ""","36.1 ""","40.8 ""","192.4 ""","39.9 ""","113.8 """,16,4,,"5,250 lbs.","1,000 lbs.",,,,,,,
Dodge,Journey,2017,19 mpg,25 mpg,20.5gal.,5,68 cu.ft.,front-wheel,i-4,2.4,"173hp @ 6,000rpm",4 speed automatic,"166 lb.-ft. @ 4,400rpm",4-wheel,2.4 l,144 cu.in.,173 hp,"40.8 ""","66.6 ""","72.2 ""","36.1 ""","40.8 ""","192.4 ""","39.9 ""","113.8 """,16,4,"3,818 lbs.","5,005 lbs.","1,000 lbs.",,,,,,,
Dodge,Journey,2016,19 mpg,26 mpg,20.5gal.,5,68 cu.ft.,front-wheel,i-4,2.4,"173hp @ 6,000rpm",4 speed automatic,"166 lb.-ft. @ 4,400rpm",4-wheel,2.4 l,144 cu.in.,173 hp,"40.8 ""","66.6 ""","72.2 ""","36.1 ""","40.8 ""","192.4 ""","39.9 ""","113.8 """,16,4,"3,818 lbs.","5,005 lbs.","1,000 lbs.",,,,,,,
Dodge,Journey,2015,,,20.5gal.,,,front-wheel,i-4,2.4,"173hp @ 6,000rpm",4 speed automatic,"166 lb.-ft. @ 4,400rpm",,,,,,,,,,,,,16,,,,,,,,,,,
Dodge,Journey,2014,,,20.5gal.,,,front-wheel,i-4,2.4,"173hp @ 6,000rpm",4 speed automatic,"166 lb.-ft. @ 4,400rpm",,,,,,,,,,,,,16,,,,,,,,,,,
Dodge,Journey,2013,,,20.5gal.,,,front-wheel,i-4,2.4,"173hp @ 6,000rpm",4 speed automatic,"166 lb.-ft. @ 4,400rpm",,,,,,,,,,,,,16,,,,,,,,,,,
Dodge,Journey,2012,,,20.5gal.,,,front-wheel,i-4,2.4,"173hp @ 6,000rpm",4 speed automatic,"166 lb.-ft. @ 4,400rpm",,,,,,,,,,,,,16,,,,,,,,,,,
Dodge,Journey,2011,,,20.5gal.,,,front-wheel,i-4,2.4,"173hp @ 6,000rpm",4 speed automatic,"166 lb.-ft. @ 4,400rpm",,,,,,,,,,,,,16,,,,,,,,,,,
Dodge,Journey,2010,,,20.5gal.,,,front-wheel,v-6,3.5,"235hp @ 6,400rpm",multi-speed automatic,"232 lb.-ft. @ 4,000rpm",,,,,,,,,,,,,24,,,,,,,,,,,
Dodge,Journey,2009,,,20.5gal.,,,front-wheel,v-6,3.5,"235hp @ 6,400rpm",multi-speed automatic,"232 lb.-ft. @ 4,000rpm",,,,,,,,,,,,,24,,,,,,,,,,,
