make,model,year,city,highway,fuel tank capacity,total seating capacity,max cargo capacity,drive type,cylinder configuration,engine liters,horsepower,transmission,torque,abs,size,displacement,horse power,front head room,overall height,overall width,rear leg room,front leg room,overall length,rear head room,wheelbase,number of valves,number of speeds,curb weight,gross vehicle weight,towing capacity,number of doors,speakers,approach angle,ground clearance (max),ramp breakover angle,departure angle,ground clearance
Ferrari,458 Italia,2015,,,22.7gal.,,,rear-wheel,v-8,4.5,"570hp @ 9,000rpm",7 speed automatic with auto-shift,"398 lb.-ft. @ 6,000rpm",,,,,,,,,,,,,32,,,,,,,,,,,
Ferrari,458 Italia,2014,,,22.7gal.,,,rear-wheel,v-8,4.5,"570hp @ 9,000rpm",7 speed automatic with auto-shift,"398 lb.-ft. @ 6,000rpm",,,,,,,,,,,,,32,,,,,,,,,,,
Ferrari,458 Italia,2013,,,22.7gal.,,,rear-wheel,v-8,4.5,"570hp @ 9,000rpm",7 speed automatic with auto-shift,"398 lb.-ft. @ 6,000rpm",,,,,,,,,,,,,32,,,,,,,,,,,
Ferrari,458 Italia,2012,,,22.7gal.,,,rear-wheel,v-8,4.5,"570hp @ 9,000rpm",7 speed automatic with auto-shift,"398 lb.-ft. @ 6,000rpm",,,,,,,,,,,,,32,,,,,,,,,,,
Ferrari,458 Italia,2011,,,22.7gal.,,,rear-wheel,v-8,4.5,"570hp @ 9,000rpm",7 speed automatic with auto-shift,"398 lb.-ft. @ 6,000rpm",,,,,,,,,,,,,32,,,,,,,,,,,
Ferrari,458 Italia,2010,,,22.7gal.,,,rear-wheel,v-8,4.5,"570hp @ 9,000rpm",7 speed automatic with auto-shift,"398 lb.-ft. @ 6,000rpm",,,,,,,,,,,,,32,,,,,,,,,,,
Ferrari,458 Speciale,2015,,,22.7gal.,,,rear-wheel,v-8,4.5,"597hp @ 9,000rpm",7 speed automatic with auto-shift,"398 lb.-ft. @ 6,000rpm",,,,,,,,,,,,,32,,,,,,,,,,,
Ferrari,458 Speciale,2014,,,22.7gal.,,,rear-wheel,v-8,4.5,"597hp @ 9,000rpm",7 speed automatic with auto-shift,"398 lb.-ft. @ 6,000rpm",,,,,,,,,,,,,32,,,,,,,,,,,
Ferrari,F12berlinetta,2017,12 mpg,16 mpg,24.3gal.,2,18 cu.ft.,rear-wheel,v-12,6.3,"731hp @ 8,250rpm",7 speed automatic with auto-shift,"508 lb.-ft. @ 6,000rpm",4-wheel,6.3 l,382 cu.in.,731 hp,,"50.1 ""","76.5 """,,,"181.8 """,,"107.1 """,48,7,"3,593 lbs.","4,409 lbs.",,,,,,,,
Ferrari,F12berlinetta,2016,,,24.3gal.,,,rear-wheel,v-12,6.3,"731hp @ 8,250rpm",7 speed automatic with auto-shift,"508 lb.-ft. @ 6,000rpm",,,,,,,,,,,,,48,,,,,,,,,,,
Ferrari,F12berlinetta,2015,,,24.3gal.,,,rear-wheel,v-12,6.3,"731hp @ 8,250rpm",7 speed automatic with auto-shift,"508 lb.-ft. @ 6,000rpm",,,,,,,,,,,,,48,,,,,,,,,,,
Ferrari,F12berlinetta,2014,,,24.3gal.,,,rear-wheel,v-12,6.3,"731hp @ 8,250rpm",7 speed automatic with auto-shift,"508 lb.-ft. @ 6,000rpm",,,,,,,,,,,,,48,,,,,,,,,,,
Ferrari,F12berlinetta,2013,,,24.3gal.,,,rear-wheel,v-12,6.3,"731hp @ 8,250rpm",7 speed automatic with auto-shift,"508 lb.-ft. @ 6,000rpm",,,,,,,,,,,,,48,,,,,,,,,,,
Ferrari,458 Spider,2015,,,22.7gal.,,,rear-wheel,v-8,4.5,"570hp @ 9,000rpm",7 speed automatic with auto-shift,"398 lb.-ft. @ 6,000rpm",,,,,,,,,,,,,32,,,,,,,,,,,
Ferrari,458 Spider,2014,,,22.7gal.,,,rear-wheel,v-8,4.5,"570hp @ 9,000rpm",7 speed automatic with auto-shift,"398 lb.-ft. @ 6,000rpm",,,,,,,,,,,,,32,,,,,,,,,,,
Ferrari,458 Spider,2013,,,22.7gal.,,,rear-wheel,v-8,4.5,"570hp @ 9,000rpm",7 speed automatic with auto-shift,"398 lb.-ft. @ 6,000rpm",,,,,,,,,,,,,32,,,,,,,,,,,
Ferrari,458 Spider,2012,,,22.7gal.,,,rear-wheel,v-8,4.5,"570hp @ 9,000rpm",7 speed automatic with auto-shift,"398 lb.-ft. @ 6,000rpm",,,,,,,,,,,,,32,,,,,,,,,,,
Ferrari,California,2017,16 mpg,23 mpg,20.6gal.,4,12 cu.ft.,rear-wheel,v-8,3.9,"553hp @ 7,500rpm",7 speed automatic with auto-shift,"557 lb.-ft. @ 4,750rpm",4-wheel,3.9 l,235 cu.in.,553 hp,,"52.0 ""","75.2 """,,,"179.9 """,,"105.1 """,32,7,"3,813 lbs.",,,,,,,,,
Ferrari,California,2016,,,20.6gal.,,,rear-wheel,v-8,3.9,"553hp @ 7,500rpm",7 speed automatic with auto-shift,"557 lb.-ft. @ 4,750rpm",,,,,,,,,,,,,32,,,,,,,,,,,
Ferrari,California,2015,,,20.6gal.,,,rear-wheel,v-8,3.9,"553hp @ 7,500rpm",7 speed automatic with auto-shift,"557 lb.-ft. @ 4,750rpm",,,,,,,,,,,,,32,,,,,,,,,,,
Ferrari,California,2014,,,20.6gal.,,,rear-wheel,v-8,4.3,"483hp @ 7,750rpm",7 speed automatic with auto-shift,"372 lb.-ft. @ 5,000rpm",,,,,,,,,,,,,32,,,,,,,,,,,
Ferrari,California,2013,,,20.6gal.,,,rear-wheel,v-8,4.3,"483hp @ 7,750rpm",7 speed automatic with auto-shift,"372 lb.-ft. @ 5,000rpm",,,,,,,,,,,,,32,,,,,,,,,,,
Ferrari,California,2012,,,20.6gal.,,,rear-wheel,v-8,4.3,"453hp @ 7,750rpm",6 speed manual,"357 lb.-ft. @ 5,000rpm",,,,,,,,,,,,,32,,,,,,,,,,,
Ferrari,California,2011,,,20.6gal.,,,rear-wheel,v-8,4.3,"453hp @ 7,750rpm",6 speed manual,"357 lb.-ft. @ 5,000rpm",,,,,,,,,,,,,32,,,,,,,,,,,
Ferrari,California,2010,,,20.6gal.,,,rear-wheel,v-8,4.3,"453hp @ 7,750rpm",7 speed automatic with auto-shift,"357 lb.-ft. @ 5,000rpm",,,,,,,,,,,,,32,,,,,,,,,,,
Ferrari,California,2009,,,20.6gal.,,,rear-wheel,v-8,4.3,453hp @ 775rpm,7 speed automatic with auto-shift,"357 lb.-ft. @ 5,000rpm",,,,,,,,,,,,,32,,,,,,,,,,,
Ferrari,360 Modena,2005,,,25.1gal.,,,rear-wheel,v-8,3.6,"400hp @ 8,500rpm",6 speed manual,"276 lb.-ft. @ 4,750rpm",,,,,,,,,,,,,40,,,,,,,,,,,
Ferrari,360 Modena,2004,,,25.1gal.,,,rear-wheel,v-8,3.6,"400hp @ 8,500rpm",6 speed manual,"276 lb.-ft. @ 4,750rpm",,,,,,,,,,,,,40,,,,,,,,,,,
Ferrari,360 Modena,2003,,,25.1gal.,,,rear-wheel,v-8,3.6,"400hp @ 8,500rpm",6 speed manual,"276 lb.-ft. @ 4,750rpm",,,,,,,,,,,,,40,,,,,,,,,,,
Ferrari,360 Modena,2002,,,25.1gal.,,,rear-wheel,v-8,3.6,"400hp @ 8,500rpm",6 speed manual,"276 lb.-ft. @ 4,750rpm",,,,,,,,,,,,,40,,,,,,,,,,,
Ferrari,360 Modena,2001,,,25.1gal.,,,rear-wheel,v-8,3.6,"400hp @ 8,500rpm",6 speed manual,"276 lb.-ft. @ 4,750rpm",,,,,,,,,,,,,40,,,,,,,,,,,
Ferrari,360 Modena,2000,,,25.0gal.,,,rear-wheel,v-8,3.6,"400hp @ 8,500rpm",6 speed manual,"276 lb.-ft. @ 4,750rpm",,,,,,,,,,,,,40,,,,,,,,,,,
Ferrari,488 Spider,2017,15 mpg,22 mpg,20.6gal.,2,8 cu.ft.,rear-wheel,v-8,3.9,"660hp @ 8,000rpm",7 speed automatic with auto-shift,"560 lb.-ft. @ 3,000rpm",4-wheel,3.9 l,238 cu.in.,660 hp,,"47.7 ""","76.9 """,,,"179.8 """,,"104.3 """,32,7,"3,362 lbs.",,,,,,,,,
Ferrari,488 Spider,2016,15 mpg,22 mpg,20.6gal.,2,8 cu.ft.,rear-wheel,v-8,3.9,"660hp @ 8,000rpm",7 speed automatic with auto-shift,"560 lb.-ft. @ 3,000rpm",4-wheel,3.9 l,238 cu.in.,660 hp,,"47.7 ""","76.9 """,,,"179.8 """,,"104.3 """,32,7,"3,362 lbs.",,,,,,,,,
Ferrari,360 Modena,2005,,,25.1gal.,,,rear-wheel,v-8,3.6,"400hp @ 8,500rpm",6 speed manual,"276 lb.-ft. @ 4,750rpm",,,,,,,,,,,,,40,,,,,,,,,,,
Ferrari,360 Modena,2004,,,25.1gal.,,,rear-wheel,v-8,3.6,"400hp @ 8,500rpm",6 speed manual,"276 lb.-ft. @ 4,750rpm",,,,,,,,,,,,,40,,,,,,,,,,,
Ferrari,360 Modena,2003,,,25.1gal.,,,rear-wheel,v-8,3.6,"400hp @ 8,500rpm",6 speed manual,"276 lb.-ft. @ 4,750rpm",,,,,,,,,,,,,40,,,,,,,,,,,
Ferrari,360 Modena,2002,,,25.1gal.,,,rear-wheel,v-8,3.6,"400hp @ 8,500rpm",6 speed manual,"276 lb.-ft. @ 4,750rpm",,,,,,,,,,,,,40,,,,,,,,,,,
Ferrari,360 Modena,2001,,,25.1gal.,,,rear-wheel,v-8,3.6,"400hp @ 8,500rpm",6 speed manual,"276 lb.-ft. @ 4,750rpm",,,,,,,,,,,,,40,,,,,,,,,,,
Ferrari,360 Modena,2000,,,25.0gal.,,,rear-wheel,v-8,3.6,"400hp @ 8,500rpm",6 speed manual,"276 lb.-ft. @ 4,750rpm",,,,,,,,,,,,,40,,,,,,,,,,,
Ferrari,456M,2003,,,29.1gal.,,,rear-wheel,v-12,5.5,"442hp @ 6,250rpm",6 speed manual,"406 lb.-ft. @ 4,500rpm",,,,,,,,,,,,,48,,,,,,,,,,,
Ferrari,456M,2002,,,29.1gal.,,,rear-wheel,v-12,5.5,"442hp @ 6,250rpm",6 speed manual,"406 lb.-ft. @ 4,500rpm",,,,,,,,,,,,,48,,,,,,,,,,,
Ferrari,456M,2001,,,29.1gal.,,,rear-wheel,v-12,5.5,"442hp @ 6,250rpm",6 speed manual,"406 lb.-ft. @ 4,500rpm",,,,,,,,,,,,,48,,,,,,,,,,,
Ferrari,456M,1999,,,29.1gal.,,,rear-wheel,v-12,5.5,"436hp @ 6,250rpm",6 speed manual,"398 lb.-ft. @ 4,500rpm",,,,,,,,,,,,,48,,,,,,,,,,,
Ferrari,458 Italia,2015,,,22.7gal.,,,rear-wheel,v-8,4.5,"570hp @ 9,000rpm",7 speed automatic with auto-shift,"398 lb.-ft. @ 6,000rpm",,,,,,,,,,,,,32,,,,,,,,,,,
Ferrari,458 Italia,2014,,,22.7gal.,,,rear-wheel,v-8,4.5,"570hp @ 9,000rpm",7 speed automatic with auto-shift,"398 lb.-ft. @ 6,000rpm",,,,,,,,,,,,,32,,,,,,,,,,,
Ferrari,458 Italia,2013,,,22.7gal.,,,rear-wheel,v-8,4.5,"570hp @ 9,000rpm",7 speed automatic with auto-shift,"398 lb.-ft. @ 6,000rpm",,,,,,,,,,,,,32,,,,,,,,,,,
Ferrari,458 Italia,2012,,,22.7gal.,,,rear-wheel,v-8,4.5,"570hp @ 9,000rpm",7 speed automatic with auto-shift,"398 lb.-ft. @ 6,000rpm",,,,,,,,,,,,,32,,,,,,,,,,,
Ferrari,458 Italia,2011,,,22.7gal.,,,rear-wheel,v-8,4.5,"570hp @ 9,000rpm",7 speed automatic with auto-shift,"398 lb.-ft. @ 6,000rpm",,,,,,,,,,,,,32,,,,,,,,,,,
Ferrari,458 Italia,2010,,,22.7gal.,,,rear-wheel,v-8,4.5,"570hp @ 9,000rpm",7 speed automatic with auto-shift,"398 lb.-ft. @ 6,000rpm",,,,,,,,,,,,,32,,,,,,,,,,,
Ferrari,458 Speciale,2015,,,22.7gal.,,,rear-wheel,v-8,4.5,"597hp @ 9,000rpm",7 speed automatic with auto-shift,"398 lb.-ft. @ 6,000rpm",,,,,,,,,,,,,32,,,,,,,,,,,
Ferrari,458 Speciale,2014,,,22.7gal.,,,rear-wheel,v-8,4.5,"597hp @ 9,000rpm",7 speed automatic with auto-shift,"398 lb.-ft. @ 6,000rpm",,,,,,,,,,,,,32,,,,,,,,,,,
Ferrari,458 Spider,2015,,,22.7gal.,,,rear-wheel,v-8,4.5,"570hp @ 9,000rpm",7 speed automatic with auto-shift,"398 lb.-ft. @ 6,000rpm",,,,,,,,,,,,,32,,,,,,,,,,,
Ferrari,458 Spider,2014,,,22.7gal.,,,rear-wheel,v-8,4.5,"570hp @ 9,000rpm",7 speed automatic with auto-shift,"398 lb.-ft. @ 6,000rpm",,,,,,,,,,,,,32,,,,,,,,,,,
Ferrari,458 Spider,2013,,,22.7gal.,,,rear-wheel,v-8,4.5,"570hp @ 9,000rpm",7 speed automatic with auto-shift,"398 lb.-ft. @ 6,000rpm",,,,,,,,,,,,,32,,,,,,,,,,,
Ferrari,458 Spider,2012,,,22.7gal.,,,rear-wheel,v-8,4.5,"570hp @ 9,000rpm",7 speed automatic with auto-shift,"398 lb.-ft. @ 6,000rpm",,,,,,,,,,,,,32,,,,,,,,,,,
Ferrari,488 GTB,2018,15 mpg,22 mpg,20.6gal.,2,8 cu.ft.,rear-wheel,v-8,3.9,"660hp @ 8,000rpm",7 speed automatic with auto-shift,"560 lb.-ft. @ 3,000rpm",4-wheel,3.9 l,238 cu.in.,660 hp,,"47.8 ""","76.9 """,,,"179.8 """,,"104.3 """,32,7,"3,252 lbs.",,,,,,,,,
Ferrari,488 GTB,2017,15 mpg,22 mpg,20.6gal.,2,8 cu.ft.,rear-wheel,v-8,3.9,"660hp @ 8,000rpm",7 speed automatic with auto-shift,"560 lb.-ft. @ 3,000rpm",4-wheel,3.9 l,238 cu.in.,660 hp,,"47.8 ""","76.9 """,,,"179.8 """,,"104.3 """,32,7,"3,362 lbs.",,,,,,,,,
Ferrari,488 GTB,2016,15 mpg,22 mpg,20.6gal.,2,8 cu.ft.,rear-wheel,v-8,3.9,"660hp @ 8,000rpm",7 speed automatic with auto-shift,"560 lb.-ft. @ 3,000rpm",4-wheel,3.9 l,238 cu.in.,660 hp,,"47.8 ""","76.9 """,,,"179.8 """,,"104.3 """,32,7,"3,362 lbs.",,,,,,,,,
Ferrari,488 Spider,2017,15 mpg,22 mpg,20.6gal.,2,8 cu.ft.,rear-wheel,v-8,3.9,"660hp @ 8,000rpm",7 speed automatic with auto-shift,"560 lb.-ft. @ 3,000rpm",4-wheel,3.9 l,238 cu.in.,660 hp,,"47.7 ""","76.9 """,,,"179.8 """,,"104.3 """,32,7,"3,362 lbs.",,,,,,,,,
Ferrari,488 Spider,2016,15 mpg,22 mpg,20.6gal.,2,8 cu.ft.,rear-wheel,v-8,3.9,"660hp @ 8,000rpm",7 speed automatic with auto-shift,"560 lb.-ft. @ 3,000rpm",4-wheel,3.9 l,238 cu.in.,660 hp,,"47.7 ""","76.9 """,,,"179.8 """,,"104.3 """,32,7,"3,362 lbs.",,,,,,,,,
Ferrari,550,2001,,,30.0gal.,,,rear-wheel,v-12,5.5,"485hp @ 7,000rpm",6 speed manual,"421 lb.-ft. @ 5,000rpm",,,,,,,,,,,,,48,,,,,,,,,,,
Ferrari,550,1999,,,30.0gal.,,,rear-wheel,v-12,5.5,"485hp @ 7,000rpm",6 speed manual,"419 lb.-ft. @ 5,000rpm",,,,,,,,,,,,,48,,,,,,,,,,,
Ferrari,575M,2006,,,27.7gal.,,,rear-wheel,v-12,5.7,"515hp @ 7,250rpm",6 speed manual,"434 lb.-ft. @ 5,250rpm",,,,,,,,,,,,,48,,,,,,,,,,,
Ferrari,575M,2005,,,27.7gal.,,,rear-wheel,v-12,5.7,"515hp @ 7,250rpm",6 speed manual,"434 lb.-ft. @ 5,250rpm",,,,,,,,,,,,,48,,,,,,,,,,,
Ferrari,575M,2004,,,27.7gal.,,,rear-wheel,v-12,5.7,"515hp @ 7,250rpm",6 speed manual,"434 lb.-ft. @ 5,250rpm",,,,,,,,,,,,,48,,,,,,,,,,,
Ferrari,575M,2003,,,27.7gal.,,,rear-wheel,v-12,5.7,"515hp @ 7,250rpm",6 speed automatic with auto-shift,"434 lb.-ft. @ 5,250rpm",,,,,,,,,,,,,48,,,,,,,,,,,
Ferrari,575M,2002,,,27.7gal.,,,rear-wheel,v-12,5.7,"515hp @ 7,250rpm",6 speed automatic with auto-shift,"434 lb.-ft. @ 5,250rpm",,,,,,,,,,,,,48,,,,,,,,,,,
Ferrari,599 GTB Fiorano,2011,,,27.7gal.,,,rear-wheel,v-12,6.0,"612hp @ 7,600rpm",6 speed manual,"448 lb.-ft. @ 5,600rpm",,,,,,,,,,,,,48,,,,,,,,,,,
Ferrari,599 GTB Fiorano,2010,,,27.7gal.,,,rear-wheel,v-12,6.0,"612hp @ 7,600rpm",6 speed manual,"448 lb.-ft. @ 5,600rpm",,,,,,,,,,,,,48,,,,,,,,,,,
Ferrari,599 GTB Fiorano,2009,,,27.7gal.,,,rear-wheel,v-12,6.0,"612hp @ 7,600rpm",6 speed manual,"449 lb.-ft. @ 5,600rpm",,,,,,,,,,,,,48,,,,,,,,,,,
Ferrari,599 GTB Fiorano,2008,,,27.7gal.,,,rear-wheel,v-12,6.0,"612hp @ 7,600rpm",6 speed manual,"448 lb.-ft. @ 5,600rpm",,,,,,,,,,,,,48,,,,,,,,,,,
Ferrari,599 GTB Fiorano,2007,,,27.7gal.,,,rear-wheel,v-12,6.0,"612hp @ 7,600rpm",6 speed manual,"448 lb.-ft. @ 5,600rpm",,,,,,,,,,,,,48,,,,,,,,,,,
