make,model,year,city,highway,fuel tank capacity,total seating capacity,max cargo capacity,drive type,cylinder configuration,engine liters,horsepower,transmission,torque,abs,size,displacement,horse power,front head room,overall height,overall width,rear leg room,front leg room,overall length,rear head room,wheelbase,number of valves,number of speeds,curb weight,gross vehicle weight,towing capacity,number of doors,speakers,approach angle,ground clearance (max),ramp breakover angle,departure angle,ground clearance
Honda,Civic,2018,29 mpg,38 mpg,12.4gal.,5,46 cu.ft.,front-wheel,i-4,1.5,"174hp @ 5,500rpm",6 speed manual,"167 lb.-ft. @ 1,800rpm",4-wheel,1.5 l,91 cu.in.,174 hp,"39.3 ""","56.5 ""","70.8 ""","36.0 ""","42.3 ""","177.9 ""","37.4 ""","106.3 """,16,6,"2,822 lbs.",,,,,,,,,
Honda,Civic,2017,30 mpg,39 mpg,12.4gal.,5,46 cu.ft.,front-wheel,i-4,1.5,"180hp @ 5,500rpm",6 speed manual,"177 lb.-ft. @ 1,900rpm",4-wheel,1.5 l,91 cu.in.,180 hp,"39.3 ""","56.5 ""","70.8 ""","36.0 ""","42.3 ""","177.9 ""","37.4 ""","106.3 """,16,6,"2,864 lbs.",,,,,,,,,
Honda,Civic,2016,27 mpg,40 mpg,12.4gal.,5,15 cu.ft.,front-wheel,i-4,2.0,"158hp @ 6,500rpm",6 speed manual,"138 lb.-ft. @ 4,200rpm",4-wheel,2.0 l,122 cu.in.,158 hp,"39.3 ""","55.7 ""","70.8 ""","37.4 ""","42.3 ""","182.3 ""","37.1 ""","106.3 """,16,6,"2,742 lbs.",,,,,,,,,
Honda,Civic,2015,,,13.2gal.,,,front-wheel,i-4,1.8,"143hp @ 6,500rpm",5 speed manual,"129 lb.-ft. @ 4,300rpm",,,,,,,,,,,,,16,,,,,,,,,,,
Honda,Civic,2014,,,13.2gal.,,,front-wheel,i-4,1.8,"143hp @ 6,500rpm",5 speed manual,"129 lb.-ft. @ 4,300rpm",,,,,,,,,,,,,16,,,,,,,,,,,
Honda,Civic,2013,,,13.2gal.,,,front-wheel,i-4,1.8,"140hp @ 6,500rpm",5 speed manual,"128 lb.-ft. @ 4,300rpm",,,,,,,,,,,,,16,,,,,,,,,,,
Honda,Civic,2012,,,13.2gal.,,,front-wheel,i-4,1.8,"140hp @ 6,500rpm",5 speed manual,"128 lb.-ft. @ 4,300rpm",,,,,,,,,,,,,16,,,,,,,,,,,
Honda,Civic,2011,,,13.2gal.,,,front-wheel,i-4,1.8,"140hp @ 6,300rpm",5 speed manual,"128 lb.-ft. @ 4,300rpm",,,,,,,,,,,,,16,,,,,,,,,,,
Honda,Civic,2010,,,13.2gal.,,,front-wheel,i-4,1.8,"140hp @ 6,300rpm",5 speed automatic,"128 lb.-ft. @ 4,300rpm",,,,,,,,,,,,,16,,,,,,,,,,,
Honda,Civic,2009,,,13.2gal.,,,front-wheel,i-4,1.8,"140hp @ 6,300rpm",5 speed automatic,"128 lb.-ft. @ 4,300rpm",,,,,,,,,,,,,16,,,,,,,,,,,
Honda,Civic,2008,,,13.2gal.,,,front-wheel,i-4,1.8,"140hp @ 6,300rpm",5 speed automatic,"128 lb.-ft. @ 4,300rpm",,,,,,,,,,,,,16,,,,,,,,,,,
Honda,Civic,2007,,,13.2gal.,,,front-wheel,i-4,1.8,"140hp @ 6,300rpm",5 speed automatic,"128 lb.-ft. @ 4,300rpm",,,,,,,,,,,,,16,,,,,,,,,,,
Honda,Civic,2006,,,13.2gal.,,,front-wheel,i-4,1.8,"140hp @ 6,300rpm",5 speed automatic,"128 lb.-ft. @ 4,300rpm",,,,,,,,,,,,,16,,,,,,,,,,,
Honda,Civic,2005,,,13.2gal.,,,front-wheel,i-4,1.7,"117hp @ 6,100rpm",continuously variable automatic,"111 lb.-ft. @ 4,500rpm",,,,,,,,,,,,,16,,,,,,,,,,,
Honda,Civic,2004,,,13.2gal.,,,front-wheel,i-4,1.3,"85hp @ 5,700rpm",5 speed manual,"87 lb.-ft. @ 3,300rpm",,,,,,,,,,,,,8,,,,,,,,,,,
Honda,Civic,2003,,,13.2gal.,,,front-wheel,i-4,1.3,"85hp @ 5,700rpm",5 speed manual,"87 lb.-ft. @ 3,300rpm",,,,,,,,,,,,,8,,,,,,,,,,,
Honda,Civic,2002,,,13.2gal.,,,front-wheel,i-4,1.7,"115hp @ 6,100rpm",5 speed manual,"110 lb.-ft. @ 4,500rpm",,,,,,,,,,,,,16,,,,,,,,,,,
Honda,Civic,2001,,,13.2gal.,,,front-wheel,i-4,1.7,"115hp @ 6,100rpm",5 speed manual,"110 lb.-ft. @ 4,500rpm",,,,,,,,,,,,,16,,,,,,,,,,,
Honda,Civic,2000,,,11.9gal.,,,front-wheel,i-4,1.6,"106hp @ 6,200rpm",5 speed manual,"103 lb.-ft. @ 4,600rpm",,,,,,,,,,,,,16,,,,,,,,,,,
Honda,Civic,1999,,,11.9gal.,,,front-wheel,i-4,1.6,"106hp @ 6,200rpm",5 speed manual,"103 lb.-ft. @ 4,600rpm",,,,,,,,,,,,,16,,,,,,,,,,,
Honda,Civic Hybrid,2015,,,13.2gal.,,,front-wheel,i-4,1.5,"90hp @ 6,000rpm",continuously variable automatic,"97 lb.-ft. @ 4,500rpm",,,,,,,,,,,,,8,,,,,,,,,,,
Honda,Civic Hybrid,2014,,,13.2gal.,,,front-wheel,i-4,1.5,"90hp @ 6,000rpm",continuously variable automatic,"97 lb.-ft. @ 4,500rpm",,,,,,,,,,,,,8,,,,,,,,,,,
Honda,Civic Hybrid,2013,,,13.2gal.,,,front-wheel,i-4,1.5,"90hp @ 6,000rpm",continuously variable automatic,"97 lb.-ft. @ 4,500rpm",,,,,,,,,,,,,8,,,,,,,,,,,
Honda,Civic Hybrid,2012,,,13.2gal.,,,front-wheel,i-4,1.5,"90hp @ 6,000rpm",continuously variable automatic,"97 lb.-ft. @ 4,500rpm",,,,,,,,,,,,,8,,,,,,,,,,,
Honda,Civic Hybrid,2011,,,12.3gal.,,,front-wheel,i-4,1.3,"93hp @ 6,000rpm",continuously variable automatic,"89 lb.-ft. @ 4,500rpm",,,,,,,,,,,,,8,,,,,,,,,,,
Honda,Civic Hybrid,2010,,,12.3gal.,,,front-wheel,i-4,1.3,"93hp @ 6,000rpm",continuously variable automatic,"89 lb.-ft. @ 4,500rpm",,,,,,,,,,,,,8,,,,,,,,,,,
Honda,Civic Hybrid,2009,,,12.3gal.,,,front-wheel,i-4,1.3,"93hp @ 6,000rpm",continuously variable automatic,"89 lb.-ft. @ 4,500rpm",,,,,,,,,,,,,8,,,,,,,,,,,
Honda,Civic Hybrid,2008,,,12.3gal.,,,front-wheel,i-4,1.3,"93hp @ 6,000rpm",continuously variable automatic,"89 lb.-ft. @ 4,500rpm",,,,,,,,,,,,,8,,,,,,,,,,,
Honda,Civic Hybrid,2007,,,12.3gal.,,,front-wheel,i-4,1.3,"93hp @ 6,000rpm",continuously variable automatic,"89 lb.-ft. @ 4,500rpm",,,,,,,,,,,,,8,,,,,,,,,,,
Honda,Civic Hybrid,2006,,,12.3gal.,,,front-wheel,i-4,1.3,"93hp @ 6,000rpm",continuously variable automatic,"89 lb.-ft. @ 4,500rpm",,,,,,,,,,,,,8,,,,,,,,,,,
Honda,Civic Type R,2018,22 mpg,28 mpg,12.4gal.,4,46 cu.ft.,front-wheel,i-4,2.0,"306hp @ 6,500rpm",6 speed manual,"295 lb.-ft. @ 2,500rpm",4-wheel,2.0 l,122 cu.in.,306 hp,"39.3 ""","56.5 ""","73.9 ""","35.9 ""","42.3 ""","179.4 ""","37.4 ""","106.3 """,16,6,"3,117 lbs.",,,,,,,,,
Honda,CR-Z,2016,31 mpg,38 mpg,10.6gal.,2,25 cu.ft.,front-wheel,i-4,1.5,"122hp @ 6,000rpm",6 speed manual,"107 lb.-ft. @ 4,800rpm",4-wheel,1.5 l,91 cu.in.,122 hp,"36.9 ""","54.9 ""","68.5 """,,"42.7 ""","161.5 """,,"95.9 """,16,6,"2,648 lbs.","3,164 lbs.",,,,,,,,
Honda,CR-Z,2015,,,10.6gal.,,,front-wheel,i-4,1.5,"122hp @ 6,000rpm",6 speed manual,"107 lb.-ft. @ 4,800rpm",,,,,,,,,,,,,16,,,,,,,,,,,
Honda,CR-Z,2014,,,10.6gal.,,,front-wheel,i-4,1.5,"122hp @ 6,000rpm",6 speed manual,"107 lb.-ft. @ 4,800rpm",,,,,,,,,,,,,16,,,,,,,,,,,
Honda,CR-Z,2013,,,10.6gal.,,,front-wheel,i-4,1.5,"122hp @ 6,000rpm",6 speed manual,"107 lb.-ft. @ 4,800rpm",,,,,,,,,,,,,16,,,,,,,,,,,
Honda,CR-Z,2012,,,10.6gal.,,,front-wheel,i-4,1.5,"113hp @ 6,000rpm",6 speed manual,"107 lb.-ft. @ 4,800rpm",,,,,,,,,,,,,16,,,,,,,,,,,
Honda,CR-Z,2011,,,10.6gal.,,,front-wheel,i-4,1.5,"113hp @ 6,000rpm",6 speed manual,"107 lb.-ft. @ 4,800rpm",,,,,,,,,,,,,16,,,,,,,,,,,
Honda,Civic,2018,29 mpg,38 mpg,12.4gal.,5,46 cu.ft.,front-wheel,i-4,1.5,"174hp @ 5,500rpm",6 speed manual,"167 lb.-ft. @ 1,800rpm",4-wheel,1.5 l,91 cu.in.,174 hp,"39.3 ""","56.5 ""","70.8 ""","36.0 ""","42.3 ""","177.9 ""","37.4 ""","106.3 """,16,6,"2,822 lbs.",,,,,,,,,
Honda,Civic,2017,30 mpg,39 mpg,12.4gal.,5,46 cu.ft.,front-wheel,i-4,1.5,"180hp @ 5,500rpm",6 speed manual,"177 lb.-ft. @ 1,900rpm",4-wheel,1.5 l,91 cu.in.,180 hp,"39.3 ""","56.5 ""","70.8 ""","36.0 ""","42.3 ""","177.9 ""","37.4 ""","106.3 """,16,6,"2,864 lbs.",,,,,,,,,
Honda,Civic,2016,27 mpg,40 mpg,12.4gal.,5,15 cu.ft.,front-wheel,i-4,2.0,"158hp @ 6,500rpm",6 speed manual,"138 lb.-ft. @ 4,200rpm",4-wheel,2.0 l,122 cu.in.,158 hp,"39.3 ""","55.7 ""","70.8 ""","37.4 ""","42.3 ""","182.3 ""","37.1 ""","106.3 """,16,6,"2,742 lbs.",,,,,,,,,
Honda,Civic,2015,,,13.2gal.,,,front-wheel,i-4,1.8,"143hp @ 6,500rpm",5 speed manual,"129 lb.-ft. @ 4,300rpm",,,,,,,,,,,,,16,,,,,,,,,,,
Honda,Civic,2014,,,13.2gal.,,,front-wheel,i-4,1.8,"143hp @ 6,500rpm",5 speed manual,"129 lb.-ft. @ 4,300rpm",,,,,,,,,,,,,16,,,,,,,,,,,
Honda,Civic,2013,,,13.2gal.,,,front-wheel,i-4,1.8,"140hp @ 6,500rpm",5 speed manual,"128 lb.-ft. @ 4,300rpm",,,,,,,,,,,,,16,,,,,,,,,,,
Honda,Civic,2012,,,13.2gal.,,,front-wheel,i-4,1.8,"140hp @ 6,500rpm",5 speed manual,"128 lb.-ft. @ 4,300rpm",,,,,,,,,,,,,16,,,,,,,,,,,
Honda,Civic,2011,,,13.2gal.,,,front-wheel,i-4,1.8,"140hp @ 6,300rpm",5 speed manual,"128 lb.-ft. @ 4,300rpm",,,,,,,,,,,,,16,,,,,,,,,,,
Honda,Civic,2010,,,13.2gal.,,,front-wheel,i-4,1.8,"140hp @ 6,300rpm",5 speed automatic,"128 lb.-ft. @ 4,300rpm",,,,,,,,,,,,,16,,,,,,,,,,,
Honda,Civic,2009,,,13.2gal.,,,front-wheel,i-4,1.8,"140hp @ 6,300rpm",5 speed automatic,"128 lb.-ft. @ 4,300rpm",,,,,,,,,,,,,16,,,,,,,,,,,
Honda,Civic,2008,,,13.2gal.,,,front-wheel,i-4,1.8,"140hp @ 6,300rpm",5 speed automatic,"128 lb.-ft. @ 4,300rpm",,,,,,,,,,,,,16,,,,,,,,,,,
Honda,Civic,2007,,,13.2gal.,,,front-wheel,i-4,1.8,"140hp @ 6,300rpm",5 speed automatic,"128 lb.-ft. @ 4,300rpm",,,,,,,,,,,,,16,,,,,,,,,,,
Honda,Civic,2006,,,13.2gal.,,,front-wheel,i-4,1.8,"140hp @ 6,300rpm",5 speed automatic,"128 lb.-ft. @ 4,300rpm",,,,,,,,,,,,,16,,,,,,,,,,,
Honda,Civic,2005,,,13.2gal.,,,front-wheel,i-4,1.7,"117hp @ 6,100rpm",continuously variable automatic,"111 lb.-ft. @ 4,500rpm",,,,,,,,,,,,,16,,,,,,,,,,,
Honda,Civic,2004,,,13.2gal.,,,front-wheel,i-4,1.3,"85hp @ 5,700rpm",5 speed manual,"87 lb.-ft. @ 3,300rpm",,,,,,,,,,,,,8,,,,,,,,,,,
Honda,Civic,2003,,,13.2gal.,,,front-wheel,i-4,1.3,"85hp @ 5,700rpm",5 speed manual,"87 lb.-ft. @ 3,300rpm",,,,,,,,,,,,,8,,,,,,,,,,,
Honda,Civic,2002,,,13.2gal.,,,front-wheel,i-4,1.7,"115hp @ 6,100rpm",5 speed manual,"110 lb.-ft. @ 4,500rpm",,,,,,,,,,,,,16,,,,,,,,,,,
Honda,Civic,2001,,,13.2gal.,,,front-wheel,i-4,1.7,"115hp @ 6,100rpm",5 speed manual,"110 lb.-ft. @ 4,500rpm",,,,,,,,,,,,,16,,,,,,,,,,,
Honda,Civic,2000,,,11.9gal.,,,front-wheel,i-4,1.6,"106hp @ 6,200rpm",5 speed manual,"103 lb.-ft. @ 4,600rpm",,,,,,,,,,,,,16,,,,,,,,,,,
Honda,Civic,1999,,,11.9gal.,,,front-wheel,i-4,1.6,"106hp @ 6,200rpm",5 speed manual,"103 lb.-ft. @ 4,600rpm",,,,,,,,,,,,,16,,,,,,,,,,,
Honda,Prelude,2001,,,15.9gal.,,,front-wheel,i-4,2.2,"200hp @ 7,000rpm",5 speed manual,"156 lb.-ft. @ 5,250rpm",,,,,,,,,,,,,16,,,,,,,,,,,
Honda,Prelude,2000,,,15.9gal.,,,front-wheel,i-4,2.2,"195hp @ 6,600rpm",5 speed manual,"156 lb.-ft. @ 5,250rpm",,,,,,,,,,,,,16,,,,,,,,,,,
Honda,Prelude,1999,,,15.9gal.,,,front-wheel,i-4,2.2,"195hp @ 6,600rpm",5 speed manual,"156 lb.-ft. @ 5,250rpm",,,,,,,,,,,,,16,,,,,,,,,,,
Honda,Accord Hybrid,2018,47 mpg,47 mpg,12.8gal.,5,17 cu.ft.,front-wheel,i-4,2.0,"143hp @ 6,200rpm",continuously variable automatic,"129 lb.-ft. @ 3,500rpm",4-wheel,2.0 l,122 cu.in.,143 hp,"39.5 ""","57.1 ""","73.3 ""","40.4 ""","42.3 ""","192.2 ""","37.3 ""","111.4 """,16,continuously variable,"3,342 lbs.",,,,,,,,,
Honda,Accord Hybrid,2017,49 mpg,47 mpg,15.8gal.,5,14 cu.ft.,front-wheel,i-4,2.0,"143hp @ 6,200rpm",continuously variable automatic,"129 lb.-ft. @ 4,000rpm",4-wheel,2.0 l,122 cu.in.,143 hp,"39.0 ""","57.5 ""","72.8 ""","33.7 ""","42.2 ""","194.1 ""","37.2 ""","109.3 """,16,continuously variable,"3,483 lbs.",,,,,,,,,
Honda,Accord Hybrid,2015,,,15.8gal.,,,front-wheel,i-4,2.0,"141hp @ 6,200rpm",continuously variable automatic,"122 lb.-ft. @ 3,500rpm",,,,,,,,,,,,,16,,,,,,,,,,,
Honda,Accord Hybrid,2014,,,15.8gal.,,,front-wheel,i-4,2.0,"141hp @ 6,200rpm",continuously variable automatic,"122 lb.-ft. @ 3,500rpm",,,,,,,,,,,,,16,,,,,,,,,,,
Honda,Accord Hybrid,2007,,,17.1gal.,,,front-wheel,v-6,3.0,"253hp @ 6,000rpm",5 speed automatic,"232 lb.-ft. @ 5,000rpm",,,,,,,,,,,,,24,,,,,,,,,,,
Honda,Accord Hybrid,2006,,,17.1gal.,,,front-wheel,v-6,3.0,"253hp @ 6,000rpm",5 speed automatic,"232 lb.-ft. @ 5,000rpm",,,,,,,,,,,,,24,,,,,,,,,,,
Honda,Accord Plug-In Hybrid,2014,,,12.2gal.,5,9 cu.ft.,front-wheel,i-4,2.0,"141hp @ 6,200rpm",continuously variable automatic,"122 lb.-ft. @ 3,500rpm",4-wheel,2.0 l,122 cu.in.,141 hp,"39.1 ""","57.7 ""","67.7 ""","38.5 ""","42.5 ""","193.5 ""","37.5 ""","109.3 """,16,continuously variable,"3,799 lbs.",,,,,,,,,
Honda,Civic Hybrid,2015,,,13.2gal.,,,front-wheel,i-4,1.5,"90hp @ 6,000rpm",continuously variable automatic,"97 lb.-ft. @ 4,500rpm",,,,,,,,,,,,,8,,,,,,,,,,,
Honda,Civic Hybrid,2014,,,13.2gal.,,,front-wheel,i-4,1.5,"90hp @ 6,000rpm",continuously variable automatic,"97 lb.-ft. @ 4,500rpm",,,,,,,,,,,,,8,,,,,,,,,,,
Honda,Civic Hybrid,2013,,,13.2gal.,,,front-wheel,i-4,1.5,"90hp @ 6,000rpm",continuously variable automatic,"97 lb.-ft. @ 4,500rpm",,,,,,,,,,,,,8,,,,,,,,,,,
Honda,Civic Hybrid,2012,,,13.2gal.,,,front-wheel,i-4,1.5,"90hp @ 6,000rpm",continuously variable automatic,"97 lb.-ft. @ 4,500rpm",,,,,,,,,,,,,8,,,,,,,,,,,
Honda,Civic Hybrid,2011,,,12.3gal.,,,front-wheel,i-4,1.3,"93hp @ 6,000rpm",continuously variable automatic,"89 lb.-ft. @ 4,500rpm",,,,,,,,,,,,,8,,,,,,,,,,,
Honda,Civic Hybrid,2010,,,12.3gal.,,,front-wheel,i-4,1.3,"93hp @ 6,000rpm",continuously variable automatic,"89 lb.-ft. @ 4,500rpm",,,,,,,,,,,,,8,,,,,,,,,,,
Honda,Civic Hybrid,2009,,,12.3gal.,,,front-wheel,i-4,1.3,"93hp @ 6,000rpm",continuously variable automatic,"89 lb.-ft. @ 4,500rpm",,,,,,,,,,,,,8,,,,,,,,,,,
Honda,Civic Hybrid,2008,,,12.3gal.,,,front-wheel,i-4,1.3,"93hp @ 6,000rpm",continuously variable automatic,"89 lb.-ft. @ 4,500rpm",,,,,,,,,,,,,8,,,,,,,,,,,
Honda,Civic Hybrid,2007,,,12.3gal.,,,front-wheel,i-4,1.3,"93hp @ 6,000rpm",continuously variable automatic,"89 lb.-ft. @ 4,500rpm",,,,,,,,,,,,,8,,,,,,,,,,,
Honda,Civic Hybrid,2006,,,12.3gal.,,,front-wheel,i-4,1.3,"93hp @ 6,000rpm",continuously variable automatic,"89 lb.-ft. @ 4,500rpm",,,,,,,,,,,,,8,,,,,,,,,,,
Honda,Clarity Plug-In Hybrid,2018,44 mpg,40 mpg,7.0gal.,5,15 cu.ft.,front-wheel,i-4,1.5,"103hp @ 5,500rpm",continuously variable automatic,"99 lb.-ft. @ 5,000rpm",4-wheel,1.5 l,91 cu.in.,103 hp,"39.1 ""","58.2 ""","73.9 ""","36.6 ""","42.2 ""","192.7 ""","37.1 ""","108.3 """,16,continuously variable,"4,052 lbs.",,,,,,,,,
Honda,Accord,2018,30 mpg,38 mpg,14.8gal.,5,17 cu.ft.,front-wheel,i-4,1.5,"192hp @ 5,500rpm",continuously variable automatic,"192 lb.-ft. @ 1,600rpm",4-wheel,1.5 l,91 cu.in.,192 hp,"39.5 ""","57.1 ""","73.3 ""","40.4 ""","42.3 ""","192.2 ""","37.3 ""","111.4 """,16,continuously variable,"3,131 lbs.",,,,,,,,,
Honda,Accord,2017,23 mpg,32 mpg,17.2gal.,5,16 cu.ft.,front-wheel,i-4,2.4,"185hp @ 6,400rpm",6 speed manual,"181 lb.-ft. @ 3,900rpm",4-wheel,2.4 l,144 cu.in.,185 hp,"39.1 ""","57.7 ""","72.8 ""","38.5 ""","42.5 ""","192.5 ""","37.5 ""","109.3 """,16,6,"3,170 lbs.","4,200 lbs.",,,,,,,,
Honda,Accord,2016,23 mpg,34 mpg,17.2gal.,5,16 cu.ft.,front-wheel,i-4,2.4,"185hp @ 6,400rpm",6 speed manual,"181 lb.-ft. @ 3,900rpm",4-wheel,2.4 l,144 cu.in.,185 hp,"39.1 ""","57.7 ""","72.8 ""","38.5 ""","42.5 ""","192.5 ""","37.5 ""","109.3 """,16,6,"3,170 lbs.","4,200 lbs.",,,,,,,,
Honda,Accord,2015,,,17.2gal.,,,front-wheel,i-4,2.4,"185hp @ 6,400rpm",continuously variable automatic,"181 lb.-ft. @ 3,900rpm",,,,,,,,,,,,,16,,,,,,,,,,,
Honda,Accord,2014,,,17.2gal.,,,front-wheel,i-4,2.4,"185hp @ 6,400rpm",6 speed manual,"181 lb.-ft. @ 3,900rpm",,,,,,,,,,,,,16,,,,,,,,,,,
Honda,Accord,2013,,,17.2gal.,,,front-wheel,i-4,2.4,"185hp @ 6,400rpm",6 speed manual,"181 lb.-ft. @ 3,900rpm",,,,,,,,,,,,,16,,,,,,,,,,,
Honda,Accord,2012,,,18.5gal.,,,front-wheel,i-4,2.4,"177hp @ 6,500rpm",5 speed manual,"161 lb.-ft. @ 4,300rpm",,,,,,,,,,,,,16,,,,,,,,,,,
Honda,Accord,2011,,,18.5gal.,,,front-wheel,i-4,2.4,"177hp @ 6,500rpm",5 speed manual,"161 lb.-ft. @ 4,300rpm",,,,,,,,,,,,,16,,,,,,,,,,,
Honda,Accord,2010,,,18.5gal.,,,front-wheel,i-4,2.4,"190hp @ 7,000rpm",5 speed automatic,"162 lb.-ft. @ 4,400rpm",,,,,,,,,,,,,16,,,,,,,,,,,
Honda,Accord,2009,,,18.5gal.,,,front-wheel,i-4,2.4,"190hp @ 7,000rpm",5 speed automatic,"162 lb.-ft. @ 4,400rpm",,,,,,,,,,,,,16,,,,,,,,,,,
Honda,Accord,2008,,,18.5gal.,,,front-wheel,i-4,2.4,"190hp @ 7,000rpm",5 speed automatic,"162 lb.-ft. @ 4,400rpm",,,,,,,,,,,,,16,,,,,,,,,,,
Honda,Accord,2007,,,17.1gal.,,,front-wheel,i-4,2.4,"166hp @ 5,800rpm",5 speed automatic,"161 lb.-ft. @ 4,000rpm",,,,,,,,,,,,,16,,,,,,,,,,,
Honda,Accord,2006,,,17.1gal.,,,front-wheel,i-4,2.4,"166hp @ 5,800rpm",5 speed automatic,"160 lb.-ft. @ 4,000rpm",,,,,,,,,,,,,16,,,,,,,,,,,
Honda,Accord,2005,,,17.1gal.,,,front-wheel,i-4,2.4,"160hp @ 5,500rpm",5 speed automatic,"161 lb.-ft. @ 4,500rpm",,,,,,,,,,,,,16,,,,,,,,,,,
Honda,Accord,2004,,,17.1gal.,,,front-wheel,i-4,2.4,"160hp @ 5,500rpm",5 speed manual,"161 lb.-ft. @ 4,500rpm",,,,,,,,,,,,,16,,,,,,,,,,,
Honda,Accord,2003,,,17.1gal.,,,front-wheel,i-4,2.4,"160hp @ 5,500rpm",5 speed manual,"161 lb.-ft. @ 4,500rpm",,,,,,,,,,,,,16,,,,,,,,,,,
Honda,Accord,2002,,,17.1gal.,,,front-wheel,v-6,3.0,"200hp @ 5,500rpm",4 speed automatic,"195 lb.-ft. @ 4,700rpm",,,,,,,,,,,,,24,,,,,,,,,,,
Honda,Accord,2001,,,17.1gal.,,,front-wheel,i-4,2.3,"135hp @ 5,400rpm",5 speed manual,"145 lb.-ft. @ 4,700rpm",,,,,,,,,,,,,16,,,,,,,,,,,
Honda,Accord,2000,,,17.1gal.,,,front-wheel,i-4,2.3,"135hp @ 5,400rpm",5 speed manual,"145 lb.-ft. @ 4,700rpm",,,,,,,,,,,,,16,,,,,,,,,,,
Honda,Accord,1999,,,17.1gal.,,,front-wheel,i-4,2.3,"135hp @ 5,400rpm",5 speed manual,"145 lb.-ft. @ 4,700rpm",,,,,,,,,,,,,16,,,,,,,,,,,
Honda,Accord Hybrid,2018,47 mpg,47 mpg,12.8gal.,5,17 cu.ft.,front-wheel,i-4,2.0,"143hp @ 6,200rpm",continuously variable automatic,"129 lb.-ft. @ 3,500rpm",4-wheel,2.0 l,122 cu.in.,143 hp,"39.5 ""","57.1 ""","73.3 ""","40.4 ""","42.3 ""","192.2 ""","37.3 ""","111.4 """,16,continuously variable,"3,342 lbs.",,,,,,,,,
Honda,Accord Hybrid,2017,49 mpg,47 mpg,15.8gal.,5,14 cu.ft.,front-wheel,i-4,2.0,"143hp @ 6,200rpm",continuously variable automatic,"129 lb.-ft. @ 4,000rpm",4-wheel,2.0 l,122 cu.in.,143 hp,"39.0 ""","57.5 ""","72.8 ""","33.7 ""","42.2 ""","194.1 ""","37.2 ""","109.3 """,16,continuously variable,"3,483 lbs.",,,,,,,,,
Honda,Accord Hybrid,2015,,,15.8gal.,,,front-wheel,i-4,2.0,"141hp @ 6,200rpm",continuously variable automatic,"122 lb.-ft. @ 3,500rpm",,,,,,,,,,,,,16,,,,,,,,,,,
Honda,Accord Hybrid,2014,,,15.8gal.,,,front-wheel,i-4,2.0,"141hp @ 6,200rpm",continuously variable automatic,"122 lb.-ft. @ 3,500rpm",,,,,,,,,,,,,16,,,,,,,,,,,
Honda,Accord Hybrid,2007,,,17.1gal.,,,front-wheel,v-6,3.0,"253hp @ 6,000rpm",5 speed automatic,"232 lb.-ft. @ 5,000rpm",,,,,,,,,,,,,24,,,,,,,,,,,
Honda,Accord Hybrid,2006,,,17.1gal.,,,front-wheel,v-6,3.0,"253hp @ 6,000rpm",5 speed automatic,"232 lb.-ft. @ 5,000rpm",,,,,,,,,,,,,24,,,,,,,,,,,
Honda,S2000,2009,,,13.2gal.,,,rear-wheel,i-4,2.2,"237hp @ 7,800rpm",6 speed manual,"162 lb.-ft. @ 6,800rpm",,,,,,,,,,,,,16,,,,,,,,,,,
Honda,S2000,2008,,,13.2gal.,,,rear-wheel,i-4,2.2,"237hp @ 7,800rpm",6 speed manual,"162 lb.-ft. @ 6,800rpm",,,,,,,,,,,,,16,,,,,,,,,,,
Honda,S2000,2007,,,13.2gal.,,,rear-wheel,i-4,2.2,"237hp @ 7,800rpm",6 speed manual,"162 lb.-ft. @ 6,800rpm",,,,,,,,,,,,,16,,,,,,,,,,,
Honda,S2000,2006,,,13.2gal.,,,rear-wheel,i-4,2.2,"237hp @ 7,800rpm",6 speed manual,"162 lb.-ft. @ 6,800rpm",,,,,,,,,,,,,16,,,,,,,,,,,
Honda,S2000,2005,,,13.2gal.,,,rear-wheel,i-4,2.2,"240hp @ 7,800rpm",6 speed manual,"162 lb.-ft. @ 6,500rpm",,,,,,,,,,,,,16,,,,,,,,,,,
Honda,S2000,2004,,,13.2gal.,,,rear-wheel,i-4,2.2,"240hp @ 7,800rpm",6 speed manual,"162 lb.-ft. @ 6,500rpm",,,,,,,,,,,,,16,,,,,,,,,,,
Honda,S2000,2003,,,13.2gal.,,,rear-wheel,i-4,2.0,"240hp @ 8,300rpm",6 speed manual,"153 lb.-ft. @ 7,500rpm",,,,,,,,,,,,,16,,,,,,,,,,,
Honda,S2000,2002,,,13.2gal.,,,rear-wheel,i-4,2.0,"240hp @ 8,300rpm",6 speed manual,"153 lb.-ft. @ 7,500rpm",,,,,,,,,,,,,16,,,,,,,,,,,
Honda,S2000,2001,,,13.2gal.,,,rear-wheel,i-4,2.0,"240hp @ 8,300rpm",6 speed manual,"153 lb.-ft. @ 7,500rpm",,,,,,,,,,,,,16,,,,,,,,,,,
Honda,S2000,2000,,,13.2gal.,,,rear-wheel,i-4,2.0,"240hp @ 8,300rpm",6 speed manual,"153 lb.-ft. @ 7,500rpm",,,,,,,,,,,,,16,,,,,,,,,,,
Honda,CR-V,2018,26 mpg,32 mpg,14.0gal.,5,76 cu.ft.,front-wheel,i-4,2.4,"184hp @ 6,400rpm",continuously variable automatic,"180 lb.-ft. @ 3,900rpm",4-wheel,2.4 l,144 cu.in.,184 hp,"40.1 ""","66.1 ""","73.0 ""","40.4 ""","41.3 ""","180.6 ""","39.2 ""","104.7 """,16,continuously variable,"3,307 lbs.","4,695 lbs.","1,500 lbs.",,,,,,,
Honda,CR-V,2017,26 mpg,32 mpg,14.0gal.,5,76 cu.ft.,front-wheel,i-4,2.4,"184hp @ 6,400rpm",continuously variable automatic,"180 lb.-ft. @ 3,900rpm",4-wheel,2.4 l,144 cu.in.,184 hp,"40.1 ""","66.1 ""","73.0 ""","40.4 ""","41.3 ""","180.6 ""","39.2 ""","104.7 """,16,continuously variable,"3,307 lbs.","4,695 lbs.","1,500 lbs.",,,,,,,
Honda,CR-V,2016,26 mpg,33 mpg,15.3gal.,5,71 cu.ft.,front-wheel,i-4,2.4,"185hp @ 6,400rpm",continuously variable automatic,"181 lb.-ft. @ 3,900rpm",4-wheel,2.4 l,144 cu.in.,185 hp,"39.9 ""","64.7 ""","71.6 ""","38.3 ""","41.3 ""","179.4 ""","38.6 ""","103.1 """,16,continuously variable,"3,358 lbs.",,"1,500 lbs.",,,,,,,
Honda,CR-V,2015,,,15.3gal.,,,front-wheel,i-4,2.4,"185hp @ 6,400rpm",continuously variable automatic,"181 lb.-ft. @ 3,900rpm",,,,,,,,,,,,,16,,,,,,,,,,,
Honda,CR-V,2014,,,15.3gal.,,,front-wheel,i-4,2.4,"185hp @ 7,000rpm",5 speed automatic,"163 lb.-ft. @ 4,400rpm",,,,,,,,,,,,,16,,,,,,,,,,,
Honda,CR-V,2013,,,15.3gal.,,,front-wheel,i-4,2.4,"185hp @ 7,000rpm",5 speed automatic,"163 lb.-ft. @ 4,400rpm",,,,,,,,,,,,,16,,,,,,,,,,,
Honda,CR-V,2012,,,15.3gal.,,,front-wheel,i-4,2.4,"185hp @ 7,000rpm",5 speed automatic,"163 lb.-ft. @ 4,400rpm",,,,,,,,,,,,,16,,,,,,,,,,,
Honda,CR-V,2011,,,15.3gal.,,,front-wheel,i-4,2.4,"180hp @ 6,800rpm",5 speed automatic,"161 lb.-ft. @ 4,400rpm",,,,,,,,,,,,,16,,,,,,,,,,,
Honda,CR-V,2010,,,15.3gal.,,,four-wheel,i-4,2.4,"180hp @ 6,800rpm",5 speed automatic,"161 lb.-ft. @ 4,400rpm",,,,,,,,,,,,,16,,,,,,,,,,,
Honda,CR-V,2009,,,15.3gal.,,,four-wheel,i-4,2.4,"166hp @ 5,800rpm",5 speed automatic,"161 lb.-ft. @ 4,200rpm",,,,,,,,,,,,,16,,,,,,,,,,,
Honda,CR-V,2008,,,15.3gal.,,,four-wheel,i-4,2.4,"166hp @ 5,800rpm",5 speed automatic,"161 lb.-ft. @ 4,200rpm",,,,,,,,,,,,,16,,,,,,,,,,,
Honda,CR-V,2007,,,15.3gal.,,,four-wheel,i-4,2.4,"166hp @ 5,800rpm",5 speed automatic,"161 lb.-ft. @ 4,200rpm",,,,,,,,,,,,,16,,,,,,,,,,,
Honda,CR-V,2006,,,15.3gal.,,,four-wheel,i-4,2.4,"156hp @ 5,900rpm",5 speed automatic,"160 lb.-ft. @ 3,600rpm",,,,,,,,,,,,,16,,,,,,,,,,,
Honda,CR-V,2005,,,15.3gal.,,,front-wheel,i-4,2.4,"160hp @ 6,000rpm",5 speed automatic,"162 lb.-ft. @ 3,600rpm",,,,,,,,,,,,,16,,,,,,,,,,,
Honda,CR-V,2004,,,15.3gal.,,,front-wheel,i-4,2.4,"160hp @ 6,000rpm",4 speed automatic,"162 lb.-ft. @ 3,600rpm",,,,,,,,,,,,,16,,,,,,,,,,,
Honda,CR-V,2003,,,15.3gal.,,,front-wheel,i-4,2.4,"160hp @ 6,000rpm",4 speed automatic,"162 lb.-ft. @ 3,600rpm",,,,,,,,,,,,,16,,,,,,,,,,,
Honda,CR-V,2002,,,15.3gal.,,,front-wheel,i-4,2.4,"160hp @ 6,000rpm",4 speed automatic,"162 lb.-ft. @ 3,600rpm",,,,,,,,,,,,,16,,,,,,,,,,,
Honda,CR-V,2001,,,15.3gal.,,,front-wheel,i-4,2.0,"146hp @ 6,200rpm",4 speed automatic,"133 lb.-ft. @ 4,500rpm",,,,,,,,,,,,,16,,,,,,,,,,,
Honda,CR-V,2000,,,15.3gal.,,,front-wheel,i-4,2.0,"146hp @ 6,200rpm",4 speed automatic,"133 lb.-ft. @ 4,500rpm",,,,,,,,,,,,,16,,,,,,,,,,,
Honda,CR-V,1999,,,15.3gal.,,,front-wheel,i-4,2.0,"146hp @ 6,200rpm",4 speed automatic,"133 lb.-ft. @ 4,500rpm",,,,,,,,,,,,,16,,,,,,,,,,,
Honda,HR-V,2018,25 mpg,33 mpg,13.2gal.,5,59 cu.ft.,front-wheel,i-4,1.8,"141hp @ 6,500rpm",6 speed manual,"127 lb.-ft. @ 4,300rpm",4-wheel,1.8 l,110 cu.in.,141 hp,"39.5 ""","63.2 ""","69.8 ""","39.3 ""","41.2 ""","169.1 ""","38.3 ""","102.8 """,16,6,"2,888 lbs.",,,,,,,,,
Honda,HR-V,2017,,,13.2gal.,,,all-wheel drive,i-4,1.8,"141hp @ 6,500rpm",continuously variable automatic,"127 lb.-ft. @ 4,300rpm",,,,,,,,,,,,,16,,,,,,,,,,,
Honda,HR-V,2016,25 mpg,34 mpg,13.2gal.,5,59 cu.ft.,front-wheel,i-4,1.8,"141hp @ 6,500rpm",6 speed manual,"127 lb.-ft. @ 4,300rpm",4-wheel,1.8 l,110 cu.in.,141 hp,"39.5 ""","63.2 ""","69.8 ""","39.3 ""","41.2 ""","169.1 ""","38.3 ""","102.8 """,16,6,"2,888 lbs.",,,,,,,,,
Honda,Crosstour,2015,,,18.5gal.,,,front-wheel,i-4,2.4,"192hp @ 7,000rpm",5 speed automatic,"162 lb.-ft. @ 4,400rpm",,,,,,,,,,,,,16,,,,,,,,,,,
Honda,Crosstour,2014,,,18.5gal.,,,front-wheel,i-4,2.4,"192hp @ 7,000rpm",5 speed automatic,"162 lb.-ft. @ 4,400rpm",,,,,,,,,,,,,16,,,,,,,,,,,
Honda,Crosstour,2013,,,18.5gal.,,,front-wheel,i-4,2.4,"192hp @ 7,000rpm",5 speed automatic,"162 lb.-ft. @ 4,400rpm",,,,,,,,,,,,,16,,,,,,,,,,,
Honda,Crosstour,2012,,,18.5gal.,,,front-wheel,v-6,3.5,"271hp @ 6,200rpm",5 speed automatic,"254 lb.-ft. @ 5,000rpm",,,,,,,,,,,,,24,,,,,,,,,,,
Honda,Odyssey,2019,19 mpg,28 mpg,19.5gal.,7,145 cu.ft.,front-wheel,v-6,3.5,"280hp @ 6,000rpm",9 speed automatic,"262 lb.-ft. @ 4,700rpm",4-wheel,3.5 l,212 cu.in.,280 hp,"40.7 ""","68.3 ""","78.5 ""","40.9 ""","40.9 ""","203.2 ""","39.5 ""","118.1 """,24,9,"4,354 lbs.","6,019 lbs.","3,000 lbs.",,,,,,,
Honda,Odyssey,2018,19 mpg,28 mpg,19.5gal.,7,145 cu.ft.,front-wheel,v-6,3.5,"280hp @ 6,000rpm",9 speed automatic,"262 lb.-ft. @ 4,700rpm",4-wheel,3.5 l,212 cu.in.,280 hp,"40.7 ""","68.3 ""","78.5 ""","40.9 ""","40.9 ""","203.2 ""","39.5 ""","118.1 """,24,9,"4,354 lbs.","6,019 lbs.","3,000 lbs.",,,,,,,
Honda,Odyssey,2017,,,21.0gal.,,,front-wheel,v-6,3.5,"248hp @ 5,700rpm",6 speed automatic,"250 lb.-ft. @ 4,800rpm",,,,,,,,,,,,,24,,,,,,,,,,,
Honda,Odyssey,2016,19 mpg,28 mpg,21.0gal.,7,149 cu.ft.,front-wheel,v-6,3.5,"248hp @ 5,700rpm",6 speed automatic,"250 lb.-ft. @ 4,800rpm",4-wheel,3.5 l,212 cu.in.,248 hp,"39.7 ""","68.4 ""","79.2 ""","40.9 ""","40.9 ""","202.9 ""","39.5 ""","118.1 """,24,6,"4,396 lbs.","6,019 lbs.","3,500 lbs.",,,,,,,
Honda,Odyssey,2015,,,21.0gal.,,,front-wheel,v-6,3.5,"248hp @ 5,700rpm",6 speed automatic,"250 lb.-ft. @ 4,800rpm",,,,,,,,,,,,,24,,,,,,,,,,,
Honda,Odyssey,2014,,,21.0gal.,,,front-wheel,v-6,3.5,"248hp @ 5,700rpm",6 speed automatic,"250 lb.-ft. @ 4,800rpm",,,,,,,,,,,,,24,,,,,,,,,,,
Honda,Odyssey,2013,,,21.0gal.,,,front-wheel,v-6,3.5,"248hp @ 5,700rpm",5 speed automatic,"250 lb.-ft. @ 4,800rpm",,,,,,,,,,,,,24,,,,,,,,,,,
Honda,Odyssey,2012,,,21.0gal.,,,front-wheel,v-6,3.5,"248hp @ 5,700rpm",5 speed automatic,"250 lb.-ft. @ 4,800rpm",,,,,,,,,,,,,24,,,,,,,,,,,
Honda,Odyssey,2011,,,21.0gal.,,,front-wheel,v-6,3.5,"248hp @ 5,700rpm",5 speed automatic,"250 lb.-ft. @ 4,800rpm",,,,,,,,,,,,,24,,,,,,,,,,,
Honda,Odyssey,2010,,,21.0gal.,,,front-wheel,v-6,3.5,"244hp @ 5,750rpm",5 speed automatic,"240 lb.-ft. @ 5,000rpm",,,,,,,,,,,,,24,,,,,,,,,,,
Honda,Odyssey,2009,,,21.0gal.,,,front-wheel,v-6,3.5,"244hp @ 5,750rpm",5 speed automatic,"240 lb.-ft. @ 5,000rpm",,,,,,,,,,,,,24,,,,,,,,,,,
Honda,Odyssey,2008,,,21.0gal.,,,front-wheel,v-6,3.5,"244hp @ 5,750rpm",5 speed automatic,"240 lb.-ft. @ 5,000rpm",,,,,,,,,,,,,24,,,,,,,,,,,
Honda,Odyssey,2007,,,21.0gal.,,,front-wheel,v-6,3.5,"244hp @ 5,750rpm",5 speed automatic,"240 lb.-ft. @ 5,000rpm",,,,,,,,,,,,,24,,,,,,,,,,,
Honda,Odyssey,2006,,,21.0gal.,,,front-wheel,v-6,3.5,"244hp @ 5,750rpm",5 speed automatic,"240 lb.-ft. @ 5,000rpm",,,,,,,,,,,,,24,,,,,,,,,,,
Honda,Odyssey,2005,,,21.0gal.,,,front-wheel,v-6,3.5,"255hp @ 5,750rpm",5 speed automatic,"250 lb.-ft. @ 5,000rpm",,,,,,,,,,,,,24,,,,,,,,,,,
Honda,Odyssey,2004,,,20.0gal.,,,front-wheel,v-6,3.5,"240hp @ 5,500rpm",5 speed automatic,"242 lb.-ft. @ 4,500rpm",,,,,,,,,,,,,24,,,,,,,,,,,
Honda,Odyssey,2003,,,20.0gal.,,,front-wheel,v-6,3.5,"240hp @ 5,500rpm",5 speed automatic,"242 lb.-ft. @ 4,500rpm",,,,,,,,,,,,,24,,,,,,,,,,,
Honda,Odyssey,2002,,,20.0gal.,,,front-wheel,v-6,3.5,"240hp @ 5,500rpm",5 speed automatic,"242 lb.-ft. @ 4,500rpm",,,,,,,,,,,,,24,,,,,,,,,,,
Honda,Odyssey,2001,,,20.0gal.,,,front-wheel,v-6,3.5,"210hp @ 5,200rpm",4 speed automatic,"229 lb.-ft. @ 4,300rpm",,,,,,,,,,,,,24,,,,,,,,,,,
Honda,Odyssey,2000,,,20.0gal.,,,front-wheel,v-6,3.5,"210hp @ 5,200rpm",4 speed automatic,"229 lb.-ft. @ 4,300rpm",,,,,,,,,,,,,24,,,,,,,,,,,
Honda,Odyssey,1999,,,20.0gal.,,,front-wheel,v-6,3.5,"210hp @ 5,200rpm",4 speed automatic,"229 lb.-ft. @ 4,300rpm",,,,,,,,,,,,,24,,,,,,,,,,,
Honda,Ridgeline,2019,19 mpg,26 mpg,19.5gal.,5,,front-wheel,v-6,3.5,"280hp @ 6,000rpm",6 speed automatic,"262 lb.-ft. @ 4,700rpm",4-wheel,3.5 l,212 cu.in.,280 hp,"40.1 ""","70.2 ""","78.6 ""","36.7 ""","40.9 ""","210.0 ""","38.8 ""","125.2 """,24,6,"4,242 lbs.","5,710 lbs.","3,500 lbs.",,,,,,,
Honda,Ridgeline,2018,19 mpg,26 mpg,19.5gal.,5,,front-wheel,v-6,3.5,"280hp @ 6,000rpm",6 speed automatic,"262 lb.-ft. @ 4,700rpm",4-wheel,3.5 l,212 cu.in.,280 hp,"40.1 ""","70.2 ""","78.6 ""","36.7 ""","40.9 ""","210.0 ""","38.8 ""","125.2 """,24,6,"4,242 lbs.","5,710 lbs.","3,500 lbs.",,,,,,,
Honda,Ridgeline,2017,19 mpg,26 mpg,19.5gal.,5,,front-wheel,v-6,3.5,"280hp @ 6,000rpm",6 speed automatic,"262 lb.-ft. @ 4,700rpm",4-wheel,3.5 l,212 cu.in.,280 hp,"40.1 ""","70.2 ""","78.6 ""","36.7 ""","40.9 ""","210.0 ""","38.8 ""","125.2 """,24,6,"4,242 lbs.","5,710 lbs.","3,500 lbs.",,,,,,,
Honda,Ridgeline,2014,,,22.0gal.,,,four-wheel,v-6,3.5,"250hp @ 5,700rpm",5 speed automatic,"247 lb.-ft. @ 4,300rpm",,,,,,,,,,,,,24,,,,,,,,,,,
Honda,Ridgeline,2013,,,22.0gal.,,,four-wheel,v-6,3.5,"250hp @ 5,700rpm",5 speed automatic,"247 lb.-ft. @ 4,300rpm",,,,,,,,,,,,,24,,,,,,,,,,,
Honda,Ridgeline,2012,,,22.0gal.,,,four-wheel,v-6,3.5,"250hp @ 5,700rpm",5 speed automatic,"247 lb.-ft. @ 4,300rpm",,,,,,,,,,,,,24,,,,,,,,,,,
Honda,Ridgeline,2011,,,22.0gal.,,,four-wheel,v-6,3.5,"250hp @ 5,700rpm",5 speed automatic,"247 lb.-ft. @ 4,300rpm",,,,,,,,,,,,,24,,,,,,,,,,,
Honda,Ridgeline,2010,,,22.0gal.,,,four-wheel,v-6,3.5,"250hp @ 5,700rpm",5 speed automatic,"247 lb.-ft. @ 4,300rpm",,,,,,,,,,,,,24,,,,,,,,,,,
Honda,Ridgeline,2009,,,22.0gal.,,,four-wheel,v-6,3.5,"250hp @ 5,700rpm",5 speed automatic,"247 lb.-ft. @ 4,300rpm",,,,,,,,,,,,,24,,,,,,,,,,,
Honda,Ridgeline,2008,,,22.0gal.,,,four-wheel,v-6,3.5,"247hp @ 5,750rpm",5 speed automatic,"245 lb.-ft. @ 4,500rpm",,,,,,,,,,,,,24,,,,,,,,,,,
Honda,Ridgeline,2007,,,22.0gal.,,,four-wheel,v-6,3.5,"247hp @ 5,750rpm",5 speed automatic,"245 lb.-ft. @ 4,500rpm",,,,,,,,,,,,,24,,,,,,,,,,,
Honda,Ridgeline,2006,,,22.0gal.,,,four-wheel,v-6,3.5,"255hp @ 5,750rpm",5 speed automatic,"252 lb.-ft. @ 4,500rpm",,,,,,,,,,,,,24,,,,,,,,,,,
Honda,Accord Crosstour,2011,,,18.5gal.,,,front-wheel,v-6,3.5,"271hp @ 6,200rpm",5 speed automatic,"254 lb.-ft. @ 5,000rpm",,,,,,,,,,,,,24,,,,,,,,,,,
Honda,Accord Crosstour,2010,,,18.5gal.,,,front-wheel,v-6,3.5,"271hp @ 6,200rpm",5 speed automatic,"254 lb.-ft. @ 5,000rpm",,,,,,,,,,,,,24,,,,,,,,,,,
Honda,CR-V,2018,26 mpg,32 mpg,14.0gal.,5,76 cu.ft.,front-wheel,i-4,2.4,"184hp @ 6,400rpm",continuously variable automatic,"180 lb.-ft. @ 3,900rpm",4-wheel,2.4 l,144 cu.in.,184 hp,"40.1 ""","66.1 ""","73.0 ""","40.4 ""","41.3 ""","180.6 ""","39.2 ""","104.7 """,16,continuously variable,"3,307 lbs.","4,695 lbs.","1,500 lbs.",,,,,,,
Honda,CR-V,2017,26 mpg,32 mpg,14.0gal.,5,76 cu.ft.,front-wheel,i-4,2.4,"184hp @ 6,400rpm",continuously variable automatic,"180 lb.-ft. @ 3,900rpm",4-wheel,2.4 l,144 cu.in.,184 hp,"40.1 ""","66.1 ""","73.0 ""","40.4 ""","41.3 ""","180.6 ""","39.2 ""","104.7 """,16,continuously variable,"3,307 lbs.","4,695 lbs.","1,500 lbs.",,,,,,,
Honda,CR-V,2016,26 mpg,33 mpg,15.3gal.,5,71 cu.ft.,front-wheel,i-4,2.4,"185hp @ 6,400rpm",continuously variable automatic,"181 lb.-ft. @ 3,900rpm",4-wheel,2.4 l,144 cu.in.,185 hp,"39.9 ""","64.7 ""","71.6 ""","38.3 ""","41.3 ""","179.4 ""","38.6 ""","103.1 """,16,continuously variable,"3,358 lbs.",,"1,500 lbs.",,,,,,,
Honda,CR-V,2015,,,15.3gal.,,,front-wheel,i-4,2.4,"185hp @ 6,400rpm",continuously variable automatic,"181 lb.-ft. @ 3,900rpm",,,,,,,,,,,,,16,,,,,,,,,,,
Honda,CR-V,2014,,,15.3gal.,,,front-wheel,i-4,2.4,"185hp @ 7,000rpm",5 speed automatic,"163 lb.-ft. @ 4,400rpm",,,,,,,,,,,,,16,,,,,,,,,,,
Honda,CR-V,2013,,,15.3gal.,,,front-wheel,i-4,2.4,"185hp @ 7,000rpm",5 speed automatic,"163 lb.-ft. @ 4,400rpm",,,,,,,,,,,,,16,,,,,,,,,,,
Honda,CR-V,2012,,,15.3gal.,,,front-wheel,i-4,2.4,"185hp @ 7,000rpm",5 speed automatic,"163 lb.-ft. @ 4,400rpm",,,,,,,,,,,,,16,,,,,,,,,,,
Honda,CR-V,2011,,,15.3gal.,,,front-wheel,i-4,2.4,"180hp @ 6,800rpm",5 speed automatic,"161 lb.-ft. @ 4,400rpm",,,,,,,,,,,,,16,,,,,,,,,,,
Honda,CR-V,2010,,,15.3gal.,,,four-wheel,i-4,2.4,"180hp @ 6,800rpm",5 speed automatic,"161 lb.-ft. @ 4,400rpm",,,,,,,,,,,,,16,,,,,,,,,,,
Honda,CR-V,2009,,,15.3gal.,,,four-wheel,i-4,2.4,"166hp @ 5,800rpm",5 speed automatic,"161 lb.-ft. @ 4,200rpm",,,,,,,,,,,,,16,,,,,,,,,,,
Honda,CR-V,2008,,,15.3gal.,,,four-wheel,i-4,2.4,"166hp @ 5,800rpm",5 speed automatic,"161 lb.-ft. @ 4,200rpm",,,,,,,,,,,,,16,,,,,,,,,,,
Honda,CR-V,2007,,,15.3gal.,,,four-wheel,i-4,2.4,"166hp @ 5,800rpm",5 speed automatic,"161 lb.-ft. @ 4,200rpm",,,,,,,,,,,,,16,,,,,,,,,,,
Honda,CR-V,2006,,,15.3gal.,,,four-wheel,i-4,2.4,"156hp @ 5,900rpm",5 speed automatic,"160 lb.-ft. @ 3,600rpm",,,,,,,,,,,,,16,,,,,,,,,,,
Honda,CR-V,2005,,,15.3gal.,,,front-wheel,i-4,2.4,"160hp @ 6,000rpm",5 speed automatic,"162 lb.-ft. @ 3,600rpm",,,,,,,,,,,,,16,,,,,,,,,,,
Honda,CR-V,2004,,,15.3gal.,,,front-wheel,i-4,2.4,"160hp @ 6,000rpm",4 speed automatic,"162 lb.-ft. @ 3,600rpm",,,,,,,,,,,,,16,,,,,,,,,,,
Honda,CR-V,2003,,,15.3gal.,,,front-wheel,i-4,2.4,"160hp @ 6,000rpm",4 speed automatic,"162 lb.-ft. @ 3,600rpm",,,,,,,,,,,,,16,,,,,,,,,,,
Honda,CR-V,2002,,,15.3gal.,,,front-wheel,i-4,2.4,"160hp @ 6,000rpm",4 speed automatic,"162 lb.-ft. @ 3,600rpm",,,,,,,,,,,,,16,,,,,,,,,,,
Honda,CR-V,2001,,,15.3gal.,,,front-wheel,i-4,2.0,"146hp @ 6,200rpm",4 speed automatic,"133 lb.-ft. @ 4,500rpm",,,,,,,,,,,,,16,,,,,,,,,,,
Honda,CR-V,2000,,,15.3gal.,,,front-wheel,i-4,2.0,"146hp @ 6,200rpm",4 speed automatic,"133 lb.-ft. @ 4,500rpm",,,,,,,,,,,,,16,,,,,,,,,,,
Honda,CR-V,1999,,,15.3gal.,,,front-wheel,i-4,2.0,"146hp @ 6,200rpm",4 speed automatic,"133 lb.-ft. @ 4,500rpm",,,,,,,,,,,,,16,,,,,,,,,,,
Honda,Crosstour,2015,,,18.5gal.,,,front-wheel,i-4,2.4,"192hp @ 7,000rpm",5 speed automatic,"162 lb.-ft. @ 4,400rpm",,,,,,,,,,,,,16,,,,,,,,,,,
Honda,Crosstour,2014,,,18.5gal.,,,front-wheel,i-4,2.4,"192hp @ 7,000rpm",5 speed automatic,"162 lb.-ft. @ 4,400rpm",,,,,,,,,,,,,16,,,,,,,,,,,
Honda,Crosstour,2013,,,18.5gal.,,,front-wheel,i-4,2.4,"192hp @ 7,000rpm",5 speed automatic,"162 lb.-ft. @ 4,400rpm",,,,,,,,,,,,,16,,,,,,,,,,,
Honda,Crosstour,2012,,,18.5gal.,,,front-wheel,v-6,3.5,"271hp @ 6,200rpm",5 speed automatic,"254 lb.-ft. @ 5,000rpm",,,,,,,,,,,,,24,,,,,,,,,,,
Honda,Element,2011,,,15.9gal.,,,front-wheel,i-4,2.4,"166hp @ 5,800rpm",5 speed automatic,"161 lb.-ft. @ 4,000rpm",,,,,,,,,,,,,16,,,,,,,,,,,
Honda,Element,2010,,,15.9gal.,,,front-wheel,i-4,2.4,"166hp @ 5,800rpm",5 speed automatic,"161 lb.-ft. @ 4,000rpm",,,,,,,,,,,,,16,,,,,,,,,,,
Honda,Element,2009,,,15.9gal.,,,four-wheel,i-4,2.4,"166hp @ 5,800rpm",5 speed automatic,"161 lb.-ft. @ 4,000rpm",,,,,,,,,,,,,16,,,,,,,,,,,
Honda,Element,2008,,,15.9gal.,,,four-wheel,i-4,2.4,"166hp @ 5,800rpm",5 speed automatic,"161 lb.-ft. @ 4,000rpm",,,,,,,,,,,,,16,,,,,,,,,,,
Honda,Element,2007,,,15.9gal.,,,four-wheel,i-4,2.4,"166hp @ 5,800rpm",5 speed automatic,"161 lb.-ft. @ 4,000rpm",,,,,,,,,,,,,16,,,,,,,,,,,
Honda,Element,2006,,,15.9gal.,,,front-wheel,i-4,2.4,"156hp @ 5,500rpm",4 speed automatic,"160 lb.-ft. @ 4,500rpm",,,,,,,,,,,,,16,,,,,,,,,,,
Honda,Element,2005,,,15.9gal.,,,front-wheel,i-4,2.4,"160hp @ 5,500rpm",4 speed automatic,"161 lb.-ft. @ 4,500rpm",,,,,,,,,,,,,16,,,,,,,,,,,
Honda,Element,2004,,,15.9gal.,,,front-wheel,i-4,2.4,"160hp @ 5,500rpm",4 speed automatic,"161 lb.-ft. @ 4,500rpm",,,,,,,,,,,,,16,,,,,,,,,,,
Honda,Element,2003,,,15.9gal.,,,front-wheel,i-4,2.4,"160hp @ 5,500rpm",5 speed manual,"161 lb.-ft. @ 4,500rpm",,,,,,,,,,,,,16,,,,,,,,,,,
