make,model,year,city,highway,fuel tank capacity,total seating capacity,max cargo capacity,drive type,cylinder configuration,engine liters,horsepower,transmission,torque,abs,size,displacement,horse power,front head room,overall height,overall width,rear leg room,front leg room,overall length,rear head room,wheelbase,number of valves,number of speeds,curb weight,gross vehicle weight,towing capacity,number of doors,speakers,approach angle,ground clearance (max),ramp breakover angle,departure angle,ground clearance
Hyundai,Accent,2018,28 mpg,37 mpg,11.9gal.,5,14 cu.ft.,front-wheel,i-4,1.6,"130hp @ 6,300rpm",6 speed manual,"119 lb.-ft. @ 4,850rpm",4-wheel,1.6 l,97 cu.in.,130 hp,"38.9 ""","57.1 ""","68.1 ""","33.5 ""","42.1 ""","172.6 ""","37.3 ""","101.6 """,16,6,"2,502 lbs.","3,439 lbs.",,,,,,,,
Hyundai,Accent,2017,,,11.4gal.,,,front-wheel,i-4,1.6,"137hp @ 6,300rpm",6 speed manual,"123 lb.-ft. @ 4,850rpm",,,,,,,,,,,,,16,,,,,,,,,,,
Hyundai,Accent,2016,,,11.4gal.,,,front-wheel,i-4,1.6,"137hp @ 6,300rpm",6 speed manual,"123 lb.-ft. @ 4,850rpm",,,,,,,,,,,,,16,,,,,,,,,,,
Hyundai,Accent,2015,,,11.4gal.,,,front-wheel,i-4,1.6,"138hp @ 6,300rpm",6 speed manual,"123 lb.-ft. @ 4,850rpm",,,,,,,,,,,,,16,,,,,,,,,,,
Hyundai,Accent,2014,,,11.4gal.,,,front-wheel,i-4,1.6,"138hp @ 6,300rpm",6 speed manual,"123 lb.-ft. @ 4,850rpm",,,,,,,,,,,,,16,,,,,,,,,,,
Hyundai,Accent,2013,,,11.4gal.,,,front-wheel,i-4,1.6,"138hp @ 6,300rpm",6 speed manual,"123 lb.-ft. @ 4,850rpm",,,,,,,,,,,,,16,,,,,,,,,,,
Hyundai,Accent,2012,,,11.4gal.,,,front-wheel,i-4,1.6,"138hp @ 6,300rpm",6 speed manual,"123 lb.-ft. @ 4,850rpm",,,,,,,,,,,,,16,,,,,,,,,,,
Hyundai,Accent,2011,,,11.9gal.,,,front-wheel,i-4,1.6,"110hp @ 6,000rpm",5 speed manual,"106 lb.-ft. @ 4,500rpm",,,,,,,,,,,,,16,,,,,,,,,,,
Hyundai,Accent,2010,,,11.9gal.,,,front-wheel,i-4,1.6,"110hp @ 6,000rpm",5 speed manual,"106 lb.-ft. @ 4,500rpm",,,,,,,,,,,,,16,,,,,,,,,,,
Hyundai,Accent,2009,,,11.9gal.,,,front-wheel,i-4,1.6,"110hp @ 6,000rpm",5 speed manual,"106 lb.-ft. @ 4,500rpm",,,,,,,,,,,,,16,,,,,,,,,,,
Hyundai,Accent,2008,,,11.9gal.,,,front-wheel,i-4,1.6,"110hp @ 6,000rpm",5 speed manual,"106 lb.-ft. @ 4,500rpm",,,,,,,,,,,,,16,,,,,,,,,,,
Hyundai,Accent,2007,,,11.9gal.,,,front-wheel,i-4,1.6,"110hp @ 6,000rpm",5 speed manual,"106 lb.-ft. @ 4,500rpm",,,,,,,,,,,,,16,,,,,,,,,,,
Hyundai,Accent,2006,,,11.9gal.,,,front-wheel,i-4,1.6,"110hp @ 6,000rpm",5 speed manual,"106 lb.-ft. @ 4,500rpm",,,,,,,,,,,,,16,,,,,,,,,,,
Hyundai,Accent,2005,,,11.9gal.,,,front-wheel,i-4,1.6,"104hp @ 5,800rpm",5 speed manual,"106 lb.-ft. @ 3,000rpm",,,,,,,,,,,,,16,,,,,,,,,,,
Hyundai,Accent,2004,,,11.9gal.,,,front-wheel,i-4,1.6,"103hp @ 5,800rpm",5 speed manual,"106 lb.-ft. @ 3,000rpm",,,,,,,,,,,,,16,,,,,,,,,,,
Hyundai,Accent,2003,,,11.9gal.,,,front-wheel,i-4,1.6,"104hp @ 5,800rpm",5 speed manual,"106 lb.-ft. @ 3,000rpm",,,,,,,,,,,,,16,,,,,,,,,,,
Hyundai,Accent,2002,,,11.9gal.,,,front-wheel,i-4,1.5,"92hp @ 5,500rpm",5 speed manual,"97 lb.-ft. @ 3,000rpm",,,,,,,,,,,,,12,,,,,,,,,,,
Hyundai,Accent,2001,,,11.9gal.,,,front-wheel,i-4,1.5,"92hp @ 5,500rpm",5 speed manual,"97 lb.-ft. @ 3,000rpm",,,,,,,,,,,,,12,,,,,,,,,,,
Hyundai,Accent,2000,,,11.9gal.,,,front-wheel,i-4,1.5,"92hp @ 5,500rpm",5 speed manual,"97 lb.-ft. @ 4,000rpm",,,,,,,,,,,,,12,,,,,,,,,,,
Hyundai,Accent,1999,,,11.9gal.,,,front-wheel,i-4,1.5,"92hp @ 5,500rpm",5 speed manual,"97 lb.-ft. @ 4,000rpm",,,,,,,,,,,,,12,,,,,,,,,,,
Hyundai,Elantra,2018,26 mpg,36 mpg,14.0gal.,5,14 cu.ft.,front-wheel,i-4,2.0,"147hp @ 6,200rpm",6 speed manual,"132 lb.-ft. @ 4,500rpm",4-wheel,2.0 l,122 cu.in.,147 hp,"38.8 ""","56.5 ""","70.9 ""","35.7 ""","42.2 ""","179.9 ""","37.3 ""","106.3 """,16,6,"2,767 lbs.","3,880 lbs.",,,,,,,,
Hyundai,Elantra,2017,,,14.0gal.,,,front-wheel,i-4,2.0,"147hp @ 6,200rpm",6 speed manual,"132 lb.-ft. @ 4,500rpm",,,,,,,,,,,,,16,,,,,,,,,,,
Hyundai,Elantra,2016,,,12.8gal.,,,front-wheel,i-4,1.8,"145hp @ 6,500rpm",6 speed manual,"130 lb.-ft. @ 4,700rpm",,,,,,,,,,,,,16,,,,,,,,,,,
Hyundai,Elantra,2015,,,12.8gal.,,,front-wheel,i-4,1.8,"145hp @ 6,500rpm",6 speed manual,"130 lb.-ft. @ 4,700rpm",,,,,,,,,,,,,16,,,,,,,,,,,
Hyundai,Elantra,2014,,,12.8gal.,,,front-wheel,i-4,1.8,"145hp @ 6,500rpm",6 speed manual,"130 lb.-ft. @ 4,700rpm",,,,,,,,,,,,,16,,,,,,,,,,,
Hyundai,Elantra,2013,,,12.8gal.,,,front-wheel,i-4,1.8,"148hp @ 6,500rpm",6 speed manual,"131 lb.-ft. @ 4,700rpm",,,,,,,,,,,,,16,,,,,,,,,,,
Hyundai,Elantra,2012,,,12.8gal.,,,front-wheel,i-4,1.8,"148hp @ 6,500rpm",6 speed manual,"131 lb.-ft. @ 4,700rpm",,,,,,,,,,,,,16,,,,,,,,,,,
Hyundai,Elantra,2011,,,12.8gal.,,,front-wheel,i-4,1.8,"148hp @ 6,500rpm",6 speed manual,"131 lb.-ft. @ 4,700rpm",,,,,,,,,,,,,16,,,,,,,,,,,
Hyundai,Elantra,2010,,,14.0gal.,,,front-wheel,i-4,2.0,"138hp @ 6,000rpm",5 speed manual,"136 lb.-ft. @ 4,600rpm",,,,,,,,,,,,,16,,,,,,,,,,,
Hyundai,Elantra,2009,,,14.0gal.,,,front-wheel,i-4,2.0,"138hp @ 6,000rpm",5 speed manual,"136 lb.-ft. @ 4,600rpm",,,,,,,,,,,,,16,,,,,,,,,,,
Hyundai,Elantra,2008,,,14.0gal.,,,front-wheel,i-4,2.0,"138hp @ 6,000rpm",5 speed manual,"136 lb.-ft. @ 4,600rpm",,,,,,,,,,,,,16,,,,,,,,,,,
Hyundai,Elantra,2007,,,14.0gal.,,,front-wheel,i-4,2.0,"138hp @ 6,000rpm",5 speed manual,"136 lb.-ft. @ 4,600rpm",,,,,,,,,,,,,16,,,,,,,,,,,
Hyundai,Elantra,2006,,,14.5gal.,,,front-wheel,i-4,2.0,"138hp @ 6,000rpm",5 speed manual,"136 lb.-ft. @ 4,500rpm",,,,,,,,,,,,,16,,,,,,,,,,,
Hyundai,Elantra,2005,,,14.5gal.,,,front-wheel,i-4,2.0,"138hp @ 6,000rpm",5 speed manual,"136 lb.-ft. @ 4,500rpm",,,,,,,,,,,,,16,,,,,,,,,,,
Hyundai,Elantra,2004,,,14.5gal.,,,front-wheel,i-4,2.0,"138hp @ 6,000rpm",5 speed manual,"136 lb.-ft. @ 4,500rpm",,,,,,,,,,,,,16,,,,,,,,,,,
Hyundai,Elantra,2003,,,14.5gal.,,,front-wheel,i-4,2.0,"135hp @ 6,000rpm",5 speed manual,"132 lb.-ft. @ 4,500rpm",,,,,,,,,,,,,16,,,,,,,,,,,
Hyundai,Elantra,2002,,,14.5gal.,,,front-wheel,i-4,2.0,"140hp @ 6,000rpm",5 speed manual,"133 lb.-ft. @ 4,800rpm",,,,,,,,,,,,,16,,,,,,,,,,,
Hyundai,Elantra,2001,,,14.5gal.,,,front-wheel,i-4,2.0,"140hp @ 6,000rpm",5 speed manual,"133 lb.-ft. @ 4,800rpm",,,,,,,,,,,,,16,,,,,,,,,,,
Hyundai,Elantra,2000,,,14.5gal.,,,front-wheel,i-4,2.0,"140hp @ 6,000rpm",5 speed manual,"133 lb.-ft. @ 4,800rpm",,,,,,,,,,,,,16,,,,,,,,,,,
Hyundai,Elantra,1999,,,14.5gal.,,,front-wheel,i-4,2.0,"140hp @ 6,000rpm",5 speed manual,"133 lb.-ft. @ 4,800rpm",,,,,,,,,,,,,16,,,,,,,,,,,
Hyundai,Elantra GT,2018,23 mpg,31 mpg,14.0gal.,5,55 cu.ft.,front-wheel,i-4,2.0,"161hp @ 6,200rpm",6 speed manual,"150 lb.-ft. @ 4,700rpm",4-wheel,2.0 l,122 cu.in.,161 hp,"39.1 ""","57.7 ""","70.7 ""","34.8 ""","42.2 ""","170.9 ""","38.5 ""","104.3 """,16,6,"2,901 lbs.","3,924 lbs.",750 lbs.,,,,,,,
Hyundai,Elantra GT,2017,,,13.2gal.,,,front-wheel,i-4,2.0,"173hp @ 6,500rpm",6 speed automatic,"154 lb.-ft. @ 4,700rpm",,,,,,,,,,,,,16,,,,,,,,,,,
Hyundai,Elantra GT,2016,,,13.2gal.,,,front-wheel,i-4,2.0,"173hp @ 6,500rpm",6 speed manual,"154 lb.-ft. @ 4,700rpm",,,,,,,,,,,,,16,,,,,,,,,,,
Hyundai,Elantra GT,2015,,,13.2gal.,,,front-wheel,i-4,2.0,"173hp @ 6,500rpm",6 speed manual,"154 lb.-ft. @ 4,700rpm",,,,,,,,,,,,,16,,,,,,,,,,,
Hyundai,Elantra GT,2014,,,13.2gal.,,,front-wheel,i-4,2.0,"173hp @ 6,500rpm",6 speed manual,"154 lb.-ft. @ 4,700rpm",,,,,,,,,,,,,16,,,,,,,,,,,
Hyundai,Elantra GT,2013,,,14.0gal.,,,front-wheel,i-4,1.8,"148hp @ 6,500rpm",6 speed manual,"131 lb.-ft. @ 4,700rpm",,,,,,,,,,,,,16,,,,,,,,,,,
Hyundai,Genesis Coupe,2016,,,17.2gal.,,,rear-wheel,v-6,3.8,"348hp @ 6,400rpm",6 speed manual,"295 lb.-ft. @ 5,100rpm",,,,,,,,,,,,,24,,,,,,,,,,,
Hyundai,Genesis Coupe,2015,,,17.2gal.,,,rear-wheel,v-6,3.8,"348hp @ 6,400rpm",6 speed manual,"295 lb.-ft. @ 5,100rpm",,,,,,,,,,,,,24,,,,,,,,,,,
Hyundai,Genesis Coupe,2014,,,17.2gal.,,,rear-wheel,i-4,2.0,"274hp @ 6,000rpm",8 speed automatic,"275 lb.-ft. @ 2,000rpm",,,,,,,,,,,,,16,,,,,,,,,,,
Hyundai,Genesis Coupe,2013,,,17.2gal.,,,rear-wheel,i-4,2.0,"274hp @ 6,000rpm",6 speed manual,"275 lb.-ft. @ 2,000rpm",,,,,,,,,,,,,16,,,,,,,,,,,
Hyundai,Genesis Coupe,2012,,,17.2gal.,,,rear-wheel,i-4,2.0,"210hp @ 6,000rpm",6 speed manual,"223 lb.-ft. @ 2,000rpm",,,,,,,,,,,,,16,,,,,,,,,,,
Hyundai,Genesis Coupe,2011,,,17.2gal.,,,rear-wheel,i-4,2.0,"210hp @ 6,000rpm",6 speed manual,"223 lb.-ft. @ 2,000rpm",,,,,,,,,,,,,16,,,,,,,,,,,
Hyundai,Genesis Coupe,2010,,,17.2gal.,,,rear-wheel,i-4,2.0,"210hp @ 6,000rpm",5 speed automatic,"223 lb.-ft. @ 2,000rpm",,,,,,,,,,,,,16,,,,,,,,,,,
Hyundai,Tiburon,2008,,,14.5gal.,,,front-wheel,i-4,2.0,"138hp @ 6,000rpm",5 speed manual,"136 lb.-ft. @ 4,500rpm",,,,,,,,,,,,,16,,,,,,,,,,,
Hyundai,Tiburon,2007,,,14.5gal.,,,front-wheel,i-4,2.0,"138hp @ 6,000rpm",5 speed manual,"136 lb.-ft. @ 4,500rpm",,,,,,,,,,,,,16,,,,,,,,,,,
Hyundai,Tiburon,2006,,,14.5gal.,,,front-wheel,i-4,2.0,"138hp @ 6,000rpm",5 speed manual,"136 lb.-ft. @ 4,500rpm",,,,,,,,,,,,,16,,,,,,,,,,,
Hyundai,Tiburon,2005,,,14.5gal.,,,front-wheel,i-4,2.0,"138hp @ 6,000rpm",5 speed manual,"136 lb.-ft. @ 4,500rpm",,,,,,,,,,,,,16,,,,,,,,,,,
Hyundai,Tiburon,2004,,,14.2gal.,,,front-wheel,i-4,2.0,"138hp @ 6,000rpm",5 speed manual,"136 lb.-ft. @ 4,500rpm",,,,,,,,,,,,,16,,,,,,,,,,,
Hyundai,Tiburon,2003,,,14.2gal.,,,front-wheel,i-4,2.0,"140hp @ 6,000rpm",5 speed manual,"133 lb.-ft. @ 4,800rpm",,,,,,,,,,,,,16,,,,,,,,,,,
Hyundai,Tiburon,2001,,,14.5gal.,,,front-wheel,i-4,2.0,"140hp @ 6,000rpm",5 speed manual,"133 lb.-ft. @ 4,800rpm",,,,,,,,,,,,,16,,,,,,,,,,,
Hyundai,Tiburon,2000,,,14.5gal.,,,front-wheel,i-4,2.0,"140hp @ 6,000rpm",5 speed manual,"133 lb.-ft. @ 4,800rpm",,,,,,,,,,,,,16,,,,,,,,,,,
Hyundai,Tiburon,1999,,,14.5gal.,,,front-wheel,i-4,2.0,"140hp @ 6,000rpm",5 speed manual,"133 lb.-ft. @ 4,800rpm",,,,,,,,,,,,,16,,,,,,,,,,,
Hyundai,IONIQ Hybrid,2018,57 mpg,59 mpg,11.9gal.,5,,front-wheel,i-4,1.6,"104hp @ 5,700rpm",6 speed automatic with auto-shift,"109 lb.-ft. @ 4,000rpm",4-wheel,1.6 l,97 cu.in.,104 hp,"39.1 ""","56.9 ""","71.7 ""","35.7 ""","42.2 ""","176.0 ""","37.4 ""","106.3 """,16,6,"2,996 lbs.","3,935 lbs.",,,,,,,,
Hyundai,IONIQ Hybrid,2017,57 mpg,59 mpg,11.9gal.,5,,front-wheel,i-4,1.6,"104hp @ 5,700rpm",6 speed automatic with auto-shift,"109 lb.-ft. @ 4,000rpm",4-wheel,1.6 l,97 cu.in.,104 hp,"39.1 ""","56.9 ""","71.7 ""","35.7 ""","42.2 ""","176.0 ""","37.4 ""","106.3 """,16,6,,,,,,,,,,
Hyundai,Ioniq Plug-In Hybrid,2018,,,11.4gal.,5,,front-wheel,i-4,1.6,"104hp @ 5,700rpm",6 speed automatic with auto-shift,"109 lb.-ft. @ 4,000rpm",4-wheel,1.6 l,97 cu.in.,104 hp,"39.1 ""","56.9 ""","71.7 ""","35.7 ""","42.2 ""","176.0 ""","37.4 ""","106.3 """,16,6,"3,318 lbs.","4,343 lbs.",,,,,,,,
Hyundai,Sonata Hybrid,2018,40 mpg,46 mpg,15.9gal.,5,13 cu.ft.,front-wheel,i-4,2.0,"154hp @ 6,000rpm",6 speed automatic,"140 lb.-ft. @ 5,000rpm",4-wheel,2.0 l,122 cu.in.,154 hp,"40.4 ""","57.9 ""","73.4 ""","35.6 ""","45.5 ""","191.1 ""","38.0 ""","110.4 """,16,6,"3,497 lbs.","4,630 lbs.",,,,,,,,
Hyundai,Sonata Hybrid,2017,,,15.9gal.,,,front-wheel,i-4,2.0,"154hp @ 6,000rpm",6 speed automatic,"140 lb.-ft. @ 5,000rpm",,,,,,,,,,,,,16,,,,,,,,,,,
Hyundai,Sonata Hybrid,2016,,,15.9gal.,,,front-wheel,i-4,2.0,"154hp @ 6,000rpm",6 speed automatic,"140 lb.-ft. @ 5,000rpm",,,,,,,,,,,,,16,,,,,,,,,,,
Hyundai,Sonata Hybrid,2015,,,17.2gal.,,,front-wheel,i-4,2.4,"159hp @ 5,500rpm",6 speed automatic,"154 lb.-ft. @ 4,500rpm",,,,,,,,,,,,,16,,,,,,,,,,,
Hyundai,Sonata Hybrid,2014,,,17.2gal.,,,front-wheel,i-4,2.4,"159hp @ 5,500rpm",6 speed automatic,"154 lb.-ft. @ 4,500rpm",,,,,,,,,,,,,16,,,,,,,,,,,
Hyundai,Sonata Hybrid,2013,,,17.2gal.,,,front-wheel,i-4,2.4,"159hp @ 5,500rpm",6 speed automatic,"154 lb.-ft. @ 4,500rpm",,,,,,,,,,,,,16,,,,,,,,,,,
Hyundai,Sonata Hybrid,2012,,,17.2gal.,,,front-wheel,i-4,2.4,"166hp @ 6,000rpm",6 speed automatic,"154 lb.-ft. @ 4,500rpm",,,,,,,,,,,,,16,,,,,,,,,,,
Hyundai,Sonata Hybrid,2011,,,17.2gal.,,,front-wheel,i-4,2.4,"166hp @ 6,000rpm",6 speed automatic,"154 lb.-ft. @ 4,500rpm",,,,,,,,,,,,,16,,,,,,,,,,,
Hyundai,IONIQ EV,2018,150 mpg,122 mpg,,5,,front-wheel,,,118hp @ rpm,1 speed automatic,218 lb.-ft. @ rpm,4-wheel,,,118 hp,"39.1 ""","57.1 ""","71.7 ""","35.7 ""","42.2 ""","176.0 ""","37.4 ""","106.3 """,,1,"3,164 lbs.","4,189 lbs.",,,,,,,,
Hyundai,IONIQ EV,2017,150 mpg,122 mpg,,5,,front-wheel,,,118hp @ rpm,1 speed automatic,218 lb.-ft. @ rpm,4-wheel,,,118 hp,"39.1 ""","57.1 ""","71.7 ""","35.7 ""","42.2 ""","176.0 ""","37.4 ""","106.3 """,,1,"3,164 lbs.","4,189 lbs.",,,,,,,,
Hyundai,IONIQ Hybrid,2018,57 mpg,59 mpg,11.9gal.,5,,front-wheel,i-4,1.6,"104hp @ 5,700rpm",6 speed automatic with auto-shift,"109 lb.-ft. @ 4,000rpm",4-wheel,1.6 l,97 cu.in.,104 hp,"39.1 ""","56.9 ""","71.7 ""","35.7 ""","42.2 ""","176.0 ""","37.4 ""","106.3 """,16,6,"2,996 lbs.","3,935 lbs.",,,,,,,,
Hyundai,IONIQ Hybrid,2017,57 mpg,59 mpg,11.9gal.,5,,front-wheel,i-4,1.6,"104hp @ 5,700rpm",6 speed automatic with auto-shift,"109 lb.-ft. @ 4,000rpm",4-wheel,1.6 l,97 cu.in.,104 hp,"39.1 ""","56.9 ""","71.7 ""","35.7 ""","42.2 ""","176.0 ""","37.4 ""","106.3 """,16,6,,,,,,,,,,
Hyundai,Sonata,2018,25 mpg,36 mpg,18.5gal.,5,16 cu.ft.,front-wheel,i-4,2.4,"185hp @ 6,000rpm",6 speed automatic,"178 lb.-ft. @ 4,000rpm",4-wheel,2.4 l,144 cu.in.,185 hp,"40.4 ""","58.1 ""","73.4 ""","35.6 ""","45.5 ""","191.1 ""","38.0 ""","110.4 """,16,6,"3,250 lbs.","4,497 lbs.",,,,,,,,
Hyundai,Sonata,2017,,,18.5gal.,,,front-wheel,i-4,2.4,"185hp @ 6,000rpm",6 speed automatic,"178 lb.-ft. @ 4,000rpm",,,,,,,,,,,,,16,,,,,,,,,,,
Hyundai,Sonata,2016,,,18.5gal.,,,front-wheel,i-4,2.4,"185hp @ 6,000rpm",6 speed automatic,"178 lb.-ft. @ 4,000rpm",,,,,,,,,,,,,16,,,,,,,,,,,
Hyundai,Sonata,2015,,,18.5gal.,,,front-wheel,i-4,2.4,"185hp @ 6,000rpm",6 speed automatic,"178 lb.-ft. @ 4,000rpm",,,,,,,,,,,,,16,,,,,,,,,,,
Hyundai,Sonata,2014,,,18.5gal.,,,front-wheel,i-4,2.4,"190hp @ 6,300rpm",6 speed automatic,"179 lb.-ft. @ 4,250rpm",,,,,,,,,,,,,16,,,,,,,,,,,
Hyundai,Sonata,2013,,,18.5gal.,,,front-wheel,i-4,2.4,"198hp @ 6,300rpm",6 speed automatic,"184 lb.-ft. @ 4,250rpm",,,,,,,,,,,,,16,,,,,,,,,,,
Hyundai,Sonata,2012,,,18.5gal.,,,front-wheel,i-4,2.4,"198hp @ 6,300rpm",6 speed manual,"184 lb.-ft. @ 4,250rpm",,,,,,,,,,,,,16,,,,,,,,,,,
Hyundai,Sonata,2011,,,18.5gal.,,,front-wheel,i-4,2.4,"198hp @ 6,300rpm",6 speed manual,"184 lb.-ft. @ 4,250rpm",,,,,,,,,,,,,16,,,,,,,,,,,
Hyundai,Sonata,2010,,,17.7gal.,,,front-wheel,i-4,2.4,"175hp @ 6,000rpm",5 speed manual,"168 lb.-ft. @ 4,000rpm",,,,,,,,,,,,,16,,,,,,,,,,,
Hyundai,Sonata,2009,,,17.7gal.,,,front-wheel,i-4,2.4,"175hp @ 6,000rpm",5 speed manual,"168 lb.-ft. @ 4,000rpm",,,,,,,,,,,,,16,,,,,,,,,,,
Hyundai,Sonata,2008,,,17.7gal.,,,front-wheel,i-4,2.4,"162hp @ 5,800rpm",5 speed manual,"164 lb.-ft. @ 4,250rpm",,,,,,,,,,,,,16,,,,,,,,,,,
Hyundai,Sonata,2007,,,17.7gal.,,,front-wheel,i-4,2.4,"162hp @ 5,800rpm",5 speed manual,"164 lb.-ft. @ 4,250rpm",,,,,,,,,,,,,16,,,,,,,,,,,
Hyundai,Sonata,2006,,,17.7gal.,,,front-wheel,i-4,2.4,"162hp @ 5,800rpm",5 speed manual,"164 lb.-ft. @ 4,250rpm",,,,,,,,,,,,,16,,,,,,,,,,,
Hyundai,Sonata,2005,,,17.2gal.,,,front-wheel,i-4,2.4,"138hp @ 5,500rpm",5 speed manual,"147 lb.-ft. @ 3,000rpm",,,,,,,,,,,,,16,,,,,,,,,,,
Hyundai,Sonata,2004,,,17.2gal.,,,front-wheel,i-4,2.4,"138hp @ 5,500rpm",5 speed manual,"147 lb.-ft. @ 3,000rpm",,,,,,,,,,,,,16,,,,,,,,,,,
Hyundai,Sonata,2003,,,17.2gal.,,,front-wheel,i-4,2.4,"149hp @ 5,500rpm",5 speed manual,"156 lb.-ft. @ 3,000rpm",,,,,,,,,,,,,16,,,,,,,,,,,
Hyundai,Sonata,2002,,,17.2gal.,,,front-wheel,i-4,2.4,"149hp @ 5,500rpm",5 speed manual,"156 lb.-ft. @ 3,000rpm",,,,,,,,,,,,,16,,,,,,,,,,,
Hyundai,Sonata,2001,,,17.2gal.,,,front-wheel,i-4,2.4,"149hp @ 5,500rpm",5 speed manual,"156 lb.-ft. @ 3,000rpm",,,,,,,,,,,,,16,,,,,,,,,,,
Hyundai,Sonata,2000,,,17.2gal.,,,front-wheel,i-4,2.4,"149hp @ 5,500rpm",5 speed manual,"156 lb.-ft. @ 3,000rpm",,,,,,,,,,,,,16,,,,,,,,,,,
Hyundai,Sonata,1999,,,17.2gal.,,,front-wheel,i-4,2.4,"149hp @ 5,500rpm",5 speed manual,"156 lb.-ft. @ 3,000rpm",,,,,,,,,,,,,16,,,,,,,,,,,
Hyundai,Azera,2017,20 mpg,28 mpg,18.5gal.,5,16 cu.ft.,front-wheel,v-6,3.3,"293hp @ 6,400rpm",6 speed automatic,"255 lb.-ft. @ 5,200rpm",4-wheel,3.3 l,204 cu.in.,293 hp,"40.3 ""","57.9 ""","73.2 ""","36.8 ""","45.5 ""","193.7 ""","37.6 ""","112.0 """,24,6,"3,684 lbs.","4,828 lbs.",,,,,,,,
Hyundai,Azera,2016,,,18.5gal.,,,front-wheel,v-6,3.3,"293hp @ 6,400rpm",6 speed automatic,"255 lb.-ft. @ 5,200rpm",,,,,,,,,,,,,24,,,,,,,,,,,
Hyundai,Azera,2015,,,18.5gal.,,,front-wheel,v-6,3.3,"293hp @ 6,400rpm",6 speed automatic,"255 lb.-ft. @ 5,200rpm",,,,,,,,,,,,,24,,,,,,,,,,,
Hyundai,Azera,2014,,,18.5gal.,,,front-wheel,v-6,3.3,"293hp @ 6,400rpm",6 speed automatic,"255 lb.-ft. @ 5,200rpm",,,,,,,,,,,,,24,,,,,,,,,,,
Hyundai,Azera,2013,,,18.5gal.,,,front-wheel,v-6,3.3,"293hp @ 6,400rpm",6 speed automatic,"255 lb.-ft. @ 5,200rpm",,,,,,,,,,,,,24,,,,,,,,,,,
Hyundai,Azera,2012,,,18.5gal.,,,front-wheel,v-6,3.3,"293hp @ 6,400rpm",6 speed automatic,"255 lb.-ft. @ 5,200rpm",,,,,,,,,,,,,24,,,,,,,,,,,
Hyundai,Azera,2011,,,19.8gal.,,,front-wheel,v-6,3.3,"260hp @ 6,200rpm",6 speed automatic,"233 lb.-ft. @ 4,500rpm",,,,,,,,,,,,,24,,,,,,,,,,,
Hyundai,Azera,2010,,,19.8gal.,,,front-wheel,v-6,3.3,"234hp @ 6,000rpm",5 speed automatic,"226 lb.-ft. @ 3,500rpm",,,,,,,,,,,,,24,,,,,,,,,,,
Hyundai,Azera,2009,,,19.8gal.,,,front-wheel,v-6,3.3,"234hp @ 6,000rpm",5 speed automatic,"226 lb.-ft. @ 3,500rpm",,,,,,,,,,,,,24,,,,,,,,,,,
Hyundai,Azera,2008,,,19.8gal.,,,front-wheel,v-6,3.3,"234hp @ 6,000rpm",5 speed automatic,"226 lb.-ft. @ 3,500rpm",,,,,,,,,,,,,24,,,,,,,,,,,
Hyundai,Azera,2007,,,19.8gal.,,,front-wheel,v-6,3.8,"263hp @ 6,000rpm",5 speed automatic,"257 lb.-ft. @ 4,500rpm",,,,,,,,,,,,,24,,,,,,,,,,,
Hyundai,Azera,2006,,,19.8gal.,,,front-wheel,v-6,3.8,"263hp @ 6,000rpm",5 speed automatic,"255 lb.-ft. @ 4,500rpm",,,,,,,,,,,,,24,,,,,,,,,,,
Hyundai,Equus,2016,,,20.3gal.,,,rear-wheel,v-8,5.0,"429hp @ 6,400rpm",8 speed automatic,"376 lb.-ft. @ 5,000rpm",,,,,,,,,,,,,32,,,,,,,,,,,
Hyundai,Equus,2015,,,20.3gal.,,,rear-wheel,v-8,5.0,"429hp @ 6,400rpm",8 speed automatic,"376 lb.-ft. @ 5,000rpm",,,,,,,,,,,,,32,,,,,,,,,,,
Hyundai,Equus,2014,,,20.3gal.,,,rear-wheel,v-8,5.0,"429hp @ 6,400rpm",8 speed automatic,"376 lb.-ft. @ 5,000rpm",,,,,,,,,,,,,32,,,,,,,,,,,
Hyundai,Equus,2013,,,20.3gal.,,,rear-wheel,v-8,5.0,"429hp @ 6,400rpm",8 speed automatic,"376 lb.-ft. @ 5,000rpm",,,,,,,,,,,,,32,,,,,,,,,,,
Hyundai,Equus,2012,,,20.3gal.,,,rear-wheel,v-8,5.0,"429hp @ 6,400rpm",8 speed automatic,"376 lb.-ft. @ 5,000rpm",,,,,,,,,,,,,32,,,,,,,,,,,
Hyundai,Equus,2011,,,20.3gal.,,,rear-wheel,v-8,4.6,"385hp @ 6,500rpm",6 speed automatic,"333 lb.-ft. @ 3,500rpm",,,,,,,,,,,,,32,,,,,,,,,,,
Hyundai,Genesis,2016,,,20.3gal.,,,rear-wheel,v-6,3.8,"311hp @ 6,000rpm",8 speed automatic,"293 lb.-ft. @ 5,000rpm",,,,,,,,,,,,,24,,,,,,,,,,,
Hyundai,Genesis,2015,,,20.3gal.,,,rear-wheel,v-6,3.8,"311hp @ 6,000rpm",8 speed automatic,"293 lb.-ft. @ 5,000rpm",,,,,,,,,,,,,24,,,,,,,,,,,
Hyundai,Genesis,2014,,,19.3gal.,,,rear-wheel,v-6,3.8,"333hp @ 6,400rpm",8 speed automatic,"291 lb.-ft. @ 5,100rpm",,,,,,,,,,,,,24,,,,,,,,,,,
Hyundai,Genesis,2013,,,19.3gal.,,,rear-wheel,v-6,3.8,"333hp @ 6,400rpm",8 speed automatic,"291 lb.-ft. @ 5,100rpm",,,,,,,,,,,,,24,,,,,,,,,,,
Hyundai,Genesis,2012,,,19.3gal.,,,rear-wheel,v-6,3.8,"333hp @ 6,400rpm",8 speed automatic,"291 lb.-ft. @ 5,100rpm",,,,,,,,,,,,,24,,,,,,,,,,,
Hyundai,Genesis,2011,,,19.3gal.,,,rear-wheel,v-6,3.8,"290hp @ 6,200rpm",6 speed automatic,"264 lb.-ft. @ 4,500rpm",,,,,,,,,,,,,24,,,,,,,,,,,
Hyundai,Genesis,2010,,,19.3gal.,,,rear-wheel,v-6,3.8,"290hp @ 6,200rpm",6 speed automatic,"264 lb.-ft. @ 4,500rpm",,,,,,,,,,,,,24,,,,,,,,,,,
Hyundai,Genesis,2009,,,19.3gal.,,,rear-wheel,v-6,3.8,"290hp @ 6,000rpm",6 speed automatic,"264 lb.-ft. @ 4,500rpm",,,,,,,,,,,,,24,,,,,,,,,,,
Hyundai,Santa Fe,2019,22 mpg,29 mpg,18.8gal.,5,71 cu.ft.,front-wheel,i-4,2.4,"185hp @ 6,000rpm",8 speed automatic,"178 lb.-ft. @ 4,000rpm",4-wheel,2.4 l,144 cu.in.,185 hp,"41.2 ""","66.1 ""","74.4 ""","40.9 ""","44.1 ""","187.8 ""","39.2 ""","108.9 """,16,8,"3,591 lbs.","4,729 lbs.",,,,,,,,
Hyundai,Santa Fe,2018,18 mpg,25 mpg,18.8gal.,7,80 cu.ft.,front-wheel,v-6,3.3,"290hp @ 6,400rpm",6 speed automatic,"252 lb.-ft. @ 5,200rpm",4-wheel,3.3 l,204 cu.in.,290 hp,"39.9 ""","66.5 ""","74.2 ""","40.4 ""","41.3 ""","193.1 ""","39.4 ""","110.2 """,24,6,"4,026 lbs.","5,512 lbs.","5,000 lbs.",,,,,,,
Hyundai,Santa Fe,2017,18 mpg,25 mpg,18.8gal.,7,80 cu.ft.,front-wheel,v-6,3.3,"290hp @ 6,400rpm",6 speed automatic,"252 lb.-ft. @ 5,200rpm",4-wheel,3.3 l,204 cu.in.,290 hp,"39.9 ""","66.5 ""","74.2 ""","40.4 ""","41.3 ""","193.1 ""","39.4 ""","110.2 """,24,6,"4,026 lbs.","5,512 lbs.","5,000 lbs.",,,,,,,
Hyundai,Santa Fe,2016,,,18.8gal.,,,front-wheel,v-6,3.3,"290hp @ 6,400rpm",6 speed automatic,"252 lb.-ft. @ 5,200rpm",,,,,,,,,,,,,24,,,,,,,,,,,
Hyundai,Santa Fe,2015,,,18.8gal.,,,front-wheel,v-6,3.3,"290hp @ 6,400rpm",6 speed automatic,"252 lb.-ft. @ 5,200rpm",,,,,,,,,,,,,24,,,,,,,,,,,
Hyundai,Santa Fe,2014,,,18.8gal.,,,front-wheel,v-6,3.3,"290hp @ 6,400rpm",6 speed automatic,"252 lb.-ft. @ 5,200rpm",,,,,,,,,,,,,24,,,,,,,,,,,
Hyundai,Santa Fe,2013,,,18.8gal.,,,front-wheel,v-6,3.3,"290hp @ 6,400rpm",6 speed automatic,"252 lb.-ft. @ 5,200rpm",,,,,,,,,,,,,24,,,,,,,,,,,
Hyundai,Santa Fe,2012,,,18.0gal.,,,front-wheel,i-4,2.4,"175hp @ 6,000rpm",6 speed automatic,"169 lb.-ft. @ 3,750rpm",,,,,,,,,,,,,16,,,,,,,,,,,
Hyundai,Santa Fe,2011,,,18.0gal.,,,front-wheel,i-4,2.4,"175hp @ 6,000rpm",6 speed manual,"169 lb.-ft. @ 3,750rpm",,,,,,,,,,,,,16,,,,,,,,,,,
Hyundai,Santa Fe,2010,,,18.0gal.,,,front-wheel,i-4,2.4,"175hp @ 6,000rpm",6 speed manual,"169 lb.-ft. @ 3,750rpm",,,,,,,,,,,,,16,,,,,,,,,,,
Hyundai,Santa Fe,2009,,,19.8gal.,,,front-wheel,v-6,2.7,"185hp @ 6,000rpm",5 speed manual,"183 lb.-ft. @ 4,000rpm",,,,,,,,,,,,,24,,,,,,,,,,,
Hyundai,Santa Fe,2008,,,19.8gal.,,,front-wheel,v-6,2.7,"185hp @ 6,000rpm",5 speed manual,"183 lb.-ft. @ 4,000rpm",,,,,,,,,,,,,24,,,,,,,,,,,
Hyundai,Santa Fe,2007,,,19.8gal.,,,front-wheel,v-6,2.7,"185hp @ 6,000rpm",5 speed manual,"183 lb.-ft. @ 4,000rpm",,,,,,,,,,,,,24,,,,,,,,,,,
Hyundai,Santa Fe,2006,,,19.0gal.,,,front-wheel,v-6,2.7,"180hp @ 6,000rpm",4 speed automatic,"180 lb.-ft. @ 4,000rpm",,,,,,,,,,,,,24,,,,,,,,,,,
Hyundai,Santa Fe,2005,,,19.0gal.,,,front-wheel,v-6,2.7,"170hp @ 6,000rpm",4 speed automatic,"181 lb.-ft. @ 4,000rpm",,,,,,,,,,,,,24,,,,,,,,,,,
Hyundai,Santa Fe,2004,,,19.0gal.,,,front-wheel,i-4,2.4,"138hp @ 5,500rpm",5 speed manual,"147 lb.-ft. @ 3,000rpm",,,,,,,,,,,,,16,,,,,,,,,,,
Hyundai,Santa Fe,2003,,,19.0gal.,,,front-wheel,i-4,2.4,"149hp @ 5,500rpm",5 speed manual,"156 lb.-ft. @ 3,000rpm",,,,,,,,,,,,,16,,,,,,,,,,,
Hyundai,Santa Fe,2002,,,17.2gal.,,,front-wheel,i-4,2.4,"149hp @ 5,500rpm",5 speed manual,"156 lb.-ft. @ 3,000rpm",,,,,,,,,,,,,16,,,,,,,,,,,
Hyundai,Santa Fe,2001,,,17.2gal.,,,front-wheel,i-4,2.4,"149hp @ 5,500rpm",5 speed manual,"156 lb.-ft. @ 3,000rpm",,,,,,,,,,,,,16,,,,,,,,,,,
Hyundai,Santa Fe Sport,2018,21 mpg,27 mpg,17.4gal.,5,71 cu.ft.,front-wheel,i-4,2.4,"185hp @ 6,000rpm",6 speed automatic,"178 lb.-ft. @ 4,000rpm",4-wheel,2.4 l,144 cu.in.,185 hp,"39.6 ""","66.1 ""","74.0 ""","39.4 ""","41.3 ""","185.0 ""","39.1 ""","106.3 """,16,6,"3,624 lbs.","4,872 lbs.","1,650 lbs.",,,,,,,
Hyundai,Santa Fe Sport,2017,21 mpg,27 mpg,17.4gal.,5,71 cu.ft.,front-wheel,i-4,2.4,"185hp @ 6,000rpm",6 speed automatic,"178 lb.-ft. @ 4,000rpm",4-wheel,2.4 l,144 cu.in.,185 hp,"39.6 ""","66.1 ""","74.0 ""","39.4 ""","41.3 ""","185.0 ""","39.1 ""","106.3 """,16,6,"3,624 lbs.","4,872 lbs.","2,800 lbs.",,,,,,,
Hyundai,Santa Fe Sport,2016,,,17.4gal.,,,front-wheel,i-4,2.4,"190hp @ 6,300rpm",6 speed automatic,"181 lb.-ft. @ 4,250rpm",,,,,,,,,,,,,16,,,,,,,,,,,
Hyundai,Santa Fe Sport,2015,,,17.4gal.,,,front-wheel,i-4,2.4,"190hp @ 6,300rpm",6 speed automatic,"181 lb.-ft. @ 4,250rpm",,,,,,,,,,,,,16,,,,,,,,,,,
Hyundai,Santa Fe Sport,2014,,,17.4gal.,,,front-wheel,i-4,2.4,"190hp @ 6,300rpm",6 speed automatic,"181 lb.-ft. @ 4,250rpm",,,,,,,,,,,,,16,,,,,,,,,,,
Hyundai,Santa Fe,2013,,,18.8gal.,,,front-wheel,v-6,3.3,"290hp @ 6,400rpm",6 speed automatic,"252 lb.-ft. @ 5,200rpm",,,,,,,,,,,,,24,,,,,,,,,,,
Hyundai,Entourage,2008,,,21.1gal.,,,front-wheel,v-6,3.8,"250hp @ 6,000rpm",5 speed automatic,"253 lb.-ft. @ 3,500rpm",,,,,,,,,,,,,24,,,,,,,,,,,
Hyundai,Entourage,2007,,,21.1gal.,,,front-wheel,v-6,3.8,"250hp @ 6,000rpm",5 speed automatic,"253 lb.-ft. @ 3,500rpm",,,,,,,,,,,,,24,,,,,,,,,,,
Hyundai,Kona,2018,27 mpg,33 mpg,13.2gal.,5,46 cu.ft.,front-wheel,i-4,2.0,"147hp @ 6,200rpm",6 speed automatic,"132 lb.-ft. @ 4,500rpm",4-wheel,2.0 l,122 cu.in.,147 hp,"39.6 ""","61.0 ""","70.9 ""","34.6 ""","41.5 ""","164.0 ""","37.8 ""","102.4 """,16,6,"2,890 lbs.","3,979 lbs.",,,,,,,,
Hyundai,Santa Fe,2019,22 mpg,29 mpg,18.8gal.,5,71 cu.ft.,front-wheel,i-4,2.4,"185hp @ 6,000rpm",8 speed automatic,"178 lb.-ft. @ 4,000rpm",4-wheel,2.4 l,144 cu.in.,185 hp,"41.2 ""","66.1 ""","74.4 ""","40.9 ""","44.1 ""","187.8 ""","39.2 ""","108.9 """,16,8,"3,591 lbs.","4,729 lbs.",,,,,,,,
Hyundai,Santa Fe,2018,18 mpg,25 mpg,18.8gal.,7,80 cu.ft.,front-wheel,v-6,3.3,"290hp @ 6,400rpm",6 speed automatic,"252 lb.-ft. @ 5,200rpm",4-wheel,3.3 l,204 cu.in.,290 hp,"39.9 ""","66.5 ""","74.2 ""","40.4 ""","41.3 ""","193.1 ""","39.4 ""","110.2 """,24,6,"4,026 lbs.","5,512 lbs.","5,000 lbs.",,,,,,,
Hyundai,Santa Fe,2017,18 mpg,25 mpg,18.8gal.,7,80 cu.ft.,front-wheel,v-6,3.3,"290hp @ 6,400rpm",6 speed automatic,"252 lb.-ft. @ 5,200rpm",4-wheel,3.3 l,204 cu.in.,290 hp,"39.9 ""","66.5 ""","74.2 ""","40.4 ""","41.3 ""","193.1 ""","39.4 ""","110.2 """,24,6,"4,026 lbs.","5,512 lbs.","5,000 lbs.",,,,,,,
Hyundai,Santa Fe,2016,,,18.8gal.,,,front-wheel,v-6,3.3,"290hp @ 6,400rpm",6 speed automatic,"252 lb.-ft. @ 5,200rpm",,,,,,,,,,,,,24,,,,,,,,,,,
Hyundai,Santa Fe,2015,,,18.8gal.,,,front-wheel,v-6,3.3,"290hp @ 6,400rpm",6 speed automatic,"252 lb.-ft. @ 5,200rpm",,,,,,,,,,,,,24,,,,,,,,,,,
Hyundai,Santa Fe,2014,,,18.8gal.,,,front-wheel,v-6,3.3,"290hp @ 6,400rpm",6 speed automatic,"252 lb.-ft. @ 5,200rpm",,,,,,,,,,,,,24,,,,,,,,,,,
Hyundai,Santa Fe,2013,,,18.8gal.,,,front-wheel,v-6,3.3,"290hp @ 6,400rpm",6 speed automatic,"252 lb.-ft. @ 5,200rpm",,,,,,,,,,,,,24,,,,,,,,,,,
Hyundai,Santa Fe,2012,,,18.0gal.,,,front-wheel,i-4,2.4,"175hp @ 6,000rpm",6 speed automatic,"169 lb.-ft. @ 3,750rpm",,,,,,,,,,,,,16,,,,,,,,,,,
Hyundai,Santa Fe,2011,,,18.0gal.,,,front-wheel,i-4,2.4,"175hp @ 6,000rpm",6 speed manual,"169 lb.-ft. @ 3,750rpm",,,,,,,,,,,,,16,,,,,,,,,,,
Hyundai,Santa Fe,2010,,,18.0gal.,,,front-wheel,i-4,2.4,"175hp @ 6,000rpm",6 speed manual,"169 lb.-ft. @ 3,750rpm",,,,,,,,,,,,,16,,,,,,,,,,,
Hyundai,Santa Fe,2009,,,19.8gal.,,,front-wheel,v-6,2.7,"185hp @ 6,000rpm",5 speed manual,"183 lb.-ft. @ 4,000rpm",,,,,,,,,,,,,24,,,,,,,,,,,
Hyundai,Santa Fe,2008,,,19.8gal.,,,front-wheel,v-6,2.7,"185hp @ 6,000rpm",5 speed manual,"183 lb.-ft. @ 4,000rpm",,,,,,,,,,,,,24,,,,,,,,,,,
Hyundai,Santa Fe,2007,,,19.8gal.,,,front-wheel,v-6,2.7,"185hp @ 6,000rpm",5 speed manual,"183 lb.-ft. @ 4,000rpm",,,,,,,,,,,,,24,,,,,,,,,,,
Hyundai,Santa Fe,2006,,,19.0gal.,,,front-wheel,v-6,2.7,"180hp @ 6,000rpm",4 speed automatic,"180 lb.-ft. @ 4,000rpm",,,,,,,,,,,,,24,,,,,,,,,,,
Hyundai,Santa Fe,2005,,,19.0gal.,,,front-wheel,v-6,2.7,"170hp @ 6,000rpm",4 speed automatic,"181 lb.-ft. @ 4,000rpm",,,,,,,,,,,,,24,,,,,,,,,,,
Hyundai,Santa Fe,2004,,,19.0gal.,,,front-wheel,i-4,2.4,"138hp @ 5,500rpm",5 speed manual,"147 lb.-ft. @ 3,000rpm",,,,,,,,,,,,,16,,,,,,,,,,,
Hyundai,Santa Fe,2003,,,19.0gal.,,,front-wheel,i-4,2.4,"149hp @ 5,500rpm",5 speed manual,"156 lb.-ft. @ 3,000rpm",,,,,,,,,,,,,16,,,,,,,,,,,
Hyundai,Santa Fe,2002,,,17.2gal.,,,front-wheel,i-4,2.4,"149hp @ 5,500rpm",5 speed manual,"156 lb.-ft. @ 3,000rpm",,,,,,,,,,,,,16,,,,,,,,,,,
Hyundai,Santa Fe,2001,,,17.2gal.,,,front-wheel,i-4,2.4,"149hp @ 5,500rpm",5 speed manual,"156 lb.-ft. @ 3,000rpm",,,,,,,,,,,,,16,,,,,,,,,,,
Hyundai,Santa Fe Sport,2018,21 mpg,27 mpg,17.4gal.,5,71 cu.ft.,front-wheel,i-4,2.4,"185hp @ 6,000rpm",6 speed automatic,"178 lb.-ft. @ 4,000rpm",4-wheel,2.4 l,144 cu.in.,185 hp,"39.6 ""","66.1 ""","74.0 ""","39.4 ""","41.3 ""","185.0 ""","39.1 ""","106.3 """,16,6,"3,624 lbs.","4,872 lbs.","1,650 lbs.",,,,,,,
Hyundai,Santa Fe Sport,2017,21 mpg,27 mpg,17.4gal.,5,71 cu.ft.,front-wheel,i-4,2.4,"185hp @ 6,000rpm",6 speed automatic,"178 lb.-ft. @ 4,000rpm",4-wheel,2.4 l,144 cu.in.,185 hp,"39.6 ""","66.1 ""","74.0 ""","39.4 ""","41.3 ""","185.0 ""","39.1 ""","106.3 """,16,6,"3,624 lbs.","4,872 lbs.","2,800 lbs.",,,,,,,
Hyundai,Santa Fe Sport,2016,,,17.4gal.,,,front-wheel,i-4,2.4,"190hp @ 6,300rpm",6 speed automatic,"181 lb.-ft. @ 4,250rpm",,,,,,,,,,,,,16,,,,,,,,,,,
Hyundai,Santa Fe Sport,2015,,,17.4gal.,,,front-wheel,i-4,2.4,"190hp @ 6,300rpm",6 speed automatic,"181 lb.-ft. @ 4,250rpm",,,,,,,,,,,,,16,,,,,,,,,,,
Hyundai,Santa Fe Sport,2014,,,17.4gal.,,,front-wheel,i-4,2.4,"190hp @ 6,300rpm",6 speed automatic,"181 lb.-ft. @ 4,250rpm",,,,,,,,,,,,,16,,,,,,,,,,,
Hyundai,Santa Fe,2013,,,18.8gal.,,,front-wheel,v-6,3.3,"290hp @ 6,400rpm",6 speed automatic,"252 lb.-ft. @ 5,200rpm",,,,,,,,,,,,,24,,,,,,,,,,,
