make,model,year,city,highway,fuel tank capacity,total seating capacity,max cargo capacity,drive type,cylinder configuration,engine liters,horsepower,transmission,torque,abs,size,displacement,horse power,front head room,overall height,overall width,rear leg room,front leg room,overall length,rear head room,wheelbase,number of valves,number of speeds,curb weight,gross vehicle weight,towing capacity,number of doors,speakers,approach angle,ground clearance (max),ramp breakover angle,departure angle,ground clearance
Infiniti,Q60,2018,22 mpg,30 mpg,20.0gal.,4,9 cu.ft.,rear-wheel,i-4,2.0,"208hp @ 5,500rpm",7 speed automatic,"258 lb.-ft. @ 1,500rpm",4-wheel,2.0 l,121 cu.in.,208 hp,"37.9 ""","54.9 ""","72.8 ""","32.4 ""","43.1 ""","184.4 ""","34.5 ""","112.2 """,16,7,"3,727 lbs.",,,,,,,,,
Infiniti,Q60,2017,,,20.0gal.,,,rear-wheel,i-4,2.0,"208hp @ 5,500rpm",7 speed automatic,"258 lb.-ft. @ 1,500rpm",,,,,,,,,,,,,16,,,,,,,,,,,
Infiniti,Q60,2015,,,20.0gal.,,,rear-wheel,v-6,3.7,"330hp @ 7,000rpm",7 speed automatic,"270 lb.-ft. @ 5,200rpm",,,,,,,,,,,,,24,,,,,,,,,,,
Infiniti,Q60,2014,,,20.0gal.,,,rear-wheel,v-6,3.7,"330hp @ 7,000rpm",7 speed automatic,"270 lb.-ft. @ 5,200rpm",,,,,,,,,,,,,24,,,,,,,,,,,
Infiniti,Q50 Hybrid,2018,27 mpg,32 mpg,17.8gal.,5,9 cu.ft.,rear-wheel,v-6,3.5,"302hp @ 6,800rpm",7 speed automatic,"258 lb.-ft. @ 5,000rpm",4-wheel,3.5 l,213 cu.in.,302 hp,"39.5 ""","57.2 ""","71.8 ""","35.1 ""","44.5 ""","189.6 ""","36.8 ""","112.2 """,24,7,"4,015 lbs.","4,960 lbs.",,,,,,,,
Infiniti,Q50 Hybrid,2017,,,17.8gal.,,,rear-wheel,v-6,3.5,"302hp @ 6,800rpm",7 speed automatic,"258 lb.-ft. @ 5,000rpm",,,,,,,,,,,,,24,,,,,,,,,,,
Infiniti,Q50 Hybrid,2016,,,17.8gal.,,,rear-wheel,v-6,3.5,"302hp @ 6,800rpm",7 speed automatic,"258 lb.-ft. @ 5,000rpm",,,,,,,,,,,,,24,,,,,,,,,,,
Infiniti,Q50 Hybrid,2015,,,17.8gal.,,,rear-wheel,v-6,3.5,296hp @ rpm,7 speed automatic,258 lb.-ft. @ rpm,,,,,,,,,,,,,24,,,,,,,,,,,
Infiniti,Q50 Hybrid,2014,,,17.8gal.,,,rear-wheel,v-6,3.5,296hp @ rpm,7 speed automatic,258 lb.-ft. @ rpm,,,,,,,,,,,,,24,,,,,,,,,,,
Infiniti,Q70h,2018,28 mpg,33 mpg,17.8gal.,5,11 cu.ft.,rear-wheel,v-6,3.5,"302hp @ 6,800rpm",7 speed automatic,"258 lb.-ft. @ 5,000rpm",4-wheel,3.5 l,213 cu.in.,302 hp,"39.1 ""","59.1 ""","72.6 ""","36.2 ""","44.0 ""","194.7 ""","37.7 ""","114.2 """,24,7,"4,178 lbs.","5,269 lbs.",,,,,,,,
Infiniti,Q70h,2017,28 mpg,33 mpg,17.8gal.,5,11 cu.ft.,rear-wheel,v-6,3.5,"302hp @ 6,800rpm",7 speed automatic,"258 lb.-ft. @ 5,000rpm",4-wheel,3.5 l,213 cu.in.,302 hp,"39.1 ""","59.1 ""","72.6 ""","36.2 ""","44.0 ""","194.7 ""","37.7 ""","114.2 """,24,7,"4,134 lbs.","5,269 lbs.",,,,,,,,
Infiniti,Q70h,2016,,,17.8gal.,,,rear-wheel,v-6,3.5,"302hp @ 6,800rpm",7 speed automatic,"258 lb.-ft. @ 5,000rpm",,,,,,,,,,,,,24,,,,,,,,,,,
Infiniti,Q70h,2015,,,17.8gal.,,,rear-wheel,v-6,3.5,"302hp @ 6,800rpm",7 speed automatic,"258 lb.-ft. @ 5,000rpm",,,,,,,,,,,,,24,,,,,,,,,,,
Infiniti,Q70h,2014,,,17.8gal.,,,rear-wheel,v-6,3.5,"302hp @ 6,800rpm",7 speed automatic,"258 lb.-ft. @ 5,000rpm",,,,,,,,,,,,,24,,,,,,,,,,,
Infiniti,EX35,2012,,,20.0gal.,,,rear-wheel,v-6,3.5,"297hp @ 6,800rpm",7 speed automatic,"253 lb.-ft. @ 4,800rpm",,,,,,,,,,,,,24,,,,,,,,,,,
Infiniti,EX35,2011,,,20.0gal.,,,rear-wheel,v-6,3.5,"297hp @ 6,800rpm",7 speed automatic,"253 lb.-ft. @ 4,800rpm",,,,,,,,,,,,,24,,,,,,,,,,,
Infiniti,EX35,2010,,,20.0gal.,,,rear-wheel,v-6,3.5,"297hp @ 6,800rpm",5 speed automatic,"253 lb.-ft. @ 4,800rpm",,,,,,,,,,,,,24,,,,,,,,,,,
Infiniti,EX35,2009,,,20.0gal.,,,all-wheel drive,v-6,3.5,"297hp @ 6,800rpm",5 speed automatic,"253 lb.-ft. @ 4,800rpm",,,,,,,,,,,,,24,,,,,,,,,,,
Infiniti,EX35,2008,,,20.0gal.,,,rear-wheel,v-6,3.5,"297hp @ 6,800rpm",5 speed automatic,"253 lb.-ft. @ 4,800rpm",,,,,,,,,,,,,24,,,,,,,,,,,
Infiniti,EX37,2013,,,20.0gal.,,,rear-wheel,v-6,3.7,"325hp @ 7,000rpm",7 speed automatic,"267 lb.-ft. @ 5,200rpm",,,,,,,,,,,,,24,,,,,,,,,,,
Infiniti,FX35,2012,,,23.8gal.,,,rear-wheel,v-6,3.5,"303hp @ 6,800rpm",7 speed automatic,"262 lb.-ft. @ 4,800rpm",,,,,,,,,,,,,24,,,,,,,,,,,
Infiniti,FX35,2011,,,23.8gal.,,,rear-wheel,v-6,3.5,"303hp @ 6,800rpm",7 speed automatic,"262 lb.-ft. @ 4,800rpm",,,,,,,,,,,,,24,,,,,,,,,,,
Infiniti,FX35,2010,,,23.8gal.,,,rear-wheel,v-6,3.5,"303hp @ 6,800rpm",7 speed automatic,"262 lb.-ft. @ 4,800rpm",,,,,,,,,,,,,24,,,,,,,,,,,
Infiniti,FX35,2009,,,23.8gal.,,,all-wheel drive,v-6,3.5,"303hp @ 6,800rpm",7 speed automatic,"262 lb.-ft. @ 4,800rpm",,,,,,,,,,,,,24,,,,,,,,,,,
Infiniti,FX35,2008,,,23.8gal.,,,rear-wheel,v-6,3.5,"275hp @ 6,200rpm",5 speed automatic,"268 lb.-ft. @ 4,800rpm",,,,,,,,,,,,,24,,,,,,,,,,,
Infiniti,FX35,2007,,,23.8gal.,,,rear-wheel,v-6,3.5,"280hp @ 6,200rpm",5 speed automatic,"270 lb.-ft. @ 4,800rpm",,,,,,,,,,,,,24,,,,,,,,,,,
Infiniti,FX35,2006,,,23.8gal.,,,rear-wheel,v-6,3.5,"280hp @ 6,200rpm",5 speed automatic,"270 lb.-ft. @ 4,800rpm",,,,,,,,,,,,,24,,,,,,,,,,,
Infiniti,FX35,2005,,,23.8gal.,,,rear-wheel,v-6,3.5,"280hp @ 6,200rpm",5 speed automatic,"270 lb.-ft. @ 4,800rpm",,,,,,,,,,,,,24,,,,,,,,,,,
Infiniti,FX35,2004,,,23.8gal.,,,rear-wheel,v-6,3.5,"280hp @ 6,200rpm",5 speed automatic,"270 lb.-ft. @ 4,800rpm",,,,,,,,,,,,,24,,,,,,,,,,,
Infiniti,FX35,2003,,,23.8gal.,,,rear-wheel,v-6,3.5,"280hp @ 6,200rpm",5 speed automatic,"270 lb.-ft. @ 4,800rpm",,,,,,,,,,,,,24,,,,,,,,,,,
Infiniti,FX37,2013,,,23.8gal.,,,rear-wheel,v-6,3.7,"325hp @ 7,000rpm",7 speed automatic,"267 lb.-ft. @ 5,200rpm",,,,,,,,,,,,,24,,,,,,,,,,,
Infiniti,FX45,2008,,,23.8gal.,,,all-wheel drive,v-8,4.5,"320hp @ 6,000rpm",5 speed automatic,"335 lb.-ft. @ 4,000rpm",,,,,,,,,,,,,32,,,,,,,,,,,
Infiniti,FX45,2007,,,23.8gal.,,,all-wheel drive,v-8,4.5,"320hp @ 6,000rpm",5 speed automatic,"335 lb.-ft. @ 4,000rpm",,,,,,,,,,,,,32,,,,,,,,,,,
Infiniti,FX45,2006,,,23.8gal.,,,all-wheel drive,v-8,4.5,"320hp @ 6,000rpm",5 speed automatic,"335 lb.-ft. @ 4,000rpm",,,,,,,,,,,,,32,,,,,,,,,,,
Infiniti,FX45,2005,,,23.8gal.,,,all-wheel drive,v-8,4.5,"315hp @ 6,400rpm",5 speed automatic,"329 lb.-ft. @ 4,000rpm",,,,,,,,,,,,,32,,,,,,,,,,,
Infiniti,FX45,2004,,,23.8gal.,,,all-wheel drive,v-8,4.5,"315hp @ 6,400rpm",5 speed automatic,"329 lb.-ft. @ 4,000rpm",,,,,,,,,,,,,32,,,,,,,,,,,
Infiniti,FX45,2003,,,23.8gal.,,,all-wheel drive,v-8,4.5,"315hp @ 6,400rpm",5 speed automatic,"329 lb.-ft. @ 4,000rpm",,,,,,,,,,,,,32,,,,,,,,,,,
Infiniti,FX50,2013,,,23.8gal.,,,all-wheel drive,v-8,5.0,"390hp @ 6,500rpm",7 speed automatic,"369 lb.-ft. @ 4,400rpm",,,,,,,,,,,,,32,,,,,,,,,,,
Infiniti,FX50,2012,,,23.8gal.,,,all-wheel drive,v-8,5.0,"390hp @ 6,500rpm",7 speed automatic,"369 lb.-ft. @ 4,400rpm",,,,,,,,,,,,,32,,,,,,,,,,,
Infiniti,FX50,2011,,,23.8gal.,,,all-wheel drive,v-8,5.0,"390hp @ 6,500rpm",7 speed automatic,"369 lb.-ft. @ 4,400rpm",,,,,,,,,,,,,32,,,,,,,,,,,
Infiniti,FX50,2010,,,23.8gal.,,,all-wheel drive,v-8,5.0,"390hp @ 6,500rpm",7 speed automatic,"369 lb.-ft. @ 4,400rpm",,,,,,,,,,,,,32,,,,,,,,,,,
Infiniti,FX50,2009,,,23.8gal.,,,all-wheel drive,v-8,5.0,"390hp @ 6,500rpm",7 speed automatic,"370 lb.-ft. @ 4,400rpm",,,,,,,,,,,,,32,,,,,,,,,,,
Infiniti,G20,2002,,,15.9gal.,,,front-wheel,i-4,2.0,"145hp @ 6,000rpm",5 speed manual,"136 lb.-ft. @ 4,800rpm",,,,,,,,,,,,,16,,,,,,,,,,,
Infiniti,G20,2001,,,15.9gal.,,,front-wheel,i-4,2.0,"145hp @ 6,000rpm",5 speed manual,"136 lb.-ft. @ 4,800rpm",,,,,,,,,,,,,16,,,,,,,,,,,
Infiniti,G20,2000,,,15.9gal.,,,front-wheel,i-4,2.0,"145hp @ 6,400rpm",5 speed manual,"136 lb.-ft. @ 4,800rpm",,,,,,,,,,,,,16,,,,,,,,,,,
Infiniti,G20,1999,,,15.9gal.,,,front-wheel,i-4,2.0,"140hp @ 6,400rpm",5 speed manual,"132 lb.-ft. @ 4,800rpm",,,,,,,,,,,,,16,,,,,,,,,,,
Infiniti,G25,2012,,,20.0gal.,,,rear-wheel,v-6,2.5,"218hp @ 6,400rpm",7 speed automatic,"187 lb.-ft. @ 4,800rpm",,,,,,,,,,,,,24,,,,,,,,,,,
Infiniti,G25,2011,,,20.0gal.,,,rear-wheel,v-6,2.5,"218hp @ 6,400rpm",7 speed automatic,"187 lb.-ft. @ 4,800rpm",,,,,,,,,,,,,24,,,,,,,,,,,
Infiniti,G25x,2012,,,20.0gal.,,,all-wheel drive,v-6,2.5,"218hp @ 6,400rpm",7 speed automatic,"187 lb.-ft. @ 4,800rpm",,,,,,,,,,,,,24,,,,,,,,,,,
Infiniti,G25x,2011,,,20.0gal.,,,all-wheel drive,v-6,2.5,"218hp @ 6,400rpm",7 speed automatic,"187 lb.-ft. @ 4,800rpm",,,,,,,,,,,,,24,,,,,,,,,,,
Infiniti,G35,2008,,,20.0gal.,,,rear-wheel,v-6,3.5,"306hp @ 6,800rpm",5 speed automatic,"268 lb.-ft. @ 4,800rpm",,,,,,,,,,,,,24,,,,,,,,,,,
Infiniti,G35,2007,,,20.0gal.,,,rear-wheel,v-6,3.5,"306hp @ 6,800rpm",5 speed automatic,"268 lb.-ft. @ 4,800rpm",,,,,,,,,,,,,24,,,,,,,,,,,
Infiniti,G35,2006,,,20.0gal.,,,rear-wheel,v-6,3.5,"280hp @ 6,200rpm",5 speed automatic,"270 lb.-ft. @ 4,800rpm",,,,,,,,,,,,,24,,,,,,,,,,,
Infiniti,G35,2005,,,20.0gal.,,,rear-wheel,v-6,3.5,"280hp @ 6,200rpm",5 speed automatic,"270 lb.-ft. @ 4,800rpm",,,,,,,,,,,,,24,,,,,,,,,,,
Infiniti,G35,2004,,,20.0gal.,,,rear-wheel,v-6,3.5,"280hp @ 6,200rpm",5 speed automatic,"270 lb.-ft. @ 4,800rpm",,,,,,,,,,,,,24,,,,,,,,,,,
Infiniti,G35,2003,,,20.0gal.,,,rear-wheel,v-6,3.5,"260hp @ 6,000rpm",5 speed automatic,"260 lb.-ft. @ 4,800rpm",,,,,,,,,,,,,24,,,,,,,,,,,
Infiniti,G35x,2008,,,20.0gal.,,,all-wheel drive,v-6,3.5,"306hp @ 6,800rpm",5 speed automatic,"268 lb.-ft. @ 4,800rpm",,,,,,,,,,,,,24,,,,,,,,,,,
Infiniti,G35x,2007,,,20.0gal.,,,all-wheel drive,v-6,3.5,"306hp @ 6,800rpm",5 speed automatic,"268 lb.-ft. @ 4,800rpm",,,,,,,,,,,,,24,,,,,,,,,,,
Infiniti,G35x,2006,,,20.0gal.,,,all-wheel drive,v-6,3.5,"280hp @ 6,200rpm",5 speed automatic,"270 lb.-ft. @ 4,800rpm",,,,,,,,,,,,,24,,,,,,,,,,,
Infiniti,G35x,2005,,,20.0gal.,,,all-wheel drive,v-6,3.5,"280hp @ 6,200rpm",5 speed automatic,"270 lb.-ft. @ 4,800rpm",,,,,,,,,,,,,24,,,,,,,,,,,
Infiniti,G35x,2004,,,20.0gal.,,,all-wheel drive,v-6,3.5,"260hp @ 6,000rpm",5 speed automatic,"260 lb.-ft. @ 4,800rpm",,,,,,,,,,,,,24,,,,,,,,,,,
Infiniti,G37,2013,,,20.0gal.,,,rear-wheel,v-6,3.7,"328hp @ 7,000rpm",7 speed automatic,"269 lb.-ft. @ 5,200rpm",,,,,,,,,,,,,24,,,,,,,,,,,
Infiniti,G37,2012,,,20.0gal.,,,rear-wheel,v-6,3.7,"330hp @ 7,000rpm",7 speed automatic,"270 lb.-ft. @ 5,200rpm",,,,,,,,,,,,,24,,,,,,,,,,,
Infiniti,G37,2011,,,20.0gal.,,,rear-wheel,v-6,3.7,"328hp @ 7,000rpm",7 speed automatic,"269 lb.-ft. @ 5,200rpm",,,,,,,,,,,,,24,,,,,,,,,,,
Infiniti,G37,2010,,,20.0gal.,,,rear-wheel,v-6,3.7,"330hp @ 7,000rpm",7 speed automatic,"270 lb.-ft. @ 5,200rpm",,,,,,,,,,,,,24,,,,,,,,,,,
Infiniti,G37,2009,,,20.0gal.,,,rear-wheel,v-6,3.7,"330hp @ 7,000rpm",7 speed automatic,"270 lb.-ft. @ 5,200rpm",,,,,,,,,,,,,24,,,,,,,,,,,
Infiniti,G37,2008,,,20.0gal.,,,rear-wheel,v-6,3.7,"330hp @ 7,000rpm",5 speed automatic,"270 lb.-ft. @ 5,200rpm",,,,,,,,,,,,,24,,,,,,,,,,,
Infiniti,G37x,2013,,,20.0gal.,,,all-wheel drive,v-6,3.7,"328hp @ 7,000rpm",7 speed automatic,"269 lb.-ft. @ 5,200rpm",,,,,,,,,,,,,24,,,,,,,,,,,
Infiniti,G37x,2012,,,20.0gal.,,,all-wheel drive,v-6,3.7,"328hp @ 7,000rpm",7 speed automatic,"269 lb.-ft. @ 5,200rpm",,,,,,,,,,,,,24,,,,,,,,,,,
Infiniti,G37x,2011,,,20.0gal.,,,all-wheel drive,v-6,3.7,"328hp @ 7,000rpm",7 speed automatic,"269 lb.-ft. @ 5,200rpm",,,,,,,,,,,,,24,,,,,,,,,,,
Infiniti,G37x,2010,,,20.0gal.,,,all-wheel drive,v-6,3.7,"328hp @ 7,000rpm",7 speed automatic,"269 lb.-ft. @ 5,200rpm",,,,,,,,,,,,,24,,,,,,,,,,,
Infiniti,G37x,2009,,,20.0gal.,,,all-wheel drive,v-6,3.7,"330hp @ 7,000rpm",7 speed automatic,"270 lb.-ft. @ 5,200rpm",,,,,,,,,,,,,24,,,,,,,,,,,
Infiniti,I30,2001,,,18.5gal.,,,front-wheel,v-6,3.0,"227hp @ 6,400rpm",4 speed automatic,"217 lb.-ft. @ 4,000rpm",,,,,,,,,,,,,24,,,,,,,,,,,
Infiniti,I30,2000,,,18.5gal.,,,front-wheel,v-6,3.0,"227hp @ 6,400rpm",4 speed automatic,"217 lb.-ft. @ 4,000rpm",,,,,,,,,,,,,24,,,,,,,,,,,
Infiniti,I30,1999,,,18.5gal.,,,front-wheel,v-6,3.0,"190hp @ 5,600rpm",4 speed automatic,"205 lb.-ft. @ 4,000rpm",,,,,,,,,,,,,24,,,,,,,,,,,
Infiniti,I35,2004,,,18.5gal.,,,front-wheel,v-6,3.5,"255hp @ 5,800rpm",4 speed automatic,"246 lb.-ft. @ 4,400rpm",,,,,,,,,,,,,24,,,,,,,,,,,
Infiniti,I35,2003,,,18.5gal.,,,front-wheel,v-6,3.5,"255hp @ 5,800rpm",4 speed automatic,"246 lb.-ft. @ 4,400rpm",,,,,,,,,,,,,24,,,,,,,,,,,
Infiniti,I35,2002,,,18.5gal.,,,front-wheel,v-6,3.5,"255hp @ 5,800rpm",4 speed automatic,"246 lb.-ft. @ 4,400rpm",,,,,,,,,,,,,24,,,,,,,,,,,
Infiniti,IPL G,2013,,,20.0gal.,,,rear-wheel,v-6,3.7,"348hp @ 7,400rpm",6 speed manual,"276 lb.-ft. @ 5,200rpm",,,,,,,,,,,,,24,,,,,,,,,,,
Infiniti,JX35,2013,,,19.5gal.,,,front-wheel,v-6,3.5,"265hp @ 6,400rpm",continuously variable automatic,"248 lb.-ft. @ 4,400rpm",,,,,,,,,,,,,24,,,,,,,,,,,
Infiniti,M35,2010,,,20.0gal.,,,rear-wheel,v-6,3.5,"303hp @ 6,800rpm",7 speed automatic,"262 lb.-ft. @ 4,800rpm",,,,,,,,,,,,,24,,,,,,,,,,,
Infiniti,M35,2009,,,20.0gal.,,,rear-wheel,v-6,3.5,"303hp @ 6,800rpm",7 speed automatic,"262 lb.-ft. @ 4,800rpm",,,,,,,,,,,,,24,,,,,,,,,,,
Infiniti,M35,2008,,,20.0gal.,,,rear-wheel,v-6,3.5,"275hp @ 6,200rpm",5 speed automatic,"268 lb.-ft. @ 4,800rpm",,,,,,,,,,,,,24,,,,,,,,,,,
Infiniti,M35,2007,,,20.0gal.,,,rear-wheel,v-6,3.5,"275hp @ 6,200rpm",5 speed automatic,"268 lb.-ft. @ 4,800rpm",,,,,,,,,,,,,24,,,,,,,,,,,
Infiniti,M35,2006,,,20.0gal.,,,rear-wheel,v-6,3.5,"280hp @ 6,200rpm",5 speed automatic,"270 lb.-ft. @ 4,800rpm",,,,,,,,,,,,,24,,,,,,,,,,,
Infiniti,M35h,2013,,,17.8gal.,,,rear-wheel,v-6,3.5,"302hp @ 6,800rpm",7 speed automatic,"258 lb.-ft. @ 5,000rpm",,,,,,,,,,,,,24,,,,,,,,,,,
Infiniti,M35h,2012,,,17.8gal.,,,rear-wheel,v-6,3.5,"302hp @ 6,800rpm",7 speed automatic,"258 lb.-ft. @ 5,000rpm",,,,,,,,,,,,,24,,,,,,,,,,,
Infiniti,M35x,2010,,,20.0gal.,,,all-wheel drive,v-6,3.5,"303hp @ 6,800rpm",5 speed automatic,"262 lb.-ft. @ 4,800rpm",,,,,,,,,,,,,24,,,,,,,,,,,
Infiniti,M35x,2009,,,20.0gal.,,,all-wheel drive,v-6,3.5,"303hp @ 6,800rpm",5 speed automatic,"262 lb.-ft. @ 4,800rpm",,,,,,,,,,,,,24,,,,,,,,,,,
Infiniti,M35x,2008,,,20.0gal.,,,all-wheel drive,v-6,3.5,"275hp @ 6,200rpm",5 speed automatic,"268 lb.-ft. @ 4,800rpm",,,,,,,,,,,,,24,,,,,,,,,,,
Infiniti,M35x,2007,,,20.0gal.,,,all-wheel drive,v-6,3.5,"275hp @ 6,200rpm",5 speed automatic,"268 lb.-ft. @ 4,800rpm",,,,,,,,,,,,,24,,,,,,,,,,,
Infiniti,M35x,2006,,,20.0gal.,,,all-wheel drive,v-6,3.5,"280hp @ 6,200rpm",5 speed automatic,"270 lb.-ft. @ 4,800rpm",,,,,,,,,,,,,24,,,,,,,,,,,
Infiniti,M37,2013,,,20.0gal.,,,rear-wheel,v-6,3.7,"330hp @ 7,000rpm",7 speed automatic,"270 lb.-ft. @ 5,200rpm",,,,,,,,,,,,,24,,,,,,,,,,,
Infiniti,M37,2012,,,20.0gal.,,,rear-wheel,v-6,3.7,"330hp @ 7,000rpm",7 speed automatic,"270 lb.-ft. @ 5,200rpm",,,,,,,,,,,,,24,,,,,,,,,,,
Infiniti,M37,2011,,,20.0gal.,,,rear-wheel,v-6,3.7,"330hp @ 7,000rpm",7 speed automatic,"270 lb.-ft. @ 5,200rpm",,,,,,,,,,,,,24,,,,,,,,,,,
Infiniti,M37x,2013,,,20.0gal.,,,all-wheel drive,v-6,3.7,"330hp @ 7,000rpm",7 speed automatic,"270 lb.-ft. @ 5,200rpm",,,,,,,,,,,,,24,,,,,,,,,,,
Infiniti,M37x,2012,17 mpg,24 mpg,20.0gal.,5,15 cu.ft.,all-wheel drive,v-6,3.7,"330hp @ 7,000rpm",7 speed automatic,"270 lb.-ft. @ 5,200rpm",4-wheel,3.7 l,226 cu.in.,330 hp,"39.1 ""","59.6 ""","72.6 ""","36.2 ""","44.0 ""","194.7 ""","37.7 ""","114.2 """,24,7,"4,063 lbs.","5,137 lbs.",,,,,,,,
Infiniti,M37x,2011,,,20.0gal.,,,all-wheel drive,v-6,3.7,"330hp @ 7,000rpm",7 speed automatic,"270 lb.-ft. @ 5,200rpm",,,,,,,,,,,,,24,,,,,,,,,,,
Infiniti,QX4,2003,,,21.1gal.,,,rear-wheel,v-6,3.5,"240hp @ 6,000rpm",4 speed automatic,"265 lb.-ft. @ 3,200rpm",,,,,,,,,,,,,24,,,,,,,,,,,
Infiniti,QX4,2002,,,21.1gal.,,,rear-wheel,v-6,3.5,"240hp @ 6,000rpm",4 speed automatic,"265 lb.-ft. @ 3,200rpm",,,,,,,,,,,,,24,,,,,,,,,,,
Infiniti,QX4,2001,,,21.1gal.,,,rear-wheel,v-6,3.5,"240hp @ 6,000rpm",4 speed automatic,"265 lb.-ft. @ 3,200rpm",,,,,,,,,,,,,24,,,,,,,,,,,
Infiniti,QX4,2000,,,21.1gal.,,,four-wheel,v-6,3.3,"170hp @ 4,800rpm",4 speed automatic,"200 lb.-ft. @ 2,800rpm",,,,,,,,,,,,,12,,,,,,,,,,,
Infiniti,QX4,1999,15 mpg,19 mpg,21.1gal.,5,85 cu.ft.,four-wheel,v-6,3.3,"168hp @ 4,800rpm",4 speed automatic,"196 lb.-ft. @ 2,800rpm",4-wheel,3.3 l,200 cu.in.,168 hp,"39.5 ""","70.7 ""","72.4 ""","31.8 ""","41.7 ""","183.9 ""","37.5 ""","106.3 """,12,4,"4,275 lbs.","5,150 lbs.","5,000 lbs.",,,,,,,
Infiniti,QX30,2018,24 mpg,33 mpg,13.2gal.,5,34 cu.ft.,front-wheel,i-4,2.0,"208hp @ 5,500rpm",7 speed automatic with auto-shift,"258 lb.-ft. @ 1,200rpm",4-wheel,2.0 l,121 cu.in.,208 hp,"38.4 ""","58.9 ""","82.0 ""","33.5 ""","41.3 ""","174.2 ""","37.5 ""","106.3 """,16,7,"3,280 lbs.","4,277 lbs.",,,,,,,,
Infiniti,QX30,2017,24 mpg,33 mpg,13.2gal.,5,34 cu.ft.,front-wheel,i-4,2.0,"208hp @ 5,500rpm",7 speed automatic with auto-shift,"258 lb.-ft. @ 1,200rpm",4-wheel,2.0 l,121 cu.in.,208 hp,"38.4 ""","58.9 ""","71.1 ""","33.5 ""","41.3 ""","174.2 ""","37.5 ""","106.3 """,16,7,"3,280 lbs.","4,277 lbs.",,,,,,,,
Infiniti,QX50,2019,24 mpg,31 mpg,16.0gal.,5,65 cu.ft.,front-wheel,i-4,2.0,"268hp @ 5,600rpm",continuously variable automatic,"280 lb.-ft. @ 1,600rpm",4-wheel,2.0 l,121 cu.in.,268 hp,"41.0 ""","66.0 ""","74.9 ""","38.7 ""","39.6 ""","184.7 ""","39.1 ""","110.2 """,16,continuously variable,"3,810 lbs.","4,916 lbs.",,,,,,,,
Infiniti,QX50,2017,17 mpg,24 mpg,20.0gal.,5,50 cu.ft.,rear-wheel,v-6,3.7,"325hp @ 7,000rpm",7 speed automatic,"267 lb.-ft. @ 5,200rpm",4-wheel,3.7 l,226 cu.in.,325 hp,"38.7 ""","62.7 ""","71.0 ""","35.3 ""","44.3 ""","186.8 ""","37.7 ""","113.4 """,24,7,"3,855 lbs.","4,883 lbs.",,,,,,,,
Infiniti,QX50,2016,17 mpg,24 mpg,20.0gal.,5,50 cu.ft.,rear-wheel,v-6,3.7,"325hp @ 7,000rpm",7 speed automatic,"267 lb.-ft. @ 5,200rpm",4-wheel,3.7 l,226 cu.in.,325 hp,"38.7 ""","62.7 ""","71.0 ""","35.3 ""","44.3 ""","186.8 ""","37.7 ""","113.4 """,24,7,"3,855 lbs.","4,883 lbs.",,,,,,,,
Infiniti,QX50,2015,,,20.0gal.,,,rear-wheel,v-6,3.7,"325hp @ 7,000rpm",7 speed automatic,"267 lb.-ft. @ 5,200rpm",,,,,,,,,,,,,24,,,,,,,,,,,
Infiniti,QX50,2014,,,20.0gal.,,,rear-wheel,v-6,3.7,"325hp @ 7,000rpm",7 speed automatic,"267 lb.-ft. @ 5,200rpm",,,,,,,,,,,,,24,,,,,,,,,,,
Infiniti,QX60,2019,,,19.5gal.,7,76 cu.ft.,front-wheel,v-6,3.5,"295hp @ 6,400rpm",continuously variable automatic,"270 lb.-ft. @ 4,800rpm",4-wheel,3.5 l,213 cu.in.,295 hp,"40.7 ""","68.6 ""","77.2 ""","41.7 ""","42.2 ""","200.1 ""","38.2 ""","114.2 """,24,continuously variable,"4,390 lbs.","5,986 lbs.","5,000 lbs.",,,,,,,
Infiniti,QX60,2018,20 mpg,27 mpg,19.5gal.,7,76 cu.ft.,front-wheel,v-6,3.5,"295hp @ 6,400rpm",continuously variable automatic,"270 lb.-ft. @ 4,800rpm",4-wheel,3.5 l,213 cu.in.,295 hp,"40.7 ""","68.6 ""","77.2 ""","41.7 ""","42.2 ""","200.1 ""","38.2 ""","114.2 """,24,continuously variable,"4,390 lbs.","5,986 lbs.","5,000 lbs.",,,,,,,
Infiniti,QX60,2017,19 mpg,26 mpg,19.5gal.,7,77 cu.ft.,all-wheel drive,v-6,3.5,"295hp @ 6,400rpm",continuously variable automatic,"270 lb.-ft. @ 4,800rpm",4-wheel,3.5 l,213 cu.in.,295 hp,"40.7 ""","68.6 ""","77.2 ""","41.7 ""","42.3 ""","196.4 ""","38.3 ""","114.2 """,24,continuously variable,"4,462 lbs.","5,937 lbs.","3,500 lbs.",,,,,,,
Infiniti,QX60,2016,21 mpg,27 mpg,19.5gal.,7,77 cu.ft.,front-wheel,v-6,3.5,"265hp @ 6,400rpm",continuously variable automatic,"248 lb.-ft. @ 4,400rpm",4-wheel,3.5 l,213 cu.in.,265 hp,"40.7 ""","68.6 ""","77.2 ""","41.7 ""","42.3 ""","196.4 ""","38.3 ""","114.2 """,24,continuously variable,"4,323 lbs.","5,736 lbs.","3,500 lbs.",,,,,,,
Infiniti,QX60,2015,,,19.5gal.,,,front-wheel,v-6,3.5,"265hp @ 6,400rpm",continuously variable automatic,"248 lb.-ft. @ 4,400rpm",,,,,,,,,,,,,24,,,,,,,,,,,
Infiniti,QX60,2014,,,19.5gal.,,,front-wheel,v-6,3.5,"265hp @ 6,400rpm",continuously variable automatic,"248 lb.-ft. @ 4,400rpm",,,,,,,,,,,,,24,,,,,,,,,,,
