make,model,year,city,highway,fuel tank capacity,total seating capacity,max cargo capacity,drive type,cylinder configuration,engine liters,horsepower,transmission,torque,abs,size,displacement,horse power,front head room,overall height,overall width,rear leg room,front leg room,overall length,rear head room,wheelbase,number of valves,number of speeds,curb weight,gross vehicle weight,towing capacity,number of doors,speakers,approach angle,ground clearance (max),ramp breakover angle,departure angle,ground clearance
Jaguar,F-TYPE,2018,16 mpg,24 mpg,18.5gal.,2,14 cu.ft.,rear-wheel,v-6,3.0,"340hp @ 6,500rpm",6 speed manual,"332 lb.-ft. @ 3,500rpm",4-wheel,3.0 l,183 cu.in.,340 hp,"36.8 ""","51.6 ""","75.7 """,,"42.8 ""","176.5 """,,"103.2 """,24,6,"3,455 lbs.","4,519 lbs.",,,,,,,,
Jaguar,F-TYPE,2017,16 mpg,24 mpg,18.5gal.,2,14 cu.ft.,rear-wheel,v-6,3.0,"340hp @ 6,500rpm",6 speed manual,"332 lb.-ft. @ 3,500rpm",4-wheel,3.0 l,183 cu.in.,340 hp,"37.0 ""","51.6 ""","75.7 """,,"43.0 ""","176.0 """,,"103.2 """,24,6,"3,455 lbs.","4,409 lbs.",,,,,,,,
Jaguar,F-TYPE,2016,,,18.5gal.,,,rear-wheel,v-6,3.0,"340hp @ 6,500rpm",6 speed manual,"332 lb.-ft. @ 3,500rpm",,,,,,,,,,,,,24,,,,,,,,,,,
Jaguar,F-TYPE,2015,,,18.5gal.,,,rear-wheel,v-6,3.0,"340hp @ 6,500rpm",8 speed automatic,"332 lb.-ft. @ 3,500rpm",,,,,,,,,,,,,24,,,,,,,,,,,
Jaguar,F-TYPE,2014,,,19.0gal.,,,rear-wheel,v-6,3.0,"340hp @ 6,500rpm",8 speed automatic,"332 lb.-ft. @ 3,500rpm",,,,,,,,,,,,,24,,,,,,,,,,,
Jaguar,XF,2018,31 mpg,42 mpg,17.4gal.,5,18 cu.ft.,rear-wheel,i-4,2.0,"180hp @ 4,000rpm",8 speed automatic,"318 lb.-ft. @ 1,750rpm",4-wheel,2.0 l,122 cu.in.,180 hp,"37.1 ""","57.4 ""","78.2 ""","36.6 ""","41.5 ""","195.2 ""","37.6 ""","116.5 """,16,8,"3,520 lbs.",,,,,,,,,
Jaguar,XF,2017,,,19.5gal.,,,rear-wheel,i-4,2.0,"180hp @ 4,000rpm",8 speed automatic,"318 lb.-ft. @ 1,750rpm",,,,,,,,,,,,,16,,,,,,,,,,,
Jaguar,XF,2016,,,19.5gal.,,,rear-wheel,v-6,3.0,"340hp @ 6,500rpm",8 speed automatic,"332 lb.-ft. @ 3,500rpm",,,,,,,,,,,,,24,,,,,,,,,,,
Jaguar,XF,2015,,,18.4gal.,,,rear-wheel,i-4,2.0,"240hp @ 5,500rpm",8 speed automatic,"251 lb.-ft. @ 2,000rpm",,,,,,,,,,,,,16,,,,,,,,,,,
Jaguar,XF,2014,,,18.4gal.,,,rear-wheel,i-4,2.0,"240hp @ 5,500rpm",8 speed automatic,"251 lb.-ft. @ 2,000rpm",,,,,,,,,,,,,16,,,,,,,,,,,
Jaguar,XF,2013,,,18.4gal.,,,rear-wheel,i-4,2.0,"240hp @ 5,500rpm",8 speed automatic,"251 lb.-ft. @ 2,000rpm",,,,,,,,,,,,,16,,,,,,,,,,,
Jaguar,XF,2012,,,18.4gal.,,,rear-wheel,v-8,5.0,"385hp @ 6,500rpm",6 speed automatic,"380 lb.-ft. @ 3,500rpm",,,,,,,,,,,,,32,,,,,,,,,,,
Jaguar,XF,2011,,,18.4gal.,,,rear-wheel,v-8,5.0,"385hp @ 6,500rpm",6 speed automatic,"380 lb.-ft. @ 3,500rpm",,,,,,,,,,,,,32,,,,,,,,,,,
Jaguar,XF,2010,,,18.4gal.,,,rear-wheel,v-8,4.2,"300hp @ 6,000rpm",6 speed automatic,"310 lb.-ft. @ 4,100rpm",,,,,,,,,,,,,32,,,,,,,,,,,
Jaguar,XF,2009,,,18.4gal.,,,rear-wheel,v-8,4.2,"300hp @ 6,000rpm",6 speed automatic,"310 lb.-ft. @ 4,100rpm",,,,,,,,,,,,,32,,,,,,,,,,,
Jaguar,F-TYPE,2018,16 mpg,24 mpg,18.5gal.,2,14 cu.ft.,rear-wheel,v-6,3.0,"340hp @ 6,500rpm",6 speed manual,"332 lb.-ft. @ 3,500rpm",4-wheel,3.0 l,183 cu.in.,340 hp,"36.8 ""","51.6 ""","75.7 """,,"42.8 ""","176.5 """,,"103.2 """,24,6,"3,455 lbs.","4,519 lbs.",,,,,,,,
Jaguar,F-TYPE,2017,16 mpg,24 mpg,18.5gal.,2,14 cu.ft.,rear-wheel,v-6,3.0,"340hp @ 6,500rpm",6 speed manual,"332 lb.-ft. @ 3,500rpm",4-wheel,3.0 l,183 cu.in.,340 hp,"37.0 ""","51.6 ""","75.7 """,,"43.0 ""","176.0 """,,"103.2 """,24,6,"3,455 lbs.","4,409 lbs.",,,,,,,,
Jaguar,F-TYPE,2016,,,18.5gal.,,,rear-wheel,v-6,3.0,"340hp @ 6,500rpm",6 speed manual,"332 lb.-ft. @ 3,500rpm",,,,,,,,,,,,,24,,,,,,,,,,,
Jaguar,F-TYPE,2015,,,18.5gal.,,,rear-wheel,v-6,3.0,"340hp @ 6,500rpm",8 speed automatic,"332 lb.-ft. @ 3,500rpm",,,,,,,,,,,,,24,,,,,,,,,,,
Jaguar,F-TYPE,2014,,,19.0gal.,,,rear-wheel,v-6,3.0,"340hp @ 6,500rpm",8 speed automatic,"332 lb.-ft. @ 3,500rpm",,,,,,,,,,,,,24,,,,,,,,,,,
Jaguar,XK,2015,,,16.1gal.,,,rear-wheel,v-8,5.0,"385hp @ 6,500rpm",6 speed automatic,"380 lb.-ft. @ 3,500rpm",,,,,,,,,,,,,32,,,,,,,,,,,
Jaguar,XK,2014,,,16.1gal.,,,rear-wheel,v-8,5.0,"385hp @ 6,500rpm",6 speed automatic,"380 lb.-ft. @ 3,500rpm",,,,,,,,,,,,,32,,,,,,,,,,,
Jaguar,XK,2013,,,16.1gal.,,,rear-wheel,v-8,5.0,"385hp @ 6,500rpm",6 speed automatic,"380 lb.-ft. @ 3,500rpm",,,,,,,,,,,,,32,,,,,,,,,,,
Jaguar,XK,2012,,,16.1gal.,,,rear-wheel,v-8,5.0,"385hp @ 6,500rpm",6 speed automatic,"380 lb.-ft. @ 3,500rpm",,,,,,,,,,,,,32,,,,,,,,,,,
Jaguar,XK,2011,,,16.1gal.,,,rear-wheel,v-8,5.0,"385hp @ 6,500rpm",6 speed automatic,"380 lb.-ft. @ 3,500rpm",,,,,,,,,,,,,32,,,,,,,,,,,
Jaguar,XK,2010,,,16.1gal.,,,rear-wheel,v-8,5.0,"385hp @ 6,500rpm",6 speed automatic,"380 lb.-ft. @ 3,500rpm",,,,,,,,,,,,,32,,,,,,,,,,,
Jaguar,XK,2009,,,18.7gal.,,,rear-wheel,v-8,4.2,"300hp @ 6,000rpm",6 speed automatic,"310 lb.-ft. @ 4,100rpm",,,,,,,,,,,,,32,,,,,,,,,,,
Jaguar,XK,2008,,,18.7gal.,,,rear-wheel,v-8,4.2,"300hp @ 6,000rpm",6 speed automatic,"310 lb.-ft. @ 4,100rpm",,,,,,,,,,,,,32,,,,,,,,,,,
Jaguar,XK,2007,,,18.7gal.,,,rear-wheel,v-8,4.2,"300hp @ 6,000rpm",6 speed automatic,"310 lb.-ft. @ 4,100rpm",,,,,,,,,,,,,32,,,,,,,,,,,
Jaguar,F-TYPE,2018,16 mpg,24 mpg,18.5gal.,2,14 cu.ft.,rear-wheel,v-6,3.0,"340hp @ 6,500rpm",6 speed manual,"332 lb.-ft. @ 3,500rpm",4-wheel,3.0 l,183 cu.in.,340 hp,"36.8 ""","51.6 ""","75.7 """,,"42.8 ""","176.5 """,,"103.2 """,24,6,"3,455 lbs.","4,519 lbs.",,,,,,,,
Jaguar,F-TYPE,2017,16 mpg,24 mpg,18.5gal.,2,14 cu.ft.,rear-wheel,v-6,3.0,"340hp @ 6,500rpm",6 speed manual,"332 lb.-ft. @ 3,500rpm",4-wheel,3.0 l,183 cu.in.,340 hp,"37.0 ""","51.6 ""","75.7 """,,"43.0 ""","176.0 """,,"103.2 """,24,6,"3,455 lbs.","4,409 lbs.",,,,,,,,
Jaguar,F-TYPE,2016,,,18.5gal.,,,rear-wheel,v-6,3.0,"340hp @ 6,500rpm",6 speed manual,"332 lb.-ft. @ 3,500rpm",,,,,,,,,,,,,24,,,,,,,,,,,
Jaguar,F-TYPE,2015,,,18.5gal.,,,rear-wheel,v-6,3.0,"340hp @ 6,500rpm",8 speed automatic,"332 lb.-ft. @ 3,500rpm",,,,,,,,,,,,,24,,,,,,,,,,,
Jaguar,F-TYPE,2014,,,19.0gal.,,,rear-wheel,v-6,3.0,"340hp @ 6,500rpm",8 speed automatic,"332 lb.-ft. @ 3,500rpm",,,,,,,,,,,,,24,,,,,,,,,,,
Jaguar,I-PACE,2019,,,,5,52 cu.ft.,all-wheel drive,,,"394hp @ 4,250rpm",1 speed automatic,512 lb.-ft. @ rpm,4-wheel,,,394 hp,"39.9 ""","61.3 ""","74.6 ""","35.0 ""","40.9 ""","184.3 ""","38.1 ""","117.7 """,,1,"4,784 lbs.",,,,,,,,,
Jaguar,S-Type,2008,,,18.4gal.,,,rear-wheel,v-6,3.0,"235hp @ 6,800rpm",6 speed automatic,"216 lb.-ft. @ 3,000rpm",,,,,,,,,,,,,24,,,,,,,,,,,
Jaguar,S-Type,2007,,,18.4gal.,,,rear-wheel,v-6,3.0,"235hp @ 6,800rpm",6 speed automatic,"216 lb.-ft. @ 3,000rpm",,,,,,,,,,,,,24,,,,,,,,,,,
Jaguar,S-Type,2006,,,18.4gal.,,,rear-wheel,v-6,3.0,"235hp @ 6,800rpm",6 speed automatic,"216 lb.-ft. @ 3,000rpm",,,,,,,,,,,,,24,,,,,,,,,,,
Jaguar,S-Type,2005,,,18.4gal.,,,rear-wheel,v-6,3.0,"235hp @ 6,800rpm",6 speed automatic,"216 lb.-ft. @ 4,100rpm",,,,,,,,,,,,,24,,,,,,,,,,,
Jaguar,S-Type,2004,,,18.4gal.,,,rear-wheel,v-6,3.0,"235hp @ 6,800rpm",5 speed manual,"216 lb.-ft. @ 4,100rpm",,,,,,,,,,,,,24,,,,,,,,,,,
Jaguar,S-Type,2003,,,18.4gal.,,,rear-wheel,v-6,3.0,"240hp @ 6,800rpm",6 speed automatic,"221 lb.-ft. @ 4,100rpm",,,,,,,,,,,,,24,,,,,,,,,,,
Jaguar,S-Type,2002,,,18.4gal.,,,rear-wheel,v-6,3.0,"240hp @ 6,800rpm",5 speed automatic,"221 lb.-ft. @ 4,500rpm",,,,,,,,,,,,,24,,,,,,,,,,,
Jaguar,S-Type,2001,,,18.4gal.,,,rear-wheel,v-6,3.0,"240hp @ 6,800rpm",5 speed automatic,"221 lb.-ft. @ 4,500rpm",,,,,,,,,,,,,24,,,,,,,,,,,
Jaguar,S-Type,2000,,,18.4gal.,,,rear-wheel,v-6,3.0,"240hp @ 6,800rpm",5 speed automatic,"221 lb.-ft. @ 4,500rpm",,,,,,,,,,,,,24,,,,,,,,,,,
Jaguar,X-Type,2008,,,16.0gal.,,,traction4 all-wheel drive,v-6,3.0,"227hp @ 6,800rpm",5 speed automatic,"206 lb.-ft. @ 3,000rpm",,,,,,,,,,,,,24,,,,,,,,,,,
Jaguar,X-Type,2007,,,16.0gal.,,,traction4 all-wheel drive,v-6,3.0,"227hp @ 6,800rpm",5 speed automatic,"206 lb.-ft. @ 3,000rpm",,,,,,,,,,,,,24,,,,,,,,,,,
Jaguar,X-Type,2006,,,16.0gal.,,,traction4 all-wheel drive,v-6,3.0,"227hp @ 6,800rpm",5 speed automatic,"206 lb.-ft. @ 3,000rpm",,,,,,,,,,,,,24,,,,,,,,,,,
Jaguar,X-Type,2005,,,16.0gal.,,,traction4 all-wheel drive,v-6,2.5,"192hp @ 6,800rpm",5 speed automatic,"178 lb.-ft. @ 3,000rpm",,,,,,,,,,,,,24,,,,,,,,,,,
Jaguar,X-Type,2004,,,16.0gal.,,,traction4 all-wheel drive,v-6,2.5,"192hp @ 6,800rpm",5 speed automatic,"178 lb.-ft. @ 3,000rpm",,,,,,,,,,,,,24,,,,,,,,,,,
Jaguar,X-Type,2003,,,16.0gal.,,,all-wheel drive,v-6,2.5,"194hp @ 6,800rpm",5 speed manual,"180 lb.-ft. @ 3,000rpm",,,,,,,,,,,,,24,,,,,,,,,,,
Jaguar,X-Type,2002,,,16.0gal.,,,all-wheel drive,v-6,2.5,"194hp @ 6,800rpm",5 speed manual,"180 lb.-ft. @ 3,000rpm",,,,,,,,,,,,,24,,,,,,,,,,,
Jaguar,XE,2018,32 mpg,42 mpg,14.8gal.,5,15 cu.ft.,rear-wheel,i-4,2.0,"180hp @ 4,000rpm",8 speed automatic,"318 lb.-ft. @ 1,750rpm",4-wheel,2.0 l,122 cu.in.,180 hp,,"55.7 ""","72.8 """,,,"183.9 """,,"111.6 """,16,8,"3,320 lbs.",,,,,,,,,
Jaguar,XE,2017,20 mpg,29 mpg,16.6gal.,5,15 cu.ft.,all-wheel drive,v-6,3.0,"340hp @ 6,500rpm",8 speed automatic,"332 lb.-ft. @ 4,500rpm",4-wheel,3.0 l,183 cu.in.,340 hp,,"55.7 ""","72.8 """,,,"183.9 """,,"111.6 """,24,8,"3,795 lbs.",,,,,,,,,
Jaguar,XF,2018,31 mpg,42 mpg,17.4gal.,5,18 cu.ft.,rear-wheel,i-4,2.0,"180hp @ 4,000rpm",8 speed automatic,"318 lb.-ft. @ 1,750rpm",4-wheel,2.0 l,122 cu.in.,180 hp,"37.1 ""","57.4 ""","78.2 ""","36.6 ""","41.5 ""","195.2 ""","37.6 ""","116.5 """,16,8,"3,520 lbs.",,,,,,,,,
Jaguar,XF,2017,,,19.5gal.,,,rear-wheel,i-4,2.0,"180hp @ 4,000rpm",8 speed automatic,"318 lb.-ft. @ 1,750rpm",,,,,,,,,,,,,16,,,,,,,,,,,
Jaguar,XF,2016,,,19.5gal.,,,rear-wheel,v-6,3.0,"340hp @ 6,500rpm",8 speed automatic,"332 lb.-ft. @ 3,500rpm",,,,,,,,,,,,,24,,,,,,,,,,,
Jaguar,XF,2015,,,18.4gal.,,,rear-wheel,i-4,2.0,"240hp @ 5,500rpm",8 speed automatic,"251 lb.-ft. @ 2,000rpm",,,,,,,,,,,,,16,,,,,,,,,,,
Jaguar,XF,2014,,,18.4gal.,,,rear-wheel,i-4,2.0,"240hp @ 5,500rpm",8 speed automatic,"251 lb.-ft. @ 2,000rpm",,,,,,,,,,,,,16,,,,,,,,,,,
Jaguar,XF,2013,,,18.4gal.,,,rear-wheel,i-4,2.0,"240hp @ 5,500rpm",8 speed automatic,"251 lb.-ft. @ 2,000rpm",,,,,,,,,,,,,16,,,,,,,,,,,
Jaguar,XF,2012,,,18.4gal.,,,rear-wheel,v-8,5.0,"385hp @ 6,500rpm",6 speed automatic,"380 lb.-ft. @ 3,500rpm",,,,,,,,,,,,,32,,,,,,,,,,,
Jaguar,XF,2011,,,18.4gal.,,,rear-wheel,v-8,5.0,"385hp @ 6,500rpm",6 speed automatic,"380 lb.-ft. @ 3,500rpm",,,,,,,,,,,,,32,,,,,,,,,,,
Jaguar,XF,2010,,,18.4gal.,,,rear-wheel,v-8,4.2,"300hp @ 6,000rpm",6 speed automatic,"310 lb.-ft. @ 4,100rpm",,,,,,,,,,,,,32,,,,,,,,,,,
Jaguar,XF,2009,,,18.4gal.,,,rear-wheel,v-8,4.2,"300hp @ 6,000rpm",6 speed automatic,"310 lb.-ft. @ 4,100rpm",,,,,,,,,,,,,32,,,,,,,,,,,
Jaguar,XJ,2018,18 mpg,27 mpg,21.1gal.,5,15 cu.ft.,rear-wheel,v-6,3.0,"340hp @ 6,500rpm",8 speed automatic,"332 lb.-ft. @ 3,500rpm",4-wheel,3.0 l,183 cu.in.,340 hp,,"57.5 ""","74.8 ""","38.9 ""","41.5 ""","202.0 """,,"119.4 """,24,8,"3,891 lbs.","5,181 lbs.",,,,,,,,
Jaguar,XJ,2017,18 mpg,27 mpg,21.1gal.,5,15 cu.ft.,rear-wheel,v-6,3.0,"340hp @ 6,500rpm",8 speed automatic,"332 lb.-ft. @ 3,500rpm",4-wheel,3.0 l,183 cu.in.,340 hp,,"57.5 ""","74.8 ""","38.9 ""","41.5 ""","202.0 """,,"119.4 """,24,8,"3,891 lbs.","5,181 lbs.",,,,,,,,
Jaguar,XJ,2016,,,21.1gal.,,,rear-wheel,v-6,3.0,"340hp @ 6,500rpm",8 speed automatic,"332 lb.-ft. @ 3,500rpm",,,,,,,,,,,,,24,,,,,,,,,,,
Jaguar,XJ,2015,,,21.7gal.,,,rear-wheel,v-6,3.0,"340hp @ 6,500rpm",8 speed automatic,"332 lb.-ft. @ 3,500rpm",,,,,,,,,,,,,24,,,,,,,,,,,
Jaguar,XJ,2014,,,21.7gal.,,,rear-wheel,v-6,3.0,"340hp @ 6,500rpm",8 speed automatic,"332 lb.-ft. @ 3,500rpm",,,,,,,,,,,,,24,,,,,,,,,,,
Jaguar,XJ,2013,,,21.7gal.,,,rear-wheel,v-6,3.0,"340hp @ 6,500rpm",8 speed automatic,"332 lb.-ft. @ 3,500rpm",,,,,,,,,,,,,24,,,,,,,,,,,
Jaguar,XJ,2012,,,21.7gal.,,,rear-wheel,v-8,5.0,"385hp @ 6,500rpm",6 speed automatic,"380 lb.-ft. @ 3,500rpm",,,,,,,,,,,,,32,,,,,,,,,,,
Jaguar,XJ,2011,,,21.7gal.,,,rear-wheel,v-8,5.0,"385hp @ 6,500rpm",6 speed automatic,"380 lb.-ft. @ 3,500rpm",,,,,,,,,,,,,32,,,,,,,,,,,
Jaguar,XJ,2010,,,21.7gal.,,,rear-wheel,v-8,5.0,"385hp @ 6,500rpm",6 speed automatic,"380 lb.-ft. @ 3,500rpm",,,,,,,,,,,,,32,,,,,,,,,,,
Jaguar,XJ,2009,,,22.5gal.,,,rear-wheel,v-8,4.2,"300hp @ 6,000rpm",6 speed automatic,"310 lb.-ft. @ 4,100rpm",,,,,,,,,,,,,32,,,,,,,,,,,
Jaguar,XJ,2008,,,22.5gal.,,,rear-wheel,v-8,4.2,"300hp @ 6,000rpm",6 speed automatic,"310 lb.-ft. @ 4,100rpm",,,,,,,,,,,,,32,,,,,,,,,,,
Jaguar,XJ,2007,,,22.5gal.,,,rear-wheel,v-8,4.2,"300hp @ 6,000rpm",6 speed automatic,"310 lb.-ft. @ 4,100rpm",,,,,,,,,,,,,32,,,,,,,,,,,
Jaguar,XJ,2006,,,22.3gal.,,,rear-wheel,v-8,4.2,"294hp @ 6,000rpm",6 speed automatic,"303 lb.-ft. @ 4,100rpm",,,,,,,,,,,,,32,,,,,,,,,,,
Jaguar,XJ,2005,,,22.5gal.,,,rear-wheel,v-8,4.2,"294hp @ 6,000rpm",6 speed automatic,"303 lb.-ft. @ 4,100rpm",,,,,,,,,,,,,32,,,,,,,,,,,
Jaguar,XJ,2004,,,22.5gal.,,,rear-wheel,v-8,4.2,"294hp @ 6,000rpm",6 speed automatic,"303 lb.-ft. @ 4,100rpm",,,,,,,,,,,,,32,,,,,,,,,,,
Jaguar,XJ,2003,,,23.1gal.,,,rear-wheel,v-8,4.0,"370hp @ 6,150rpm",5 speed automatic,"387 lb.-ft. @ 3,600rpm",,,,,,,,,,,,,32,,,,,,,,,,,
Jaguar,E-PACE,2018,21 mpg,28 mpg,18.1gal.,5,53 cu.ft.,all-wheel drive,i-4,2.0,"246hp @ 5,500rpm",9 speed automatic,"269 lb.-ft. @ 1,200rpm",4-wheel,2.0 l,122 cu.in.,246 hp,"38.4 ""","64.9 ""","74.7 ""","35.1 ""","40.1 ""","173.0 ""","38.3 ""","105.6 """,16,9,"4,035 lbs.",,"1,653 lbs.",,,,,,,
Jaguar,F-PACE,2018,22 mpg,27 mpg,16.6gal.,5,,all-wheel drive,i-4,2.0,"247hp @ 5,500rpm",8 speed automatic,"269 lb.-ft. @ 1,200rpm",4-wheel,2.0 l,122 cu.in.,247 hp,"37.8 ""","65.0 ""","81.5 ""","37.2 ""","40.3 ""","186.3 ""","37.5 ""","113.1 """,16,8,"3,880 lbs.",,,,,,,,,
Jaguar,F-PACE,2017,26 mpg,33 mpg,15.9gal.,5,,all-wheel drive,i-4,2.0,"180hp @ 4,000rpm",8 speed automatic,"318 lb.-ft. @ 1,750rpm",4-wheel,2.0 l,122 cu.in.,180 hp,"37.8 ""","65.0 ""","81.5 ""","37.2 ""","40.3 ""","186.3 ""","37.5 ""","113.1 """,16,8,"3,913 lbs.","5,423 lbs.","5,290 lbs.",,,,,,,
