make,model,year,city,highway,fuel tank capacity,total seating capacity,max cargo capacity,drive type,cylinder configuration,engine liters,horsepower,transmission,torque,abs,size,displacement,horse power,front head room,overall height,overall width,rear leg room,front leg room,overall length,rear head room,wheelbase,number of valves,number of speeds,curb weight,gross vehicle weight,towing capacity,number of doors,speakers,approach angle,ground clearance (max),ramp breakover angle,departure angle,ground clearance
Kia,Forte,2018,25 mpg,34 mpg,13.2gal.,5,15 cu.ft.,front-wheel,i-4,2.0,"147hp @ 6,200rpm",6 speed manual,"132 lb.-ft. @ 4,500rpm",4-wheel,2.0 l,122 cu.in.,147 hp,"39.1 ""","56.3 ""","70.1 ""","35.9 ""","42.2 ""","179.5 ""","37.3 ""","106.3 """,16,6,,,,,,,,,,
Kia,Forte,2017,,,13.2gal.,,,front-wheel,i-4,2.0,"147hp @ 6,200rpm",6 speed manual,"132 lb.-ft. @ 4,500rpm",,,,,,,,,,,,,16,,,,,,,,,,,
Kia,Forte,2016,,,13.2gal.,,,front-wheel,i-4,1.8,"145hp @ 6,500rpm",6 speed manual,"130 lb.-ft. @ 4,700rpm",,,,,,,,,,,,,16,,,,,,,,,,,
Kia,Forte,2015,,,13.2gal.,,,front-wheel,i-4,1.8,"145hp @ 6,500rpm",6 speed manual,"130 lb.-ft. @ 4,700rpm",,,,,,,,,,,,,16,,,,,,,,,,,
Kia,Forte,2014,,,13.2gal.,,,front-wheel,i-4,1.8,"148hp @ 6,500rpm",6 speed manual,"131 lb.-ft. @ 4,700rpm",,,,,,,,,,,,,16,,,,,,,,,,,
Kia,Forte,2013,,,13.7gal.,,,front-wheel,i-4,2.0,"154hp @ 6,200rpm",6 speed manual,"139 lb.-ft. @ 4,600rpm",,,,,,,,,,,,,16,,,,,,,,,,,
Kia,Forte,2012,,,13.7gal.,,,front-wheel,i-4,2.0,"156hp @ 6,200rpm",6 speed manual,"144 lb.-ft. @ 4,300rpm",,,,,,,,,,,,,16,,,,,,,,,,,
Kia,Forte,2011,,,13.7gal.,,,front-wheel,i-4,2.0,"156hp @ 6,200rpm",6 speed manual,"144 lb.-ft. @ 4,300rpm",,,,,,,,,,,,,16,,,,,,,,,,,
Kia,Forte,2010,,,13.7gal.,,,front-wheel,i-4,2.0,"156hp @ 6,200rpm",5 speed manual,"144 lb.-ft. @ 4,300rpm",,,,,,,,,,,,,16,,,,,,,,,,,
Kia,Forte Koup,2016,,,13.2gal.,,,front-wheel,i-4,2.0,"173hp @ 6,500rpm",6 speed automatic,"154 lb.-ft. @ 4,700rpm",,,,,,,,,,,,,16,,,,,,,,,,,
Kia,Forte Koup,2015,,,13.2gal.,,,front-wheel,i-4,2.0,"173hp @ 6,500rpm",6 speed manual,"154 lb.-ft. @ 4,700rpm",,,,,,,,,,,,,16,,,,,,,,,,,
Kia,Forte Koup,2014,,,13.2gal.,,,front-wheel,i-4,2.0,"173hp @ 6,500rpm",6 speed manual,"154 lb.-ft. @ 4,700rpm",,,,,,,,,,,,,16,,,,,,,,,,,
Kia,Forte Koup,2013,,,13.7gal.,,,front-wheel,i-4,2.0,"156hp @ 6,200rpm",6 speed manual,"144 lb.-ft. @ 4,300rpm",,,,,,,,,,,,,16,,,,,,,,,,,
Kia,Forte Koup,2012,,,13.7gal.,,,front-wheel,i-4,2.0,"154hp @ 6,200rpm",6 speed manual,"139 lb.-ft. @ 4,600rpm",,,,,,,,,,,,,16,,,,,,,,,,,
Kia,Forte Koup,2011,,,13.7gal.,,,front-wheel,i-4,2.0,"154hp @ 6,200rpm",6 speed manual,"144 lb.-ft. @ 4,300rpm",,,,,,,,,,,,,16,,,,,,,,,,,
Kia,Forte Koup,2010,,,13.7gal.,,,front-wheel,i-4,2.0,"156hp @ 6,200rpm",5 speed manual,"144 lb.-ft. @ 4,300rpm",,,,,,,,,,,,,16,,,,,,,,,,,
Kia,Rio,2018,29 mpg,37 mpg,11.9gal.,5,14 cu.ft.,front-wheel,i-4,1.6,"130hp @ 6,300rpm",6 speed manual,"119 lb.-ft. @ 4,850rpm",4-wheel,1.6 l,97 cu.in.,130 hp,"38.9 ""","57.1 ""","67.9 ""","33.5 ""","42.1 ""","172.6 ""","37.4 ""","101.6 """,16,6,"2,648 lbs.",,,,,,,,,
Kia,Rio,2017,27 mpg,36 mpg,11.4gal.,5,14 cu.ft.,front-wheel,i-4,1.6,"138hp @ 6,300rpm",6 speed automatic,"123 lb.-ft. @ 4,850rpm",4-wheel,1.6 l,97 cu.in.,138 hp,"40.0 ""","57.3 ""","67.7 ""","31.1 ""","43.8 ""","172.0 ""","37.6 ""","101.2 """,16,6,"2,573 lbs.",,,,,,,,,
Kia,Rio,2016,,,11.4gal.,,,front-wheel,i-4,1.6,"138hp @ 6,300rpm",6 speed manual,"123 lb.-ft. @ 4,850rpm",,,,,,,,,,,,,16,,,,,,,,,,,
Kia,Rio,2015,,,11.4gal.,,,front-wheel,i-4,1.6,"138hp @ 6,300rpm",6 speed manual,"123 lb.-ft. @ 4,850rpm",,,,,,,,,,,,,16,,,,,,,,,,,
Kia,Rio,2014,,,11.4gal.,,,front-wheel,i-4,1.6,"138hp @ 6,300rpm",6 speed manual,"123 lb.-ft. @ 4,850rpm",,,,,,,,,,,,,16,,,,,,,,,,,
Kia,Rio,2013,,,11.4gal.,,,front-wheel,i-4,1.6,"138hp @ 6,300rpm",6 speed manual,"123 lb.-ft. @ 4,850rpm",,,,,,,,,,,,,16,,,,,,,,,,,
Kia,Rio,2012,,,11.4gal.,,,front-wheel,i-4,1.6,"138hp @ 6,300rpm",6 speed manual,"123 lb.-ft. @ 4,850rpm",,,,,,,,,,,,,16,,,,,,,,,,,
Kia,Rio,2011,,,11.9gal.,,,front-wheel,i-4,1.6,"110hp @ 6,000rpm",5 speed manual,"107 lb.-ft. @ 4,500rpm",,,,,,,,,,,,,16,,,,,,,,,,,
Kia,Rio,2010,,,11.9gal.,,,front-wheel,i-4,1.6,"110hp @ 6,000rpm",5 speed manual,"107 lb.-ft. @ 4,500rpm",,,,,,,,,,,,,16,,,,,,,,,,,
Kia,Rio,2009,,,11.9gal.,,,front-wheel,i-4,1.6,"110hp @ 6,000rpm",5 speed manual,"107 lb.-ft. @ 4,500rpm",,,,,,,,,,,,,16,,,,,,,,,,,
Kia,Rio,2008,,,11.9gal.,,,front-wheel,i-4,1.6,"110hp @ 6,000rpm",5 speed manual,"107 lb.-ft. @ 4,500rpm",,,,,,,,,,,,,16,,,,,,,,,,,
Kia,Rio,2007,,,11.9gal.,,,front-wheel,i-4,1.6,"110hp @ 6,000rpm",5 speed manual,"107 lb.-ft. @ 4,500rpm",,,,,,,,,,,,,16,,,,,,,,,,,
Kia,Rio,2006,,,11.9gal.,,,front-wheel,i-4,1.6,"110hp @ 6,000rpm",5 speed manual,"107 lb.-ft. @ 4,500rpm",,,,,,,,,,,,,16,,,,,,,,,,,
Kia,Rio,2005,,,11.9gal.,,,front-wheel,i-4,1.6,"104hp @ 5,800rpm",5 speed manual,"104 lb.-ft. @ 4,700rpm",,,,,,,,,,,,,16,,,,,,,,,,,
Kia,Rio,2004,,,11.9gal.,,,front-wheel,i-4,1.6,"104hp @ 5,800rpm",5 speed manual,"104 lb.-ft. @ 4,700rpm",,,,,,,,,,,,,16,,,,,,,,,,,
Kia,Rio,2003,,,11.9gal.,,,front-wheel,i-4,1.6,"104hp @ 5,800rpm",5 speed manual,"104 lb.-ft. @ 4,700rpm",,,,,,,,,,,,,16,,,,,,,,,,,
Kia,Rio,2002,,,11.9gal.,,,front-wheel,i-4,1.5,"96hp @ 5,800rpm",5 speed manual,"98 lb.-ft. @ 4,500rpm",,,,,,,,,,,,,16,,,,,,,,,,,
Kia,Rio,2001,,,11.9gal.,,,front-wheel,i-4,1.5,"96hp @ 5,800rpm",5 speed manual,"98 lb.-ft. @ 4,500rpm",,,,,,,,,,,,,16,,,,,,,,,,,
Kia,Rio5,2012,,,11.4gal.,,,front-wheel,i-4,1.6,"138hp @ 6,300rpm",6 speed manual,"123 lb.-ft. @ 4,850rpm",,,,,,,,,,,,,16,,,,,,,,,,,
Kia,Rio5,2011,,,11.9gal.,,,front-wheel,i-4,1.6,"110hp @ 6,000rpm",4 speed automatic,"107 lb.-ft. @ 4,500rpm",,,,,,,,,,,,,16,,,,,,,,,,,
Kia,Rio5,2010,,,11.9gal.,,,front-wheel,i-4,1.6,"110hp @ 6,000rpm",5 speed manual,"107 lb.-ft. @ 4,500rpm",,,,,,,,,,,,,16,,,,,,,,,,,
Kia,Rio5,2009,,,11.9gal.,,,front-wheel,i-4,1.6,"110hp @ 6,000rpm",5 speed manual,"107 lb.-ft. @ 4,500rpm",,,,,,,,,,,,,16,,,,,,,,,,,
Kia,Rio5,2008,,,11.9gal.,,,front-wheel,i-4,1.6,"110hp @ 6,000rpm",5 speed manual,"107 lb.-ft. @ 4,500rpm",,,,,,,,,,,,,16,,,,,,,,,,,
Kia,Rio5,2007,,,11.9gal.,,,front-wheel,i-4,1.6,"110hp @ 6,000rpm",5 speed manual,"107 lb.-ft. @ 4,500rpm",,,,,,,,,,,,,16,,,,,,,,,,,
Kia,Rio5,2006,,,11.9gal.,,,front-wheel,i-4,1.6,"110hp @ 6,000rpm",5 speed manual,"107 lb.-ft. @ 4,500rpm",,,,,,,,,,,,,16,,,,,,,,,,,
Kia,Sephia,2001,,,13.2gal.,,,front-wheel,i-4,1.8,"125hp @ 6,000rpm",5 speed manual,"108 lb.-ft. @ 4,500rpm",,,,,,,,,,,,,16,,,,,,,,,,,
Kia,Sephia,2000,,,13.2gal.,,,front-wheel,i-4,1.8,"125hp @ 6,000rpm",5 speed manual,"108 lb.-ft. @ 4,500rpm",,,,,,,,,,,,,16,,,,,,,,,,,
Kia,Sephia,1999,,,13.2gal.,,,front-wheel,i-4,1.8,"125hp @ 6,000rpm",5 speed manual,"108 lb.-ft. @ 4,500rpm",,,,,,,,,,,,,16,,,,,,,,,,,
Kia,Niro Plug-In Hybrid,2018,,,11.4gal.,5,54 cu.ft.,front-wheel,i-4,1.6,"104hp @ 5,700rpm",6 speed automatic,"109 lb.-ft. @ 4,000rpm",4-wheel,1.6 l,96 cu.in.,104 hp,"40.1 ""","60.4 ""","71.1 ""","37.4 ""","41.7 ""","171.5 ""","39.1 ""","106.3 """,16,6,"3,391 lbs.","4,409 lbs.",,,,,,,,
Kia,Optima Hybrid,2018,39 mpg,46 mpg,15.9gal.,5,13 cu.ft.,front-wheel,i-4,2.0,"154hp @ 6,000rpm",6 speed automatic,"140 lb.-ft. @ 5,000rpm",4-wheel,2.0 l,122 cu.in.,154 hp,"39.8 ""","57.5 ""","73.2 ""","35.6 ""","45.5 ""","191.1 ""","37.8 ""","110.4 """,16,6,"3,486 lbs.",,,,,,,,,
Kia,Optima Hybrid,2017,39 mpg,46 mpg,15.9gal.,5,13 cu.ft.,front-wheel,i-4,2.0,"154hp @ 6,000rpm",6 speed automatic,"140 lb.-ft. @ 5,000rpm",4-wheel,2.0 l,122 cu.in.,154 hp,"39.8 ""","57.5 ""","73.2 ""","35.6 ""","45.5 ""","191.1 ""","37.8 ""","110.4 """,16,6,"3,486 lbs.",,,,,,,,,
Kia,Optima Hybrid,2016,,,17.2gal.,,,front-wheel,i-4,2.4,"159hp @ 5,500rpm",6 speed automatic,"154 lb.-ft. @ 4,500rpm",,,,,,,,,,,,,16,,,,,,,,,,,
Kia,Optima Hybrid,2015,,,17.2gal.,,,front-wheel,i-4,2.4,"159hp @ 5,500rpm",6 speed automatic,"154 lb.-ft. @ 4,500rpm",,,,,,,,,,,,,16,,,,,,,,,,,
Kia,Optima Hybrid,2014,,,17.2gal.,,,front-wheel,i-4,2.4,"159hp @ 5,500rpm",6 speed automatic,"154 lb.-ft. @ 4,500rpm",,,,,,,,,,,,,16,,,,,,,,,,,
Kia,Optima Hybrid,2013,,,17.2gal.,,,front-wheel,i-4,2.4,"159hp @ 5,500rpm",6 speed automatic,"154 lb.-ft. @ 4,500rpm",,,,,,,,,,,,,16,,,,,,,,,,,
Kia,Optima Hybrid,2012,,,17.2gal.,,,front-wheel,i-4,2.4,"166hp @ 6,000rpm",6 speed automatic,"154 lb.-ft. @ 4,250rpm",,,,,,,,,,,,,16,,,,,,,,,,,
Kia,Optima Hybrid,2011,,,17.2gal.,,,front-wheel,i-4,2.4,"166hp @ 6,000rpm",6 speed automatic,"154 lb.-ft. @ 4,250rpm",,,,,,,,,,,,,16,,,,,,,,,,,
Kia,Optima Plug-In Hybrid,2018,,,14.5gal.,5,10 cu.ft.,front-wheel,i-4,2.0,"154hp @ 6,000rpm",6 speed automatic,"140 lb.-ft. @ 5,000rpm",4-wheel,2.0 l,122 cu.in.,154 hp,"39.8 ""","57.5 ""","73.2 ""","35.6 ""","45.5 ""","191.1 ""","37.8 ""","110.4 """,16,6,"3,788 lbs.","4,850 lbs.",,,,,,,,
Kia,Optima Plug-In Hybrid,2017,,,14.5gal.,5,10 cu.ft.,front-wheel,i-4,2.0,"154hp @ 6,000rpm",6 speed automatic,"140 lb.-ft. @ 5,000rpm",4-wheel,2.0 l,122 cu.in.,154 hp,"39.8 ""","57.5 ""","73.2 ""","35.6 ""","45.5 ""","191.1 ""","37.8 ""","110.0 """,16,6,"3,788 lbs.","4,850 lbs.",,,,,,,,
Kia,Amanti,2009,,,18.5gal.,,,front-wheel,v-6,3.8,"264hp @ 6,000rpm",5 speed automatic,"260 lb.-ft. @ 4,500rpm",,,,,,,,,,,,,24,,,,,,,,,,,
Kia,Amanti,2008,,,18.5gal.,,,front-wheel,v-6,3.8,"264hp @ 6,000rpm",5 speed automatic,"260 lb.-ft. @ 4,500rpm",,,,,,,,,,,,,24,,,,,,,,,,,
Kia,Amanti,2007,,,18.5gal.,,,front-wheel,v-6,3.8,"264hp @ 6,000rpm",5 speed automatic,"260 lb.-ft. @ 4,500rpm",,,,,,,,,,,,,24,,,,,,,,,,,
Kia,Amanti,2006,,,18.5gal.,,,front-wheel,v-6,3.5,"200hp @ 5,500rpm",5 speed automatic,"220 lb.-ft. @ 3,500rpm",,,,,,,,,,,,,24,,,,,,,,,,,
Kia,Amanti,2005,,,18.5gal.,,,front-wheel,v-6,3.5,"200hp @ 5,500rpm",5 speed automatic,"220 lb.-ft. @ 3,500rpm",,,,,,,,,,,,,24,,,,,,,,,,,
Kia,Amanti,2004,,,18.5gal.,,,front-wheel,v-6,3.5,"200hp @ 5,500rpm",5 speed automatic,"220 lb.-ft. @ 3,500rpm",,,,,,,,,,,,,24,,,,,,,,,,,
Kia,Cadenza,2018,20 mpg,28 mpg,18.5gal.,5,16 cu.ft.,front-wheel,v-6,3.3,"290hp @ 6,400rpm",8 speed automatic,"253 lb.-ft. @ 5,200rpm",4-wheel,3.3 l,204 cu.in.,290 hp,"40.2 ""","57.9 ""","73.6 ""","37.2 ""","45.5 ""","195.7 ""","37.9 ""","112.4 """,24,8,"3,633 lbs.","4,718 lbs.",,,,,,,,
Kia,Cadenza,2017,20 mpg,28 mpg,18.5gal.,5,16 cu.ft.,front-wheel,v-6,3.3,"290hp @ 6,400rpm",8 speed automatic,"253 lb.-ft. @ 5,200rpm",4-wheel,3.3 l,204 cu.in.,290 hp,"40.2 ""","57.9 ""","73.6 ""","37.2 ""","45.5 ""","195.7 ""","37.9 ""","112.4 """,24,8,"3,633 lbs.","4,718 lbs.",,,,,,,,
Kia,Cadenza,2016,19 mpg,28 mpg,18.5gal.,5,16 cu.ft.,front-wheel,v-6,3.3,"293hp @ 6,400rpm",6 speed automatic,"255 lb.-ft. @ 5,200rpm",4-wheel,3.3 l,204 cu.in.,293 hp,"40.0 ""","58.1 ""","72.8 ""","36.8 ""","45.5 ""","195.7 ""","37.8 ""","112.0 """,24,6,"3,670 lbs.","4,376 lbs.",,,,,,,,
Kia,Cadenza,2015,,,18.5gal.,,,front-wheel,v-6,3.3,"293hp @ 6,400rpm",6 speed automatic,"255 lb.-ft. @ 5,200rpm",,,,,,,,,,,,,24,,,,,,,,,,,
Kia,Cadenza,2014,,,18.5gal.,,,front-wheel,v-6,3.3,"293hp @ 6,400rpm",6 speed automatic,"255 lb.-ft. @ 5,200rpm",,,,,,,,,,,,,24,,,,,,,,,,,
Kia,Optima,2018,25 mpg,36 mpg,18.5gal.,5,16 cu.ft.,front-wheel,i-4,2.4,"185hp @ 6,000rpm",6 speed automatic,"178 lb.-ft. @ 4,000rpm",4-wheel,2.4 l,144 cu.in.,185 hp,"39.8 ""","57.7 ""","73.2 ""","35.6 ""","45.5 ""","191.1 ""","37.8 ""","110.4 """,16,6,"3,219 lbs.","4,541 lbs.",,,,,,,,
Kia,Optima,2017,25 mpg,36 mpg,18.5gal.,5,16 cu.ft.,front-wheel,i-4,2.4,"185hp @ 6,000rpm",6 speed automatic,"178 lb.-ft. @ 4,000rpm",4-wheel,2.4 l,144 cu.in.,185 hp,"39.8 ""","57.7 ""","73.2 ""","35.6 ""","45.5 ""","191.1 ""","37.8 ""","110.4 """,16,6,"3,219 lbs.","4,541 lbs.",,,,,,,,
Kia,Optima,2016,,,18.5gal.,,,front-wheel,i-4,2.4,"185hp @ 6,000rpm",6 speed automatic,"178 lb.-ft. @ 4,000rpm",,,,,,,,,,,,,16,,,,,,,,,,,
Kia,Optima,2015,,,18.5gal.,,,front-wheel,i-4,2.4,"192hp @ 6,300rpm",6 speed automatic,"181 lb.-ft. @ 4,250rpm",,,,,,,,,,,,,16,,,,,,,,,,,
Kia,Optima,2014,,,18.5gal.,,,front-wheel,i-4,2.4,"192hp @ 6,300rpm",6 speed automatic,"181 lb.-ft. @ 4,250rpm",,,,,,,,,,,,,16,,,,,,,,,,,
Kia,Optima,2013,,,18.5gal.,,,front-wheel,i-4,2.4,"192hp @ 6,300rpm",6 speed automatic,"181 lb.-ft. @ 4,250rpm",,,,,,,,,,,,,16,,,,,,,,,,,
Kia,Optima,2012,,,18.5gal.,,,front-wheel,i-4,2.4,"192hp @ 6,300rpm",6 speed manual,"181 lb.-ft. @ 4,250rpm",,,,,,,,,,,,,16,,,,,,,,,,,
Kia,Optima,2011,,,18.5gal.,,,front-wheel,i-4,2.4,"192hp @ 6,300rpm",6 speed manual,"181 lb.-ft. @ 4,250rpm",,,,,,,,,,,,,16,,,,,,,,,,,
Kia,Optima,2010,,,16.4gal.,,,front-wheel,i-4,2.4,"175hp @ 6,000rpm",5 speed manual,"169 lb.-ft. @ 4,000rpm",,,,,,,,,,,,,16,,,,,,,,,,,
Kia,Optima,2009,,,16.4gal.,,,front-wheel,i-4,2.4,"175hp @ 6,000rpm",5 speed automatic,"169 lb.-ft. @ 4,000rpm",,,,,,,,,,,,,16,,,,,,,,,,,
Kia,Optima,2008,,,17.2gal.,,,front-wheel,i-4,2.4,"162hp @ 5,800rpm",5 speed automatic,"164 lb.-ft. @ 4,250rpm",,,,,,,,,,,,,16,,,,,,,,,,,
Kia,Optima,2007,,,17.2gal.,,,front-wheel,i-4,2.4,"162hp @ 5,800rpm",5 speed automatic,"164 lb.-ft. @ 4,250rpm",,,,,,,,,,,,,16,,,,,,,,,,,
Kia,Optima,2006,,,17.2gal.,,,front-wheel,i-4,2.4,"138hp @ 5,500rpm",4 speed automatic,"147 lb.-ft. @ 3,000rpm",,,,,,,,,,,,,16,,,,,,,,,,,
Kia,Optima,2005,,,17.2gal.,,,front-wheel,v-6,2.7,"170hp @ 6,000rpm",4 speed automatic,"181 lb.-ft. @ 4,000rpm",,,,,,,,,,,,,24,,,,,,,,,,,
Kia,Optima,2004,,,17.2gal.,,,front-wheel,i-4,2.4,"138hp @ 5,500rpm",5 speed manual,"147 lb.-ft. @ 3,000rpm",,,,,,,,,,,,,16,,,,,,,,,,,
Kia,Optima,2003,,,17.2gal.,,,front-wheel,i-4,2.4,"138hp @ 5,500rpm",5 speed manual,"147 lb.-ft. @ 3,000rpm",,,,,,,,,,,,,16,,,,,,,,,,,
Kia,Optima,2002,,,17.2gal.,,,front-wheel,i-4,2.4,"149hp @ 6,000rpm",5 speed manual,"159 lb.-ft. @ 4,500rpm",,,,,,,,,,,,,16,,,,,,,,,,,
Kia,Optima,2001,,,17.2gal.,,,front-wheel,i-4,2.4,"149hp @ 6,000rpm",5 speed manual,"159 lb.-ft. @ 4,500rpm",,,,,,,,,,,,,16,,,,,,,,,,,
Kia,Optima Hybrid,2018,39 mpg,46 mpg,15.9gal.,5,13 cu.ft.,front-wheel,i-4,2.0,"154hp @ 6,000rpm",6 speed automatic,"140 lb.-ft. @ 5,000rpm",4-wheel,2.0 l,122 cu.in.,154 hp,"39.8 ""","57.5 ""","73.2 ""","35.6 ""","45.5 ""","191.1 ""","37.8 ""","110.4 """,16,6,"3,486 lbs.",,,,,,,,,
Kia,Optima Hybrid,2017,39 mpg,46 mpg,15.9gal.,5,13 cu.ft.,front-wheel,i-4,2.0,"154hp @ 6,000rpm",6 speed automatic,"140 lb.-ft. @ 5,000rpm",4-wheel,2.0 l,122 cu.in.,154 hp,"39.8 ""","57.5 ""","73.2 ""","35.6 ""","45.5 ""","191.1 ""","37.8 ""","110.4 """,16,6,"3,486 lbs.",,,,,,,,,
Kia,Optima Hybrid,2016,,,17.2gal.,,,front-wheel,i-4,2.4,"159hp @ 5,500rpm",6 speed automatic,"154 lb.-ft. @ 4,500rpm",,,,,,,,,,,,,16,,,,,,,,,,,
Kia,Optima Hybrid,2015,,,17.2gal.,,,front-wheel,i-4,2.4,"159hp @ 5,500rpm",6 speed automatic,"154 lb.-ft. @ 4,500rpm",,,,,,,,,,,,,16,,,,,,,,,,,
Kia,Optima Hybrid,2014,,,17.2gal.,,,front-wheel,i-4,2.4,"159hp @ 5,500rpm",6 speed automatic,"154 lb.-ft. @ 4,500rpm",,,,,,,,,,,,,16,,,,,,,,,,,
Kia,Optima Hybrid,2013,,,17.2gal.,,,front-wheel,i-4,2.4,"159hp @ 5,500rpm",6 speed automatic,"154 lb.-ft. @ 4,500rpm",,,,,,,,,,,,,16,,,,,,,,,,,
Kia,Optima Hybrid,2012,,,17.2gal.,,,front-wheel,i-4,2.4,"166hp @ 6,000rpm",6 speed automatic,"154 lb.-ft. @ 4,250rpm",,,,,,,,,,,,,16,,,,,,,,,,,
Kia,Optima Hybrid,2011,,,17.2gal.,,,front-wheel,i-4,2.4,"166hp @ 6,000rpm",6 speed automatic,"154 lb.-ft. @ 4,250rpm",,,,,,,,,,,,,16,,,,,,,,,,,
Kia,Amanti,2009,,,18.5gal.,,,front-wheel,v-6,3.8,"264hp @ 6,000rpm",5 speed automatic,"260 lb.-ft. @ 4,500rpm",,,,,,,,,,,,,24,,,,,,,,,,,
Kia,Amanti,2008,,,18.5gal.,,,front-wheel,v-6,3.8,"264hp @ 6,000rpm",5 speed automatic,"260 lb.-ft. @ 4,500rpm",,,,,,,,,,,,,24,,,,,,,,,,,
Kia,Amanti,2007,,,18.5gal.,,,front-wheel,v-6,3.8,"264hp @ 6,000rpm",5 speed automatic,"260 lb.-ft. @ 4,500rpm",,,,,,,,,,,,,24,,,,,,,,,,,
Kia,Amanti,2006,,,18.5gal.,,,front-wheel,v-6,3.5,"200hp @ 5,500rpm",5 speed automatic,"220 lb.-ft. @ 3,500rpm",,,,,,,,,,,,,24,,,,,,,,,,,
Kia,Amanti,2005,,,18.5gal.,,,front-wheel,v-6,3.5,"200hp @ 5,500rpm",5 speed automatic,"220 lb.-ft. @ 3,500rpm",,,,,,,,,,,,,24,,,,,,,,,,,
Kia,Amanti,2004,,,18.5gal.,,,front-wheel,v-6,3.5,"200hp @ 5,500rpm",5 speed automatic,"220 lb.-ft. @ 3,500rpm",,,,,,,,,,,,,24,,,,,,,,,,,
Kia,K900,2018,17 mpg,25 mpg,19.8gal.,5,16 cu.ft.,rear-wheel,v-6,3.8,"311hp @ 6,000rpm",8 speed automatic,"293 lb.-ft. @ 5,000rpm",4-wheel,3.8 l,231 cu.in.,311 hp,"40.2 ""","58.5 ""","74.8 ""","38.2 ""","45.9 ""","200.6 ""","37.6 ""","119.9 """,24,8,"4,376 lbs.","5,357 lbs.",,,,,,,,
Kia,K900,2017,17 mpg,25 mpg,19.8gal.,5,16 cu.ft.,rear-wheel,v-6,3.8,"311hp @ 6,000rpm",8 speed automatic,"293 lb.-ft. @ 5,000rpm",4-wheel,3.8 l,231 cu.in.,311 hp,"40.2 ""","58.5 ""","74.8 ""","38.2 ""","45.9 ""","200.6 ""","37.6 ""","119.9 """,24,8,"4,376 lbs.","5,357 lbs.",,,,,,,,
Kia,K900,2016,17 mpg,26 mpg,19.8gal.,5,16 cu.ft.,rear-wheel,v-6,3.8,"311hp @ 6,000rpm",8 speed automatic,"293 lb.-ft. @ 5,000rpm",4-wheel,3.8 l,231 cu.in.,311 hp,"40.2 ""","58.5 ""","74.8 ""","38.2 ""","45.9 ""","200.6 ""","37.6 ""","119.9 """,24,8,"4,376 lbs.","5,357 lbs.",,,,,,,,
Kia,K900,2015,,,19.8gal.,,,rear-wheel,v-8,5.0,"420hp @ 6,400rpm",8 speed automatic,"376 lb.-ft. @ 5,000rpm",,,,,,,,,,,,,32,,,,,,,,,,,
Kia,Niro,2018,52 mpg,49 mpg,11.9gal.,5,54 cu.ft.,front-wheel,i-4,1.6,"104hp @ 5,700rpm",6 speed automatic with auto-shift,"109 lb.-ft. @ 4,000rpm",4-wheel,1.6 l,96 cu.in.,104 hp,"40.1 ""","60.4 ""","71.1 ""","37.4 ""","41.7 ""","171.5 ""","39.1 ""","106.3 """,16,6,"3,106 lbs.","4,079 lbs.",,,,,,,,
Kia,Niro,2017,,,11.9gal.,,,front-wheel,i-4,1.6,"104hp @ 5,700rpm",6 speed automatic with auto-shift,"109 lb.-ft. @ 4,000rpm",,,,,,,,,,,,,16,,,,,,,,,,,
Kia,Sorento,2019,22 mpg,29 mpg,18.8gal.,7,73 cu.ft.,front-wheel,i-4,2.4,"185hp @ 6,000rpm",6 speed automatic,"178 lb.-ft. @ 4,000rpm",4-wheel,2.4 l,144 cu.in.,185 hp,"39.5 ""","66.3 ""","74.4 ""","39.4 ""","44.1 ""","189.0 ""","39.3 ""","109.4 """,16,6,"3,810 lbs.","5,335 lbs.","2,000 lbs.",,,,,,,
Kia,Sorento,2018,21 mpg,28 mpg,18.8gal.,5,73 cu.ft.,front-wheel,i-4,2.4,"185hp @ 6,000rpm",6 speed automatic,"178 lb.-ft. @ 4,000rpm",4-wheel,2.4 l,144 cu.in.,185 hp,"39.5 ""","66.3 ""","74.4 ""","39.4 ""","44.1 ""","187.4 ""","39.3 ""","109.4 """,16,6,"3,704 lbs.","5,026 lbs.","2,000 lbs.",,,,,,,
Kia,Sorento,2017,,,18.8gal.,,,front-wheel,i-4,2.4,"185hp @ 6,000rpm",6 speed automatic,"178 lb.-ft. @ 4,000rpm",,,,,,,,,,,,,16,,,,,,,,,,,
Kia,Sorento,2016,,,18.8gal.,,,front-wheel,i-4,2.4,"185hp @ 6,000rpm",6 speed automatic,"178 lb.-ft. @ 4,000rpm",,,,,,,,,,,,,16,,,,,,,,,,,
Kia,Sorento,2015,,,17.4gal.,,,front-wheel,i-4,2.4,"191hp @ 6,300rpm",6 speed automatic,"181 lb.-ft. @ 4,250rpm",,,,,,,,,,,,,16,,,,,,,,,,,
Kia,Sorento,2014,,,17.4gal.,,,front-wheel,i-4,2.4,"191hp @ 6,300rpm",6 speed automatic,"181 lb.-ft. @ 4,250rpm",,,,,,,,,,,,,16,,,,,,,,,,,
Kia,Sorento,2013,,,18.0gal.,,,front-wheel,i-4,2.4,"175hp @ 6,000rpm",6 speed automatic,"169 lb.-ft. @ 3,750rpm",,,,,,,,,,,,,16,,,,,,,,,,,
Kia,Sorento,2012,,,18.0gal.,,,front-wheel,i-4,2.4,"175hp @ 6,000rpm",6 speed manual,"169 lb.-ft. @ 3,750rpm",,,,,,,,,,,,,16,,,,,,,,,,,
Kia,Sorento,2011,,,18.0gal.,,,front-wheel,i-4,2.4,"175hp @ 6,000rpm",6 speed manual,"169 lb.-ft. @ 3,750rpm",,,,,,,,,,,,,16,,,,,,,,,,,
Kia,Sorento,2009,,,21.1gal.,,,rear-wheel,v-6,3.3,"242hp @ 6,000rpm",5 speed automatic,"228 lb.-ft. @ 4,500rpm",,,,,,,,,,,,,24,,,,,,,,,,,
Kia,Sorento,2008,,,21.1gal.,,,rear-wheel,v-6,3.3,"242hp @ 6,000rpm",5 speed automatic,"228 lb.-ft. @ 4,500rpm",,,,,,,,,,,,,24,,,,,,,,,,,
Kia,Sorento,2007,,,21.1gal.,,,rear-wheel,v-6,3.8,"262hp @ 6,000rpm",5 speed automatic,"260 lb.-ft. @ 4,500rpm",,,,,,,,,,,,,24,,,,,,,,,,,
Kia,Sorento,2006,,,21.1gal.,,,rear-wheel,v-6,3.5,"192hp @ 5,500rpm",5 speed automatic,"217 lb.-ft. @ 3,000rpm",,,,,,,,,,,,,24,,,,,,,,,,,
Kia,Sorento,2005,,,21.1gal.,,,rear-wheel,v-6,3.5,"192hp @ 5,500rpm",5 speed manual,"217 lb.-ft. @ 3,000rpm",,,,,,,,,,,,,24,,,,,,,,,,,
Kia,Sorento,2004,,,21.1gal.,,,rear-wheel,v-6,3.5,"192hp @ 5,500rpm",4 speed automatic,"217 lb.-ft. @ 3,000rpm",,,,,,,,,,,,,24,,,,,,,,,,,
Kia,Sorento,2003,,,21.1gal.,,,rear-wheel,v-6,3.5,"192hp @ 5,500rpm",4 speed automatic,"217 lb.-ft. @ 3,000rpm",,,,,,,,,,,,,24,,,,,,,,,,,
Kia,Soul,2019,24 mpg,30 mpg,14.2gal.,5,50 cu.ft.,front-wheel,i-4,1.6,"130hp @ 6,300rpm",6 speed manual,"118 lb.-ft. @ 4,850rpm",4-wheel,1.6 l,97 cu.in.,130 hp,"39.6 ""","63.5 ""","70.9 ""","39.1 ""","40.9 ""","163.0 ""","39.5 ""","101.2 """,16,6,"2,884 lbs.",,,,,,,,,
Kia,Soul,2018,24 mpg,30 mpg,14.2gal.,5,50 cu.ft.,front-wheel,i-4,1.6,"130hp @ 6,300rpm",6 speed manual,"118 lb.-ft. @ 4,850rpm",4-wheel,1.6 l,97 cu.in.,130 hp,"39.6 ""","63.5 ""","70.9 ""","39.1 ""","40.9 ""","163.0 ""","39.5 ""","101.2 """,16,6,"2,884 lbs.",,,,,,,,,
Kia,Soul,2017,24 mpg,30 mpg,14.2gal.,5,50 cu.ft.,front-wheel,i-4,1.6,"130hp @ 6,300rpm",6 speed manual,"118 lb.-ft. @ 4,850rpm",4-wheel,1.6 l,97 cu.in.,130 hp,"39.6 ""","63.5 ""","70.9 ""","39.1 ""","40.9 ""","163.0 ""","39.5 ""","101.2 """,16,6,"2,884 lbs.",,,,,,,,,
Kia,Soul,2016,24 mpg,30 mpg,14.2gal.,5,61 cu.ft.,front-wheel,i-4,1.6,"130hp @ 6,300rpm",6 speed manual,"118 lb.-ft. @ 4,850rpm",4-wheel,1.6 l,97 cu.in.,130 hp,"39.6 ""","63.0 ""","70.9 ""","39.1 ""","40.9 ""","163.0 ""","39.5 ""","101.2 """,16,6,"2,714 lbs.","3,836 lbs.",,,,,,,,
Kia,Soul,2015,,,14.2gal.,,,front-wheel,i-4,1.6,"130hp @ 6,300rpm",6 speed manual,"118 lb.-ft. @ 4,850rpm",,,,,,,,,,,,,16,,,,,,,,,,,
Kia,Soul,2014,,,14.2gal.,,,front-wheel,i-4,1.6,"130hp @ 6,300rpm",6 speed manual,"118 lb.-ft. @ 4,850rpm",,,,,,,,,,,,,16,,,,,,,,,,,
Kia,Soul,2013,,,12.7gal.,,,front-wheel,i-4,1.6,"138hp @ 6,300rpm",6 speed manual,"123 lb.-ft. @ 4,850rpm",,,,,,,,,,,,,16,,,,,,,,,,,
Kia,Soul,2012,,,12.7gal.,,,front-wheel,i-4,1.6,"138hp @ 6,300rpm",6 speed manual,"123 lb.-ft. @ 4,850rpm",,,,,,,,,,,,,16,,,,,,,,,,,
Kia,Soul,2011,,,12.7gal.,,,front-wheel,i-4,1.6,"122hp @ 6,300rpm",5 speed manual,"115 lb.-ft. @ 4,200rpm",,,,,,,,,,,,,16,,,,,,,,,,,
Kia,Soul,2010,,,12.7gal.,,,front-wheel,i-4,1.6,"122hp @ 6,300rpm",5 speed manual,"115 lb.-ft. @ 4,200rpm",,,,,,,,,,,,,16,,,,,,,,,,,
Kia,Sedona,2018,18 mpg,24 mpg,21.1gal.,7,142 cu.ft.,front-wheel,v-6,3.3,"276hp @ 6,000rpm",6 speed automatic,"248 lb.-ft. @ 5,200rpm",4-wheel,3.3 l,204 cu.in.,276 hp,"39.8 ""","68.5 ""","78.1 ""","41.1 ""","40.9 ""","201.4 ""","39.4 ""","120.5 """,24,6,"4,411 lbs.","6,085 lbs.","3,500 lbs.",,,,,,,
Kia,Sedona,2017,18 mpg,24 mpg,21.1gal.,7,142 cu.ft.,front-wheel,v-6,3.3,"276hp @ 6,000rpm",6 speed automatic,"248 lb.-ft. @ 5,200rpm",4-wheel,3.3 l,204 cu.in.,276 hp,"39.8 ""","68.5 ""","78.1 ""","41.1 ""","40.9 ""","201.4 ""","39.4 ""","120.5 """,24,6,"4,414 lbs.","6,085 lbs.","3,500 lbs.",,,,,,,
Kia,Sedona,2016,,,21.1gal.,,,front-wheel,v-6,3.3,"276hp @ 6,000rpm",6 speed automatic,"248 lb.-ft. @ 5,200rpm",,,,,,,,,,,,,24,,,,,,,,,,,
Kia,Sedona,2015,,,21.1gal.,,,front-wheel,v-6,3.3,"276hp @ 6,000rpm",6 speed automatic,"248 lb.-ft. @ 5,200rpm",,,,,,,,,,,,,24,,,,,,,,,,,
Kia,Sedona,2014,,,19.8gal.,,,front-wheel,v-6,3.5,"269hp @ 6,300rpm",6 speed automatic,"246 lb.-ft. @ 4,500rpm",,,,,,,,,,,,,24,,,,,,,,,,,
Kia,Sedona,2012,,,21.1gal.,,,front-wheel,v-6,3.5,"271hp @ 6,300rpm",6 speed automatic,"248 lb.-ft. @ 4,500rpm",,,,,,,,,,,,,24,,,,,,,,,,,
Kia,Sedona,2011,,,21.1gal.,,,front-wheel,v-6,3.5,"271hp @ 6,300rpm",6 speed automatic,"248 lb.-ft. @ 4,500rpm",,,,,,,,,,,,,24,,,,,,,,,,,
Kia,Sedona,2010,,,21.1gal.,,,front-wheel,v-6,3.8,"244hp @ 6,000rpm",5 speed automatic,"253 lb.-ft. @ 3,500rpm",,,,,,,,,,,,,24,,,,,,,,,,,
Kia,Sedona,2009,,,21.1gal.,,,front-wheel,v-6,3.8,"244hp @ 6,000rpm",5 speed automatic,"253 lb.-ft. @ 3,500rpm",,,,,,,,,,,,,24,,,,,,,,,,,
Kia,Sedona,2008,,,21.1gal.,,,front-wheel,v-6,3.8,"250hp @ 6,000rpm",5 speed automatic,"253 lb.-ft. @ 3,500rpm",,,,,,,,,,,,,24,,,,,,,,,,,
Kia,Sedona,2007,,,21.1gal.,,,front-wheel,v-6,3.8,"250hp @ 6,000rpm",5 speed automatic,"253 lb.-ft. @ 3,500rpm",,,,,,,,,,,,,24,,,,,,,,,,,
Kia,Sedona,2006,,,21.1gal.,,,front-wheel,v-6,3.8,"244hp @ 6,000rpm",5 speed automatic,"253 lb.-ft. @ 3,500rpm",,,,,,,,,,,,,24,,,,,,,,,,,
Kia,Sedona,2005,,,19.8gal.,,,front-wheel,v-6,3.5,"195hp @ 5,500rpm",5 speed automatic,"218 lb.-ft. @ 3,500rpm",,,,,,,,,,,,,24,,,,,,,,,,,
Kia,Sedona,2004,,,19.8gal.,,,front-wheel,v-6,3.5,"195hp @ 5,500rpm",5 speed automatic,"217 lb.-ft. @ 3,500rpm",,,,,,,,,,,,,24,,,,,,,,,,,
Kia,Sedona,2003,,,19.8gal.,,,front-wheel,v-6,3.5,"195hp @ 5,500rpm",5 speed automatic,"218 lb.-ft. @ 3,500rpm",,,,,,,,,,,,,24,,,,,,,,,,,
Kia,Sedona,2002,,,19.8gal.,,,front-wheel,v-6,3.5,"195hp @ 5,500rpm",5 speed automatic,"218 lb.-ft. @ 3,500rpm",,,,,,,,,,,,,24,,,,,,,,,,,
Kia,Borrego,2009,,,20.6gal.,,,rear-wheel,v-6,3.8,"276hp @ 6,000rpm",5 speed automatic,"267 lb.-ft. @ 4,400rpm",,,,,,,,,,,,,24,,,,,,,,,,,
Kia,Niro,2018,52 mpg,49 mpg,11.9gal.,5,54 cu.ft.,front-wheel,i-4,1.6,"104hp @ 5,700rpm",6 speed automatic with auto-shift,"109 lb.-ft. @ 4,000rpm",4-wheel,1.6 l,96 cu.in.,104 hp,"40.1 ""","60.4 ""","71.1 ""","37.4 ""","41.7 ""","171.5 ""","39.1 ""","106.3 """,16,6,"3,106 lbs.","4,079 lbs.",,,,,,,,
Kia,Niro,2017,,,11.9gal.,,,front-wheel,i-4,1.6,"104hp @ 5,700rpm",6 speed automatic with auto-shift,"109 lb.-ft. @ 4,000rpm",,,,,,,,,,,,,16,,,,,,,,,,,
Kia,Sorento,2019,22 mpg,29 mpg,18.8gal.,7,73 cu.ft.,front-wheel,i-4,2.4,"185hp @ 6,000rpm",6 speed automatic,"178 lb.-ft. @ 4,000rpm",4-wheel,2.4 l,144 cu.in.,185 hp,"39.5 ""","66.3 ""","74.4 ""","39.4 ""","44.1 ""","189.0 ""","39.3 ""","109.4 """,16,6,"3,810 lbs.","5,335 lbs.","2,000 lbs.",,,,,,,
Kia,Sorento,2018,21 mpg,28 mpg,18.8gal.,5,73 cu.ft.,front-wheel,i-4,2.4,"185hp @ 6,000rpm",6 speed automatic,"178 lb.-ft. @ 4,000rpm",4-wheel,2.4 l,144 cu.in.,185 hp,"39.5 ""","66.3 ""","74.4 ""","39.4 ""","44.1 ""","187.4 ""","39.3 ""","109.4 """,16,6,"3,704 lbs.","5,026 lbs.","2,000 lbs.",,,,,,,
Kia,Sorento,2017,,,18.8gal.,,,front-wheel,i-4,2.4,"185hp @ 6,000rpm",6 speed automatic,"178 lb.-ft. @ 4,000rpm",,,,,,,,,,,,,16,,,,,,,,,,,
Kia,Sorento,2016,,,18.8gal.,,,front-wheel,i-4,2.4,"185hp @ 6,000rpm",6 speed automatic,"178 lb.-ft. @ 4,000rpm",,,,,,,,,,,,,16,,,,,,,,,,,
Kia,Sorento,2015,,,17.4gal.,,,front-wheel,i-4,2.4,"191hp @ 6,300rpm",6 speed automatic,"181 lb.-ft. @ 4,250rpm",,,,,,,,,,,,,16,,,,,,,,,,,
Kia,Sorento,2014,,,17.4gal.,,,front-wheel,i-4,2.4,"191hp @ 6,300rpm",6 speed automatic,"181 lb.-ft. @ 4,250rpm",,,,,,,,,,,,,16,,,,,,,,,,,
Kia,Sorento,2013,,,18.0gal.,,,front-wheel,i-4,2.4,"175hp @ 6,000rpm",6 speed automatic,"169 lb.-ft. @ 3,750rpm",,,,,,,,,,,,,16,,,,,,,,,,,
Kia,Sorento,2012,,,18.0gal.,,,front-wheel,i-4,2.4,"175hp @ 6,000rpm",6 speed manual,"169 lb.-ft. @ 3,750rpm",,,,,,,,,,,,,16,,,,,,,,,,,
Kia,Sorento,2011,,,18.0gal.,,,front-wheel,i-4,2.4,"175hp @ 6,000rpm",6 speed manual,"169 lb.-ft. @ 3,750rpm",,,,,,,,,,,,,16,,,,,,,,,,,
Kia,Sorento,2009,,,21.1gal.,,,rear-wheel,v-6,3.3,"242hp @ 6,000rpm",5 speed automatic,"228 lb.-ft. @ 4,500rpm",,,,,,,,,,,,,24,,,,,,,,,,,
Kia,Sorento,2008,,,21.1gal.,,,rear-wheel,v-6,3.3,"242hp @ 6,000rpm",5 speed automatic,"228 lb.-ft. @ 4,500rpm",,,,,,,,,,,,,24,,,,,,,,,,,
Kia,Sorento,2007,,,21.1gal.,,,rear-wheel,v-6,3.8,"262hp @ 6,000rpm",5 speed automatic,"260 lb.-ft. @ 4,500rpm",,,,,,,,,,,,,24,,,,,,,,,,,
Kia,Sorento,2006,,,21.1gal.,,,rear-wheel,v-6,3.5,"192hp @ 5,500rpm",5 speed automatic,"217 lb.-ft. @ 3,000rpm",,,,,,,,,,,,,24,,,,,,,,,,,
Kia,Sorento,2005,,,21.1gal.,,,rear-wheel,v-6,3.5,"192hp @ 5,500rpm",5 speed manual,"217 lb.-ft. @ 3,000rpm",,,,,,,,,,,,,24,,,,,,,,,,,
Kia,Sorento,2004,,,21.1gal.,,,rear-wheel,v-6,3.5,"192hp @ 5,500rpm",4 speed automatic,"217 lb.-ft. @ 3,000rpm",,,,,,,,,,,,,24,,,,,,,,,,,
Kia,Sorento,2003,,,21.1gal.,,,rear-wheel,v-6,3.5,"192hp @ 5,500rpm",4 speed automatic,"217 lb.-ft. @ 3,000rpm",,,,,,,,,,,,,24,,,,,,,,,,,
