make,model,year,city,highway,fuel tank capacity,total seating capacity,max cargo capacity,drive type,cylinder configuration,engine liters,horsepower,transmission,torque,abs,size,displacement,horse power,front head room,overall height,overall width,rear leg room,front leg room,overall length,rear head room,wheelbase,number of valves,number of speeds,curb weight,gross vehicle weight,towing capacity,number of doors,speakers,approach angle,ground clearance (max),ramp breakover angle,departure angle,ground clearance
Mazda,Mazda2,2014,,,11.3gal.,,,front-wheel,i-4,1.5,"100hp @ 6,000rpm",5 speed manual,"98 lb.-ft. @ 4,000rpm",,,,,,,,,,,,,16,,,,,,,,,,,
Mazda,Mazda2,2013,,,11.3gal.,,,front-wheel,i-4,1.5,"100hp @ 6,000rpm",5 speed manual,"98 lb.-ft. @ 4,000rpm",,,,,,,,,,,,,16,,,,,,,,,,,
Mazda,Mazda2,2012,,,11.3gal.,,,front-wheel,i-4,1.5,"100hp @ 6,000rpm",5 speed manual,"98 lb.-ft. @ 4,000rpm",,,,,,,,,,,,,16,,,,,,,,,,,
Mazda,Mazda2,2011,,,11.3gal.,,,front-wheel,i-4,1.5,"100hp @ 6,000rpm",5 speed manual,"98 lb.-ft. @ 4,000rpm",,,,,,,,,,,,,16,,,,,,,,,,,
Mazda,Mazda3,2018,28 mpg,38 mpg,13.2gal.,5,12 cu.ft.,front-wheel,i-4,2.0,"155hp @ 6,000rpm",6 speed manual,"150 lb.-ft. @ 4,000rpm",4-wheel,2.0 l,122 cu.in.,155 hp,"38.6 ""","57.3 ""","70.7 ""","35.8 ""","42.2 ""","180.3 ""","37.6 ""","106.3 """,16,6,"2,899 lbs.",,,,,,,,,
Mazda,Mazda3,2017,,,13.2gal.,,,front-wheel,i-4,2.0,"155hp @ 6,000rpm",6 speed automatic,"150 lb.-ft. @ 4,000rpm",,,,,,,,,,,,,16,,,,,,,,,,,
Mazda,Mazda3,2016,,,13.2gal.,,,front-wheel,i-4,2.0,"155hp @ 6,000rpm",6 speed manual,"150 lb.-ft. @ 4,000rpm",,,,,,,,,,,,,16,,,,,,,,,,,
Mazda,Mazda3,2015,,,13.2gal.,,,front-wheel,i-4,2.0,"155hp @ 6,000rpm",6 speed manual,"150 lb.-ft. @ 4,000rpm",,,,,,,,,,,,,16,,,,,,,,,,,
Mazda,Mazda3,2014,,,13.2gal.,,,front-wheel,i-4,2.0,"155hp @ 6,000rpm",6 speed manual,"150 lb.-ft. @ 4,000rpm",,,,,,,,,,,,,16,,,,,,,,,,,
Mazda,Mazda3,2013,,,14.5gal.,,,front-wheel,i-4,2.0,"148hp @ 6,500rpm",5 speed manual,"135 lb.-ft. @ 4,500rpm",,,,,,,,,,,,,16,,,,,,,,,,,
Mazda,Mazda3,2012,,,14.5gal.,,,front-wheel,i-4,2.0,"148hp @ 6,500rpm",5 speed manual,"135 lb.-ft. @ 4,500rpm",,,,,,,,,,,,,16,,,,,,,,,,,
Mazda,Mazda3,2011,,,14.5gal.,,,front-wheel,i-4,2.0,"148hp @ 6,500rpm",5 speed manual,"135 lb.-ft. @ 4,500rpm",,,,,,,,,,,,,16,,,,,,,,,,,
Mazda,Mazda3,2010,,,14.5gal.,,,front-wheel,i-4,2.0,"144hp @ 6,500rpm",5 speed manual,"132 lb.-ft. @ 4,500rpm",,,,,,,,,,,,,16,,,,,,,,,,,
Mazda,Mazda3,2009,,,14.5gal.,,,front-wheel,i-4,2.0,"144hp @ 6,500rpm",5 speed manual,"132 lb.-ft. @ 4,500rpm",,,,,,,,,,,,,16,,,,,,,,,,,
Mazda,Mazda3,2008,,,14.5gal.,,,front-wheel,i-4,2.0,"144hp @ 6,500rpm",5 speed manual,"132 lb.-ft. @ 4,500rpm",,,,,,,,,,,,,16,,,,,,,,,,,
Mazda,Mazda3,2007,,,14.5gal.,,,front-wheel,i-4,2.0,"144hp @ 6,500rpm",5 speed manual,"132 lb.-ft. @ 4,500rpm",,,,,,,,,,,,,16,,,,,,,,,,,
Mazda,Mazda3,2006,,,14.5gal.,,,front-wheel,i-4,2.0,"145hp @ 6,500rpm",5 speed manual,"132 lb.-ft. @ 4,500rpm",,,,,,,,,,,,,16,,,,,,,,,,,
Mazda,Mazda3,2005,,,14.5gal.,,,front-wheel,i-4,2.3,"160hp @ 6,500rpm",4 speed automatic,"150 lb.-ft. @ 4,500rpm",,,,,,,,,,,,,16,,,,,,,,,,,
Mazda,Mazda3,2004,,,14.5gal.,,,front-wheel,i-4,2.3,"160hp @ 6,500rpm",4 speed automatic,"150 lb.-ft. @ 4,500rpm",,,,,,,,,,,,,16,,,,,,,,,,,
Mazda,MAZDA5,2015,,,15.9gal.,,,front-wheel,i-4,2.5,"157hp @ 6,000rpm",5 speed automatic,"163 lb.-ft. @ 4,000rpm",,,,,,,,,,,,,16,,,,,,,,,,,
Mazda,MAZDA5,2014,,,15.9gal.,,,front-wheel,i-4,2.5,"157hp @ 6,000rpm",6 speed manual,"163 lb.-ft. @ 4,000rpm",,,,,,,,,,,,,16,,,,,,,,,,,
Mazda,MAZDA5,2013,,,15.9gal.,,,front-wheel,i-4,2.5,"157hp @ 6,000rpm",6 speed manual,"163 lb.-ft. @ 4,000rpm",,,,,,,,,,,,,16,,,,,,,,,,,
Mazda,MAZDA5,2012,,,15.9gal.,,,front-wheel,i-4,2.5,"157hp @ 6,000rpm",6 speed manual,"163 lb.-ft. @ 4,000rpm",,,,,,,,,,,,,16,,,,,,,,,,,
Mazda,MAZDA5,2010,,,15.9gal.,,,front-wheel,i-4,2.3,"153hp @ 6,500rpm",5 speed manual,"148 lb.-ft. @ 4,500rpm",,,,,,,,,,,,,16,,,,,,,,,,,
Mazda,MAZDA5,2009,,,15.9gal.,,,front-wheel,i-4,2.3,"153hp @ 6,500rpm",5 speed automatic,"148 lb.-ft. @ 4,500rpm",,,,,,,,,,,,,16,,,,,,,,,,,
Mazda,MAZDA5,2008,,,15.9gal.,,,front-wheel,i-4,2.3,"153hp @ 6,500rpm",5 speed automatic,"148 lb.-ft. @ 4,500rpm",,,,,,,,,,,,,16,,,,,,,,,,,
Mazda,MAZDA5,2007,,,15.9gal.,,,front-wheel,i-4,2.3,"153hp @ 6,500rpm",4 speed automatic,"148 lb.-ft. @ 4,500rpm",,,,,,,,,,,,,16,,,,,,,,,,,
Mazda,MAZDA5,2006,,,15.9gal.,,,front-wheel,i-4,2.3,"157hp @ 6,500rpm",5 speed manual,"148 lb.-ft. @ 4,500rpm",,,,,,,,,,,,,16,,,,,,,,,,,
Mazda,MAZDASPEED Protege,2003,,,14.5gal.,,,front-wheel,i-4,2.0,"170hp @ 6,000rpm",5 speed manual,"160 lb.-ft. @ 3,500rpm",,,,,,,,,,,,,16,,,,,,,,,,,
Mazda,MAZDASPEED MX-5 Miata,2005,,,12.7gal.,,,rear-wheel,i-4,1.8,"178hp @ 6,000rpm",6 speed manual,"166 lb.-ft. @ 4,500rpm",,,,,,,,,,,,,16,,,,,,,,,,,
Mazda,MAZDASPEED MX-5 Miata,2004,,,12.7gal.,,,rear-wheel,i-4,1.8,"178hp @ 6,000rpm",6 speed manual,"166 lb.-ft. @ 4,500rpm",,,,,,,,,,,,,16,,,,,,,,,,,
Mazda,MAZDASPEED3,2013,,,15.9gal.,,,front-wheel,i-4,2.3,"263hp @ 5,500rpm",6 speed manual,"280 lb.-ft. @ 3,000rpm",,,,,,,,,,,,,16,,,,,,,,,,,
Mazda,MAZDASPEED3,2012,,,15.9gal.,,,front-wheel,i-4,2.3,"263hp @ 5,500rpm",6 speed manual,"280 lb.-ft. @ 3,000rpm",,,,,,,,,,,,,16,,,,,,,,,,,
Mazda,MAZDASPEED3,2011,,,15.9gal.,,,front-wheel,i-4,2.3,"263hp @ 5,500rpm",6 speed manual,"280 lb.-ft. @ 3,000rpm",,,,,,,,,,,,,16,,,,,,,,,,,
Mazda,MAZDASPEED3,2010,,,15.9gal.,,,front-wheel,i-4,2.3,"263hp @ 5,500rpm",6 speed manual,"280 lb.-ft. @ 3,000rpm",,,,,,,,,,,,,16,,,,,,,,,,,
Mazda,MAZDASPEED3,2009,,,14.5gal.,,,front-wheel,i-4,2.3,"263hp @ 5,500rpm",6 speed manual,"280 lb.-ft. @ 3,000rpm",,,,,,,,,,,,,16,,,,,,,,,,,
Mazda,MAZDASPEED3,2008,,,14.5gal.,,,front-wheel,i-4,2.3,"263hp @ 5,500rpm",6 speed manual,"280 lb.-ft. @ 3,000rpm",,,,,,,,,,,,,16,,,,,,,,,,,
Mazda,MAZDASPEED3,2007,,,14.5gal.,,,front-wheel,i-4,2.3,"263hp @ 5,500rpm",6 speed manual,"280 lb.-ft. @ 3,000rpm",,,,,,,,,,,,,16,,,,,,,,,,,
Mazda,MAZDASPEED6,2007,,,15.9gal.,,,all-wheel drive,i-4,2.3,"270hp @ 5,500rpm",6 speed manual,"280 lb.-ft. @ 3,000rpm",,,,,,,,,,,,,16,,,,,,,,,,,
Mazda,MAZDASPEED6,2006,,,15.9gal.,,,all-wheel drive,i-4,2.3,"274hp @ 5,500rpm",6 speed manual,"280 lb.-ft. @ 3,000rpm",,,,,,,,,,,,,16,,,,,,,,,,,
Mazda,MX-5,2008,,,12.7gal.,,,rear-wheel,i-4,2.0,"158hp @ 6,700rpm",6 speed automatic,"140 lb.-ft. @ 5,000rpm",,,,,,,,,,,,,16,,,,,,,,,,,
Mazda,MX-5,2007,,,12.7gal.,,,rear-wheel,i-4,2.0,"166hp @ 6,700rpm",6 speed manual,"140 lb.-ft. @ 5,000rpm",,,,,,,,,,,,,16,,,,,,,,,,,
Mazda,MX-5,2006,,,12.7gal.,,,rear-wheel,i-4,2.0,"170hp @ 6,700rpm",5 speed manual,"140 lb.-ft. @ 5,000rpm",,,,,,,,,,,,,16,,,,,,,,,,,
Mazda,626,2002,,,16.9gal.,,,front-wheel,v-6,2.5,"165hp @ 6,000rpm",4 speed automatic,"161 lb.-ft. @ 5,000rpm",,,,,,,,,,,,,24,,,,,,,,,,,
Mazda,626,2001,,,16.9gal.,,,front-wheel,i-4,2.0,"125hp @ 5,500rpm",5 speed manual,"127 lb.-ft. @ 3,000rpm",,,,,,,,,,,,,16,,,,,,,,,,,
Mazda,626,2000,,,16.9gal.,,,front-wheel,i-4,2.0,"130hp @ 5,500rpm",5 speed manual,"130 lb.-ft. @ 3,000rpm",,,,,,,,,,,,,16,,,,,,,,,,,
Mazda,626,1999,,,16.9gal.,,,front-wheel,i-4,2.0,"125hp @ 5,500rpm",5 speed manual,"127 lb.-ft. @ 4,500rpm",,,,,,,,,,,,,16,,,,,,,,,,,
Mazda,Mazda6,2018,24 mpg,33 mpg,16.4gal.,5,15 cu.ft.,front-wheel,i-4,2.5,"187hp @ 6,000rpm",6 speed manual,"186 lb.-ft. @ 4,000rpm",4-wheel,2.5 l,152 cu.in.,187 hp,"38.4 ""","57.1 ""","72.4 ""","38.7 ""","42.2 ""","192.7 ""","37.1 ""","111.4 """,16,6,"3,326 lbs.","4,358 lbs.",,,,,,,,
Mazda,Mazda6,2017,,,16.4gal.,,,front-wheel,i-4,2.5,"184hp @ 5,700rpm",6 speed automatic,"185 lb.-ft. @ 3,250rpm",,,,,,,,,,,,,16,,,,,,,,,,,
Mazda,Mazda6,2016,,,16.4gal.,,,front-wheel,i-4,2.5,"184hp @ 5,700rpm",6 speed manual,"185 lb.-ft. @ 3,250rpm",,,,,,,,,,,,,16,,,,,,,,,,,
Mazda,Mazda6,2015,,,16.4gal.,,,front-wheel,i-4,2.5,"184hp @ 5,700rpm",6 speed manual,"185 lb.-ft. @ 3,250rpm",,,,,,,,,,,,,16,,,,,,,,,,,
Mazda,Mazda6,2014,,,16.4gal.,,,front-wheel,i-4,2.5,"184hp @ 5,700rpm",6 speed manual,"185 lb.-ft. @ 3,250rpm",,,,,,,,,,,,,16,,,,,,,,,,,
Mazda,Mazda6,2013,,,18.5gal.,,,front-wheel,i-4,2.5,"170hp @ 6,000rpm",6 speed manual,"167 lb.-ft. @ 4,000rpm",,,,,,,,,,,,,16,,,,,,,,,,,
Mazda,Mazda6,2012,,,18.5gal.,,,front-wheel,i-4,2.5,"170hp @ 6,000rpm",6 speed manual,"167 lb.-ft. @ 4,000rpm",,,,,,,,,,,,,16,,,,,,,,,,,
Mazda,Mazda6,2011,,,18.5gal.,,,front-wheel,i-4,2.5,"170hp @ 6,000rpm",6 speed manual,"167 lb.-ft. @ 4,000rpm",,,,,,,,,,,,,16,,,,,,,,,,,
Mazda,Mazda6,2010,,,18.5gal.,,,front-wheel,i-4,2.5,"168hp @ 6,000rpm",5 speed automatic,"166 lb.-ft. @ 4,000rpm",,,,,,,,,,,,,16,,,,,,,,,,,
Mazda,Mazda6,2009,,,18.5gal.,,,front-wheel,i-4,2.5,"168hp @ 6,000rpm",6 speed manual,"166 lb.-ft. @ 4,000rpm",,,,,,,,,,,,,16,,,,,,,,,,,
Mazda,Mazda6,2008,,,18.0gal.,,,front-wheel,i-4,2.3,"146hp @ 6,000rpm",5 speed automatic,"149 lb.-ft. @ 4,000rpm",,,,,,,,,,,,,16,,,,,,,,,,,
Mazda,Mazda6,2007,,,18.0gal.,,,front-wheel,i-4,2.3,"156hp @ 6,500rpm",5 speed manual,"154 lb.-ft. @ 4,000rpm",,,,,,,,,,,,,16,,,,,,,,,,,
Mazda,Mazda6,2006,,,18.0gal.,,,front-wheel,i-4,2.3,"160hp @ 6,000rpm",5 speed manual,"155 lb.-ft. @ 4,000rpm",,,,,,,,,,,,,16,,,,,,,,,,,
Mazda,Mazda6,2005,,,18.0gal.,,,front-wheel,i-4,2.3,"160hp @ 6,000rpm",5 speed manual,"155 lb.-ft. @ 4,000rpm",,,,,,,,,,,,,16,,,,,,,,,,,
Mazda,Mazda6,2004,,,18.0gal.,,,front-wheel,i-4,2.3,"160hp @ 6,000rpm",5 speed manual,"155 lb.-ft. @ 4,000rpm",,,,,,,,,,,,,16,,,,,,,,,,,
Mazda,Mazda6,2003,,,18.0gal.,,,front-wheel,i-4,2.3,"160hp @ 6,000rpm",5 speed manual,"155 lb.-ft. @ 4,000rpm",,,,,,,,,,,,,16,,,,,,,,,,,
Mazda,Millenia,2002,,,18.0gal.,,,front-wheel,v-6,2.5,"170hp @ 5,800rpm",4 speed automatic,"160 lb.-ft. @ 4,800rpm",,,,,,,,,,,,,24,,,,,,,,,,,
Mazda,Millenia,2001,,,18.0gal.,,,front-wheel,v-6,2.5,"170hp @ 5,800rpm",4 speed automatic,"160 lb.-ft. @ 4,800rpm",,,,,,,,,,,,,24,,,,,,,,,,,
Mazda,Millenia,2000,,,18.0gal.,,,front-wheel,v-6,2.5,"170hp @ 5,800rpm",4 speed automatic,"160 lb.-ft. @ 4,800rpm",,,,,,,,,,,,,24,,,,,,,,,,,
Mazda,Millenia,1999,20 mpg,27 mpg,18.0gal.,5,13 cu.ft.,front-wheel,v-6,2.5,"170hp @ 5,800rpm",4 speed automatic,"160 lb.-ft. @ 4,800rpm",4-wheel,2.5 l,152 cu.in.,170 hp,"39.3 ""","54.9 ""","69.7 ""","34.1 ""","43.3 ""","189.8 ""","37.0 ""","108.3 """,24,4,"3,216 lbs.",,,,,,,,,
Mazda,CX-3,2019,29 mpg,34 mpg,12.7gal.,5,44 cu.ft.,front-wheel,i-4,2.0,"148hp @ 6,000rpm",6 speed automatic,"146 lb.-ft. @ 2,800rpm",4-wheel,2.0 l,122 cu.in.,148 hp,"38.4 ""","60.7 ""","69.6 ""","35.0 ""","41.7 ""","168.3 ""","37.2 ""","101.2 """,16,6,"2,809 lbs.","3,840 lbs.",,,,,,,,
Mazda,CX-3,2018,29 mpg,34 mpg,12.7gal.,5,44 cu.ft.,front-wheel,i-4,2.0,"146hp @ 6,000rpm",6 speed automatic,"146 lb.-ft. @ 2,800rpm",4-wheel,2.0 l,122 cu.in.,146 hp,"38.4 ""","60.7 ""","69.6 ""","35.0 ""","41.7 ""","168.3 ""","37.2 ""","101.2 """,16,6,"2,809 lbs.","3,840 lbs.",,,,,,,,
Mazda,CX-3,2017,,,12.7gal.,,,front-wheel,i-4,2.0,"146hp @ 6,000rpm",6 speed automatic,"146 lb.-ft. @ 2,800rpm",,,,,,,,,,,,,16,,,,,,,,,,,
Mazda,CX-3,2016,,,12.7gal.,,,front-wheel,i-4,2.0,"146hp @ 6,000rpm",6 speed automatic,"146 lb.-ft. @ 2,800rpm",,,,,,,,,,,,,16,,,,,,,,,,,
Mazda,CX-5,2018,25 mpg,31 mpg,14.8gal.,5,60 cu.ft.,front-wheel,i-4,2.5,"187hp @ 6,000rpm",6 speed automatic,"186 lb.-ft. @ 4,000rpm",4-wheel,2.5 l,152 cu.in.,187 hp,"39.7 ""","65.3 ""","72.5 ""","39.6 ""","41.0 ""","179.1 ""","39.0 ""","106.3 """,16,6,"3,527 lbs.","4,515 lbs.","2,000 lbs.",,,,,,,
Mazda,CX-5,2017,,,14.8gal.,,,front-wheel,i-4,2.5,"187hp @ 6,000rpm",6 speed automatic,"185 lb.-ft. @ 3,250rpm",,,,,,,,,,,,,16,,,,,,,,,,,
Mazda,CX-5,2016,,,14.8gal.,,,front-wheel,i-4,2.0,"155hp @ 6,000rpm",6 speed manual,"150 lb.-ft. @ 4,000rpm",,,,,,,,,,,,,16,,,,,,,,,,,
Mazda,CX-5,2015,,,14.8gal.,,,front-wheel,i-4,2.0,"155hp @ 6,000rpm",6 speed manual,"150 lb.-ft. @ 4,000rpm",,,,,,,,,,,,,16,,,,,,,,,,,
Mazda,CX-5,2014,,,14.8gal.,,,front-wheel,i-4,2.0,"155hp @ 6,000rpm",6 speed manual,"150 lb.-ft. @ 4,000rpm",,,,,,,,,,,,,16,,,,,,,,,,,
Mazda,CX-5,2013,,,14.8gal.,,,front-wheel,i-4,2.0,"155hp @ 6,000rpm",6 speed manual,"150 lb.-ft. @ 4,000rpm",,,,,,,,,,,,,16,,,,,,,,,,,
Mazda,MAZDA5,2015,,,15.9gal.,,,front-wheel,i-4,2.5,"157hp @ 6,000rpm",5 speed automatic,"163 lb.-ft. @ 4,000rpm",,,,,,,,,,,,,16,,,,,,,,,,,
Mazda,MAZDA5,2014,,,15.9gal.,,,front-wheel,i-4,2.5,"157hp @ 6,000rpm",6 speed manual,"163 lb.-ft. @ 4,000rpm",,,,,,,,,,,,,16,,,,,,,,,,,
Mazda,MAZDA5,2013,,,15.9gal.,,,front-wheel,i-4,2.5,"157hp @ 6,000rpm",6 speed manual,"163 lb.-ft. @ 4,000rpm",,,,,,,,,,,,,16,,,,,,,,,,,
Mazda,MAZDA5,2012,,,15.9gal.,,,front-wheel,i-4,2.5,"157hp @ 6,000rpm",6 speed manual,"163 lb.-ft. @ 4,000rpm",,,,,,,,,,,,,16,,,,,,,,,,,
Mazda,MAZDA5,2010,,,15.9gal.,,,front-wheel,i-4,2.3,"153hp @ 6,500rpm",5 speed manual,"148 lb.-ft. @ 4,500rpm",,,,,,,,,,,,,16,,,,,,,,,,,
Mazda,MAZDA5,2009,,,15.9gal.,,,front-wheel,i-4,2.3,"153hp @ 6,500rpm",5 speed automatic,"148 lb.-ft. @ 4,500rpm",,,,,,,,,,,,,16,,,,,,,,,,,
Mazda,MAZDA5,2008,,,15.9gal.,,,front-wheel,i-4,2.3,"153hp @ 6,500rpm",5 speed automatic,"148 lb.-ft. @ 4,500rpm",,,,,,,,,,,,,16,,,,,,,,,,,
Mazda,MAZDA5,2007,,,15.9gal.,,,front-wheel,i-4,2.3,"153hp @ 6,500rpm",4 speed automatic,"148 lb.-ft. @ 4,500rpm",,,,,,,,,,,,,16,,,,,,,,,,,
Mazda,MAZDA5,2006,,,15.9gal.,,,front-wheel,i-4,2.3,"157hp @ 6,500rpm",5 speed manual,"148 lb.-ft. @ 4,500rpm",,,,,,,,,,,,,16,,,,,,,,,,,
Mazda,MPV,2006,,,19.8gal.,,,front-wheel,v-6,3.0,"200hp @ 6,200rpm",5 speed automatic,"200 lb.-ft. @ 3,000rpm",,,,,,,,,,,,,24,,,,,,,,,,,
Mazda,MPV,2005,,,19.8gal.,,,front-wheel,v-6,3.0,"200hp @ 6,200rpm",5 speed automatic,"200 lb.-ft. @ 3,000rpm",,,,,,,,,,,,,24,,,,,,,,,,,
Mazda,MPV,2004,,,19.8gal.,,,front-wheel,v-6,3.0,"200hp @ 6,200rpm",5 speed automatic,"200 lb.-ft. @ 3,000rpm",,,,,,,,,,,,,24,,,,,,,,,,,
Mazda,MPV,2003,,,19.8gal.,,,front-wheel,v-6,3.0,"200hp @ 6,200rpm",5 speed automatic,"200 lb.-ft. @ 3,000rpm",,,,,,,,,,,,,24,,,,,,,,,,,
Mazda,MPV,2002,,,19.8gal.,,,front-wheel,v-6,3.0,"200hp @ 6,200rpm",5 speed automatic,"200 lb.-ft. @ 3,000rpm",,,,,,,,,,,,,24,,,,,,,,,,,
Mazda,MPV,2001,,,18.5gal.,,,front-wheel,v-6,2.5,"160hp @ 6,250rpm",4 speed automatic,"165 lb.-ft. @ 4,250rpm",,,,,,,,,,,,,24,,,,,,,,,,,
Mazda,MPV,2000,,,18.5gal.,,,front-wheel,v-6,2.5,"160hp @ 6,250rpm",4 speed automatic,"165 lb.-ft. @ 4,250rpm",,,,,,,,,,,,,24,,,,,,,,,,,
Mazda,B2300,2009,,,16.5gal.,,,rear-wheel,i-4,2.3,"143hp @ 5,250rpm",5 speed manual,"154 lb.-ft. @ 3,750rpm",,,,,,,,,,,,,16,,,,,,,,,,,
Mazda,B2300,2008,,,16.5gal.,,,rear-wheel,i-4,2.3,"143hp @ 5,250rpm",5 speed manual,"154 lb.-ft. @ 3,750rpm",,,,,,,,,,,,,16,,,,,,,,,,,
Mazda,B2300,2007,,,16.5gal.,,,rear-wheel,i-4,2.3,"143hp @ 5,250rpm",5 speed manual,"154 lb.-ft. @ 3,750rpm",,,,,,,,,,,,,16,,,,,,,,,,,
Mazda,B2300,2006,,,16.5gal.,,,rear-wheel,i-4,2.3,"143hp @ 5,250rpm",5 speed manual,"154 lb.-ft. @ 3,750rpm",,,,,,,,,,,,,16,,,,,,,,,,,
Mazda,B2300,2005,,,16.5gal.,,,rear-wheel,i-4,2.3,"143hp @ 5,250rpm",5 speed manual,"154 lb.-ft. @ 3,750rpm",,,,,,,,,,,,,16,,,,,,,,,,,
Mazda,B2300,2004,,,16.5gal.,,,rear-wheel,i-4,2.3,"143hp @ 5,250rpm",5 speed manual,"154 lb.-ft. @ 3,750rpm",,,,,,,,,,,,,16,,,,,,,,,,,
Mazda,B2300,2003,,,16.5gal.,,,rear-wheel,i-4,2.3,"143hp @ 5,250rpm",5 speed manual,"154 lb.-ft. @ 3,750rpm",,,,,,,,,,,,,16,,,,,,,,,,,
Mazda,B2300,2002,,,16.5gal.,,,rear-wheel,i-4,2.3,"135hp @ 5,050rpm",5 speed manual,"153 lb.-ft. @ 3,750rpm",,,,,,,,,,,,,16,,,,,,,,,,,
Mazda,B2300,2001,,,16.5gal.,,,rear-wheel,i-4,2.3,"140hp @ 5,050rpm",5 speed manual,"155 lb.-ft. @ 4,050rpm",,,,,,,,,,,,,16,,,,,,,,,,,
Mazda,B2500,2001,,,16.5gal.,,,rear-wheel,i-4,2.5,"119hp @ 5,000rpm",5 speed manual,"146 lb.-ft. @ 3,000rpm",,,,,,,,,,,,,8,,,,,,,,,,,
Mazda,B2500,2000,,,16.5gal.,,,rear-wheel,i-4,2.5,"119hp @ 5,000rpm",5 speed manual,"146 lb.-ft. @ 3,000rpm",,,,,,,,,,,,,8,,,,,,,,,,,
Mazda,B2500,1999,,,17.0gal.,,,rear-wheel,i-4,2.5,"119hp @ 5,000rpm",5 speed manual,"146 lb.-ft. @ 3,000rpm",,,,,,,,,,,,,8,,,,,,,,,,,
Mazda,B3000,2007,,,16.5gal.,,,rear-wheel,v-6,3.0,"148hp @ 4,900rpm",5 speed manual,"180 lb.-ft. @ 3,950rpm",,,,,,,,,,,,,12,,,,,,,,,,,
Mazda,B3000,2006,,,19.5gal.,,,rear-wheel,v-6,3.0,"148hp @ 4,900rpm",5 speed manual,"180 lb.-ft. @ 3,950rpm",,,,,,,,,,,,,12,,,,,,,,,,,
Mazda,B3000,2005,,,19.5gal.,,,rear-wheel,v-6,3.0,"148hp @ 4,900rpm",5 speed manual,"180 lb.-ft. @ 3,950rpm",,,,,,,,,,,,,12,,,,,,,,,,,
Mazda,B3000,2004,,,16.5gal.,,,rear-wheel,v-6,3.0,"154hp @ 5,200rpm",5 speed automatic,"180 lb.-ft. @ 3,900rpm",,,,,,,,,,,,,12,,,,,,,,,,,
Mazda,B3000,2003,,,19.5gal.,,,rear-wheel,v-6,3.0,"154hp @ 5,200rpm",5 speed manual,"180 lb.-ft. @ 3,900rpm",,,,,,,,,,,,,12,,,,,,,,,,,
Mazda,B3000,2002,,,19.5gal.,,,rear-wheel,v-6,3.0,"147hp @ 5,050rpm",5 speed manual,"179 lb.-ft. @ 3,500rpm",,,,,,,,,,,,,12,,,,,,,,,,,
Mazda,B3000,2001,,,16.5gal.,,,rear-wheel,v-6,3.0,"150hp @ 5,000rpm",5 speed manual,"185 lb.-ft. @ 3,750rpm",,,,,,,,,,,,,12,,,,,,,,,,,
Mazda,B3000,2000,,,16.5gal.,,,rear-wheel,v-6,3.0,"150hp @ 5,000rpm",5 speed manual,"185 lb.-ft. @ 3,750rpm",,,,,,,,,,,,,24,,,,,,,,,,,
Mazda,B3000,1999,,,16.3gal.,,,rear-wheel,v-6,3.0,"150hp @ 5,000rpm",5 speed manual,"185 lb.-ft. @ 3,750rpm",,,,,,,,,,,,,24,,,,,,,,,,,
Mazda,CX-3,2019,29 mpg,34 mpg,12.7gal.,5,44 cu.ft.,front-wheel,i-4,2.0,"148hp @ 6,000rpm",6 speed automatic,"146 lb.-ft. @ 2,800rpm",4-wheel,2.0 l,122 cu.in.,148 hp,"38.4 ""","60.7 ""","69.6 ""","35.0 ""","41.7 ""","168.3 ""","37.2 ""","101.2 """,16,6,"2,809 lbs.","3,840 lbs.",,,,,,,,
Mazda,CX-3,2018,29 mpg,34 mpg,12.7gal.,5,44 cu.ft.,front-wheel,i-4,2.0,"146hp @ 6,000rpm",6 speed automatic,"146 lb.-ft. @ 2,800rpm",4-wheel,2.0 l,122 cu.in.,146 hp,"38.4 ""","60.7 ""","69.6 ""","35.0 ""","41.7 ""","168.3 ""","37.2 ""","101.2 """,16,6,"2,809 lbs.","3,840 lbs.",,,,,,,,
Mazda,CX-3,2017,,,12.7gal.,,,front-wheel,i-4,2.0,"146hp @ 6,000rpm",6 speed automatic,"146 lb.-ft. @ 2,800rpm",,,,,,,,,,,,,16,,,,,,,,,,,
Mazda,CX-3,2016,,,12.7gal.,,,front-wheel,i-4,2.0,"146hp @ 6,000rpm",6 speed automatic,"146 lb.-ft. @ 2,800rpm",,,,,,,,,,,,,16,,,,,,,,,,,
Mazda,CX-5,2018,25 mpg,31 mpg,14.8gal.,5,60 cu.ft.,front-wheel,i-4,2.5,"187hp @ 6,000rpm",6 speed automatic,"186 lb.-ft. @ 4,000rpm",4-wheel,2.5 l,152 cu.in.,187 hp,"39.7 ""","65.3 ""","72.5 ""","39.6 ""","41.0 ""","179.1 ""","39.0 ""","106.3 """,16,6,"3,527 lbs.","4,515 lbs.","2,000 lbs.",,,,,,,
Mazda,CX-5,2017,,,14.8gal.,,,front-wheel,i-4,2.5,"187hp @ 6,000rpm",6 speed automatic,"185 lb.-ft. @ 3,250rpm",,,,,,,,,,,,,16,,,,,,,,,,,
Mazda,CX-5,2016,,,14.8gal.,,,front-wheel,i-4,2.0,"155hp @ 6,000rpm",6 speed manual,"150 lb.-ft. @ 4,000rpm",,,,,,,,,,,,,16,,,,,,,,,,,
Mazda,CX-5,2015,,,14.8gal.,,,front-wheel,i-4,2.0,"155hp @ 6,000rpm",6 speed manual,"150 lb.-ft. @ 4,000rpm",,,,,,,,,,,,,16,,,,,,,,,,,
Mazda,CX-5,2014,,,14.8gal.,,,front-wheel,i-4,2.0,"155hp @ 6,000rpm",6 speed manual,"150 lb.-ft. @ 4,000rpm",,,,,,,,,,,,,16,,,,,,,,,,,
Mazda,CX-5,2013,,,14.8gal.,,,front-wheel,i-4,2.0,"155hp @ 6,000rpm",6 speed manual,"150 lb.-ft. @ 4,000rpm",,,,,,,,,,,,,16,,,,,,,,,,,
Mazda,CX-7,2012,,,16.4gal.,,,front-wheel,i-4,2.5,"161hp @ 6,000rpm",5 speed automatic,"161 lb.-ft. @ 3,500rpm",,,,,,,,,,,,,16,,,,,,,,,,,
Mazda,CX-7,2011,,,16.4gal.,,,front-wheel,i-4,2.5,"161hp @ 6,000rpm",5 speed automatic,"161 lb.-ft. @ 3,500rpm",,,,,,,,,,,,,16,,,,,,,,,,,
Mazda,CX-7,2010,,,16.4gal.,,,front-wheel,i-4,2.5,"161hp @ 6,000rpm",5 speed automatic,"161 lb.-ft. @ 3,500rpm",,,,,,,,,,,,,16,,,,,,,,,,,
Mazda,CX-7,2009,,,18.2gal.,,,front-wheel,i-4,2.3,"244hp @ 5,000rpm",6 speed automatic,"258 lb.-ft. @ 2,500rpm",,,,,,,,,,,,,16,,,,,,,,,,,
Mazda,CX-7,2008,,,18.2gal.,,,front-wheel,i-4,2.3,"244hp @ 5,000rpm",6 speed automatic,"258 lb.-ft. @ 2,500rpm",,,,,,,,,,,,,16,,,,,,,,,,,
Mazda,CX-7,2007,,,18.2gal.,,,front-wheel,i-4,2.3,"244hp @ 5,000rpm",6 speed automatic,"258 lb.-ft. @ 2,500rpm",,,,,,,,,,,,,16,,,,,,,,,,,
Mazda,CX-9,2018,22 mpg,28 mpg,19.0gal.,7,71 cu.ft.,front-wheel,i-4,2.5,"227hp @ 5,000rpm",6 speed automatic,"310 lb.-ft. @ 2,000rpm",4-wheel,2.5 l,152 cu.in.,227 hp,"39.3 ""","69.0 ""","77.5 ""","39.4 ""","41.0 ""","199.4 ""","38.5 ""","115.3 """,16,6,"4,166 lbs.","5,661 lbs.","3,500 lbs.",,,,,,,
Mazda,CX-9,2017,22 mpg,28 mpg,19.0gal.,7,71 cu.ft.,front-wheel,i-4,2.5,"227hp @ 5,000rpm",6 speed automatic,"310 lb.-ft. @ 2,000rpm",4-wheel,2.5 l,152 cu.in.,227 hp,"39.3 ""","69.0 ""","77.2 ""","39.4 ""","41.0 ""","199.4 ""","38.5 ""","115.3 """,16,6,"4,144 lbs.","5,661 lbs.","3,500 lbs.",,,,,,,
Mazda,CX-9,2016,21 mpg,27 mpg,19.5gal.,7,71 cu.ft.,all-wheel drive,i-4,2.5,"227hp @ 5,000rpm",6 speed automatic,"310 lb.-ft. @ 2,000rpm",4-wheel,2.5 l,152 cu.in.,227 hp,"39.3 """,,,"39.4 ""","41.0 ""","199.4 ""","38.5 ""","115.3 """,16,6,"4,301 lbs.","5,816 lbs.","3,500 lbs.",,,,,,,
Mazda,CX-9,2015,,,20.1gal.,,,front-wheel,v-6,3.7,"273hp @ 6,250rpm",6 speed automatic,"270 lb.-ft. @ 4,250rpm",,,,,,,,,,,,,24,,,,,,,,,,,
Mazda,CX-9,2014,,,20.1gal.,,,front-wheel,v-6,3.7,"273hp @ 6,250rpm",6 speed automatic,"270 lb.-ft. @ 4,250rpm",,,,,,,,,,,,,24,,,,,,,,,,,
Mazda,CX-9,2013,,,20.1gal.,,,front-wheel,v-6,3.7,"273hp @ 6,250rpm",6 speed automatic,"270 lb.-ft. @ 4,250rpm",,,,,,,,,,,,,24,,,,,,,,,,,
Mazda,CX-9,2012,,,20.1gal.,,,front-wheel,v-6,3.7,"273hp @ 6,250rpm",6 speed automatic,"270 lb.-ft. @ 4,250rpm",,,,,,,,,,,,,24,,,,,,,,,,,
Mazda,CX-9,2011,,,20.1gal.,,,front-wheel,v-6,3.7,"273hp @ 6,250rpm",6 speed automatic,"270 lb.-ft. @ 4,250rpm",,,,,,,,,,,,,24,,,,,,,,,,,
Mazda,CX-9,2010,,,20.1gal.,,,front-wheel,v-6,3.7,"273hp @ 6,250rpm",6 speed automatic,"270 lb.-ft. @ 4,250rpm",,,,,,,,,,,,,24,,,,,,,,,,,
Mazda,CX-9,2009,,,20.1gal.,,,front-wheel,v-6,3.7,"273hp @ 6,250rpm",6 speed automatic,"270 lb.-ft. @ 4,250rpm",,,,,,,,,,,,,24,,,,,,,,,,,
Mazda,CX-9,2008,,,20.1gal.,,,front-wheel,v-6,3.7,"273hp @ 6,250rpm",6 speed automatic,"270 lb.-ft. @ 4,250rpm",,,,,,,,,,,,,24,,,,,,,,,,,
Mazda,CX-9,2007,,,20.1gal.,,,front-wheel,v-6,3.5,"263hp @ 6,250rpm",6 speed automatic,"249 lb.-ft. @ 4,500rpm",,,,,,,,,,,,,24,,,,,,,,,,,
