make,model,year,city,highway,fuel tank capacity,total seating capacity,max cargo capacity,drive type,cylinder configuration,engine liters,horsepower,transmission,torque,abs,size,displacement,horse power,front head room,overall height,overall width,rear leg room,front leg room,overall length,rear head room,wheelbase,number of valves,number of speeds,curb weight,gross vehicle weight,towing capacity,number of doors,speakers,approach angle,ground clearance (max),ramp breakover angle,departure angle,ground clearance
Mercedes-Benz,B-Class Electric Drive,2015,,,,,,front-wheel,,,177hp @ rpm,1 speed automatic,251 lb.-ft. @ rpm,,,,,,,,,,,,,,,,,,,,,,,,
Mercedes-Benz,B-Class Electric Drive,2014,,,,,,front-wheel,,,177hp @ rpm,1 speed automatic,251 lb.-ft. @ rpm,,,,,,,,,,,,,,,,,,,,,,,,
Mercedes-Benz,AMG CLA,2017,,,14.8gal.,,,amg 4matic,i-4,2.0,375hp @ rpm,7 speed automatic with auto-shift,"350 lb.-ft. @ 2,250rpm",,,,,,,,,,,,,16,,,,,,,,,,,
Mercedes-Benz,AMG CLA,2016,,,14.8gal.,,,4matic,i-4,2.0,"375hp @ 6,000rpm",7 speed automatic with auto-shift,"350 lb.-ft. @ 2,250rpm",,,,,,,,,,,,,16,,,,,,,,,,,
Mercedes-Benz,AMG CLS,2016,,,21.1gal.,,,4matic,v-8,5.5,"577hp @ 5,500rpm",7 speed automatic,"590 lb.-ft. @ 2,000rpm",,,,,,,,,,,,,32,,,,,,,,,,,
Mercedes-Benz,AMG E,2016,,,21.1gal.,,,4matic,v-8,5.5,"577hp @ 5,500rpm",7 speed automatic,"590 lb.-ft. @ 2,000rpm",,,,,,,,,,,,,32,,,,,,,,,,,
Mercedes-Benz,AMG GT,2018,16 mpg,22 mpg,19.8gal.,2,10 cu.ft.,rear-wheel,v-8,4.0,"469hp @ 6,000rpm",7 speed automatic with auto-shift,"465 lb.-ft. @ 1,700rpm",4-wheel,4.0 l,243 cu.in.,469 hp,"39.5 ""","50.7 ""","76.3 """,,,"179.0 """,,"103.5 """,32,7,"3,560 lbs.","4,167 lbs.",,,,,,,,
Mercedes-Benz,AMG GT,2017,,,19.8gal.,,,rear-wheel,v-8,4.0,"456hp @ 6,000rpm",7 speed automatic with auto-shift,"443 lb.-ft. @ 1,600rpm",,,,,,,,,,,,,32,,,,,,,,,,,
Mercedes-Benz,AMG GT,2016,,,17.0gal.,,,rear-wheel,v-8,4.0,"503hp @ 6,250rpm",7 speed automatic with auto-shift,"479 lb.-ft. @ 1,750rpm",,,,,,,,,,,,,32,,,,,,,,,,,
Mercedes-Benz,C-Class,2018,24 mpg,33 mpg,17.4gal.,5,13 cu.ft.,rear-wheel,i-4,2.0,"241hp @ 5,550rpm",9 speed automatic,"273 lb.-ft. @ 1,300rpm",4-wheel,2.0 l,121 cu.in.,241 hp,"40.9 ""","56.8 ""","71.3 ""","35.2 ""","41.7 ""","184.5 ""","37.1 ""","111.8 """,16,9,,,,,,,,,,
Mercedes-Benz,C-Class,2017,23 mpg,30 mpg,17.4gal.,4,10 cu.ft.,rear-wheel,i-4,2.0,"241hp @ 5,550rpm",7 speed automatic,"273 lb.-ft. @ 1,300rpm",4-wheel,2.0 l,121 cu.in.,241 hp,"38.8 ""","55.3 ""","71.3 ""","32.0 ""","42.0 ""","184.5 ""","35.6 ""","111.8 """,16,7,"3,638 lbs.",,,,,,,,,
Mercedes-Benz,C-Class,2016,18 mpg,25 mpg,18.0gal.,5,13 cu.ft.,rear-wheel,v-8,4.0,"469hp @ 5,500rpm",7 speed automatic,"479 lb.-ft. @ 1,750rpm",4-wheel,4.0 l,243 cu.in.,469 hp,"40.9 ""","56.5 ""","72.4 ""","35.2 ""","41.7 ""","187.0 ""","37.1 ""","111.8 """,32,7,"3,856 lbs.","4,795 lbs.",,,,,,,,
Mercedes-Benz,C-Class,2015,20 mpg,28 mpg,17.4gal.,4,12 cu.ft.,rear-wheel,v-6,3.5,"302hp @ 6,500rpm",7 speed automatic,"273 lb.-ft. @ 3,500rpm",4-wheel,3.5 l,213 cu.in.,302 hp,"37.0 ""","54.8 ""","69.7 ""","33.0 ""","41.7 ""","180.7 ""","35.5 ""","108.7 """,24,7,"3,693 lbs.","4,597 lbs.",,,,,,,,
Mercedes-Benz,C-Class,2014,20 mpg,28 mpg,17.4gal.,4,12 cu.ft.,rear-wheel,v-6,3.5,"302hp @ 6,500rpm",7 speed automatic,"273 lb.-ft. @ 3,500rpm",4-wheel,3.5 l,213 cu.in.,302 hp,"37.0 ""","54.8 ""","69.7 ""","33.0 ""","41.7 ""","180.7 ""","35.5 ""","108.7 """,24,7,"3,693 lbs.","4,597 lbs.",,,,,,,,
Mercedes-Benz,C-Class,2013,20 mpg,29 mpg,17.4gal.,5,12 cu.ft.,rear-wheel,v-6,3.5,"302hp @ 6,500rpm",7 speed automatic,"273 lb.-ft. @ 3,500rpm",4-wheel,3.5 l,213 cu.in.,302 hp,"37.1 ""","56.3 ""","69.7 ""","33.4 ""","41.7 ""","180.8 ""","36.9 ""","108.7 """,24,7,"3,616 lbs.","4,685 lbs.",,,,,,,,
Mercedes-Benz,C-Class,2012,20 mpg,29 mpg,17.4gal.,5,12 cu.ft.,rear-wheel,v-6,3.5,"302hp @ 6,500rpm",7 speed automatic,"273 lb.-ft. @ 3,500rpm",4-wheel,3.5 l,213 cu.in.,302 hp,"37.1 ""","56.3 ""","69.7 ""","33.4 ""","41.7 ""","180.8 ""","36.9 ""","108.7 """,24,7,"3,616 lbs.","4,685 lbs.",,,,,,,,
Mercedes-Benz,C-Class,2011,17 mpg,25 mpg,17.4gal.,5,12 cu.ft.,rear-wheel,v-6,3.5,"268hp @ 6,000rpm",7 speed automatic,"258 lb.-ft. @ 2,400rpm",4-wheel,3.5 l,213 cu.in.,268 hp,"37.1 ""","56.3 ""","69.7 ""","33.4 ""","41.7 ""","182.3 ""","36.9 ""","108.7 """,24,7,"3,615 lbs.",,,,,,,,,
Mercedes-Benz,C-Class,2010,18 mpg,26 mpg,17.4gal.,5,12 cu.ft.,rear-wheel,v-6,3.0,"228hp @ 6,000rpm",7 speed automatic,"221 lb.-ft. @ 2,700rpm",4-wheel,3.0 l,183 cu.in.,228 hp,"37.1 ""","56.3 ""","69.7 ""","33.4 ""","41.7 ""","182.3 ""","36.9 ""","108.7 """,24,6,"3,527 lbs.",,,,,,,,,
Mercedes-Benz,C-Class,2009,,,17.4gal.,,,4matic,v-6,3.0,"228hp @ 6,000rpm",7 speed automatic,"221 lb.-ft. @ 2,700rpm",,,,,,,,,,,,,24,,,,,,,,,,,
Mercedes-Benz,C-Class,2008,,,17.4gal.,,,rear-wheel,v-6,3.0,"228hp @ 6,000rpm",7 speed automatic,"221 lb.-ft. @ 2,700rpm",,,,,,,,,,,,,24,,,,,,,,,,,
Mercedes-Benz,C-Class,2007,17 mpg,23 mpg,16.4gal.,5,12 cu.ft.,rear-wheel,v-6,2.5,"201hp @ 6,200rpm",7 speed automatic,"181 lb.-ft. @ 2,700rpm",4-wheel,2.5 l,152 cu.in.,201 hp,"38.9 ""","55.6 ""","68.0 ""","33.0 ""","41.7 ""","178.4 ""","37.3 ""","106.9 """,24,6,"3,450 lbs.",,,,,,,,,
Mercedes-Benz,C-Class,2006,,,16.4gal.,,,rear-wheel,v-6,2.5,"201hp @ 6,200rpm",7 speed automatic,"181 lb.-ft. @ 2,700rpm",,,,,,,,,,,,,24,,,,,,,,,,,
Mercedes-Benz,C-Class,2005,,,16.4gal.,,,rear-wheel,i-4,1.8,"189hp @ 5,800rpm",5 speed automatic,"192 lb.-ft. @ 3,500rpm",,,,,,,,,,,,,16,,,,,,,,,,,
Mercedes-Benz,C-Class,2004,,,16.4gal.,,,rear-wheel,i-4,1.8,"189hp @ 5,800rpm",5 speed automatic,"192 lb.-ft. @ 3,500rpm",,,,,,,,,,,,,16,,,,,,,,,,,
Mercedes-Benz,C-Class,2003,,,16.2gal.,,,rear-wheel,i-4,1.8,"189hp @ 5,800rpm",5 speed automatic,"192 lb.-ft. @ 3,500rpm",,,,,,,,,,,,,16,,,,,,,,,,,
Mercedes-Benz,C-Class,2002,,,16.2gal.,,,rear-wheel,i-4,2.3,"192hp @ 5,500rpm",5 speed automatic,"200 lb.-ft. @ 2,500rpm",,,,,,,,,,,,,16,,,,,,,,,,,
Mercedes-Benz,C-Class,2001,,,16.2gal.,,,rear-wheel,v-6,2.6,"168hp @ 5,500rpm",5 speed automatic,"177 lb.-ft. @ 4,500rpm",,,,,,,,,,,,,18,,,,,,,,,,,
Mercedes-Benz,C-Class,2000,,,16.4gal.,,,rear-wheel,v-6,2.8,"194hp @ 5,800rpm",5 speed automatic,"195 lb.-ft. @ 3,000rpm",,,,,,,,,,,,,18,,,,,,,,,,,
Mercedes-Benz,C-Class,1999,21 mpg,27 mpg,16.4gal.,5,13 cu.ft.,rear-wheel,v-6,2.8,"194hp @ 5,800rpm",5 speed automatic,"195 lb.-ft. @ 3,000rpm",4-wheel,2.8 l,171 cu.in.,194 hp,"37.2 ""","56.1 ""","67.7 ""","32.8 ""","41.5 ""","177.4 ""","37.0 ""","105.9 """,18,5,"3,316 lbs.",,,,,,,,,
Mercedes-Benz,AMG GT,2018,16 mpg,22 mpg,19.8gal.,2,10 cu.ft.,rear-wheel,v-8,4.0,"469hp @ 6,000rpm",7 speed automatic with auto-shift,"465 lb.-ft. @ 1,700rpm",4-wheel,4.0 l,243 cu.in.,469 hp,"39.5 ""","50.7 ""","76.3 """,,,"179.0 """,,"103.5 """,32,7,"3,560 lbs.","4,167 lbs.",,,,,,,,
Mercedes-Benz,AMG GT,2017,,,19.8gal.,,,rear-wheel,v-8,4.0,"456hp @ 6,000rpm",7 speed automatic with auto-shift,"443 lb.-ft. @ 1,600rpm",,,,,,,,,,,,,32,,,,,,,,,,,
Mercedes-Benz,AMG GT,2016,,,17.0gal.,,,rear-wheel,v-8,4.0,"503hp @ 6,250rpm",7 speed automatic with auto-shift,"479 lb.-ft. @ 1,750rpm",,,,,,,,,,,,,32,,,,,,,,,,,
Mercedes-Benz,AMG SL,2017,,,19.8gal.,,,rear-wheel,v-8,5.5,"577hp @ 5,500rpm",7 speed automatic,"664 lb.-ft. @ 2,250rpm",,,,,,,,,,,,,32,,,,,,,,,,,
Mercedes-Benz,AMG SL,2016,,,19.8gal.,,,rear-wheel,v-8,5.5,"577hp @ 5,500rpm",7 speed automatic,"664 lb.-ft. @ 2,000rpm",,,,,,,,,,,,,32,,,,,,,,,,,
Mercedes-Benz,AMG SL 63,2018,16 mpg,25 mpg,19.8gal.,2,13 cu.ft.,rear-wheel,v-8,5.5,"577hp @ 5,500rpm",7 speed automatic,"664 lb.-ft. @ 2,250rpm",4-wheel,5.5 l,333 cu.in.,577 hp,"39.1 ""","51.2 ""","73.9 """,,"42.9 ""","182.7 """,,"101.7 """,32,7,"4,068 lbs.",,,,,,,,,
Mercedes-Benz,AMG SL 63,2017,,,19.8gal.,,,rear-wheel,v-8,5.5,"577hp @ 5,500rpm",7 speed automatic,"664 lb.-ft. @ 2,250rpm",,,,,,,,,,,,,32,,,,,,,,,,,
Mercedes-Benz,AMG SL 65,2018,13 mpg,22 mpg,19.8gal.,2,13 cu.ft.,rear-wheel,v-12,6.0,"621hp @ 5,500rpm",7 speed automatic,"738 lb.-ft. @ 2,300rpm",4-wheel,6.0 l,365 cu.in.,621 hp,"39.1 ""","51.2 ""","73.9 """,,"42.9 ""","182.7 """,,"101.7 """,36,7,"4,299 lbs.",,,,,,,,,
Mercedes-Benz,AMG SL 65,2017,,,19.8gal.,,,rear-wheel,v-12,6.0,"621hp @ 5,500rpm",7 speed automatic,"738 lb.-ft. @ 2,300rpm",,,,,,,,,,,,,36,,,,,,,,,,,
Mercedes-Benz,AMG SLC 43,2018,20 mpg,29 mpg,15.9gal.,2,10 cu.ft.,rear-wheel,v-6,3.0,"362hp @ 5,500rpm",9 speed automatic,"384 lb.-ft. @ 2,000rpm",4-wheel,3.0 l,183 cu.in.,362 hp,"39.1 ""","51.3 ""","71.5 """,,"42.5 ""","163.1 """,,"95.7 """,24,9,"3,541 lbs.",,,,,,,,,
Mercedes-Benz,AMG SLC 43,2017,20 mpg,29 mpg,18.5gal.,2,10 cu.ft.,rear-wheel,v-6,3.0,"362hp @ 5,500rpm",9 speed automatic,"384 lb.-ft. @ 2,000rpm",4-wheel,3.0 l,183 cu.in.,362 hp,"38.0 ""","51.3 ""","71.5 """,,"42.5 ""","163.1 """,,"95.7 """,24,9,"3,518 lbs.",,,,,,,,,
Mercedes-Benz,AMG SLK,2016,,,18.5gal.,,,rear-wheel,v-8,5.5,"415hp @ 6,800rpm",7 speed automatic,"398 lb.-ft. @ 4,500rpm",,,,,,,,,,,,,32,,,,,,,,,,,
Mercedes-Benz,E-Class,2018,20 mpg,26 mpg,17.4gal.,4,15 cu.ft.,rear-wheel,v-6,3.0,"329hp @ 5,250rpm",9 speed automatic,"354 lb.-ft. @ 1,600rpm",4-wheel,3.0 l,183 cu.in.,329 hp,"40.9 ""","56.3 ""","73.2 """,,"41.8 ""","190.0 ""","36.4 ""","113.1 """,24,9,,,,,,,,,,
Mercedes-Benz,E-Class,2017,,,17.4gal.,,,4matic,i-4,2.0,"241hp @ 5,500rpm",9 speed automatic,"273 lb.-ft. @ 1,300rpm",,,,,,,,,,,,,16,,,,,,,,,,,
Mercedes-Benz,E-Class,2016,,,21.1gal.,,,rear-wheel,v-6,3.5,"302hp @ 6,500rpm",7 speed automatic,"273 lb.-ft. @ 3,500rpm",,,,,,,,,,,,,24,,,,,,,,,,,
Mercedes-Benz,E-Class,2015,,,17.4gal.,,,rear-wheel,v-8,4.7,"402hp @ 5,000rpm",7 speed automatic,"443 lb.-ft. @ 1,600rpm",,,,,,,,,,,,,32,,,,,,,,,,,
Mercedes-Benz,E-Class,2014,21 mpg,30 mpg,21.1gal.,5,16 cu.ft.,rear-wheel,v-6,3.5,"302hp @ 6,500rpm",7 speed automatic,"273 lb.-ft. @ 3,500rpm",4-wheel,3.5 l,213 cu.in.,302 hp,"37.9 ""","57.9 ""","73.0 ""","35.8 ""","41.3 ""","192.1 ""","38.2 ""","113.2 """,24,7,"3,825 lbs.",,,,,,,,,
Mercedes-Benz,E-Class,2013,20 mpg,30 mpg,21.1gal.,5,16 cu.ft.,rear-wheel,v-6,3.5,"302hp @ 6,500rpm",7 speed automatic,"273 lb.-ft. @ 3,500rpm",4-wheel,3.5 l,213 cu.in.,302 hp,"37.9 ""","57.9 ""","73.0 ""","35.8 ""","41.3 ""","191.7 ""","38.2 ""","113.2 """,24,7,"3,825 lbs.",,,,,,,,,
Mercedes-Benz,E-Class,2012,,,21.1gal.,,,rear-wheel,v-6,3.5,"302hp @ 6,500rpm",7 speed automatic,"273 lb.-ft. @ 3,500rpm",,,,,,,,,,,,,24,,,,,,,,,,,
Mercedes-Benz,E-Class,2011,16 mpg,23 mpg,21.1gal.,7,,4matic,v-6,3.5,"268hp @ 6,000rpm",7 speed automatic,"258 lb.-ft. @ 2,400rpm",4-wheel,3.5 l,213 cu.in.,268 hp,,,,,,,,"113.1 """,24,7,,,,,,,,,,
Mercedes-Benz,E-Class,2010,,,21.1gal.,,,rear-wheel,v-6,3.5,"268hp @ 6,000rpm",7 speed automatic,"258 lb.-ft. @ 2,400rpm",,,,,,,,,,,,,24,,,,,,,,,,,
Mercedes-Benz,E-Class,2009,,,21.1gal.,,,rear-wheel,v-6,3.0,"210hp @ 3,800rpm",7 speed automatic,"400 lb.-ft. @ 1,600rpm",,,,,,,,,,,,,24,,,,,,,,,,,
Mercedes-Benz,E-Class,2008,,,21.1gal.,,,rear-wheel,v-6,3.0,"210hp @ 3,800rpm",7 speed automatic,"400 lb.-ft. @ 1,600rpm",,,,,,,,,,,,,24,,,,,,,,,,,
Mercedes-Benz,E-Class,2007,,,20.6gal.,,,rear-wheel,v-6,3.5,"268hp @ 6,000rpm",7 speed automatic,"258 lb.-ft. @ 2,400rpm",,,,,,,,,,,,,24,,,,,,,,,,,
Mercedes-Benz,E-Class,2006,,,20.6gal.,,,rear-wheel,v-6,3.5,"268hp @ 6,000rpm",7 speed automatic,"258 lb.-ft. @ 2,400rpm",,,,,,,,,,,,,24,,,,,,,,,,,
Mercedes-Benz,E-Class,2005,,,21.1gal.,,,rear-wheel,i-6,3.2,"201hp @ 4,200rpm",5 speed automatic,"369 lb.-ft. @ 1,800rpm",,,,,,,,,,,,,24,,,,,,,,,,,
Mercedes-Benz,E-Class,2004,,,20.6gal.,,,rear-wheel,v-6,3.2,"221hp @ 5,600rpm",5 speed automatic,"232 lb.-ft. @ 3,000rpm",,,,,,,,,,,,,18,,,,,,,,,,,
Mercedes-Benz,E-Class,2003,,,18.5gal.,,,rear-wheel,v-6,3.2,"221hp @ 5,600rpm",5 speed automatic,"232 lb.-ft. @ 3,000rpm",,,,,,,,,,,,,18,,,,,,,,,,,
Mercedes-Benz,E-Class,2002,,,18.5gal.,,,rear-wheel,v-6,3.2,"221hp @ 5,600rpm",5 speed automatic,"232 lb.-ft. @ 3,000rpm",,,,,,,,,,,,,18,,,,,,,,,,,
Mercedes-Benz,E-Class,2001,,,21.1gal.,,,rear-wheel,v-6,3.2,"221hp @ 5,600rpm",5 speed automatic,"232 lb.-ft. @ 3,000rpm",,,,,,,,,,,,,18,,,,,,,,,,,
Mercedes-Benz,E-Class,2000,,,21.1gal.,,,rear-wheel,v-6,3.2,"221hp @ 5,600rpm",5 speed automatic,"232 lb.-ft. @ 3,000rpm",,,,,,,,,,,,,18,,,,,,,,,,,
Mercedes-Benz,E-Class,1999,27 mpg,36 mpg,21.1gal.,5,15 cu.ft.,rear-wheel,i-6,3.0,"174hp @ 4,400rpm",5 speed automatic,"244 lb.-ft. @ 1,600rpm",4-wheel,3.0 l,183 cu.in.,174 hp,"37.6 ""","56.7 ""","70.8 ""","36.1 ""","41.3 ""","189.4 ""","37.2 ""","111.5 """,24,5,"3,640 lbs.",,,,,,,,,
Mercedes-Benz,B-Class Electric Drive,2015,,,,,,front-wheel,,,177hp @ rpm,1 speed automatic,251 lb.-ft. @ rpm,,,,,,,,,,,,,,,,,,,,,,,,
Mercedes-Benz,B-Class Electric Drive,2014,,,,,,front-wheel,,,177hp @ rpm,1 speed automatic,251 lb.-ft. @ rpm,,,,,,,,,,,,,,,,,,,,,,,,
Mercedes-Benz,C-Class,2018,24 mpg,33 mpg,17.4gal.,5,13 cu.ft.,rear-wheel,i-4,2.0,"241hp @ 5,550rpm",9 speed automatic,"273 lb.-ft. @ 1,300rpm",4-wheel,2.0 l,121 cu.in.,241 hp,"40.9 ""","56.8 ""","71.3 ""","35.2 ""","41.7 ""","184.5 ""","37.1 ""","111.8 """,16,9,,,,,,,,,,
Mercedes-Benz,C-Class,2017,23 mpg,30 mpg,17.4gal.,4,10 cu.ft.,rear-wheel,i-4,2.0,"241hp @ 5,550rpm",7 speed automatic,"273 lb.-ft. @ 1,300rpm",4-wheel,2.0 l,121 cu.in.,241 hp,"38.8 ""","55.3 ""","71.3 ""","32.0 ""","42.0 ""","184.5 ""","35.6 ""","111.8 """,16,7,"3,638 lbs.",,,,,,,,,
Mercedes-Benz,C-Class,2016,18 mpg,25 mpg,18.0gal.,5,13 cu.ft.,rear-wheel,v-8,4.0,"469hp @ 5,500rpm",7 speed automatic,"479 lb.-ft. @ 1,750rpm",4-wheel,4.0 l,243 cu.in.,469 hp,"40.9 ""","56.5 ""","72.4 ""","35.2 ""","41.7 ""","187.0 ""","37.1 ""","111.8 """,32,7,"3,856 lbs.","4,795 lbs.",,,,,,,,
Mercedes-Benz,C-Class,2015,20 mpg,28 mpg,17.4gal.,4,12 cu.ft.,rear-wheel,v-6,3.5,"302hp @ 6,500rpm",7 speed automatic,"273 lb.-ft. @ 3,500rpm",4-wheel,3.5 l,213 cu.in.,302 hp,"37.0 ""","54.8 ""","69.7 ""","33.0 ""","41.7 ""","180.7 ""","35.5 ""","108.7 """,24,7,"3,693 lbs.","4,597 lbs.",,,,,,,,
Mercedes-Benz,C-Class,2014,20 mpg,28 mpg,17.4gal.,4,12 cu.ft.,rear-wheel,v-6,3.5,"302hp @ 6,500rpm",7 speed automatic,"273 lb.-ft. @ 3,500rpm",4-wheel,3.5 l,213 cu.in.,302 hp,"37.0 ""","54.8 ""","69.7 ""","33.0 ""","41.7 ""","180.7 ""","35.5 ""","108.7 """,24,7,"3,693 lbs.","4,597 lbs.",,,,,,,,
Mercedes-Benz,C-Class,2013,20 mpg,29 mpg,17.4gal.,5,12 cu.ft.,rear-wheel,v-6,3.5,"302hp @ 6,500rpm",7 speed automatic,"273 lb.-ft. @ 3,500rpm",4-wheel,3.5 l,213 cu.in.,302 hp,"37.1 ""","56.3 ""","69.7 ""","33.4 ""","41.7 ""","180.8 ""","36.9 ""","108.7 """,24,7,"3,616 lbs.","4,685 lbs.",,,,,,,,
Mercedes-Benz,C-Class,2012,20 mpg,29 mpg,17.4gal.,5,12 cu.ft.,rear-wheel,v-6,3.5,"302hp @ 6,500rpm",7 speed automatic,"273 lb.-ft. @ 3,500rpm",4-wheel,3.5 l,213 cu.in.,302 hp,"37.1 ""","56.3 ""","69.7 ""","33.4 ""","41.7 ""","180.8 ""","36.9 ""","108.7 """,24,7,"3,616 lbs.","4,685 lbs.",,,,,,,,
Mercedes-Benz,C-Class,2011,17 mpg,25 mpg,17.4gal.,5,12 cu.ft.,rear-wheel,v-6,3.5,"268hp @ 6,000rpm",7 speed automatic,"258 lb.-ft. @ 2,400rpm",4-wheel,3.5 l,213 cu.in.,268 hp,"37.1 ""","56.3 ""","69.7 ""","33.4 ""","41.7 ""","182.3 ""","36.9 ""","108.7 """,24,7,"3,615 lbs.",,,,,,,,,
Mercedes-Benz,C-Class,2010,18 mpg,26 mpg,17.4gal.,5,12 cu.ft.,rear-wheel,v-6,3.0,"228hp @ 6,000rpm",7 speed automatic,"221 lb.-ft. @ 2,700rpm",4-wheel,3.0 l,183 cu.in.,228 hp,"37.1 ""","56.3 ""","69.7 ""","33.4 ""","41.7 ""","182.3 ""","36.9 ""","108.7 """,24,6,"3,527 lbs.",,,,,,,,,
Mercedes-Benz,C-Class,2009,,,17.4gal.,,,4matic,v-6,3.0,"228hp @ 6,000rpm",7 speed automatic,"221 lb.-ft. @ 2,700rpm",,,,,,,,,,,,,24,,,,,,,,,,,
Mercedes-Benz,C-Class,2008,,,17.4gal.,,,rear-wheel,v-6,3.0,"228hp @ 6,000rpm",7 speed automatic,"221 lb.-ft. @ 2,700rpm",,,,,,,,,,,,,24,,,,,,,,,,,
Mercedes-Benz,C-Class,2007,17 mpg,23 mpg,16.4gal.,5,12 cu.ft.,rear-wheel,v-6,2.5,"201hp @ 6,200rpm",7 speed automatic,"181 lb.-ft. @ 2,700rpm",4-wheel,2.5 l,152 cu.in.,201 hp,"38.9 ""","55.6 ""","68.0 ""","33.0 ""","41.7 ""","178.4 ""","37.3 ""","106.9 """,24,6,"3,450 lbs.",,,,,,,,,
Mercedes-Benz,C-Class,2006,,,16.4gal.,,,rear-wheel,v-6,2.5,"201hp @ 6,200rpm",7 speed automatic,"181 lb.-ft. @ 2,700rpm",,,,,,,,,,,,,24,,,,,,,,,,,
Mercedes-Benz,C-Class,2005,,,16.4gal.,,,rear-wheel,i-4,1.8,"189hp @ 5,800rpm",5 speed automatic,"192 lb.-ft. @ 3,500rpm",,,,,,,,,,,,,16,,,,,,,,,,,
Mercedes-Benz,C-Class,2004,,,16.4gal.,,,rear-wheel,i-4,1.8,"189hp @ 5,800rpm",5 speed automatic,"192 lb.-ft. @ 3,500rpm",,,,,,,,,,,,,16,,,,,,,,,,,
Mercedes-Benz,C-Class,2003,,,16.2gal.,,,rear-wheel,i-4,1.8,"189hp @ 5,800rpm",5 speed automatic,"192 lb.-ft. @ 3,500rpm",,,,,,,,,,,,,16,,,,,,,,,,,
Mercedes-Benz,C-Class,2002,,,16.2gal.,,,rear-wheel,i-4,2.3,"192hp @ 5,500rpm",5 speed automatic,"200 lb.-ft. @ 2,500rpm",,,,,,,,,,,,,16,,,,,,,,,,,
Mercedes-Benz,C-Class,2001,,,16.2gal.,,,rear-wheel,v-6,2.6,"168hp @ 5,500rpm",5 speed automatic,"177 lb.-ft. @ 4,500rpm",,,,,,,,,,,,,18,,,,,,,,,,,
Mercedes-Benz,C-Class,2000,,,16.4gal.,,,rear-wheel,v-6,2.8,"194hp @ 5,800rpm",5 speed automatic,"195 lb.-ft. @ 3,000rpm",,,,,,,,,,,,,18,,,,,,,,,,,
Mercedes-Benz,C-Class,1999,21 mpg,27 mpg,16.4gal.,5,13 cu.ft.,rear-wheel,v-6,2.8,"194hp @ 5,800rpm",5 speed automatic,"195 lb.-ft. @ 3,000rpm",4-wheel,2.8 l,171 cu.in.,194 hp,"37.2 ""","56.1 ""","67.7 ""","32.8 ""","41.5 ""","177.4 ""","37.0 ""","105.9 """,18,5,"3,316 lbs.",,,,,,,,,
Mercedes-Benz,E-Class,2018,20 mpg,26 mpg,17.4gal.,4,15 cu.ft.,rear-wheel,v-6,3.0,"329hp @ 5,250rpm",9 speed automatic,"354 lb.-ft. @ 1,600rpm",4-wheel,3.0 l,183 cu.in.,329 hp,"40.9 ""","56.3 ""","73.2 """,,"41.8 ""","190.0 ""","36.4 ""","113.1 """,24,9,,,,,,,,,,
Mercedes-Benz,E-Class,2017,,,17.4gal.,,,4matic,i-4,2.0,"241hp @ 5,500rpm",9 speed automatic,"273 lb.-ft. @ 1,300rpm",,,,,,,,,,,,,16,,,,,,,,,,,
Mercedes-Benz,E-Class,2016,,,21.1gal.,,,rear-wheel,v-6,3.5,"302hp @ 6,500rpm",7 speed automatic,"273 lb.-ft. @ 3,500rpm",,,,,,,,,,,,,24,,,,,,,,,,,
Mercedes-Benz,E-Class,2015,,,17.4gal.,,,rear-wheel,v-8,4.7,"402hp @ 5,000rpm",7 speed automatic,"443 lb.-ft. @ 1,600rpm",,,,,,,,,,,,,32,,,,,,,,,,,
Mercedes-Benz,E-Class,2014,21 mpg,30 mpg,21.1gal.,5,16 cu.ft.,rear-wheel,v-6,3.5,"302hp @ 6,500rpm",7 speed automatic,"273 lb.-ft. @ 3,500rpm",4-wheel,3.5 l,213 cu.in.,302 hp,"37.9 ""","57.9 ""","73.0 ""","35.8 ""","41.3 ""","192.1 ""","38.2 ""","113.2 """,24,7,"3,825 lbs.",,,,,,,,,
Mercedes-Benz,E-Class,2013,20 mpg,30 mpg,21.1gal.,5,16 cu.ft.,rear-wheel,v-6,3.5,"302hp @ 6,500rpm",7 speed automatic,"273 lb.-ft. @ 3,500rpm",4-wheel,3.5 l,213 cu.in.,302 hp,"37.9 ""","57.9 ""","73.0 ""","35.8 ""","41.3 ""","191.7 ""","38.2 ""","113.2 """,24,7,"3,825 lbs.",,,,,,,,,
Mercedes-Benz,E-Class,2012,,,21.1gal.,,,rear-wheel,v-6,3.5,"302hp @ 6,500rpm",7 speed automatic,"273 lb.-ft. @ 3,500rpm",,,,,,,,,,,,,24,,,,,,,,,,,
Mercedes-Benz,E-Class,2011,16 mpg,23 mpg,21.1gal.,7,,4matic,v-6,3.5,"268hp @ 6,000rpm",7 speed automatic,"258 lb.-ft. @ 2,400rpm",4-wheel,3.5 l,213 cu.in.,268 hp,,,,,,,,"113.1 """,24,7,,,,,,,,,,
Mercedes-Benz,E-Class,2010,,,21.1gal.,,,rear-wheel,v-6,3.5,"268hp @ 6,000rpm",7 speed automatic,"258 lb.-ft. @ 2,400rpm",,,,,,,,,,,,,24,,,,,,,,,,,
Mercedes-Benz,E-Class,2009,,,21.1gal.,,,rear-wheel,v-6,3.0,"210hp @ 3,800rpm",7 speed automatic,"400 lb.-ft. @ 1,600rpm",,,,,,,,,,,,,24,,,,,,,,,,,
Mercedes-Benz,E-Class,2008,,,21.1gal.,,,rear-wheel,v-6,3.0,"210hp @ 3,800rpm",7 speed automatic,"400 lb.-ft. @ 1,600rpm",,,,,,,,,,,,,24,,,,,,,,,,,
Mercedes-Benz,E-Class,2007,,,20.6gal.,,,rear-wheel,v-6,3.5,"268hp @ 6,000rpm",7 speed automatic,"258 lb.-ft. @ 2,400rpm",,,,,,,,,,,,,24,,,,,,,,,,,
Mercedes-Benz,E-Class,2006,,,20.6gal.,,,rear-wheel,v-6,3.5,"268hp @ 6,000rpm",7 speed automatic,"258 lb.-ft. @ 2,400rpm",,,,,,,,,,,,,24,,,,,,,,,,,
Mercedes-Benz,E-Class,2005,,,21.1gal.,,,rear-wheel,i-6,3.2,"201hp @ 4,200rpm",5 speed automatic,"369 lb.-ft. @ 1,800rpm",,,,,,,,,,,,,24,,,,,,,,,,,
Mercedes-Benz,E-Class,2004,,,20.6gal.,,,rear-wheel,v-6,3.2,"221hp @ 5,600rpm",5 speed automatic,"232 lb.-ft. @ 3,000rpm",,,,,,,,,,,,,18,,,,,,,,,,,
Mercedes-Benz,E-Class,2003,,,18.5gal.,,,rear-wheel,v-6,3.2,"221hp @ 5,600rpm",5 speed automatic,"232 lb.-ft. @ 3,000rpm",,,,,,,,,,,,,18,,,,,,,,,,,
Mercedes-Benz,E-Class,2002,,,18.5gal.,,,rear-wheel,v-6,3.2,"221hp @ 5,600rpm",5 speed automatic,"232 lb.-ft. @ 3,000rpm",,,,,,,,,,,,,18,,,,,,,,,,,
Mercedes-Benz,E-Class,2001,,,21.1gal.,,,rear-wheel,v-6,3.2,"221hp @ 5,600rpm",5 speed automatic,"232 lb.-ft. @ 3,000rpm",,,,,,,,,,,,,18,,,,,,,,,,,
Mercedes-Benz,E-Class,2000,,,21.1gal.,,,rear-wheel,v-6,3.2,"221hp @ 5,600rpm",5 speed automatic,"232 lb.-ft. @ 3,000rpm",,,,,,,,,,,,,18,,,,,,,,,,,
Mercedes-Benz,E-Class,1999,27 mpg,36 mpg,21.1gal.,5,15 cu.ft.,rear-wheel,i-6,3.0,"174hp @ 4,400rpm",5 speed automatic,"244 lb.-ft. @ 1,600rpm",4-wheel,3.0 l,183 cu.in.,174 hp,"37.6 ""","56.7 ""","70.8 ""","36.1 ""","41.3 ""","189.4 ""","37.2 ""","111.5 """,24,5,"3,640 lbs.",,,,,,,,,
Mercedes-Benz,GLC 350e,2019,,,13.2gal.,5,57 cu.ft.,4matic,i-4,2.0,"201hp @ 5,500rpm",7 speed automatic,"162 lb.-ft. @ 1,200rpm",4-wheel,2.0 l,121 cu.in.,201 hp,"41.9 ""","65.3 ""","74.4 ""","37.3 ""","40.8 ""","183.3 ""","38.5 ""","113.1 """,16,7,"4,564 lbs.","5,291 lbs.","3,500 lbs.",,,,,,,
Mercedes-Benz,GLC 350e,2018,,,13.2gal.,5,57 cu.ft.,4matic,i-4,2.0,"201hp @ 5,500rpm",7 speed automatic,"162 lb.-ft. @ 1,200rpm",4-wheel,2.0 l,121 cu.in.,201 hp,"41.9 ""","65.3 ""","74.4 ""","37.3 ""","40.8 ""","183.3 ""","38.5 ""","113.1 """,16,7,"4,001 lbs.","5,291 lbs.","3,500 lbs.",,,,,,,
Mercedes-Benz,GLE 550e,2017,,,21.1gal.,,,4matic,v-6,3.0,"329hp @ 5,250rpm",7 speed automatic,"354 lb.-ft. @ 1,600rpm",,,,,,,,,,,,,24,,,,,,,,,,,
Mercedes-Benz,AMG C 43,2018,20 mpg,27 mpg,17.4gal.,5,13 cu.ft.,amg 4matic,v-6,3.0,"362hp @ 5,500rpm",9 speed automatic,"384 lb.-ft. @ 2,000rpm",4-wheel,3.0 l,183 cu.in.,362 hp,"40.0 ""","56.3 ""","71.3 ""","35.2 ""","41.7 ""","185.0 ""","38.2 ""","111.8 """,24,9,"3,759 lbs.",,,,,,,,,
Mercedes-Benz,AMG C 43,2017,20 mpg,28 mpg,17.4gal.,4,10 cu.ft.,amg 4matic,v-6,3.0,"362hp @ 5,500rpm",9 speed automatic,"384 lb.-ft. @ 2,000rpm",4-wheel,3.0 l,183 cu.in.,362 hp,"38.8 ""","55.3 ""","71.3 ""","32.0 ""","42.0 ""","184.9 ""","35.6 ""","111.8 """,24,9,"3,935 lbs.",,,,,,,,,
Mercedes-Benz,AMG C 63,2018,18 mpg,24 mpg,17.4gal.,5,13 cu.ft.,rear-wheel,v-8,4.0,"469hp @ 5,500rpm",7 speed automatic,"479 lb.-ft. @ 1,750rpm",4-wheel,4.0 l,243 cu.in.,469 hp,"40.9 ""","56.1 ""","72.4 ""","35.2 ""","41.7 ""","187.0 ""","37.1 ""","111.8 """,32,7,"3,829 lbs.",,,,,,,,,
Mercedes-Benz,AMG C 63,2017,18 mpg,25 mpg,17.4gal.,5,13 cu.ft.,rear-wheel,v-8,4.0,"469hp @ 5,500rpm",7 speed automatic,"479 lb.-ft. @ 1,750rpm",4-wheel,4.0 l,243 cu.in.,469 hp,"40.9 ""","56.5 ""","72.4 ""","35.2 ""","41.7 ""","187.0 ""","37.1 ""","111.8 """,32,7,"3,782 lbs.",,,,,,,,,
Mercedes-Benz,AMG CLA,2017,,,14.8gal.,,,amg 4matic,i-4,2.0,375hp @ rpm,7 speed automatic with auto-shift,"350 lb.-ft. @ 2,250rpm",,,,,,,,,,,,,16,,,,,,,,,,,
Mercedes-Benz,AMG CLA,2016,,,14.8gal.,,,4matic,i-4,2.0,"375hp @ 6,000rpm",7 speed automatic with auto-shift,"350 lb.-ft. @ 2,250rpm",,,,,,,,,,,,,16,,,,,,,,,,,
Mercedes-Benz,AMG CLA 45,2019,23 mpg,30 mpg,14.8gal.,5,13 cu.ft.,amg 4matic,i-4,2.0,"375hp @ 6,000rpm",7 speed automatic with auto-shift,"350 lb.-ft. @ 2,250rpm",4-wheel,2.0 l,121 cu.in.,375 hp,"38.2 ""","55.7 ""","70.0 ""","27.1 ""","40.2 ""","184.7 ""","35.6 ""","106.3 """,16,7,"3,450 lbs.","4,334 lbs.",,,,,,,,
Mercedes-Benz,AMG CLA 45,2018,,,14.8gal.,,,amg 4matic,i-4,2.0,"375hp @ 6,000rpm",7 speed automatic with auto-shift,"350 lb.-ft. @ 2,250rpm",,,,,,,,,,,,,16,,,,,,,,,,,
Mercedes-Benz,AMG CLA 45,2017,,,14.8gal.,,,amg 4matic,i-4,2.0,375hp @ rpm,7 speed automatic with auto-shift,"350 lb.-ft. @ 2,250rpm",,,,,,,,,,,,,16,,,,,,,,,,,
Mercedes-Benz,AMG CLS 63,2018,16 mpg,22 mpg,21.1gal.,4,15 cu.ft.,4matic,v-8,5.5,"550hp @ 5,500rpm",7 speed automatic,"531 lb.-ft. @ 1,750rpm",4-wheel,5.5 l,333 cu.in.,550 hp,"36.9 ""","56.3 ""","74.1 ""","35.0 ""","42.1 ""","195.6 ""","36.1 ""","113.1 """,32,7,"4,420 lbs.","5,324 lbs.",,,,,,,,
Mercedes-Benz,AMG CLS 63,2017,,,21.1gal.,,,4matic,v-8,5.5,"550hp @ 5,500rpm",7 speed automatic,"531 lb.-ft. @ 1,750rpm",,,,,,,,,,,,,32,,,,,,,,,,,
Mercedes-Benz,AMG E 43,2018,19 mpg,25 mpg,23.8gal.,5,13 cu.ft.,4matic,v-6,3.0,"396hp @ 6,100rpm",9 speed automatic,"384 lb.-ft. @ 2,500rpm",4-wheel,3.0 l,183 cu.in.,396 hp,"37.9 ""","57.0 ""","73.2 ""","35.8 ""","41.3 ""","194.6 ""","38.2 ""","115.7 """,24,9,"4,145 lbs.",,,,,,,,,
Mercedes-Benz,AMG E 43,2017,,,23.8gal.,,,4matic,v-6,3.0,"396hp @ 6,100rpm",9 speed automatic,"384 lb.-ft. @ 2,500rpm",,,,,,,,,,,,,24,,,,,,,,,,,
Mercedes-Benz,AMG E 63,2018,19 mpg,25 mpg,23.8gal.,5,13 cu.ft.,4matic,v-8,4.0,"603hp @ 5,750rpm",9 speed automatic,"627 lb.-ft. @ 2,500rpm",4-wheel,4.0 l,243 cu.in.,603 hp,"37.9 ""","56.6 ""","75.1 ""","35.8 ""","41.3 ""","196.4 ""","38.2 ""","115.7 """,32,9,,,,,,,,,,
Mercedes-Benz,AMG GT,2018,16 mpg,22 mpg,19.8gal.,2,10 cu.ft.,rear-wheel,v-8,4.0,"469hp @ 6,000rpm",7 speed automatic with auto-shift,"465 lb.-ft. @ 1,700rpm",4-wheel,4.0 l,243 cu.in.,469 hp,"39.5 ""","50.7 ""","76.3 """,,,"179.0 """,,"103.5 """,32,7,"3,560 lbs.","4,167 lbs.",,,,,,,,
Mercedes-Benz,AMG GT,2017,,,19.8gal.,,,rear-wheel,v-8,4.0,"456hp @ 6,000rpm",7 speed automatic with auto-shift,"443 lb.-ft. @ 1,600rpm",,,,,,,,,,,,,32,,,,,,,,,,,
Mercedes-Benz,AMG GT,2016,,,17.0gal.,,,rear-wheel,v-8,4.0,"503hp @ 6,250rpm",7 speed automatic with auto-shift,"479 lb.-ft. @ 1,750rpm",,,,,,,,,,,,,32,,,,,,,,,,,
Mercedes-Benz,AMG S,2016,,,21.1gal.,,,4matic,v-8,5.5,"577hp @ 5,500rpm",7 speed automatic,"664 lb.-ft. @ 2,250rpm",,,,,,,,,,,,,32,,,,,,,,,,,
Mercedes-Benz,AMG S 63,2018,17 mpg,26 mpg,20.7gal.,5,18 cu.ft.,4matic,v-8,4.0,"603hp @ 5,500rpm",9 speed automatic,"664 lb.-ft. @ 2,750rpm",4-wheel,4.0 l,243 cu.in.,603 hp,"39.7 ""","59.0 ""","75.4 ""","43.0 ""","41.4 ""","208.2 ""","39.2 ""","124.6 """,32,9,"4,564 lbs.","6,008 lbs.",,,,,,,,
Mercedes-Benz,AMG S 63,2017,,,21.1gal.,,,4matic,v-8,5.5,"577hp @ 5,500rpm",7 speed automatic,"664 lb.-ft. @ 2,250rpm",,,,,,,,,,,,,32,,,,,,,,,,,
Mercedes-Benz,AMG S 65,2018,13 mpg,22 mpg,20.7gal.,5,18 cu.ft.,rear-wheel,v-12,6.0,"621hp @ 4,800rpm",7 speed automatic,"738 lb.-ft. @ 2,300rpm",4-wheel,6.0 l,365 cu.in.,621 hp,"39.7 ""","59.0 ""","75.4 ""","43.0 ""","41.4 ""","208.2 ""","39.2 ""","124.6 """,36,7,"4,960 lbs.","6,063 lbs.",,,,,,,,
Mercedes-Benz,AMG S 65,2017,,,21.1gal.,,,rear-wheel,v-12,6.0,"621hp @ 5,500rpm",7 speed automatic,"738 lb.-ft. @ 2,300rpm",,,,,,,,,,,,,36,,,,,,,,,,,
Mercedes-Benz,AMG SL,2017,,,19.8gal.,,,rear-wheel,v-8,5.5,"577hp @ 5,500rpm",7 speed automatic,"664 lb.-ft. @ 2,250rpm",,,,,,,,,,,,,32,,,,,,,,,,,
Mercedes-Benz,AMG SL,2016,,,19.8gal.,,,rear-wheel,v-8,5.5,"577hp @ 5,500rpm",7 speed automatic,"664 lb.-ft. @ 2,000rpm",,,,,,,,,,,,,32,,,,,,,,,,,
Mercedes-Benz,AMG SL 63,2018,16 mpg,25 mpg,19.8gal.,2,13 cu.ft.,rear-wheel,v-8,5.5,"577hp @ 5,500rpm",7 speed automatic,"664 lb.-ft. @ 2,250rpm",4-wheel,5.5 l,333 cu.in.,577 hp,"39.1 ""","51.2 ""","73.9 """,,"42.9 ""","182.7 """,,"101.7 """,32,7,"4,068 lbs.",,,,,,,,,
Mercedes-Benz,AMG SL 63,2017,,,19.8gal.,,,rear-wheel,v-8,5.5,"577hp @ 5,500rpm",7 speed automatic,"664 lb.-ft. @ 2,250rpm",,,,,,,,,,,,,32,,,,,,,,,,,
Mercedes-Benz,AMG SL 65,2018,13 mpg,22 mpg,19.8gal.,2,13 cu.ft.,rear-wheel,v-12,6.0,"621hp @ 5,500rpm",7 speed automatic,"738 lb.-ft. @ 2,300rpm",4-wheel,6.0 l,365 cu.in.,621 hp,"39.1 ""","51.2 ""","73.9 """,,"42.9 ""","182.7 """,,"101.7 """,36,7,"4,299 lbs.",,,,,,,,,
Mercedes-Benz,AMG SL 65,2017,,,19.8gal.,,,rear-wheel,v-12,6.0,"621hp @ 5,500rpm",7 speed automatic,"738 lb.-ft. @ 2,300rpm",,,,,,,,,,,,,36,,,,,,,,,,,
Mercedes-Benz,AMG SLC 43,2018,20 mpg,29 mpg,15.9gal.,2,10 cu.ft.,rear-wheel,v-6,3.0,"362hp @ 5,500rpm",9 speed automatic,"384 lb.-ft. @ 2,000rpm",4-wheel,3.0 l,183 cu.in.,362 hp,"39.1 ""","51.3 ""","71.5 """,,"42.5 ""","163.1 """,,"95.7 """,24,9,"3,541 lbs.",,,,,,,,,
Mercedes-Benz,AMG SLC 43,2017,20 mpg,29 mpg,18.5gal.,2,10 cu.ft.,rear-wheel,v-6,3.0,"362hp @ 5,500rpm",9 speed automatic,"384 lb.-ft. @ 2,000rpm",4-wheel,3.0 l,183 cu.in.,362 hp,"38.0 ""","51.3 ""","71.5 """,,"42.5 ""","163.1 """,,"95.7 """,24,9,"3,518 lbs.",,,,,,,,,
Mercedes-Benz,B-Class,2017,,,,,,front-wheel,,,"177hp @ 3,600rpm",1 speed automatic,251 lb.-ft. @ rpm,,,,,,,,,,,,,,,,,,,,,,,,
Mercedes-Benz,B-Class,2016,,,,,,front-wheel,,,177hp @ rpm,1 speed automatic,251 lb.-ft. @ rpm,,,,,,,,,,,,,,,,,,,,,,,,
Mercedes-Benz,C-Class,2018,24 mpg,33 mpg,17.4gal.,5,13 cu.ft.,rear-wheel,i-4,2.0,"241hp @ 5,550rpm",9 speed automatic,"273 lb.-ft. @ 1,300rpm",4-wheel,2.0 l,121 cu.in.,241 hp,"40.9 ""","56.8 ""","71.3 ""","35.2 ""","41.7 ""","184.5 ""","37.1 ""","111.8 """,16,9,,,,,,,,,,
Mercedes-Benz,C-Class,2017,23 mpg,30 mpg,17.4gal.,4,10 cu.ft.,rear-wheel,i-4,2.0,"241hp @ 5,550rpm",7 speed automatic,"273 lb.-ft. @ 1,300rpm",4-wheel,2.0 l,121 cu.in.,241 hp,"38.8 ""","55.3 ""","71.3 ""","32.0 ""","42.0 ""","184.5 ""","35.6 ""","111.8 """,16,7,"3,638 lbs.",,,,,,,,,
Mercedes-Benz,C-Class,2016,18 mpg,25 mpg,18.0gal.,5,13 cu.ft.,rear-wheel,v-8,4.0,"469hp @ 5,500rpm",7 speed automatic,"479 lb.-ft. @ 1,750rpm",4-wheel,4.0 l,243 cu.in.,469 hp,"40.9 ""","56.5 ""","72.4 ""","35.2 ""","41.7 ""","187.0 ""","37.1 ""","111.8 """,32,7,"3,856 lbs.","4,795 lbs.",,,,,,,,
Mercedes-Benz,C-Class,2015,20 mpg,28 mpg,17.4gal.,4,12 cu.ft.,rear-wheel,v-6,3.5,"302hp @ 6,500rpm",7 speed automatic,"273 lb.-ft. @ 3,500rpm",4-wheel,3.5 l,213 cu.in.,302 hp,"37.0 ""","54.8 ""","69.7 ""","33.0 ""","41.7 ""","180.7 ""","35.5 ""","108.7 """,24,7,"3,693 lbs.","4,597 lbs.",,,,,,,,
Mercedes-Benz,C-Class,2014,20 mpg,28 mpg,17.4gal.,4,12 cu.ft.,rear-wheel,v-6,3.5,"302hp @ 6,500rpm",7 speed automatic,"273 lb.-ft. @ 3,500rpm",4-wheel,3.5 l,213 cu.in.,302 hp,"37.0 ""","54.8 ""","69.7 ""","33.0 ""","41.7 ""","180.7 ""","35.5 ""","108.7 """,24,7,"3,693 lbs.","4,597 lbs.",,,,,,,,
Mercedes-Benz,C-Class,2013,20 mpg,29 mpg,17.4gal.,5,12 cu.ft.,rear-wheel,v-6,3.5,"302hp @ 6,500rpm",7 speed automatic,"273 lb.-ft. @ 3,500rpm",4-wheel,3.5 l,213 cu.in.,302 hp,"37.1 ""","56.3 ""","69.7 ""","33.4 ""","41.7 ""","180.8 ""","36.9 ""","108.7 """,24,7,"3,616 lbs.","4,685 lbs.",,,,,,,,
Mercedes-Benz,C-Class,2012,20 mpg,29 mpg,17.4gal.,5,12 cu.ft.,rear-wheel,v-6,3.5,"302hp @ 6,500rpm",7 speed automatic,"273 lb.-ft. @ 3,500rpm",4-wheel,3.5 l,213 cu.in.,302 hp,"37.1 ""","56.3 ""","69.7 ""","33.4 ""","41.7 ""","180.8 ""","36.9 ""","108.7 """,24,7,"3,616 lbs.","4,685 lbs.",,,,,,,,
Mercedes-Benz,C-Class,2011,17 mpg,25 mpg,17.4gal.,5,12 cu.ft.,rear-wheel,v-6,3.5,"268hp @ 6,000rpm",7 speed automatic,"258 lb.-ft. @ 2,400rpm",4-wheel,3.5 l,213 cu.in.,268 hp,"37.1 ""","56.3 ""","69.7 ""","33.4 ""","41.7 ""","182.3 ""","36.9 ""","108.7 """,24,7,"3,615 lbs.",,,,,,,,,
Mercedes-Benz,C-Class,2010,18 mpg,26 mpg,17.4gal.,5,12 cu.ft.,rear-wheel,v-6,3.0,"228hp @ 6,000rpm",7 speed automatic,"221 lb.-ft. @ 2,700rpm",4-wheel,3.0 l,183 cu.in.,228 hp,"37.1 ""","56.3 ""","69.7 ""","33.4 ""","41.7 ""","182.3 ""","36.9 ""","108.7 """,24,6,"3,527 lbs.",,,,,,,,,
Mercedes-Benz,C-Class,2009,,,17.4gal.,,,4matic,v-6,3.0,"228hp @ 6,000rpm",7 speed automatic,"221 lb.-ft. @ 2,700rpm",,,,,,,,,,,,,24,,,,,,,,,,,
Mercedes-Benz,C-Class,2008,,,17.4gal.,,,rear-wheel,v-6,3.0,"228hp @ 6,000rpm",7 speed automatic,"221 lb.-ft. @ 2,700rpm",,,,,,,,,,,,,24,,,,,,,,,,,
Mercedes-Benz,C-Class,2007,17 mpg,23 mpg,16.4gal.,5,12 cu.ft.,rear-wheel,v-6,2.5,"201hp @ 6,200rpm",7 speed automatic,"181 lb.-ft. @ 2,700rpm",4-wheel,2.5 l,152 cu.in.,201 hp,"38.9 ""","55.6 ""","68.0 ""","33.0 ""","41.7 ""","178.4 ""","37.3 ""","106.9 """,24,6,"3,450 lbs.",,,,,,,,,
Mercedes-Benz,C-Class,2006,,,16.4gal.,,,rear-wheel,v-6,2.5,"201hp @ 6,200rpm",7 speed automatic,"181 lb.-ft. @ 2,700rpm",,,,,,,,,,,,,24,,,,,,,,,,,
Mercedes-Benz,C-Class,2005,,,16.4gal.,,,rear-wheel,i-4,1.8,"189hp @ 5,800rpm",5 speed automatic,"192 lb.-ft. @ 3,500rpm",,,,,,,,,,,,,16,,,,,,,,,,,
Mercedes-Benz,C-Class,2004,,,16.4gal.,,,rear-wheel,i-4,1.8,"189hp @ 5,800rpm",5 speed automatic,"192 lb.-ft. @ 3,500rpm",,,,,,,,,,,,,16,,,,,,,,,,,
Mercedes-Benz,C-Class,2003,,,16.2gal.,,,rear-wheel,i-4,1.8,"189hp @ 5,800rpm",5 speed automatic,"192 lb.-ft. @ 3,500rpm",,,,,,,,,,,,,16,,,,,,,,,,,
Mercedes-Benz,C-Class,2002,,,16.2gal.,,,rear-wheel,i-4,2.3,"192hp @ 5,500rpm",5 speed automatic,"200 lb.-ft. @ 2,500rpm",,,,,,,,,,,,,16,,,,,,,,,,,
Mercedes-Benz,C-Class,2001,,,16.2gal.,,,rear-wheel,v-6,2.6,"168hp @ 5,500rpm",5 speed automatic,"177 lb.-ft. @ 4,500rpm",,,,,,,,,,,,,18,,,,,,,,,,,
Mercedes-Benz,C-Class,2000,,,16.4gal.,,,rear-wheel,v-6,2.8,"194hp @ 5,800rpm",5 speed automatic,"195 lb.-ft. @ 3,000rpm",,,,,,,,,,,,,18,,,,,,,,,,,
Mercedes-Benz,C-Class,1999,21 mpg,27 mpg,16.4gal.,5,13 cu.ft.,rear-wheel,v-6,2.8,"194hp @ 5,800rpm",5 speed automatic,"195 lb.-ft. @ 3,000rpm",4-wheel,2.8 l,171 cu.in.,194 hp,"37.2 ""","56.1 ""","67.7 ""","32.8 ""","41.5 ""","177.4 ""","37.0 ""","105.9 """,18,5,"3,316 lbs.",,,,,,,,,
Mercedes-Benz,CL-Class,2014,,,23.8gal.,,,rear-wheel,v-12,5.5,"510hp @ 5,000rpm",5 speed automatic,"612 lb.-ft. @ 1,800rpm",,,,,,,,,,,,,36,,,,,,,,,,,
Mercedes-Benz,CL-Class,2013,,,23.8gal.,,,rear-wheel,v-12,5.5,"510hp @ 5,000rpm",5 speed automatic,"612 lb.-ft. @ 1,800rpm",,,,,,,,,,,,,36,,,,,,,,,,,
Mercedes-Benz,CL-Class,2012,,,23.8gal.,,,rear-wheel,v-12,5.5,"510hp @ 5,000rpm",5 speed automatic,"612 lb.-ft. @ 1,800rpm",,,,,,,,,,,,,36,,,,,,,,,,,
Mercedes-Benz,CL-Class,2011,,,23.8gal.,,,rear-wheel,v-12,5.5,"510hp @ 5,000rpm",5 speed automatic,"612 lb.-ft. @ 1,800rpm",,,,,,,,,,,,,36,,,,,,,,,,,
Mercedes-Benz,CL-Class,2010,,,23.8gal.,,,4matic,v-8,5.5,"382hp @ 6,000rpm",7 speed automatic,"391 lb.-ft. @ 2,800rpm",,,,,,,,,,,,,32,,,,,,,,,,,
Mercedes-Benz,CL-Class,2009,,,23.8gal.,,,4matic,v-8,5.5,"382hp @ 6,000rpm",7 speed automatic,"391 lb.-ft. @ 2,800rpm",,,,,,,,,,,,,32,,,,,,,,,,,
Mercedes-Benz,CL-Class,2008,,,23.8gal.,,,rear-wheel,v-8,6.2,"518hp @ 6,800rpm",7 speed automatic,"465 lb.-ft. @ 5,200rpm",,,,,,,,,,,,,32,,,,,,,,,,,
Mercedes-Benz,CL-Class,2007,,,23.8gal.,,,rear-wheel,v-8,5.5,"382hp @ 6,000rpm",7 speed automatic,"391 lb.-ft. @ 2,800rpm",,,,,,,,,,,,,32,,,,,,,,,,,
Mercedes-Benz,CL-Class,2006,,,23.2gal.,,,rear-wheel,v-8,5.0,"302hp @ 5,600rpm",7 speed automatic,"339 lb.-ft. @ 2,700rpm",,,,,,,,,,,,,24,,,,,,,,,,,
Mercedes-Benz,CL-Class,2005,,,23.2gal.,,,rear-wheel,v-8,5.0,"302hp @ 5,600rpm",7 speed automatic,"339 lb.-ft. @ 2,700rpm",,,,,,,,,,,,,24,,,,,,,,,,,
Mercedes-Benz,CL-Class,2004,,,23.2gal.,,,rear-wheel,v-8,5.0,"302hp @ 5,600rpm",7 speed automatic,"339 lb.-ft. @ 2,700rpm",,,,,,,,,,,,,24,,,,,,,,,,,
Mercedes-Benz,CL-Class,2003,,,23.2gal.,,,rear-wheel,v-8,5.0,"302hp @ 5,600rpm",5 speed automatic,"339 lb.-ft. @ 2,700rpm",,,,,,,,,,,,,24,,,,,,,,,,,
Mercedes-Benz,CL-Class,2002,,,23.2gal.,,,rear-wheel,v-8,5.0,"302hp @ 5,600rpm",5 speed automatic,"339 lb.-ft. @ 2,700rpm",,,,,,,,,,,,,24,,,,,,,,,,,
Mercedes-Benz,CL-Class,2001,,,23.2gal.,,,rear-wheel,v-8,5.0,"302hp @ 5,500rpm",5 speed automatic,"339 lb.-ft. @ 3,000rpm",,,,,,,,,,,,,24,,,,,,,,,,,
Mercedes-Benz,CL-Class,2000,,,23.2gal.,,,rear-wheel,v-8,5.0,"302hp @ 5,500rpm",5 speed automatic,"339 lb.-ft. @ 2,700rpm",,,,,,,,,,,,,24,,,,,,,,,,,
Mercedes-Benz,CL-Class,1999,15 mpg,22 mpg,26.4gal.,4,14 cu.ft.,rear-wheel,v-8,5.0,"315hp @ 5,600rpm",5 speed automatic,"347 lb.-ft. @ 3,900rpm",4-wheel,5.0 l,303 cu.in.,315 hp,"36.5 ""","56.9 ""","75.3 ""","31.5 ""","41.7 ""","199.4 ""","37.2 ""","115.9 """,32,5,"4,695 lbs.",,,,,,,,,
Mercedes-Benz,CLA 250,2019,24 mpg,37 mpg,13.2gal.,5,13 cu.ft.,4matic,i-4,2.0,"208hp @ 5,500rpm",7 speed automatic with auto-shift,"258 lb.-ft. @ 1,250rpm",4-wheel,2.0 l,121 cu.in.,208 hp,"38.2 ""","56.6 ""","70.0 ""","27.1 ""","40.2 ""","182.3 ""","35.4 ""","106.3 """,16,7,"3,395 lbs.","4,334 lbs.",,,,,,,,
Mercedes-Benz,CLA 250,2018,,,14.8gal.,,,4matic,i-4,2.0,"208hp @ 5,500rpm",7 speed automatic with auto-shift,"258 lb.-ft. @ 1,250rpm",,,,,,,,,,,,,16,,,,,,,,,,,
Mercedes-Benz,CLA 250,2017,,,14.8gal.,,,4matic,i-4,2.0,208hp @ rpm,7 speed automatic with auto-shift,"258 lb.-ft. @ 1,250rpm",,,,,,,,,,,,,16,,,,,,,,,,,
Mercedes-Benz,CLA-Class,2017,,,14.8gal.,,,4matic,i-4,2.0,208hp @ rpm,7 speed automatic with auto-shift,"258 lb.-ft. @ 1,250rpm",,,,,,,,,,,,,16,,,,,,,,,,,
Mercedes-Benz,CLA-Class,2016,,,14.8gal.,,,all-wheel drive,i-4,2.0,"208hp @ 5,500rpm",7 speed automatic with auto-shift,"258 lb.-ft. @ 1,250rpm",,,,,,,,,,,,,16,,,,,,,,,,,
Mercedes-Benz,CLA-Class,2015,,,14.8gal.,,,4matic,i-4,2.0,"208hp @ 5,500rpm",7 speed automatic with auto-shift,"258 lb.-ft. @ 1,250rpm",,,,,,,,,,,,,16,,,,,,,,,,,
Mercedes-Benz,CLA-Class,2014,,,13.2gal.,,,front-wheel,i-4,2.0,"208hp @ 5,500rpm",7 speed automatic with auto-shift,"258 lb.-ft. @ 1,250rpm",,,,,,,,,,,,,16,,,,,,,,,,,
Mercedes-Benz,CLK-Class,2009,,,16.4gal.,,,rear-wheel,v-6,3.5,"268hp @ 6,000rpm",7 speed automatic,"258 lb.-ft. @ 2,400rpm",,,,,,,,,,,,,24,,,,,,,,,,,
Mercedes-Benz,CLK-Class,2008,,,16.4gal.,,,rear-wheel,v-6,3.5,"268hp @ 6,000rpm",7 speed automatic,"258 lb.-ft. @ 2,400rpm",,,,,,,,,,,,,24,,,,,,,,,,,
Mercedes-Benz,CLK-Class,2007,,,16.4gal.,,,rear-wheel,v-6,3.5,"268hp @ 6,000rpm",7 speed automatic,"258 lb.-ft. @ 2,400rpm",,,,,,,,,,,,,24,,,,,,,,,,,
Mercedes-Benz,CLK-Class,2006,,,16.4gal.,,,rear-wheel,v-6,3.5,"268hp @ 6,000rpm",7 speed automatic,"258 lb.-ft. @ 2,400rpm",,,,,,,,,,,,,24,,,,,,,,,,,
Mercedes-Benz,CLK-Class,2005,,,16.4gal.,,,rear-wheel,v-6,3.2,"215hp @ 5,700rpm",5 speed automatic,"229 lb.-ft. @ 3,000rpm",,,,,,,,,,,,,18,,,,,,,,,,,
Mercedes-Benz,CLK-Class,2004,,,16.4gal.,,,rear-wheel,v-6,3.2,"215hp @ 5,700rpm",5 speed automatic,"229 lb.-ft. @ 3,000rpm",,,,,,,,,,,,,18,,,,,,,,,,,
Mercedes-Benz,CLK-Class,2003,,,16.4gal.,,,rear-wheel,v-6,3.2,"215hp @ 5,700rpm",5 speed automatic,"229 lb.-ft. @ 3,000rpm",,,,,,,,,,,,,18,,,,,,,,,,,
Mercedes-Benz,CLK-Class,2002,,,16.4gal.,,,rear-wheel,v-6,3.2,"215hp @ 5,700rpm",5 speed automatic,"229 lb.-ft. @ 3,000rpm",,,,,,,,,,,,,18,,,,,,,,,,,
Mercedes-Benz,CLK-Class,2001,,,16.4gal.,,,rear-wheel,v-6,3.2,"215hp @ 5,700rpm",5 speed automatic,"229 lb.-ft. @ 3,000rpm",,,,,,,,,,,,,18,,,,,,,,,,,
Mercedes-Benz,CLK-Class,2000,,,16.4gal.,,,rear-wheel,v-6,3.2,"215hp @ 5,700rpm",5 speed automatic,"229 lb.-ft. @ 3,000rpm",,,,,,,,,,,,,18,,,,,,,,,,,
Mercedes-Benz,CLK-Class,1999,21 mpg,29 mpg,16.4gal.,4,11 cu.ft.,rear-wheel,v-6,3.2,"215hp @ 5,700rpm",5 speed automatic,"229 lb.-ft. @ 3,000rpm",4-wheel,3.2 l,195 cu.in.,215 hp,"36.9 ""","54.0 ""","67.8 ""","31.2 ""","41.9 ""","180.3 ""","35.8 ""","105.9 """,18,5,"3,240 lbs.",,,,,,,,,
Mercedes-Benz,CLS 550,2018,18 mpg,26 mpg,21.1gal.,4,15 cu.ft.,rear-wheel,v-8,4.7,"402hp @ 5,000rpm",9 speed automatic,"443 lb.-ft. @ 1,600rpm",4-wheel,4.7 l,285 cu.in.,402 hp,"36.9 ""","55.9 ""","74.1 ""","35.0 ""","42.1 ""","195.0 ""","36.1 ""","113.1 """,32,9,"4,233 lbs.","5,236 lbs.",,,,,,,,
Mercedes-Benz,CLS 550,2017,,,21.1gal.,,,rear-wheel,v-8,4.7,"402hp @ 5,000rpm",9 speed automatic,"443 lb.-ft. @ 1,600rpm",,,,,,,,,,,,,32,,,,,,,,,,,
Mercedes-Benz,CLS-Class,2016,,,21.1gal.,,,rear-wheel,v-8,4.7,"402hp @ 5,000rpm",9 speed automatic,"443 lb.-ft. @ 1,800rpm",,,,,,,,,,,,,32,,,,,,,,,,,
Mercedes-Benz,CLS-Class,2015,,,21.1gal.,,,rear-wheel,v-8,4.7,"402hp @ 5,000rpm",9 speed automatic,"443 lb.-ft. @ 1,800rpm",,,,,,,,,,,,,32,,,,,,,,,,,
Mercedes-Benz,CLS-Class,2014,,,21.1gal.,,,rear-wheel,v-8,4.7,"402hp @ 5,000rpm",7 speed automatic,"443 lb.-ft. @ 1,800rpm",,,,,,,,,,,,,32,,,,,,,,,,,
Mercedes-Benz,CLS-Class,2013,,,21.1gal.,,,rear-wheel,v-8,4.7,"402hp @ 5,000rpm",7 speed automatic,"443 lb.-ft. @ 1,800rpm",,,,,,,,,,,,,32,,,,,,,,,,,
Mercedes-Benz,CLS-Class,2012,,,21.1gal.,,,rear-wheel,v-8,4.7,"402hp @ 5,000rpm",7 speed automatic,"443 lb.-ft. @ 1,800rpm",,,,,,,,,,,,,32,,,,,,,,,,,
Mercedes-Benz,CLS-Class,2011,,,21.1gal.,,,rear-wheel,v-8,5.5,"382hp @ 6,000rpm",7 speed automatic,"391 lb.-ft. @ 2,800rpm",,,,,,,,,,,,,32,,,,,,,,,,,
Mercedes-Benz,CLS-Class,2010,,,21.1gal.,,,rear-wheel,v-8,5.5,"382hp @ 6,000rpm",7 speed automatic,"391 lb.-ft. @ 2,800rpm",,,,,,,,,,,,,32,,,,,,,,,,,
Mercedes-Benz,CLS-Class,2009,,,21.1gal.,,,rear-wheel,v-8,5.5,"382hp @ 6,000rpm",7 speed automatic,"391 lb.-ft. @ 2,800rpm",,,,,,,,,,,,,32,,,,,,,,,,,
Mercedes-Benz,CLS-Class,2008,,,21.1gal.,,,rear-wheel,v-8,5.5,"382hp @ 6,000rpm",7 speed automatic,"391 lb.-ft. @ 2,800rpm",,,,,,,,,,,,,32,,,,,,,,,,,
Mercedes-Benz,CLS-Class,2007,,,21.1gal.,,,rear-wheel,v-8,5.5,"382hp @ 6,000rpm",7 speed automatic,"391 lb.-ft. @ 2,800rpm",,,,,,,,,,,,,32,,,,,,,,,,,
Mercedes-Benz,CLS-Class,2006,,,21.1gal.,,,rear-wheel,v-8,5.0,"302hp @ 5,600rpm",7 speed automatic,"339 lb.-ft. @ 2,700rpm",,,,,,,,,,,,,24,,,,,,,,,,,
Mercedes-Benz,E-Class,2018,20 mpg,26 mpg,17.4gal.,4,15 cu.ft.,rear-wheel,v-6,3.0,"329hp @ 5,250rpm",9 speed automatic,"354 lb.-ft. @ 1,600rpm",4-wheel,3.0 l,183 cu.in.,329 hp,"40.9 ""","56.3 ""","73.2 """,,"41.8 ""","190.0 ""","36.4 ""","113.1 """,24,9,,,,,,,,,,
Mercedes-Benz,E-Class,2017,,,17.4gal.,,,4matic,i-4,2.0,"241hp @ 5,500rpm",9 speed automatic,"273 lb.-ft. @ 1,300rpm",,,,,,,,,,,,,16,,,,,,,,,,,
Mercedes-Benz,E-Class,2016,,,21.1gal.,,,rear-wheel,v-6,3.5,"302hp @ 6,500rpm",7 speed automatic,"273 lb.-ft. @ 3,500rpm",,,,,,,,,,,,,24,,,,,,,,,,,
Mercedes-Benz,E-Class,2015,,,17.4gal.,,,rear-wheel,v-8,4.7,"402hp @ 5,000rpm",7 speed automatic,"443 lb.-ft. @ 1,600rpm",,,,,,,,,,,,,32,,,,,,,,,,,
Mercedes-Benz,E-Class,2014,21 mpg,30 mpg,21.1gal.,5,16 cu.ft.,rear-wheel,v-6,3.5,"302hp @ 6,500rpm",7 speed automatic,"273 lb.-ft. @ 3,500rpm",4-wheel,3.5 l,213 cu.in.,302 hp,"37.9 ""","57.9 ""","73.0 ""","35.8 ""","41.3 ""","192.1 ""","38.2 ""","113.2 """,24,7,"3,825 lbs.",,,,,,,,,
Mercedes-Benz,E-Class,2013,20 mpg,30 mpg,21.1gal.,5,16 cu.ft.,rear-wheel,v-6,3.5,"302hp @ 6,500rpm",7 speed automatic,"273 lb.-ft. @ 3,500rpm",4-wheel,3.5 l,213 cu.in.,302 hp,"37.9 ""","57.9 ""","73.0 ""","35.8 ""","41.3 ""","191.7 ""","38.2 ""","113.2 """,24,7,"3,825 lbs.",,,,,,,,,
Mercedes-Benz,E-Class,2012,,,21.1gal.,,,rear-wheel,v-6,3.5,"302hp @ 6,500rpm",7 speed automatic,"273 lb.-ft. @ 3,500rpm",,,,,,,,,,,,,24,,,,,,,,,,,
Mercedes-Benz,E-Class,2011,16 mpg,23 mpg,21.1gal.,7,,4matic,v-6,3.5,"268hp @ 6,000rpm",7 speed automatic,"258 lb.-ft. @ 2,400rpm",4-wheel,3.5 l,213 cu.in.,268 hp,,,,,,,,"113.1 """,24,7,,,,,,,,,,
Mercedes-Benz,E-Class,2010,,,21.1gal.,,,rear-wheel,v-6,3.5,"268hp @ 6,000rpm",7 speed automatic,"258 lb.-ft. @ 2,400rpm",,,,,,,,,,,,,24,,,,,,,,,,,
Mercedes-Benz,E-Class,2009,,,21.1gal.,,,rear-wheel,v-6,3.0,"210hp @ 3,800rpm",7 speed automatic,"400 lb.-ft. @ 1,600rpm",,,,,,,,,,,,,24,,,,,,,,,,,
Mercedes-Benz,E-Class,2008,,,21.1gal.,,,rear-wheel,v-6,3.0,"210hp @ 3,800rpm",7 speed automatic,"400 lb.-ft. @ 1,600rpm",,,,,,,,,,,,,24,,,,,,,,,,,
Mercedes-Benz,E-Class,2007,,,20.6gal.,,,rear-wheel,v-6,3.5,"268hp @ 6,000rpm",7 speed automatic,"258 lb.-ft. @ 2,400rpm",,,,,,,,,,,,,24,,,,,,,,,,,
Mercedes-Benz,E-Class,2006,,,20.6gal.,,,rear-wheel,v-6,3.5,"268hp @ 6,000rpm",7 speed automatic,"258 lb.-ft. @ 2,400rpm",,,,,,,,,,,,,24,,,,,,,,,,,
Mercedes-Benz,E-Class,2005,,,21.1gal.,,,rear-wheel,i-6,3.2,"201hp @ 4,200rpm",5 speed automatic,"369 lb.-ft. @ 1,800rpm",,,,,,,,,,,,,24,,,,,,,,,,,
Mercedes-Benz,E-Class,2004,,,20.6gal.,,,rear-wheel,v-6,3.2,"221hp @ 5,600rpm",5 speed automatic,"232 lb.-ft. @ 3,000rpm",,,,,,,,,,,,,18,,,,,,,,,,,
Mercedes-Benz,E-Class,2003,,,18.5gal.,,,rear-wheel,v-6,3.2,"221hp @ 5,600rpm",5 speed automatic,"232 lb.-ft. @ 3,000rpm",,,,,,,,,,,,,18,,,,,,,,,,,
Mercedes-Benz,E-Class,2002,,,18.5gal.,,,rear-wheel,v-6,3.2,"221hp @ 5,600rpm",5 speed automatic,"232 lb.-ft. @ 3,000rpm",,,,,,,,,,,,,18,,,,,,,,,,,
Mercedes-Benz,E-Class,2001,,,21.1gal.,,,rear-wheel,v-6,3.2,"221hp @ 5,600rpm",5 speed automatic,"232 lb.-ft. @ 3,000rpm",,,,,,,,,,,,,18,,,,,,,,,,,
Mercedes-Benz,E-Class,2000,,,21.1gal.,,,rear-wheel,v-6,3.2,"221hp @ 5,600rpm",5 speed automatic,"232 lb.-ft. @ 3,000rpm",,,,,,,,,,,,,18,,,,,,,,,,,
Mercedes-Benz,E-Class,1999,27 mpg,36 mpg,21.1gal.,5,15 cu.ft.,rear-wheel,i-6,3.0,"174hp @ 4,400rpm",5 speed automatic,"244 lb.-ft. @ 1,600rpm",4-wheel,3.0 l,183 cu.in.,174 hp,"37.6 ""","56.7 ""","70.8 ""","36.1 ""","41.3 ""","189.4 ""","37.2 ""","111.5 """,24,5,"3,640 lbs.",,,,,,,,,
Mercedes-Benz,Metris,2018,,,18.5gal.,,,rear-wheel,i-4,2.0,"208hp @ 5,500rpm",7 speed automatic,"258 lb.-ft. @ 1,250rpm",,,,,,,,,,,,,16,,,,,,,,,,,
Mercedes-Benz,Metris,2017,,,18.5gal.,,,rear-wheel,i-4,2.0,"208hp @ 5,500rpm",7 speed automatic,"258 lb.-ft. @ 1,250rpm",,,,,,,,,,,,,16,,,,,,,,,,,
Mercedes-Benz,Metris,2016,,,18.5gal.,,,rear-wheel,i-4,2.0,"208hp @ 5,500rpm",7 speed automatic,"258 lb.-ft. @ 1,300rpm",,,,,,,,,,,,,16,,,,,,,,,,,
Mercedes-Benz,Sprinter,2016,,,24.5gal.,,,four-wheel,v-6,3.0,"188hp @ 3,800rpm",5 speed automatic,"325 lb.-ft. @ 1,400rpm",,,,,,,,,,,,,24,,,,,,,,,,,
Mercedes-Benz,Sprinter,2015,,,26.4gal.,,,rear-wheel,v-6,3.0,"188hp @ 3,800rpm",5 speed automatic,"325 lb.-ft. @ 1,400rpm",,,,,,,,,,,,,24,,,,,,,,,,,
Mercedes-Benz,Sprinter,2014,,,26.4gal.,,,rear-wheel,v-6,3.0,"188hp @ 3,800rpm",5 speed automatic,"325 lb.-ft. @ 1,400rpm",,,,,,,,,,,,,24,,,,,,,,,,,
Mercedes-Benz,Sprinter,2013,,,26.4gal.,,,rear-wheel,v-6,3.0,"188hp @ 3,800rpm",5 speed automatic,"325 lb.-ft. @ 1,400rpm",,,,,,,,,,,,,24,,,,,,,,,,,
Mercedes-Benz,Sprinter,2012,,,26.4gal.,,,rear-wheel,v-6,3.0,"188hp @ 3,800rpm",5 speed automatic,"325 lb.-ft. @ 1,400rpm",,,,,,,,,,,,,24,,,,,,,,,,,
Mercedes-Benz,Sprinter,2011,,,26.4gal.,,,rear-wheel,v-6,3.0,"188hp @ 3,800rpm",5 speed automatic,"325 lb.-ft. @ 1,400rpm",,,,,,,,,,,,,24,,,,,,,,,,,
Mercedes-Benz,Sprinter 2500,2018,,,24.5gal.,2,319 cu.ft.,rear-wheel,v-6,3.0,"188hp @ 3,800rpm",5 speed automatic,"325 lb.-ft. @ 1,400rpm",4-wheel,3.0 l,182 cu.in.,188 hp,,"94.5 ""","79.7 """,,,"233.3 """,,"144.3 """,24,5,"5,049 lbs.","8,550 lbs.","5,000 lbs.",,,,,,,
Mercedes-Benz,Sprinter 2500,2017,,,24.5gal.,,,rear-wheel,i-4,2.1,"161hp @ 3,800rpm",7 speed automatic,"265 lb.-ft. @ 1,400rpm",,,,,,,,,,,,,16,,,,,,,,,,,
Mercedes-Benz,Sprinter 3500,2018,,,24.5gal.,2,319 cu.ft.,rear-wheel,v-6,3.0,"188hp @ 3,800rpm",5 speed automatic,"325 lb.-ft. @ 1,400rpm",4-wheel,3.0 l,182 cu.in.,188 hp,,"94.5 ""","79.7 """,,,"233.3 """,,"144.3 """,24,5,"5,434 lbs.","9,990 lbs.","7,500 lbs.",,,,,,,
Mercedes-Benz,Sprinter 3500,2017,,,24.5gal.,,,rear-wheel,i-4,2.1,"161hp @ 3,800rpm",7 speed automatic,"265 lb.-ft. @ 1,400rpm",,,,,,,,,,,,,16,,,,,,,,,,,
Mercedes-Benz,AMG G,2016,,,25.4gal.,,,all-wheel drive,v-8,5.5,"563hp @ 5,500rpm",7 speed automatic,"560 lb.-ft. @ 2,000rpm",,,,,,,,,,,,,32,,,,,,,,,,,
Mercedes-Benz,AMG G 63,2018,,,25.4gal.,,,all-wheel drive,v-8,5.5,"563hp @ 5,500rpm",7 speed automatic,"561 lb.-ft. @ 1,750rpm",,,,,,,,,,,,,32,,,,,,,,,,,
Mercedes-Benz,AMG G 63,2017,,,25.4gal.,,,all-wheel drive,v-8,5.5,"563hp @ 5,500rpm",7 speed automatic,"561 lb.-ft. @ 2,000rpm",,,,,,,,,,,,,32,,,,,,,,,,,
Mercedes-Benz,AMG G 65,2018,,,25.4gal.,,,all-wheel drive,v-12,6.0,"621hp @ 5,500rpm",7 speed automatic,"738 lb.-ft. @ 2,300rpm",,,,,,,,,,,,,36,,,,,,,,,,,
Mercedes-Benz,AMG G 65,2017,,,25.4gal.,,,all-wheel drive,v-12,6.0,"621hp @ 5,500rpm",7 speed automatic,"738 lb.-ft. @ 2,300rpm",,,,,,,,,,,,,36,,,,,,,,,,,
Mercedes-Benz,AMG GL,2016,,,26.4gal.,,,4matic,v-8,5.5,"550hp @ 5,250rpm",7 speed automatic,"560 lb.-ft. @ 2,000rpm",,,,,,,,,,,,,32,,,,,,,,,,,
Mercedes-Benz,AMG GLA,2017,,,14.8gal.,,,4matic,i-4,2.0,375hp @ rpm,7 speed automatic with auto-shift,"350 lb.-ft. @ 2,250rpm",,,,,,,,,,,,,16,,,,,,,,,,,
Mercedes-Benz,AMG GLA,2016,,,14.8gal.,,,4matic,i-4,2.0,"375hp @ 6,000rpm",7 speed automatic with auto-shift,"350 lb.-ft. @ 2,250rpm",,,,,,,,,,,,,16,,,,,,,,,,,
Mercedes-Benz,AMG GLA 45,2018,,,14.8gal.,,,amg 4matic,i-4,2.0,"375hp @ 6,000rpm",7 speed automatic with auto-shift,"350 lb.-ft. @ 2,250rpm",,,,,,,,,,,,,16,,,,,,,,,,,
Mercedes-Benz,AMG GLA 45,2017,,,14.8gal.,,,4matic,i-4,2.0,375hp @ rpm,7 speed automatic with auto-shift,"350 lb.-ft. @ 2,250rpm",,,,,,,,,,,,,16,,,,,,,,,,,
Mercedes-Benz,AMG GLC 43,2018,18 mpg,24 mpg,17.4gal.,5,57 cu.ft.,amg 4matic,v-6,3.0,"362hp @ 5,500rpm",9 speed automatic,"384 lb.-ft. @ 2,500rpm",4-wheel,3.0 l,183 cu.in.,362 hp,"41.9 ""","64.1 ""","74.4 ""","37.3 ""","40.8 ""","183.5 ""","38.5 ""","113.1 """,24,9,"4,145 lbs.","5,291 lbs.","3,500 lbs.",,,,,,,
Mercedes-Benz,AMG GLC 43,2017,18 mpg,24 mpg,17.4gal.,5,57 cu.ft.,amg 4matic,v-6,3.0,"362hp @ 5,500rpm",9 speed automatic,"384 lb.-ft. @ 2,500rpm",4-wheel,3.0 l,183 cu.in.,362 hp,"37.8 ""","64.1 ""","74.4 ""","37.3 ""","40.8 ""","183.5 ""","38.5 ""","113.1 """,24,9,"4,145 lbs.","5,291 lbs.","3,500 lbs.",,,,,,,
Mercedes-Benz,AMG GLC 63,2018,,,17.4gal.,5,57 cu.ft.,amg 4matic,v-8,4.0,"469hp @ 5,500rpm",9 speed automatic,"479 lb.-ft. @ 1,750rpm",4-wheel,4.0 l,243 cu.in.,469 hp,"37.8 ""","63.8 ""","76.0 ""","37.3 ""","40.8 ""","184.2 ""","38.5 ""","113.1 """,32,9,"4,462 lbs.","5,688 lbs.","4,850 lbs.",,,,,,,
Mercedes-Benz,AMG GLE,2017,,,24.6gal.,,,4matic,v-8,5.5,"550hp @ 5,750rpm",7 speed automatic,"516 lb.-ft. @ 1,750rpm",,,,,,,,,,,,,32,,,,,,,,,,,
Mercedes-Benz,AMG GLE,2016,,,24.6gal.,,,4matic,v-8,5.5,"577hp @ 5,500rpm",7 speed automatic,"561 lb.-ft. @ 1,750rpm",,,,,,,,,,,,,32,,,,,,,,,,,
Mercedes-Benz,AMG GLE 43,2018,17 mpg,22 mpg,24.6gal.,5,61 cu.ft.,4matic,v-6,3.0,"385hp @ 6,100rpm",9 speed automatic,"384 lb.-ft. @ 2,500rpm",4-wheel,3.0 l,183 cu.in.,385 hp,,"67.7 ""","78.9 """,,,"192.6 """,,"114.8 """,24,9,"4,960 lbs.","6,394 lbs.","7,200 lbs.",,,,,,,
Mercedes-Benz,AMG GLE 43,2017,,,24.6gal.,,,4matic,v-6,3.0,"362hp @ 5,500rpm",9 speed automatic,"384 lb.-ft. @ 1,800rpm",,,,,,,,,,,,,24,,,,,,,,,,,
Mercedes-Benz,AMG GLE 63,2018,14 mpg,18 mpg,24.6gal.,5,61 cu.ft.,4matic,v-8,5.5,"577hp @ 5,500rpm",7 speed automatic,"561 lb.-ft. @ 1,750rpm",4-wheel,5.5 l,333 cu.in.,577 hp,,"67.6 ""","78.9 """,,,"193.6 """,,"114.8 """,32,7,"5,379 lbs.","6,823 lbs.","7,200 lbs.",,,,,,,
Mercedes-Benz,AMG GLE 63,2017,,,24.6gal.,,,4matic,v-8,5.5,"550hp @ 5,750rpm",7 speed automatic,"516 lb.-ft. @ 1,750rpm",,,,,,,,,,,,,32,,,,,,,,,,,
Mercedes-Benz,AMG GLS 63,2018,13 mpg,18 mpg,26.4gal.,7,94 cu.ft.,4matic,v-8,5.5,"577hp @ 5,250rpm",7 speed automatic,"561 lb.-ft. @ 1,750rpm",4-wheel,5.5 l,333 cu.in.,577 hp,"41.2 ""","72.8 ""","76.1 ""","38.5 ""","40.3 ""","203.2 ""","40.0 ""","121.1 """,32,7,"5,754 lbs.",,"7,500 lbs.",,,,,,,
Mercedes-Benz,AMG GLS 63,2017,13 mpg,17 mpg,26.4gal.,7,94 cu.ft.,4matic,v-8,5.5,"577hp @ 5,250rpm",7 speed automatic,"561 lb.-ft. @ 1,750rpm",4-wheel,5.5 l,333 cu.in.,577 hp,"41.2 ""","72.8 ""","76.1 ""","38.5 ""","40.3 ""","203.2 ""","40.0 ""","121.1 """,32,7,"5,754 lbs.",,"7,500 lbs.",,,,,,,
Mercedes-Benz,G-Class,2018,,,25.4gal.,,,all-wheel drive,v-8,4.0,"416hp @ 5,250rpm",7 speed automatic,"450 lb.-ft. @ 2,250rpm",,,,,,,,,,,,,32,,,,,,,,,,,
Mercedes-Benz,G-Class,2017,,,25.4gal.,,,all-wheel drive,v-8,4.0,"416hp @ 5,250rpm",7 speed automatic,"450 lb.-ft. @ 2,250rpm",,,,,,,,,,,,,32,,,,,,,,,,,
Mercedes-Benz,G-Class,2016,,,25.4gal.,,,all-wheel drive,v-8,4.0,"416hp @ 5,500rpm",7 speed automatic,"450 lb.-ft. @ 1,750rpm",,,,,,,,,,,,,32,,,,,,,,,,,
Mercedes-Benz,G-Class,2015,,,29.0gal.,,,all-wheel drive,v-8,5.5,"382hp @ 6,000rpm",7 speed automatic,"391 lb.-ft. @ 2,800rpm",,,,,,,,,,,,,32,,,,,,,,,,,
Mercedes-Benz,G-Class,2014,,,29.0gal.,,,all-wheel drive,v-8,5.5,"382hp @ 6,000rpm",7 speed automatic,"391 lb.-ft. @ 2,800rpm",,,,,,,,,,,,,32,,,,,,,,,,,
Mercedes-Benz,G-Class,2013,,,29.0gal.,,,4matic,v-8,5.5,"388hp @ 6,000rpm",7 speed automatic,"391 lb.-ft. @ 2,800rpm",,,,,,,,,,,,,32,,,,,,,,,,,
Mercedes-Benz,G-Class,2012,,,25.4gal.,,,4matic,v-8,5.5,"382hp @ 6,000rpm",7 speed automatic,"391 lb.-ft. @ 2,800rpm",,,,,,,,,,,,,32,,,,,,,,,,,
Mercedes-Benz,G-Class,2011,,,25.4gal.,,,4matic,v-8,5.4,"500hp @ 6,100rpm",5 speed automatic,"516 lb.-ft. @ 2,750rpm",,,,,,,,,,,,,24,,,,,,,,,,,
Mercedes-Benz,G-Class,2010,,,25.4gal.,,,4matic,v-8,5.4,"500hp @ 6,100rpm",5 speed automatic,"516 lb.-ft. @ 2,750rpm",,,,,,,,,,,,,24,,,,,,,,,,,
Mercedes-Benz,G-Class,2009,,,25.4gal.,,,4matic,v-8,5.4,"500hp @ 6,100rpm",5 speed automatic,"516 lb.-ft. @ 2,750rpm",,,,,,,,,,,,,24,,,,,,,,,,,
Mercedes-Benz,G-Class,2008,,,25.4gal.,,,all-wheel drive,v-8,5.0,"292hp @ 5,500rpm",7 speed automatic,"336 lb.-ft. @ 2,800rpm",,,,,,,,,,,,,24,,,,,,,,,,,
Mercedes-Benz,G-Class,2007,,,25.4gal.,,,all-wheel drive,v-8,5.0,"296hp @ 5,500rpm",7 speed automatic,"336 lb.-ft. @ 2,800rpm",,,,,,,,,,,,,24,,,,,,,,,,,
Mercedes-Benz,G-Class,2006,,,25.4gal.,,,all-wheel drive,v-8,5.0,"292hp @ 5,500rpm",5 speed automatic,"336 lb.-ft. @ 3,000rpm",,,,,,,,,,,,,24,,,,,,,,,,,
Mercedes-Benz,G-Class,2005,,,25.4gal.,,,all-wheel drive,v-8,5.0,"292hp @ 5,500rpm",5 speed automatic,"336 lb.-ft. @ 3,000rpm",,,,,,,,,,,,,24,,,,,,,,,,,
Mercedes-Benz,G-Class,2004,,,25.4gal.,,,all-wheel drive,v-8,5.0,"292hp @ 5,500rpm",5 speed automatic,"336 lb.-ft. @ 3,000rpm",,,,,,,,,,,,,24,,,,,,,,,,,
Mercedes-Benz,G-Class,2003,,,25.4gal.,,,all-wheel drive,v-8,5.0,"292hp @ 5,500rpm",5 speed automatic,"336 lb.-ft. @ 2,800rpm",,,,,,,,,,,,,24,,,,,,,,,,,
Mercedes-Benz,G-Class,2002,,,30.4gal.,,,all-wheel drive,v-8,5.0,"292hp @ 5,500rpm",5 speed automatic,"336 lb.-ft. @ 2,800rpm",,,,,,,,,,,,,24,,,,,,,,,,,
Mercedes-Benz,GL-Class,2016,,,26.4gal.,,,4matic,v-6,3.0,"362hp @ 5,500rpm",7 speed automatic,"369 lb.-ft. @ 1,800rpm",,,,,,,,,,,,,24,,,,,,,,,,,
Mercedes-Benz,GL-Class,2015,13 mpg,18 mpg,26.4gal.,7,94 cu.ft.,4matic,v-8,4.7,"429hp @ 5,250rpm",7 speed automatic,"516 lb.-ft. @ 1,800rpm",4-wheel,4.7 l,285 cu.in.,429 hp,"41.2 ""","72.8 ""","84.3 ""","38.5 ""","40.3 ""","201.6 ""","40.0 ""","121.1 """,32,7,"5,578 lbs.","7,165 lbs.","7,500 lbs.",,,,,,,
Mercedes-Benz,GL-Class,2014,,,26.4gal.,,,4matic,v-8,4.7,"362hp @ 5,000rpm",7 speed automatic,"406 lb.-ft. @ 1,500rpm",,,,,,,,,,,,,32,,,,,,,,,,,
Mercedes-Benz,GL-Class,2013,,,26.4gal.,,,4matic,v-8,4.7,"362hp @ 5,000rpm",7 speed automatic,"406 lb.-ft. @ 1,500rpm",,,,,,,,,,,,,32,,,,,,,,,,,
Mercedes-Benz,GL-Class,2012,,,26.4gal.,,,4matic,v-8,4.7,"335hp @ 6,000rpm",7 speed automatic,"339 lb.-ft. @ 2,700rpm",,,,,,,,,,,,,32,,,,,,,,,,,
Mercedes-Benz,GL-Class,2011,,,26.4gal.,,,4matic,v-8,4.7,"335hp @ 6,000rpm",7 speed automatic,"339 lb.-ft. @ 2,700rpm",,,,,,,,,,,,,32,,,,,,,,,,,
Mercedes-Benz,GL-Class,2010,,,26.4gal.,,,4matic,v-8,4.7,"335hp @ 6,000rpm",7 speed automatic,"339 lb.-ft. @ 2,700rpm",,,,,,,,,,,,,32,,,,,,,,,,,
Mercedes-Benz,GL-Class,2009,,,26.4gal.,,,4matic,v-8,4.7,"335hp @ 6,000rpm",7 speed automatic,"339 lb.-ft. @ 2,700rpm",,,,,,,,,,,,,32,,,,,,,,,,,
Mercedes-Benz,GL-Class,2008,,,26.4gal.,,,4matic,v-6,3.0,"215hp @ 4,000rpm",7 speed automatic,"398 lb.-ft. @ 1,600rpm",,,,,,,,,,,,,24,,,,,,,,,,,
Mercedes-Benz,GL-Class,2007,,,26.4gal.,,,4matic,v-8,4.7,"335hp @ 6,000rpm",7 speed automatic,"339 lb.-ft. @ 3,000rpm",,,,,,,,,,,,,32,,,,,,,,,,,
