make,model,year,city,highway,fuel tank capacity,total seating capacity,max cargo capacity,drive type,cylinder configuration,engine liters,horsepower,transmission,torque,abs,size,displacement,horse power,front head room,overall height,overall width,rear leg room,front leg room,overall length,rear head room,wheelbase,number of valves,number of speeds,curb weight,gross vehicle weight,towing capacity,number of doors,speakers,approach angle,ground clearance (max),ramp breakover angle,departure angle,ground clearance
Nissan,cube,2014,,,13.2gal.,,,front-wheel,i-4,1.8,"122hp @ 5,200rpm",6 speed manual,"127 lb.-ft. @ 4,800rpm",,,,,,,,,,,,,16,,,,,,,,,,,
Nissan,cube,2013,,,13.2gal.,,,front-wheel,i-4,1.8,"118hp @ 5,200rpm",6 speed manual,"122 lb.-ft. @ 4,800rpm",,,,,,,,,,,,,16,,,,,,,,,,,
Nissan,cube,2012,,,13.2gal.,,,front-wheel,i-4,1.8,"118hp @ 5,200rpm",6 speed manual,"122 lb.-ft. @ 4,800rpm",,,,,,,,,,,,,16,,,,,,,,,,,
Nissan,cube,2011,,,13.2gal.,,,front-wheel,i-4,1.8,"118hp @ 5,200rpm",6 speed manual,"122 lb.-ft. @ 4,800rpm",,,,,,,,,,,,,16,,,,,,,,,,,
Nissan,cube,2010,,,13.2gal.,,,front-wheel,i-4,1.8,"122hp @ 5,200rpm",6 speed manual,"127 lb.-ft. @ 4,800rpm",,,,,,,,,,,,,16,,,,,,,,,,,
Nissan,cube,2009,,,13.2gal.,,,front-wheel,i-4,1.8,"122hp @ 5,200rpm",6 speed manual,"127 lb.-ft. @ 4,800rpm",,,,,,,,,,,,,16,,,,,,,,,,,
Nissan,LEAF,2018,125 mpg,100 mpg,,5,30 cu.ft.,front-wheel,,,"147hp @ 3,282rpm",1 speed automatic,236 lb.-ft. @ rpm,4-wheel,,,147 hp,"41.2 ""","61.4 ""","70.5 ""","33.5 ""","42.1 ""","176.4 ""","37.3 ""","106.3 """,,1,"3,433 lbs.","4,453 lbs.",,,,,,,,
Nissan,LEAF,2017,,,,,,front-wheel,,,107hp @ rpm,1 speed automatic,187 lb.-ft. @ rpm,,,,,,,,,,,,,,,,,,,,,,,,
Nissan,LEAF,2016,,,,,,front-wheel,,,107hp @ rpm,1 speed automatic,187 lb.-ft. @ rpm,,,,,,,,,,,,,,,,,,,,,,,,
Nissan,LEAF,2015,,,,,,front-wheel,,,107hp @ rpm,1 speed automatic,187 lb.-ft. @ rpm,,,,,,,,,,,,,,,,,,,,,,,,
Nissan,LEAF,2014,,,,,,front-wheel,,,107hp @ rpm,1 speed automatic,187 lb.-ft. @ rpm,,,,,,,,,,,,,,,,,,,,,,,,
Nissan,LEAF,2013,,,,,,front-wheel,,,107hp @ rpm,1 speed automatic,187 lb.-ft. @ rpm,,,,,,,,,,,,,,,,,,,,,,,,
Nissan,LEAF,2012,,,,,,front-wheel,,,107hp @ rpm,1 speed automatic,207 lb.-ft. @ rpm,,,,,,,,,,,,,,,,,,,,,,,,
Nissan,LEAF,2011,,,,,,front-wheel,,,107hp @ rpm,1 speed automatic,207 lb.-ft. @ rpm,,,,,,,,,,,,,,,,,,,,,,,,
Nissan,Sentra,2018,27 mpg,35 mpg,13.2gal.,5,15 cu.ft.,front-wheel,i-4,1.8,"130hp @ 6,000rpm",6 speed manual,"128 lb.-ft. @ 3,600rpm",4-wheel,1.8 l,110 cu.in.,130 hp,"39.4 ""","58.9 ""","69.3 ""","37.4 ""","42.5 ""","182.1 ""","36.7 ""","106.3 """,16,6,"2,866 lbs.","3,823 lbs.",,,,,,,,
Nissan,Sentra,2017,,,13.2gal.,,,front-wheel,i-4,1.8,"130hp @ 6,000rpm",6 speed manual,"128 lb.-ft. @ 3,600rpm",,,,,,,,,,,,,16,,,,,,,,,,,
Nissan,Sentra,2016,27 mpg,36 mpg,13.2gal.,5,15 cu.ft.,front-wheel,i-4,1.8,"124hp @ 6,000rpm",6 speed manual,"125 lb.-ft. @ 3,600rpm",4-wheel,1.8 l,110 cu.in.,130 hp,"39.4 ""","58.9 ""","69.3 ""","37.4 ""","42.5 ""","182.1 ""","36.7 ""","106.3 """,16,6,"2,848 lbs.","3,781 lbs.",,,,,,,,
Nissan,Sentra,2015,,,13.2gal.,,,front-wheel,i-4,1.8,"124hp @ 6,000rpm",6 speed manual,"125 lb.-ft. @ 3,600rpm",,,,,,,,,,,,,16,,,,,,,,,,,
Nissan,Sentra,2014,,,13.2gal.,,,front-wheel,i-4,1.8,"124hp @ 6,000rpm",6 speed manual,"125 lb.-ft. @ 3,600rpm",,,,,,,,,,,,,16,,,,,,,,,,,
Nissan,Sentra,2013,,,13.2gal.,,,front-wheel,i-4,1.8,"124hp @ 6,000rpm",6 speed manual,"125 lb.-ft. @ 3,600rpm",,,,,,,,,,,,,16,,,,,,,,,,,
Nissan,Sentra,2012,,,14.5gal.,,,front-wheel,i-4,2.0,"135hp @ 5,100rpm",6 speed manual,"142 lb.-ft. @ 4,800rpm",,,,,,,,,,,,,16,,,,,,,,,,,
Nissan,Sentra,2011,,,14.5gal.,,,front-wheel,i-4,2.0,"135hp @ 5,100rpm",6 speed manual,"147 lb.-ft. @ 4,800rpm",,,,,,,,,,,,,16,,,,,,,,,,,
Nissan,Sentra,2010,,,14.5gal.,,,front-wheel,i-4,2.0,"140hp @ 5,100rpm",6 speed manual,"142 lb.-ft. @ 4,800rpm",,,,,,,,,,,,,16,,,,,,,,,,,
Nissan,Sentra,2009,,,14.5gal.,,,front-wheel,i-4,2.0,"135hp @ 5,100rpm",6 speed manual,"147 lb.-ft. @ 4,800rpm",,,,,,,,,,,,,16,,,,,,,,,,,
Nissan,Sentra,2008,,,14.5gal.,,,front-wheel,i-4,2.0,"140hp @ 5,100rpm",continuously variable automatic,"147 lb.-ft. @ 4,800rpm",,,,,,,,,,,,,16,,,,,,,,,,,
Nissan,Sentra,2007,,,14.5gal.,,,front-wheel,i-4,2.0,"140hp @ 5,100rpm",6 speed manual,"147 lb.-ft. @ 4,800rpm",,,,,,,,,,,,,16,,,,,,,,,,,
Nissan,Sentra,2006,,,13.2gal.,,,front-wheel,i-4,1.8,"126hp @ 6,000rpm",5 speed manual,"129 lb.-ft. @ 2,400rpm",,,,,,,,,,,,,16,,,,,,,,,,,
Nissan,Sentra,2005,,,13.2gal.,,,front-wheel,i-4,1.8,"126hp @ 6,000rpm",5 speed manual,"129 lb.-ft. @ 2,400rpm",,,,,,,,,,,,,16,,,,,,,,,,,
Nissan,Sentra,2004,,,13.2gal.,,,front-wheel,i-4,1.8,"126hp @ 6,000rpm",5 speed manual,"129 lb.-ft. @ 2,400rpm",,,,,,,,,,,,,16,,,,,,,,,,,
Nissan,Sentra,2003,,,13.2gal.,,,front-wheel,i-4,1.8,"126hp @ 6,000rpm",5 speed manual,"129 lb.-ft. @ 2,400rpm",,,,,,,,,,,,,16,,,,,,,,,,,
Nissan,Sentra,2002,,,13.2gal.,,,front-wheel,i-4,1.8,"126hp @ 6,000rpm",5 speed manual,"129 lb.-ft. @ 2,400rpm",,,,,,,,,,,,,16,,,,,,,,,,,
Nissan,Sentra,2001,,,13.2gal.,,,front-wheel,i-4,1.8,"126hp @ 6,000rpm",5 speed manual,"129 lb.-ft. @ 2,400rpm",,,,,,,,,,,,,16,,,,,,,,,,,
Nissan,Sentra,2000,,,13.2gal.,,,front-wheel,i-4,1.8,"126hp @ 6,000rpm",5 speed manual,"129 lb.-ft. @ 2,400rpm",,,,,,,,,,,,,16,,,,,,,,,,,
Nissan,Sentra,1999,,,13.2gal.,,,front-wheel,i-4,1.6,"115hp @ 6,000rpm",5 speed manual,"108 lb.-ft. @ 4,000rpm",,,,,,,,,,,,,16,,,,,,,,,,,
Nissan,370Z,2019,18 mpg,26 mpg,19.0gal.,2,7 cu.ft.,rear-wheel,v-6,3.7,"332hp @ 7,000rpm",6 speed manual,"270 lb.-ft. @ 5,200rpm",4-wheel,3.7 l,226 cu.in.,332 hp,"38.2 ""","51.8 ""","72.6 """,,"42.9 ""","167.5 """,,"100.4 """,24,6,"3,333 lbs.","3,968 lbs.",,,,,,,,
Nissan,370Z,2018,18 mpg,26 mpg,19.0gal.,2,7 cu.ft.,rear-wheel,v-6,3.7,"332hp @ 7,000rpm",6 speed manual,"270 lb.-ft. @ 5,200rpm",4-wheel,3.7 l,226 cu.in.,332 hp,"38.2 ""","51.8 ""","72.6 """,,"42.9 ""","167.5 """,,"100.4 """,24,6,"3,333 lbs.","3,968 lbs.",,,,,,,,
Nissan,370Z,2017,,,19.0gal.,,,rear-wheel,v-6,3.7,"332hp @ 7,000rpm",6 speed manual,"270 lb.-ft. @ 5,200rpm",,,,,,,,,,,,,24,,,,,,,,,,,
Nissan,370Z,2016,,,19.0gal.,,,rear-wheel,v-6,3.7,"332hp @ 7,000rpm",6 speed manual,"270 lb.-ft. @ 5,200rpm",,,,,,,,,,,,,24,,,,,,,,,,,
Nissan,370Z,2015,,,19.0gal.,,,rear-wheel,v-6,3.7,"332hp @ 7,000rpm",6 speed manual,"270 lb.-ft. @ 5,200rpm",,,,,,,,,,,,,24,,,,,,,,,,,
Nissan,370Z,2014,,,19.0gal.,,,rear-wheel,v-6,3.7,"332hp @ 7,000rpm",6 speed manual,"270 lb.-ft. @ 5,200rpm",,,,,,,,,,,,,24,,,,,,,,,,,
Nissan,370Z,2013,,,19.0gal.,,,rear-wheel,v-6,3.7,"332hp @ 7,000rpm",6 speed manual,"270 lb.-ft. @ 5,200rpm",,,,,,,,,,,,,24,,,,,,,,,,,
Nissan,370Z,2012,,,19.0gal.,,,rear-wheel,v-6,3.7,"332hp @ 7,000rpm",6 speed manual,"270 lb.-ft. @ 5,200rpm",,,,,,,,,,,,,24,,,,,,,,,,,
Nissan,370Z,2011,,,19.0gal.,,,rear-wheel,v-6,3.7,"332hp @ 7,000rpm",6 speed manual,"270 lb.-ft. @ 5,200rpm",,,,,,,,,,,,,24,,,,,,,,,,,
Nissan,370Z,2010,,,19.0gal.,,,rear-wheel,v-6,3.7,"332hp @ 7,000rpm",6 speed manual,"270 lb.-ft. @ 5,200rpm",,,,,,,,,,,,,24,,,,,,,,,,,
Nissan,370Z,2009,,,19.0gal.,,,rear-wheel,v-6,3.7,"332hp @ 7,000rpm",6 speed manual,"270 lb.-ft. @ 5,200rpm",,,,,,,,,,,,,24,,,,,,,,,,,
Nissan,GT-R,2018,16 mpg,22 mpg,19.5gal.,4,9 cu.ft.,all-wheel drive,v-6,3.8,"565hp @ 6,800rpm",6 speed automatic with auto-shift,"467 lb.-ft. @ 3,300rpm",4-wheel,3.8 l,232 cu.in.,565 hp,"38.1 ""","53.9 ""","74.6 ""","26.4 ""","44.6 ""","185.4 ""","33.5 ""","109.4 """,24,6,"3,929 lbs.","4,727 lbs.",,,,,,,,
Nissan,GT-R,2017,16 mpg,22 mpg,19.5gal.,4,9 cu.ft.,all-wheel drive,v-6,3.8,"565hp @ 6,800rpm",6 speed automatic with auto-shift,"467 lb.-ft. @ 3,300rpm",4-wheel,3.8 l,232 cu.in.,565 hp,"38.1 ""","53.9 ""","74.6 ""","26.4 ""","44.6 ""","185.4 ""","33.5 ""","109.4 """,24,6,"3,933 lbs.","4,669 lbs.",,,,,,,,
Nissan,GT-R,2016,,,19.5gal.,,,all-wheel drive,v-6,3.8,"545hp @ 6,400rpm",6 speed automatic with auto-shift,"463 lb.-ft. @ 3,200rpm",,,,,,,,,,,,,24,,,,,,,,,,,
Nissan,GT-R,2015,,,19.5gal.,,,all-wheel drive,v-6,3.8,"545hp @ 6,400rpm",6 speed automatic with auto-shift,"463 lb.-ft. @ 3,200rpm",,,,,,,,,,,,,24,,,,,,,,,,,
Nissan,GT-R,2014,,,19.5gal.,,,all-wheel drive,v-6,3.8,"545hp @ 6,400rpm",6 speed automatic with auto-shift,"463 lb.-ft. @ 3,200rpm",,,,,,,,,,,,,24,,,,,,,,,,,
Nissan,GT-R,2013,,,19.5gal.,,,all-wheel drive,v-6,3.8,"545hp @ 6,400rpm",6 speed automatic with auto-shift,"463 lb.-ft. @ 3,200rpm",,,,,,,,,,,,,24,,,,,,,,,,,
Nissan,GT-R,2012,,,19.5gal.,,,all-wheel drive,v-6,3.8,"530hp @ 6,400rpm",6 speed automatic with auto-shift,"448 lb.-ft. @ 3,200rpm",,,,,,,,,,,,,24,,,,,,,,,,,
Nissan,GT-R,2011,,,19.5gal.,,,all-wheel drive,v-6,3.8,"485hp @ 6,400rpm",6 speed automatic with auto-shift,"434 lb.-ft. @ 3,200rpm",,,,,,,,,,,,,24,,,,,,,,,,,
Nissan,GT-R,2010,,,19.5gal.,,,all-wheel drive,v-6,3.8,"485hp @ 6,400rpm",6 speed automatic with auto-shift,"434 lb.-ft. @ 3,200rpm",,,,,,,,,,,,,24,,,,,,,,,,,
Nissan,GT-R,2009,,,19.5gal.,,,all-wheel drive,v-6,3.8,"480hp @ 6,400rpm",6 speed automatic with auto-shift,"430 lb.-ft. @ 3,200rpm",,,,,,,,,,,,,24,,,,,,,,,,,
Nissan,370Z,2019,18 mpg,26 mpg,19.0gal.,2,7 cu.ft.,rear-wheel,v-6,3.7,"332hp @ 7,000rpm",6 speed manual,"270 lb.-ft. @ 5,200rpm",4-wheel,3.7 l,226 cu.in.,332 hp,"38.2 ""","51.8 ""","72.6 """,,"42.9 ""","167.5 """,,"100.4 """,24,6,"3,333 lbs.","3,968 lbs.",,,,,,,,
Nissan,370Z,2018,18 mpg,26 mpg,19.0gal.,2,7 cu.ft.,rear-wheel,v-6,3.7,"332hp @ 7,000rpm",6 speed manual,"270 lb.-ft. @ 5,200rpm",4-wheel,3.7 l,226 cu.in.,332 hp,"38.2 ""","51.8 ""","72.6 """,,"42.9 ""","167.5 """,,"100.4 """,24,6,"3,333 lbs.","3,968 lbs.",,,,,,,,
Nissan,370Z,2017,,,19.0gal.,,,rear-wheel,v-6,3.7,"332hp @ 7,000rpm",6 speed manual,"270 lb.-ft. @ 5,200rpm",,,,,,,,,,,,,24,,,,,,,,,,,
Nissan,370Z,2016,,,19.0gal.,,,rear-wheel,v-6,3.7,"332hp @ 7,000rpm",6 speed manual,"270 lb.-ft. @ 5,200rpm",,,,,,,,,,,,,24,,,,,,,,,,,
Nissan,370Z,2015,,,19.0gal.,,,rear-wheel,v-6,3.7,"332hp @ 7,000rpm",6 speed manual,"270 lb.-ft. @ 5,200rpm",,,,,,,,,,,,,24,,,,,,,,,,,
Nissan,370Z,2014,,,19.0gal.,,,rear-wheel,v-6,3.7,"332hp @ 7,000rpm",6 speed manual,"270 lb.-ft. @ 5,200rpm",,,,,,,,,,,,,24,,,,,,,,,,,
Nissan,370Z,2013,,,19.0gal.,,,rear-wheel,v-6,3.7,"332hp @ 7,000rpm",6 speed manual,"270 lb.-ft. @ 5,200rpm",,,,,,,,,,,,,24,,,,,,,,,,,
Nissan,370Z,2012,,,19.0gal.,,,rear-wheel,v-6,3.7,"332hp @ 7,000rpm",6 speed manual,"270 lb.-ft. @ 5,200rpm",,,,,,,,,,,,,24,,,,,,,,,,,
Nissan,370Z,2011,,,19.0gal.,,,rear-wheel,v-6,3.7,"332hp @ 7,000rpm",6 speed manual,"270 lb.-ft. @ 5,200rpm",,,,,,,,,,,,,24,,,,,,,,,,,
Nissan,370Z,2010,,,19.0gal.,,,rear-wheel,v-6,3.7,"332hp @ 7,000rpm",6 speed manual,"270 lb.-ft. @ 5,200rpm",,,,,,,,,,,,,24,,,,,,,,,,,
Nissan,370Z,2009,,,19.0gal.,,,rear-wheel,v-6,3.7,"332hp @ 7,000rpm",6 speed manual,"270 lb.-ft. @ 5,200rpm",,,,,,,,,,,,,24,,,,,,,,,,,
Nissan,LEAF,2018,125 mpg,100 mpg,,5,30 cu.ft.,front-wheel,,,"147hp @ 3,282rpm",1 speed automatic,236 lb.-ft. @ rpm,4-wheel,,,147 hp,"41.2 ""","61.4 ""","70.5 ""","33.5 ""","42.1 ""","176.4 ""","37.3 ""","106.3 """,,1,"3,433 lbs.","4,453 lbs.",,,,,,,,
Nissan,LEAF,2017,,,,,,front-wheel,,,107hp @ rpm,1 speed automatic,187 lb.-ft. @ rpm,,,,,,,,,,,,,,,,,,,,,,,,
Nissan,LEAF,2016,,,,,,front-wheel,,,107hp @ rpm,1 speed automatic,187 lb.-ft. @ rpm,,,,,,,,,,,,,,,,,,,,,,,,
Nissan,LEAF,2015,,,,,,front-wheel,,,107hp @ rpm,1 speed automatic,187 lb.-ft. @ rpm,,,,,,,,,,,,,,,,,,,,,,,,
Nissan,LEAF,2014,,,,,,front-wheel,,,107hp @ rpm,1 speed automatic,187 lb.-ft. @ rpm,,,,,,,,,,,,,,,,,,,,,,,,
Nissan,LEAF,2013,,,,,,front-wheel,,,107hp @ rpm,1 speed automatic,187 lb.-ft. @ rpm,,,,,,,,,,,,,,,,,,,,,,,,
Nissan,LEAF,2012,,,,,,front-wheel,,,107hp @ rpm,1 speed automatic,207 lb.-ft. @ rpm,,,,,,,,,,,,,,,,,,,,,,,,
Nissan,LEAF,2011,,,,,,front-wheel,,,107hp @ rpm,1 speed automatic,207 lb.-ft. @ rpm,,,,,,,,,,,,,,,,,,,,,,,,
Nissan,Rogue Hybrid,2018,33 mpg,35 mpg,14.5gal.,5,61 cu.ft.,front-wheel,i-4,2.0,"141hp @ 6,000rpm",continuously variable automatic,"144 lb.-ft. @ 3,600rpm",4-wheel,2.0 l,122 cu.in.,141 hp,"41.6 ""","67.8 ""","72.4 ""","37.9 ""","43.0 ""","184.5 ""","38.5 ""","106.5 """,16,continuously variable,"3,663 lbs.","4,720 lbs.",,,,,,,,
Nissan,Rogue Hybrid,2017,33 mpg,35 mpg,14.5gal.,5,61 cu.ft.,front-wheel,i-4,2.0,"141hp @ 6,000rpm",continuously variable automatic,"144 lb.-ft. @ 3,600rpm",4-wheel,2.0 l,122 cu.in.,141 hp,"41.6 ""","67.6 ""","72.4 ""","37.9 ""","43.0 ""","184.5 ""","38.5 ""","106.5 """,16,continuously variable,"3,693 lbs.",,,,,,,,,
Nissan,Rogue Hybrid,2016,,,14.5gal.,,,front-wheel,i-4,2.0,"147hp @ 6,000rpm",continuously variable automatic,"153 lb.-ft. @ 4,400rpm",,,,,,,,,,,,,16,,,,,,,,,,,
Nissan,Altima,2018,27 mpg,38 mpg,18.0gal.,5,15 cu.ft.,front-wheel,i-4,2.5,"179hp @ 6,000rpm",continuously variable automatic,"177 lb.-ft. @ 4,000rpm",4-wheel,2.5 l,152 cu.in.,179 hp,"40.0 ""","57.8 ""","72.0 ""","36.1 ""","45.0 ""","191.9 ""","37.1 ""","109.3 """,16,continuously variable,"3,212 lbs.","4,226 lbs.",,,,,,,,
Nissan,Altima,2017,26 mpg,37 mpg,18.0gal.,5,15 cu.ft.,front-wheel,i-4,2.5,"179hp @ 6,000rpm",continuously variable automatic,"177 lb.-ft. @ 4,000rpm",4-wheel,2.5 l,152 cu.in.,179 hp,"40.0 ""","58.0 ""","72.0 ""","36.1 ""","45.0 ""","191.9 ""","37.1 ""","109.3 """,16,continuously variable,"3,258 lbs.","4,226 lbs.",,,,,,,,
Nissan,Altima,2016,27 mpg,39 mpg,18.0gal.,5,15 cu.ft.,front-wheel,i-4,2.5,"182hp @ 6,000rpm",continuously variable automatic,"180 lb.-ft. @ 4,000rpm",4-wheel,2.5 l,152 cu.in.,182 hp,"40.0 ""","57.8 ""","72.0 ""","36.1 ""","45.0 ""","191.9 ""","37.1 ""","109.3 """,16,continuously variable,"3,197 lbs.","4,226 lbs.",,,,,,,,
Nissan,Altima,2015,27 mpg,38 mpg,18.0gal.,5,15 cu.ft.,front-wheel,i-4,2.5,"182hp @ 6,000rpm",continuously variable automatic,"180 lb.-ft. @ 4,000rpm",4-wheel,2.5 l,152 cu.in.,182 hp,"40.0 ""","57.9 ""","72.0 ""","36.1 ""","45.0 ""","191.5 ""","37.1 ""","109.3 """,16,continuously variable,"3,108 lbs.","4,211 lbs.",,,,,,,,
Nissan,Altima,2014,27 mpg,38 mpg,18.0gal.,5,15 cu.ft.,front-wheel,i-4,2.5,"182hp @ 6,000rpm",continuously variable automatic,"180 lb.-ft. @ 4,000rpm",4-wheel,2.5 l,152 cu.in.,182 hp,"40.0 ""","57.9 ""","72.0 ""","36.1 ""","45.0 ""","191.5 ""","37.1 ""","109.3 """,16,continuously variable,"3,108 lbs.","4,211 lbs.",,,,,,,,
Nissan,Altima,2013,27 mpg,38 mpg,18.0gal.,5,15 cu.ft.,front-wheel,i-4,2.5,"182hp @ 6,000rpm",continuously variable automatic,"180 lb.-ft. @ 4,000rpm",4-wheel,2.5 l,152 cu.in.,182 hp,"40.0 ""","57.9 ""","72.0 ""","36.1 ""","45.0 ""","191.5 ""","37.1 ""","109.3 """,16,continuously variable,"3,108 lbs.","4,211 lbs.",,,,,,,,
Nissan,Altima,2012,,,20.0gal.,,,front-wheel,i-4,2.5,"170hp @ 5,600rpm",continuously variable automatic,"175 lb.-ft. @ 3,900rpm",,,,,,,,,,,,,16,,,,,,,,,,,
Nissan,Altima,2011,,,20.0gal.,,,front-wheel,i-4,2.5,"170hp @ 5,600rpm",continuously variable automatic,"175 lb.-ft. @ 3,900rpm",,,,,,,,,,,,,16,,,,,,,,,,,
Nissan,Altima,2010,,,20.0gal.,,,front-wheel,i-4,2.5,"170hp @ 5,600rpm",continuously variable automatic,"175 lb.-ft. @ 3,900rpm",,,,,,,,,,,,,16,,,,,,,,,,,
Nissan,Altima,2009,,,20.0gal.,,,front-wheel,i-4,2.5,"170hp @ 5,600rpm",continuously variable automatic,"175 lb.-ft. @ 3,900rpm",,,,,,,,,,,,,16,,,,,,,,,,,
Nissan,Altima,2008,,,20.0gal.,,,front-wheel,i-4,2.5,"170hp @ 5,600rpm",6 speed manual,"175 lb.-ft. @ 3,900rpm",,,,,,,,,,,,,16,,,,,,,,,,,
Nissan,Altima,2007,,,20.0gal.,,,front-wheel,i-4,2.5,"175hp @ 5,600rpm",6 speed manual,"180 lb.-ft. @ 3,900rpm",,,,,,,,,,,,,16,,,,,,,,,,,
Nissan,Altima,2006,,,20.0gal.,,,front-wheel,i-4,2.5,"175hp @ 6,000rpm",5 speed manual,"180 lb.-ft. @ 4,000rpm",,,,,,,,,,,,,16,,,,,,,,,,,
Nissan,Altima,2005,,,20.0gal.,,,front-wheel,i-4,2.5,"175hp @ 6,000rpm",5 speed manual,"180 lb.-ft. @ 4,000rpm",,,,,,,,,,,,,16,,,,,,,,,,,
Nissan,Altima,2004,,,20.0gal.,,,front-wheel,i-4,2.5,"175hp @ 6,000rpm",5 speed manual,"180 lb.-ft. @ 4,000rpm",,,,,,,,,,,,,16,,,,,,,,,,,
Nissan,Altima,2003,,,20.0gal.,,,front-wheel,i-4,2.5,"175hp @ 6,000rpm",5 speed manual,"180 lb.-ft. @ 4,000rpm",,,,,,,,,,,,,16,,,,,,,,,,,
Nissan,Altima,2002,,,20.0gal.,,,front-wheel,i-4,2.5,"175hp @ 6,000rpm",5 speed manual,"180 lb.-ft. @ 4,000rpm",,,,,,,,,,,,,16,,,,,,,,,,,
Nissan,Altima,2001,,,15.9gal.,,,front-wheel,i-4,2.4,"155hp @ 5,600rpm",5 speed manual,"156 lb.-ft. @ 4,400rpm",,,,,,,,,,,,,16,,,,,,,,,,,
Nissan,Altima,2000,,,15.9gal.,,,front-wheel,i-4,2.4,"155hp @ 5,600rpm",5 speed manual,"156 lb.-ft. @ 4,400rpm",,,,,,,,,,,,,16,,,,,,,,,,,
Nissan,Altima,1999,,,15.9gal.,,,front-wheel,i-4,2.4,"150hp @ 5,600rpm",5 speed manual,"154 lb.-ft. @ 4,400rpm",,,,,,,,,,,,,16,,,,,,,,,,,
Nissan,Altima Hybrid,2011,,,20.0gal.,,,front-wheel,i-4,2.5,"158hp @ 5,200rpm",continuously variable automatic,"162 lb.-ft. @ 2,800rpm",,,,,,,,,,,,,16,,,,,,,,,,,
Nissan,Altima Hybrid,2010,,,20.0gal.,,,front-wheel,i-4,2.5,"158hp @ 5,200rpm",continuously variable automatic,"162 lb.-ft. @ 2,800rpm",,,,,,,,,,,,,16,,,,,,,,,,,
Nissan,Altima Hybrid,2009,,,20.0gal.,,,front-wheel,i-4,2.5,"158hp @ 5,200rpm",continuously variable automatic,"162 lb.-ft. @ 2,800rpm",,,,,,,,,,,,,16,,,,,,,,,,,
Nissan,Altima Hybrid,2008,,,20.0gal.,,,front-wheel,i-4,2.5,"158hp @ 5,200rpm",continuously variable automatic,"162 lb.-ft. @ 2,800rpm",,,,,,,,,,,,,16,,,,,,,,,,,
Nissan,Altima Hybrid,2007,,,20.0gal.,,,front-wheel,i-4,2.5,"158hp @ 5,200rpm",continuously variable automatic,"162 lb.-ft. @ 2,800rpm",,,,,,,,,,,,,16,,,,,,,,,,,
Nissan,350Z,2009,,,20.0gal.,,,rear-wheel,v-6,3.5,"306hp @ 6,800rpm",6 speed manual,"268 lb.-ft. @ 4,800rpm",,,,,,,,,,,,,24,,,,,,,,,,,
Nissan,350Z,2008,,,20.0gal.,,,rear-wheel,v-6,3.5,"306hp @ 6,800rpm",6 speed manual,"268 lb.-ft. @ 4,800rpm",,,,,,,,,,,,,24,,,,,,,,,,,
Nissan,350Z,2007,,,20.0gal.,,,rear-wheel,v-6,3.5,"306hp @ 6,800rpm",6 speed manual,"268 lb.-ft. @ 4,800rpm",,,,,,,,,,,,,24,,,,,,,,,,,
Nissan,350Z,2006,,,20.0gal.,,,rear-wheel,v-6,3.5,"300hp @ 6,400rpm",6 speed manual,"260 lb.-ft. @ 4,800rpm",,,,,,,,,,,,,24,,,,,,,,,,,
Nissan,350Z,2005,,,20.0gal.,,,rear-wheel,v-6,3.5,"287hp @ 6,200rpm",6 speed manual,"274 lb.-ft. @ 4,800rpm",,,,,,,,,,,,,24,,,,,,,,,,,
Nissan,350Z,2004,,,20.0gal.,,,rear-wheel,v-6,3.5,"287hp @ 6,200rpm",6 speed manual,"274 lb.-ft. @ 4,800rpm",,,,,,,,,,,,,24,,,,,,,,,,,
Nissan,350Z,2003,,,20.0gal.,,,rear-wheel,v-6,3.5,"287hp @ 6,200rpm",6 speed manual,"274 lb.-ft. @ 4,800rpm",,,,,,,,,,,,,24,,,,,,,,,,,
Nissan,370Z,2019,18 mpg,26 mpg,19.0gal.,2,7 cu.ft.,rear-wheel,v-6,3.7,"332hp @ 7,000rpm",6 speed manual,"270 lb.-ft. @ 5,200rpm",4-wheel,3.7 l,226 cu.in.,332 hp,"38.2 ""","51.8 ""","72.6 """,,"42.9 ""","167.5 """,,"100.4 """,24,6,"3,333 lbs.","3,968 lbs.",,,,,,,,
Nissan,370Z,2018,18 mpg,26 mpg,19.0gal.,2,7 cu.ft.,rear-wheel,v-6,3.7,"332hp @ 7,000rpm",6 speed manual,"270 lb.-ft. @ 5,200rpm",4-wheel,3.7 l,226 cu.in.,332 hp,"38.2 ""","51.8 ""","72.6 """,,"42.9 ""","167.5 """,,"100.4 """,24,6,"3,333 lbs.","3,968 lbs.",,,,,,,,
Nissan,370Z,2017,,,19.0gal.,,,rear-wheel,v-6,3.7,"332hp @ 7,000rpm",6 speed manual,"270 lb.-ft. @ 5,200rpm",,,,,,,,,,,,,24,,,,,,,,,,,
Nissan,370Z,2016,,,19.0gal.,,,rear-wheel,v-6,3.7,"332hp @ 7,000rpm",6 speed manual,"270 lb.-ft. @ 5,200rpm",,,,,,,,,,,,,24,,,,,,,,,,,
Nissan,370Z,2015,,,19.0gal.,,,rear-wheel,v-6,3.7,"332hp @ 7,000rpm",6 speed manual,"270 lb.-ft. @ 5,200rpm",,,,,,,,,,,,,24,,,,,,,,,,,
Nissan,370Z,2014,,,19.0gal.,,,rear-wheel,v-6,3.7,"332hp @ 7,000rpm",6 speed manual,"270 lb.-ft. @ 5,200rpm",,,,,,,,,,,,,24,,,,,,,,,,,
Nissan,370Z,2013,,,19.0gal.,,,rear-wheel,v-6,3.7,"332hp @ 7,000rpm",6 speed manual,"270 lb.-ft. @ 5,200rpm",,,,,,,,,,,,,24,,,,,,,,,,,
Nissan,370Z,2012,,,19.0gal.,,,rear-wheel,v-6,3.7,"332hp @ 7,000rpm",6 speed manual,"270 lb.-ft. @ 5,200rpm",,,,,,,,,,,,,24,,,,,,,,,,,
Nissan,370Z,2011,,,19.0gal.,,,rear-wheel,v-6,3.7,"332hp @ 7,000rpm",6 speed manual,"270 lb.-ft. @ 5,200rpm",,,,,,,,,,,,,24,,,,,,,,,,,
Nissan,370Z,2010,,,19.0gal.,,,rear-wheel,v-6,3.7,"332hp @ 7,000rpm",6 speed manual,"270 lb.-ft. @ 5,200rpm",,,,,,,,,,,,,24,,,,,,,,,,,
Nissan,370Z,2009,,,19.0gal.,,,rear-wheel,v-6,3.7,"332hp @ 7,000rpm",6 speed manual,"270 lb.-ft. @ 5,200rpm",,,,,,,,,,,,,24,,,,,,,,,,,
Nissan,Juke,2017,,,13.2gal.,,,front-wheel,i-4,1.6,"188hp @ 5,600rpm",continuously variable automatic,"177 lb.-ft. @ 2,000rpm",,,,,,,,,,,,,16,,,,,,,,,,,
Nissan,Juke,2016,,,13.2gal.,,,front-wheel,i-4,1.6,"188hp @ 5,600rpm",continuously variable automatic,"177 lb.-ft. @ 2,000rpm",,,,,,,,,,,,,16,,,,,,,,,,,
Nissan,Juke,2015,,,13.2gal.,,,front-wheel,i-4,1.6,"188hp @ 5,600rpm",continuously variable automatic,"177 lb.-ft. @ 2,000rpm",,,,,,,,,,,,,16,,,,,,,,,,,
Nissan,Juke,2014,,,13.2gal.,,,front-wheel,i-4,1.6,"188hp @ 5,600rpm",continuously variable automatic,"177 lb.-ft. @ 2,000rpm",,,,,,,,,,,,,16,,,,,,,,,,,
Nissan,Juke,2013,,,13.2gal.,,,front-wheel,i-4,1.6,"188hp @ 5,600rpm",continuously variable automatic,"177 lb.-ft. @ 2,000rpm",,,,,,,,,,,,,16,,,,,,,,,,,
Nissan,Juke,2012,,,13.2gal.,,,front-wheel,i-4,1.6,"188hp @ 5,600rpm",continuously variable automatic,"177 lb.-ft. @ 2,000rpm",,,,,,,,,,,,,16,,,,,,,,,,,
Nissan,Juke,2011,,,13.2gal.,,,front-wheel,i-4,1.6,"188hp @ 5,600rpm",continuously variable automatic,"177 lb.-ft. @ 2,000rpm",,,,,,,,,,,,,16,,,,,,,,,,,
Nissan,Murano,2018,21 mpg,28 mpg,19.0gal.,5,67 cu.ft.,front-wheel,v-6,3.5,"260hp @ 6,000rpm",continuously variable automatic,"240 lb.-ft. @ 4,400rpm",4-wheel,3.5 l,213 cu.in.,260 hp,"39.9 ""","66.6 ""","75.4 ""","38.7 ""","40.5 ""","192.4 ""","39.8 ""","111.2 """,24,continuously variable,"3,769 lbs.","5,110 lbs.","1,500 lbs.",,,,,,,
Nissan,Murano,2017,21 mpg,28 mpg,19.0gal.,5,67 cu.ft.,all-wheel drive,v-6,3.5,"260hp @ 6,000rpm",continuously variable automatic,"240 lb.-ft. @ 4,400rpm",4-wheel,3.5 l,213 cu.in.,260 hp,"39.9 ""","66.6 ""","75.4 ""","38.7 ""","40.5 ""","192.4 ""","39.8 ""","111.2 """,24,continuously variable,"3,973 lbs.","5,280 lbs.","1,500 lbs.",,,,,,,
Nissan,Murano,2016,21 mpg,28 mpg,19.0gal.,5,70 cu.ft.,front-wheel,v-6,3.5,"260hp @ 6,000rpm",continuously variable automatic,"240 lb.-ft. @ 4,400rpm",4-wheel,3.5 l,213 cu.in.,260 hp,"39.9 ""","66.6 ""","75.4 ""","38.7 ""","40.5 ""","192.4 ""","39.8 ""","111.2 """,24,continuously variable,"3,790 lbs.","5,110 lbs.","1,500 lbs.",,,,,,,
Nissan,Murano,2015,,,19.0gal.,,,front-wheel,v-6,3.5,"260hp @ 6,000rpm",continuously variable automatic,"240 lb.-ft. @ 4,400rpm",,,,,,,,,,,,,24,,,,,,,,,,,
Nissan,Murano,2014,,,21.7gal.,,,front-wheel,v-6,3.5,"260hp @ 6,000rpm",continuously variable automatic,"240 lb.-ft. @ 4,400rpm",,,,,,,,,,,,,24,,,,,,,,,,,
Nissan,Murano,2013,,,21.7gal.,,,front-wheel,v-6,3.5,"260hp @ 6,000rpm",continuously variable automatic,"240 lb.-ft. @ 4,400rpm",,,,,,,,,,,,,24,,,,,,,,,,,
Nissan,Murano,2012,,,21.7gal.,,,front-wheel,v-6,3.5,"260hp @ 6,000rpm",continuously variable automatic,"240 lb.-ft. @ 4,400rpm",,,,,,,,,,,,,24,,,,,,,,,,,
Nissan,Murano,2011,,,21.7gal.,,,front-wheel,v-6,3.5,"260hp @ 6,000rpm",continuously variable automatic,"240 lb.-ft. @ 4,400rpm",,,,,,,,,,,,,24,,,,,,,,,,,
Nissan,Murano,2010,,,21.7gal.,,,front-wheel,v-6,3.5,"265hp @ 6,000rpm",continuously variable automatic,"248 lb.-ft. @ 4,400rpm",,,,,,,,,,,,,24,,,,,,,,,,,
Nissan,Murano,2009,,,21.7gal.,,,all-wheel drive,v-6,3.5,"265hp @ 6,000rpm",continuously variable automatic,"248 lb.-ft. @ 4,000rpm",,,,,,,,,,,,,24,,,,,,,,,,,
Nissan,Murano,2007,,,21.7gal.,,,front-wheel,v-6,3.5,"240hp @ 5,800rpm",continuously variable automatic,"244 lb.-ft. @ 4,400rpm",,,,,,,,,,,,,24,,,,,,,,,,,
Nissan,Murano,2006,,,21.7gal.,,,front-wheel,v-6,3.5,"245hp @ 5,800rpm",continuously variable automatic,"246 lb.-ft. @ 4,400rpm",,,,,,,,,,,,,24,,,,,,,,,,,
Nissan,Murano,2005,,,21.7gal.,,,front-wheel,v-6,3.5,"245hp @ 5,800rpm",continuously variable automatic,"246 lb.-ft. @ 4,400rpm",,,,,,,,,,,,,24,,,,,,,,,,,
Nissan,Murano,2004,,,21.7gal.,,,front-wheel,v-6,3.5,"245hp @ 5,800rpm",continuously variable automatic,"246 lb.-ft. @ 4,400rpm",,,,,,,,,,,,,24,,,,,,,,,,,
Nissan,Murano,2003,,,21.7gal.,,,all-wheel drive,v-6,3.5,"245hp @ 5,800rpm",continuously variable automatic,"246 lb.-ft. @ 4,400rpm",,,,,,,,,,,,,24,,,,,,,,,,,
Nissan,Rogue,2018,26 mpg,33 mpg,14.5gal.,5,70 cu.ft.,front-wheel,i-4,2.5,"170hp @ 6,000rpm",continuously variable automatic,"175 lb.-ft. @ 4,400rpm",4-wheel,2.5 l,152 cu.in.,170 hp,"41.6 ""","68.0 ""","72.4 ""","37.9 ""","43.0 ""","184.5 ""","38.5 ""","106.5 """,16,continuously variable,"3,454 lbs.","4,590 lbs.","1,102 lbs.",,,,,,,
Nissan,Rogue,2017,26 mpg,33 mpg,14.5gal.,5,70 cu.ft.,front-wheel,i-4,2.5,"170hp @ 6,000rpm",continuously variable automatic,"175 lb.-ft. @ 4,400rpm",4-wheel,2.5 l,152 cu.in.,170 hp,"41.6 ""","68.1 ""","72.4 ""","37.9 ""","43.0 ""","184.5 ""","38.5 ""","106.5 """,16,continuously variable,"3,424 lbs.","4,330 lbs.","1,000 lbs.",,,,,,,
Nissan,Rogue,2016,,,14.5gal.,,,front-wheel,i-4,2.5,"170hp @ 6,000rpm",continuously variable automatic,"175 lb.-ft. @ 4,400rpm",,,,,,,,,,,,,16,,,,,,,,,,,
Nissan,Rogue,2015,,,14.5gal.,,,front-wheel,i-4,2.5,"170hp @ 6,000rpm",continuously variable automatic,"175 lb.-ft. @ 4,400rpm",,,,,,,,,,,,,16,,,,,,,,,,,
Nissan,Rogue,2014,,,14.5gal.,,,front-wheel,i-4,2.5,"170hp @ 6,000rpm",continuously variable automatic,"175 lb.-ft. @ 4,400rpm",,,,,,,,,,,,,16,,,,,,,,,,,
Nissan,Rogue,2013,,,15.9gal.,,,front-wheel,i-4,2.5,"170hp @ 6,000rpm",continuously variable automatic,"175 lb.-ft. @ 4,400rpm",,,,,,,,,,,,,16,,,,,,,,,,,
Nissan,Rogue,2012,,,15.9gal.,,,front-wheel,i-4,2.5,"170hp @ 6,000rpm",continuously variable automatic,"175 lb.-ft. @ 4,400rpm",,,,,,,,,,,,,16,,,,,,,,,,,
Nissan,Rogue,2011,,,15.9gal.,,,front-wheel,i-4,2.5,"170hp @ 6,000rpm",continuously variable automatic,"175 lb.-ft. @ 4,400rpm",,,,,,,,,,,,,16,,,,,,,,,,,
Nissan,Rogue,2010,,,15.9gal.,,,front-wheel,i-4,2.5,"170hp @ 6,000rpm",continuously variable automatic,"175 lb.-ft. @ 4,400rpm",,,,,,,,,,,,,16,,,,,,,,,,,
Nissan,Rogue,2009,,,15.9gal.,,,front-wheel,i-4,2.5,"170hp @ 6,000rpm",continuously variable automatic,"175 lb.-ft. @ 4,400rpm",,,,,,,,,,,,,16,,,,,,,,,,,
Nissan,Rogue,2008,,,15.9gal.,,,front-wheel,i-4,2.5,"170hp @ 6,000rpm",continuously variable automatic,"175 lb.-ft. @ 4,400rpm",,,,,,,,,,,,,16,,,,,,,,,,,
Nissan,Rogue Hybrid,2018,33 mpg,35 mpg,14.5gal.,5,61 cu.ft.,front-wheel,i-4,2.0,"141hp @ 6,000rpm",continuously variable automatic,"144 lb.-ft. @ 3,600rpm",4-wheel,2.0 l,122 cu.in.,141 hp,"41.6 ""","67.8 ""","72.4 ""","37.9 ""","43.0 ""","184.5 ""","38.5 ""","106.5 """,16,continuously variable,"3,663 lbs.","4,720 lbs.",,,,,,,,
Nissan,Rogue Hybrid,2017,33 mpg,35 mpg,14.5gal.,5,61 cu.ft.,front-wheel,i-4,2.0,"141hp @ 6,000rpm",continuously variable automatic,"144 lb.-ft. @ 3,600rpm",4-wheel,2.0 l,122 cu.in.,141 hp,"41.6 ""","67.6 ""","72.4 ""","37.9 ""","43.0 ""","184.5 ""","38.5 ""","106.5 """,16,continuously variable,"3,693 lbs.",,,,,,,,,
Nissan,Rogue Hybrid,2016,,,14.5gal.,,,front-wheel,i-4,2.0,"147hp @ 6,000rpm",continuously variable automatic,"153 lb.-ft. @ 4,400rpm",,,,,,,,,,,,,16,,,,,,,,,,,
Nissan,NV Cargo,2012,,,28.0gal.,,,rear-wheel,v-6,4.0,"261hp @ 5,600rpm",5 speed automatic,"281 lb.-ft. @ 4,000rpm",,,,,,,,,,,,,24,,,,,,,,,,,
Nissan,NV Cargo NV1500,2018,,,28.0gal.,2,234 cu.ft.,rear-wheel,v-6,4.0,"261hp @ 5,600rpm",5 speed automatic,"281 lb.-ft. @ 4,000rpm",4-wheel,4.0 l,241 cu.in.,261 hp,"42.8 ""","83.9 ""","79.9 """,,"42.0 ""","240.6 """,,"146.1 """,24,5,"5,817 lbs.","8,550 lbs.","2,000 lbs.",,,,,,,
Nissan,NV Cargo NV1500,2017,,,28.0gal.,2,234 cu.ft.,rear-wheel,v-6,4.0,"261hp @ 5,600rpm",5 speed automatic,"281 lb.-ft. @ 4,000rpm",4-wheel,4.0 l,241 cu.in.,261 hp,"42.8 ""","83.9 ""","79.9 """,,"42.0 ""","240.6 """,,"146.1 """,24,5,"5,806 lbs.","8,550 lbs.","2,000 lbs.",,,,,,,
Nissan,NV Cargo NV1500,2016,,,28.0gal.,,,rear-wheel,v-6,4.0,"261hp @ 5,600rpm",5 speed automatic,"281 lb.-ft. @ 4,000rpm",,,,,,,,,,,,,24,,,,,,,,,,,
Nissan,NV Cargo NV1500,2015,,,28.0gal.,,,rear-wheel,v-6,4.0,"261hp @ 5,600rpm",5 speed automatic,"281 lb.-ft. @ 4,000rpm",,,,,,,,,,,,,24,,,,,,,,,,,
Nissan,NV Cargo NV1500,2014,,,28.0gal.,,,rear-wheel,v-6,4.0,"261hp @ 5,600rpm",5 speed automatic,"281 lb.-ft. @ 4,000rpm",,,,,,,,,,,,,24,,,,,,,,,,,
Nissan,NV Cargo NV1500,2013,,,28.0gal.,,,rear-wheel,v-6,4.0,"261hp @ 5,600rpm",5 speed automatic,"281 lb.-ft. @ 4,000rpm",,,,,,,,,,,,,24,,,,,,,,,,,
Nissan,NV Cargo NV2500 HD,2018,,,28.0gal.,2,234 cu.ft.,rear-wheel,v-6,4.0,"261hp @ 5,600rpm",5 speed automatic,"281 lb.-ft. @ 4,000rpm",4-wheel,4.0 l,241 cu.in.,261 hp,"42.8 ""","83.9 ""","79.9 """,,"42.0 ""","240.6 """,,"146.1 """,24,5,"5,819 lbs.","9,100 lbs.","2,000 lbs.",,,,,,,
Nissan,NV Cargo NV2500 HD,2017,,,28.0gal.,2,234 cu.ft.,rear-wheel,v-6,4.0,"261hp @ 5,600rpm",5 speed automatic,"281 lb.-ft. @ 4,000rpm",4-wheel,4.0 l,241 cu.in.,261 hp,"42.8 ""","83.9 ""","79.9 """,,"42.0 ""","240.6 """,,"146.1 """,24,5,"5,807 lbs.","9,101 lbs.","2,000 lbs.",,,,,,,
Nissan,NV Cargo NV2500 HD,2016,,,28.0gal.,,,rear-wheel,v-6,4.0,"261hp @ 5,600rpm",5 speed automatic,"281 lb.-ft. @ 4,000rpm",,,,,,,,,,,,,24,,,,,,,,,,,
Nissan,NV Cargo NV2500 HD,2015,,,28.0gal.,,,rear-wheel,v-6,4.0,"261hp @ 5,600rpm",5 speed automatic,"281 lb.-ft. @ 4,000rpm",,,,,,,,,,,,,24,,,,,,,,,,,
Nissan,NV Cargo NV2500 HD,2014,,,28.0gal.,,,rear-wheel,v-6,4.0,"261hp @ 5,600rpm",5 speed automatic,"281 lb.-ft. @ 4,000rpm",,,,,,,,,,,,,24,,,,,,,,,,,
Nissan,NV Cargo NV3500 HD,2018,,,28.0gal.,2,234 cu.ft.,rear-wheel,v-8,5.6,"375hp @ 5,800rpm",7 speed automatic,"387 lb.-ft. @ 4,000rpm",4-wheel,5.6 l,339 cu.in.,375 hp,"42.8 ""","84.9 ""","79.9 """,,"42.0 ""","240.6 """,,"146.1 """,32,7,"6,194 lbs.","9,901 lbs.","9,400 lbs.",,,,,,,
Nissan,NV Cargo NV3500 HD,2017,,,28.0gal.,2,234 cu.ft.,rear-wheel,v-8,5.6,"375hp @ 5,800rpm",7 speed automatic,"387 lb.-ft. @ 4,000rpm",4-wheel,5.6 l,339 cu.in.,375 hp,"42.8 ""","84.9 ""","79.9 """,,"42.0 ""","240.6 """,,"146.1 """,32,7,"6,031 lbs.","9,901 lbs.","9,400 lbs.",,,,,,,
Nissan,NV Cargo NV3500 HD,2016,,,28.0gal.,,,rear-wheel,v-8,5.6,"317hp @ 5,200rpm",5 speed automatic,"385 lb.-ft. @ 3,400rpm",,,,,,,,,,,,,32,,,,,,,,,,,
Nissan,NV Cargo NV3500 HD,2015,,,28.0gal.,,,rear-wheel,v-8,5.6,"317hp @ 5,200rpm",5 speed automatic,"385 lb.-ft. @ 3,400rpm",,,,,,,,,,,,,32,,,,,,,,,,,
Nissan,NV Cargo NV3500 HD,2014,,,28.0gal.,,,rear-wheel,v-8,5.6,"317hp @ 5,200rpm",5 speed automatic,"385 lb.-ft. @ 3,400rpm",,,,,,,,,,,,,32,,,,,,,,,,,
Nissan,NV Passenger,2012,,,28.0gal.,,,rear-wheel,v-6,4.0,"261hp @ 5,600rpm",5 speed automatic,"281 lb.-ft. @ 4,000rpm",,,,,,,,,,,,,24,,,,,,,,,,,
Nissan,Frontier,2018,19 mpg,23 mpg,21.1gal.,4,,rear-wheel,i-4,2.5,"152hp @ 5,200rpm",5 speed manual,"171 lb.-ft. @ 4,400rpm",4-wheel,2.5 l,146 cu.in.,152 hp,"39.7 ""","68.7 ""","72.8 ""","25.4 ""","42.4 ""","205.5 ""","36.6 ""","125.9 """,16,5,"3,766 lbs.","4,700 lbs.","3,500 lbs.",,,,,,,
Nissan,Frontier,2017,,,21.1gal.,,,rear-wheel,i-4,2.5,"152hp @ 5,200rpm",5 speed manual,"171 lb.-ft. @ 4,400rpm",,,,,,,,,,,,,16,,,,,,,,,,,
Nissan,Frontier,2016,,,21.1gal.,,,rear-wheel,i-4,2.5,"152hp @ 5,200rpm",5 speed manual,"171 lb.-ft. @ 4,400rpm",,,,,,,,,,,,,16,,,,,,,,,,,
Nissan,Frontier,2015,,,21.1gal.,,,rear-wheel,i-4,2.5,"152hp @ 5,200rpm",5 speed manual,"171 lb.-ft. @ 4,400rpm",,,,,,,,,,,,,16,,,,,,,,,,,
Nissan,Frontier,2014,,,21.1gal.,,,rear-wheel,i-4,2.5,"152hp @ 5,200rpm",5 speed manual,"171 lb.-ft. @ 4,400rpm",,,,,,,,,,,,,16,,,,,,,,,,,
Nissan,Frontier,2013,,,21.1gal.,,,rear-wheel,i-4,2.5,"152hp @ 5,200rpm",5 speed manual,"171 lb.-ft. @ 4,400rpm",,,,,,,,,,,,,16,,,,,,,,,,,
Nissan,Frontier,2012,,,21.1gal.,,,rear-wheel,i-4,2.5,"152hp @ 5,200rpm",5 speed manual,"171 lb.-ft. @ 4,400rpm",,,,,,,,,,,,,16,,,,,,,,,,,
Nissan,Frontier,2011,,,21.1gal.,,,rear-wheel,i-4,2.5,"152hp @ 5,200rpm",5 speed manual,"171 lb.-ft. @ 4,400rpm",,,,,,,,,,,,,16,,,,,,,,,,,
Nissan,Frontier,2010,,,21.1gal.,,,rear-wheel,i-4,2.5,"152hp @ 5,200rpm",5 speed manual,"171 lb.-ft. @ 4,400rpm",,,,,,,,,,,,,16,,,,,,,,,,,
Nissan,Frontier,2009,,,21.1gal.,,,rear-wheel,v-6,4.0,"261hp @ 5,600rpm",5 speed automatic,"281 lb.-ft. @ 4,000rpm",,,,,,,,,,,,,24,,,,,,,,,,,
Nissan,Frontier,2008,,,21.1gal.,,,rear-wheel,v-6,4.0,"261hp @ 5,600rpm",5 speed automatic,"281 lb.-ft. @ 4,000rpm",,,,,,,,,,,,,24,,,,,,,,,,,
Nissan,Frontier,2007,,,21.1gal.,,,rear-wheel,v-6,4.0,"261hp @ 5,600rpm",5 speed automatic,"281 lb.-ft. @ 4,000rpm",,,,,,,,,,,,,24,,,,,,,,,,,
Nissan,Frontier,2006,,,21.1gal.,,,rear-wheel,v-6,4.0,"265hp @ 5,600rpm",5 speed automatic,"284 lb.-ft. @ 4,000rpm",,,,,,,,,,,,,24,,,,,,,,,,,
Nissan,Frontier,2005,,,21.1gal.,,,rear-wheel,v-6,4.0,"265hp @ 5,600rpm",5 speed automatic,"284 lb.-ft. @ 4,000rpm",,,,,,,,,,,,,24,,,,,,,,,,,
Nissan,Frontier,2004,,,15.9gal.,,,rear-wheel,i-4,2.4,"143hp @ 5,200rpm",5 speed manual,"154 lb.-ft. @ 4,000rpm",,,,,,,,,,,,,16,,,,,,,,,,,
Nissan,Frontier,2003,,,15.9gal.,,,rear-wheel,i-4,2.4,"143hp @ 5,200rpm",5 speed manual,"154 lb.-ft. @ 4,000rpm",,,,,,,,,,,,,16,,,,,,,,,,,
Nissan,Frontier,2002,,,15.9gal.,,,rear-wheel,i-4,2.4,"143hp @ 5,200rpm",5 speed manual,"154 lb.-ft. @ 4,000rpm",,,,,,,,,,,,,16,,,,,,,,,,,
Nissan,Frontier,2001,,,15.9gal.,,,rear-wheel,i-4,2.4,"143hp @ 5,200rpm",5 speed manual,"154 lb.-ft. @ 4,000rpm",,,,,,,,,,,,,16,,,,,,,,,,,
Nissan,Frontier,2000,,,15.9gal.,,,rear-wheel,i-4,2.4,"143hp @ 5,200rpm",5 speed manual,"154 lb.-ft. @ 4,000rpm",,,,,,,,,,,,,16,,,,,,,,,,,
Nissan,Frontier,1999,,,15.9gal.,,,rear-wheel,i-4,2.4,"143hp @ 5,200rpm",5 speed manual,"154 lb.-ft. @ 4,000rpm",,,,,,,,,,,,,16,,,,,,,,,,,
Nissan,Titan,2017,15 mpg,21 mpg,26.0gal.,5,,four-wheel,v-8,5.6,"390hp @ 5,800rpm",7 speed automatic,"394 lb.-ft. @ 4,000rpm",4-wheel,5.6 l,339 cu.in.,390 hp,"41.0 ""","77.2 ""","80.7 ""","38.5 ""","41.8 ""","228.1 ""","40.4 ""","139.8 """,32,7,"5,935 lbs.","7,300 lbs.","9,040 lbs.",,,,,,,
Nissan,Titan,2015,,,28.0gal.,,,rear-wheel,v-8,5.6,"317hp @ 5,200rpm",5 speed automatic,"385 lb.-ft. @ 3,400rpm",,,,,,,,,,,,,32,,,,,,,,,,,
Nissan,Titan,2014,,,28.0gal.,,,rear-wheel,v-8,5.6,"317hp @ 5,200rpm",5 speed automatic,"385 lb.-ft. @ 3,400rpm",,,,,,,,,,,,,32,,,,,,,,,,,
Nissan,Titan,2013,,,28.0gal.,,,rear-wheel,v-8,5.6,"317hp @ 5,200rpm",5 speed automatic,"385 lb.-ft. @ 3,400rpm",,,,,,,,,,,,,32,,,,,,,,,,,
Nissan,Titan,2012,,,28.0gal.,,,rear-wheel,v-8,5.6,"317hp @ 5,200rpm",5 speed automatic,"385 lb.-ft. @ 3,400rpm",,,,,,,,,,,,,32,,,,,,,,,,,
Nissan,Titan,2011,,,28.0gal.,,,rear-wheel,v-8,5.6,"317hp @ 5,200rpm",5 speed automatic,"385 lb.-ft. @ 3,400rpm",,,,,,,,,,,,,32,,,,,,,,,,,
Nissan,Titan,2010,,,28.0gal.,,,rear-wheel,v-8,5.6,"317hp @ 5,200rpm",5 speed automatic,"385 lb.-ft. @ 3,400rpm",,,,,,,,,,,,,32,,,,,,,,,,,
Nissan,Titan,2009,,,28.0gal.,,,rear-wheel,v-8,5.6,"317hp @ 5,200rpm",5 speed automatic,"386 lb.-ft. @ 3,400rpm",,,,,,,,,,,,,32,,,,,,,,,,,
Nissan,Titan,2008,,,37.0gal.,,,four-wheel,v-8,5.6,"317hp @ 5,200rpm",5 speed automatic,"385 lb.-ft. @ 3,400rpm",,,,,,,,,,,,,32,,,,,,,,,,,
Nissan,Titan,2007,,,28.0gal.,,,rear-wheel,v-8,5.6,"317hp @ 5,200rpm",5 speed automatic,"385 lb.-ft. @ 3,400rpm",,,,,,,,,,,,,32,,,,,,,,,,,
Nissan,Titan,2006,,,28.0gal.,,,rear-wheel,v-8,5.6,"305hp @ 4,900rpm",5 speed automatic,"379 lb.-ft. @ 3,600rpm",,,,,,,,,,,,,32,,,,,,,,,,,
Nissan,Titan,2005,,,28.0gal.,,,rear-wheel,v-8,5.6,"305hp @ 4,900rpm",5 speed automatic,"379 lb.-ft. @ 3,600rpm",,,,,,,,,,,,,32,,,,,,,,,,,
Nissan,Titan,2004,,,28.0gal.,,,rear-wheel,v-8,5.6,"305hp @ 4,900rpm",5 speed automatic,"379 lb.-ft. @ 3,600rpm",,,,,,,,,,,,,32,,,,,,,,,,,
Nissan,Armada,2018,14 mpg,19 mpg,26.0gal.,8,95 cu.ft.,rear-wheel,v-8,5.6,"390hp @ 5,800rpm",7 speed automatic,"394 lb.-ft. @ 4,000rpm",4-wheel,5.6 l,339 cu.in.,390 hp,"40.9 ""","75.8 ""","79.9 ""","39.0 ""","41.9 ""","208.9 ""","40.0 ""","121.1 """,32,7,"5,576 lbs.","7,300 lbs.","8,500 lbs.",,,,,,,
Nissan,Armada,2017,,,28.0gal.,,,rear-wheel,v-8,5.6,"390hp @ 5,800rpm",7 speed automatic,"394 lb.-ft. @ 4,000rpm",,,,,,,,,,,,,32,,,,,,,,,,,
Nissan,Armada,2015,,,28.0gal.,,,rear-wheel,v-8,5.6,"317hp @ 5,200rpm",5 speed automatic,"385 lb.-ft. @ 3,400rpm",,,,,,,,,,,,,32,,,,,,,,,,,
Nissan,Armada,2014,,,28.0gal.,,,rear-wheel,v-8,5.6,"317hp @ 5,200rpm",5 speed automatic,"385 lb.-ft. @ 3,400rpm",,,,,,,,,,,,,32,,,,,,,,,,,
Nissan,Armada,2013,,,28.0gal.,,,rear-wheel,v-8,5.6,"317hp @ 5,200rpm",5 speed automatic,"385 lb.-ft. @ 3,400rpm",,,,,,,,,,,,,32,,,,,,,,,,,
Nissan,Armada,2012,,,28.0gal.,,,rear-wheel,v-8,5.6,"317hp @ 5,200rpm",5 speed automatic,"385 lb.-ft. @ 3,400rpm",,,,,,,,,,,,,32,,,,,,,,,,,
Nissan,Armada,2011,,,28.0gal.,,,rear-wheel,v-8,5.6,"317hp @ 5,200rpm",5 speed automatic,"385 lb.-ft. @ 3,400rpm",,,,,,,,,,,,,32,,,,,,,,,,,
Nissan,Armada,2010,,,28.0gal.,,,rear-wheel,v-8,5.6,"317hp @ 5,200rpm",5 speed automatic,"385 lb.-ft. @ 3,400rpm",,,,,,,,,,,,,32,,,,,,,,,,,
Nissan,Armada,2009,,,28.0gal.,,,rear-wheel,v-8,5.6,"317hp @ 5,200rpm",5 speed automatic,"386 lb.-ft. @ 3,400rpm",,,,,,,,,,,,,32,,,,,,,,,,,
Nissan,Armada,2008,,,28.0gal.,,,rear-wheel,v-8,5.6,"317hp @ 5,200rpm",5 speed automatic,"385 lb.-ft. @ 3,400rpm",,,,,,,,,,,,,32,,,,,,,,,,,
Nissan,Armada,2007,,,28.0gal.,,,four-wheel,v-8,5.6,"317hp @ 5,200rpm",5 speed automatic,"385 lb.-ft. @ 3,400rpm",,,,,,,,,,,,,32,,,,,,,,,,,
Nissan,Armada,2006,,,28.0gal.,,,four-wheel,v-8,5.6,"305hp @ 4,900rpm",5 speed automatic,"385 lb.-ft. @ 3,600rpm",,,,,,,,,,,,,32,,,,,,,,,,,
Nissan,Armada,2005,,,28.0gal.,,,rear-wheel,v-8,5.6,"305hp @ 4,900rpm",5 speed automatic,"385 lb.-ft. @ 3,600rpm",,,,,,,,,,,,,32,,,,,,,,,,,
Nissan,Armada,2004,,,28.0gal.,,,rear-wheel,v-8,5.6,"305hp @ 4,900rpm",5 speed automatic,"385 lb.-ft. @ 3,600rpm",,,,,,,,,,,,,32,,,,,,,,,,,
Nissan,Kicks,2018,31 mpg,36 mpg,10.8gal.,5,32 cu.ft.,front-wheel,i-4,1.6,"125hp @ 5,800rpm",continuously variable automatic,"115 lb.-ft. @ 4,000rpm",4-wheel,1.6 l,98 cu.in.,125 hp,"40.7 ""","62.4 ""","69.3 ""","33.2 ""","43.7 ""","169.1 ""","38.5 ""","103.1 """,16,continuously variable,"2,639 lbs.","3,583 lbs.",,,,,,,,
Nissan,Murano,2018,21 mpg,28 mpg,19.0gal.,5,67 cu.ft.,front-wheel,v-6,3.5,"260hp @ 6,000rpm",continuously variable automatic,"240 lb.-ft. @ 4,400rpm",4-wheel,3.5 l,213 cu.in.,260 hp,"39.9 ""","66.6 ""","75.4 ""","38.7 ""","40.5 ""","192.4 ""","39.8 ""","111.2 """,24,continuously variable,"3,769 lbs.","5,110 lbs.","1,500 lbs.",,,,,,,
Nissan,Murano,2017,21 mpg,28 mpg,19.0gal.,5,67 cu.ft.,all-wheel drive,v-6,3.5,"260hp @ 6,000rpm",continuously variable automatic,"240 lb.-ft. @ 4,400rpm",4-wheel,3.5 l,213 cu.in.,260 hp,"39.9 ""","66.6 ""","75.4 ""","38.7 ""","40.5 ""","192.4 ""","39.8 ""","111.2 """,24,continuously variable,"3,973 lbs.","5,280 lbs.","1,500 lbs.",,,,,,,
Nissan,Murano,2016,21 mpg,28 mpg,19.0gal.,5,70 cu.ft.,front-wheel,v-6,3.5,"260hp @ 6,000rpm",continuously variable automatic,"240 lb.-ft. @ 4,400rpm",4-wheel,3.5 l,213 cu.in.,260 hp,"39.9 ""","66.6 ""","75.4 ""","38.7 ""","40.5 ""","192.4 ""","39.8 ""","111.2 """,24,continuously variable,"3,790 lbs.","5,110 lbs.","1,500 lbs.",,,,,,,
Nissan,Murano,2015,,,19.0gal.,,,front-wheel,v-6,3.5,"260hp @ 6,000rpm",continuously variable automatic,"240 lb.-ft. @ 4,400rpm",,,,,,,,,,,,,24,,,,,,,,,,,
Nissan,Murano,2014,,,21.7gal.,,,front-wheel,v-6,3.5,"260hp @ 6,000rpm",continuously variable automatic,"240 lb.-ft. @ 4,400rpm",,,,,,,,,,,,,24,,,,,,,,,,,
Nissan,Murano,2013,,,21.7gal.,,,front-wheel,v-6,3.5,"260hp @ 6,000rpm",continuously variable automatic,"240 lb.-ft. @ 4,400rpm",,,,,,,,,,,,,24,,,,,,,,,,,
Nissan,Murano,2012,,,21.7gal.,,,front-wheel,v-6,3.5,"260hp @ 6,000rpm",continuously variable automatic,"240 lb.-ft. @ 4,400rpm",,,,,,,,,,,,,24,,,,,,,,,,,
Nissan,Murano,2011,,,21.7gal.,,,front-wheel,v-6,3.5,"260hp @ 6,000rpm",continuously variable automatic,"240 lb.-ft. @ 4,400rpm",,,,,,,,,,,,,24,,,,,,,,,,,
Nissan,Murano,2010,,,21.7gal.,,,front-wheel,v-6,3.5,"265hp @ 6,000rpm",continuously variable automatic,"248 lb.-ft. @ 4,400rpm",,,,,,,,,,,,,24,,,,,,,,,,,
Nissan,Murano,2009,,,21.7gal.,,,all-wheel drive,v-6,3.5,"265hp @ 6,000rpm",continuously variable automatic,"248 lb.-ft. @ 4,000rpm",,,,,,,,,,,,,24,,,,,,,,,,,
Nissan,Murano,2007,,,21.7gal.,,,front-wheel,v-6,3.5,"240hp @ 5,800rpm",continuously variable automatic,"244 lb.-ft. @ 4,400rpm",,,,,,,,,,,,,24,,,,,,,,,,,
Nissan,Murano,2006,,,21.7gal.,,,front-wheel,v-6,3.5,"245hp @ 5,800rpm",continuously variable automatic,"246 lb.-ft. @ 4,400rpm",,,,,,,,,,,,,24,,,,,,,,,,,
Nissan,Murano,2005,,,21.7gal.,,,front-wheel,v-6,3.5,"245hp @ 5,800rpm",continuously variable automatic,"246 lb.-ft. @ 4,400rpm",,,,,,,,,,,,,24,,,,,,,,,,,
Nissan,Murano,2004,,,21.7gal.,,,front-wheel,v-6,3.5,"245hp @ 5,800rpm",continuously variable automatic,"246 lb.-ft. @ 4,400rpm",,,,,,,,,,,,,24,,,,,,,,,,,
Nissan,Murano,2003,,,21.7gal.,,,all-wheel drive,v-6,3.5,"245hp @ 5,800rpm",continuously variable automatic,"246 lb.-ft. @ 4,400rpm",,,,,,,,,,,,,24,,,,,,,,,,,
Nissan,Murano CrossCabriolet,2014,,,21.7gal.,,,all-wheel drive,v-6,3.5,"265hp @ 6,000rpm",continuously variable automatic,"248 lb.-ft. @ 4,400rpm",,,,,,,,,,,,,24,,,,,,,,,,,
Nissan,Murano CrossCabriolet,2013,,,21.7gal.,,,all-wheel drive,v-6,3.5,"265hp @ 6,000rpm",continuously variable automatic,"248 lb.-ft. @ 4,400rpm",,,,,,,,,,,,,24,,,,,,,,,,,
Nissan,Murano CrossCabriolet,2012,,,21.7gal.,,,all-wheel drive,v-6,3.5,"265hp @ 6,000rpm",continuously variable automatic,"248 lb.-ft. @ 4,400rpm",,,,,,,,,,,,,24,,,,,,,,,,,
Nissan,Murano CrossCabriolet,2011,,,21.7gal.,,,all-wheel drive,v-6,3.5,"265hp @ 6,000rpm",continuously variable automatic,"248 lb.-ft. @ 4,400rpm",,,,,,,,,,,,,24,,,,,,,,,,,
Nissan,Murano Hybrid,2016,28 mpg,31 mpg,19.0gal.,5,70 cu.ft.,front-wheel,i-4,2.5,"230hp @ 5,600rpm",continuously variable automatic,"243 lb.-ft. @ 3,600rpm",4-wheel,2.5 l,152 cu.in.,230 hp,"39.9 ""","66.6 ""","75.4 ""","38.7 ""","40.5 ""","192.4 ""","39.8 ""","111.2 """,16,continuously variable,,,"1,500 lbs.",,,,,,,
Nissan,Pathfinder,2018,20 mpg,27 mpg,19.5gal.,7,80 cu.ft.,front-wheel,v-6,3.5,"284hp @ 6,400rpm",continuously variable automatic,"259 lb.-ft. @ 4,400rpm",4-wheel,3.5 l,213 cu.in.,284 hp,"42.2 ""","69.5 ""","77.3 ""","41.7 ""","42.2 ""","198.5 ""","39.4 ""","114.2 """,24,continuously variable,"4,293 lbs.","5,986 lbs.","6,000 lbs.",,,,,,,
Nissan,Pathfinder,2017,,,19.5gal.,,,front-wheel,v-6,3.5,"284hp @ 6,400rpm",continuously variable automatic,"259 lb.-ft. @ 4,800rpm",,,,,,,,,,,,,24,,,,,,,,,,,
Nissan,Pathfinder,2016,,,19.5gal.,,,front-wheel,v-6,3.5,"260hp @ 6,400rpm",continuously variable automatic,"240 lb.-ft. @ 4,400rpm",,,,,,,,,,,,,24,,,,,,,,,,,
Nissan,Pathfinder,2015,,,19.5gal.,,,front-wheel,v-6,3.5,"260hp @ 6,400rpm",continuously variable automatic,"240 lb.-ft. @ 4,400rpm",,,,,,,,,,,,,24,,,,,,,,,,,
Nissan,Pathfinder,2014,20 mpg,26 mpg,19.5gal.,7,80 cu.ft.,front-wheel,v-6,3.5,"260hp @ 6,400rpm",continuously variable automatic,"240 lb.-ft. @ 4,400rpm",4-wheel,3.5 l,213 cu.in.,260 hp,"42.2 ""","69.6 ""","77.2 ""","41.7 ""","42.3 ""","197.2 ""","39.4 ""","114.2 """,24,continuously variable,"4,168 lbs.","5,986 lbs.","5,000 lbs.",,,,,,,
Nissan,Pathfinder,2013,20 mpg,26 mpg,19.5gal.,7,80 cu.ft.,front-wheel,v-6,3.5,"260hp @ 6,400rpm",continuously variable automatic,"240 lb.-ft. @ 4,400rpm",4-wheel,3.5 l,213 cu.in.,260 hp,"42.2 ""","69.6 ""","77.2 ""","41.7 ""","42.3 ""","197.2 ""","39.4 ""","114.2 """,24,continuously variable,"4,149 lbs.","5,913 lbs.","5,000 lbs.",,,,,,,
Nissan,Pathfinder,2012,,,21.1gal.,,,rear-wheel,v-6,4.0,"266hp @ 5,600rpm",5 speed automatic,"288 lb.-ft. @ 4,000rpm",,,,,,,,,,,,,24,,,,,,,,,,,
Nissan,Pathfinder,2011,,,21.1gal.,,,rear-wheel,v-6,4.0,"266hp @ 5,600rpm",5 speed automatic,"288 lb.-ft. @ 4,000rpm",,,,,,,,,,,,,24,,,,,,,,,,,
Nissan,Pathfinder,2010,15 mpg,22 mpg,21.1gal.,7,79 cu.ft.,rear-wheel,v-6,4.0,"266hp @ 5,600rpm",5 speed automatic,"288 lb.-ft. @ 4,000rpm",4-wheel,4.0 l,241 cu.in.,266 hp,"40.0 ""","72.0 ""","72.8 ""","34.2 ""","42.4 ""","192.3 ""","39.0 ""","112.2 """,24,5,"4,427 lbs.","6,000 lbs.","6,000 lbs.",,,,,,,
Nissan,Pathfinder,2009,,,21.1gal.,,,rear-wheel,v-6,4.0,"266hp @ 5,600rpm",5 speed automatic,"288 lb.-ft. @ 4,000rpm",,,,,,,,,,,,,24,,,,,,,,,,,
Nissan,Pathfinder,2008,,,21.1gal.,,,rear-wheel,v-6,4.0,"266hp @ 5,600rpm",5 speed automatic,"288 lb.-ft. @ 4,000rpm",,,,,,,,,,,,,24,,,,,,,,,,,
Nissan,Pathfinder,2007,,,21.1gal.,,,rear-wheel,v-6,4.0,"266hp @ 5,600rpm",5 speed automatic,"288 lb.-ft. @ 4,000rpm",,,,,,,,,,,,,24,,,,,,,,,,,
Nissan,Pathfinder,2006,,,21.1gal.,,,rear-wheel,v-6,4.0,"270hp @ 5,600rpm",5 speed automatic,"291 lb.-ft. @ 4,000rpm",,,,,,,,,,,,,24,,,,,,,,,,,
Nissan,Pathfinder,2005,,,21.1gal.,,,rear-wheel,v-6,4.0,"270hp @ 5,600rpm",5 speed automatic,"291 lb.-ft. @ 4,000rpm",,,,,,,,,,,,,24,,,,,,,,,,,
Nissan,Pathfinder,2004,,,21.1gal.,,,rear-wheel,v-6,3.5,"240hp @ 6,000rpm",4 speed automatic,"265 lb.-ft. @ 3,200rpm",,,,,,,,,,,,,24,,,,,,,,,,,
Nissan,Pathfinder,2003,,,21.1gal.,,,rear-wheel,v-6,3.5,"240hp @ 6,000rpm",4 speed automatic,"265 lb.-ft. @ 3,200rpm",,,,,,,,,,,,,24,,,,,,,,,,,
Nissan,Pathfinder,2002,,,21.1gal.,,,rear-wheel,v-6,3.5,"240hp @ 6,000rpm",4 speed automatic,"265 lb.-ft. @ 3,200rpm",,,,,,,,,,,,,24,,,,,,,,,,,
Nissan,Pathfinder,2001,,,21.1gal.,,,rear-wheel,v-6,3.5,"240hp @ 6,000rpm",4 speed automatic,"265 lb.-ft. @ 3,200rpm",,,,,,,,,,,,,24,,,,,,,,,,,
Nissan,Pathfinder,2000,,,21.1gal.,,,rear-wheel,v-6,3.3,"170hp @ 4,800rpm",4 speed automatic,"200 lb.-ft. @ 2,800rpm",,,,,,,,,,,,,12,,,,,,,,,,,
Nissan,Pathfinder,1999,,,21.1gal.,,,rear-wheel,v-6,3.3,"168hp @ 4,800rpm",5 speed manual,"196 lb.-ft. @ 2,800rpm",,,,,,,,,,,,,12,,,,,,,,,,,
Nissan,Pathfinder Hybrid,2014,,,19.5gal.,,,front-wheel,i-4,2.5,"230hp @ 5,600rpm",continuously variable automatic,"243 lb.-ft. @ 3,600rpm",,,,,,,,,,,,,16,,,,,,,,,,,
