make,model,year,city,highway,fuel tank capacity,total seating capacity,max cargo capacity,drive type,cylinder configuration,engine liters,horsepower,transmission,torque,abs,size,displacement,horse power,front head room,overall height,overall width,rear leg room,front leg room,overall length,rear head room,wheelbase,number of valves,number of speeds,curb weight,gross vehicle weight,towing capacity,number of doors,speakers,approach angle,ground clearance (max),ramp breakover angle,departure angle,ground clearance
Rolls-Royce,Dawn,2018,12 mpg,18 mpg,21.7gal.,4,11 cu.ft.,rear-wheel,v-12,6.6,"563hp @ 5,250rpm",8 speed automatic,"605 lb.-ft. @ 1,500rpm",4-wheel,6.6 l,402 cu.in.,563 hp,"40.1 ""","59.1 ""","76.7 ""","36.9 ""","41.5 ""","208.5 ""","37.9 ""","122.5 """,48,8,"5,644 lbs.","6,700 lbs.",,,,,,,,
Rolls-Royce,Dawn,2017,,,21.7gal.,,,rear-wheel,v-12,6.6,"563hp @ 5,250rpm",8 speed automatic,"605 lb.-ft. @ 1,500rpm",,,,,,,,,,,,,48,,,,,,,,,,,
Rolls-Royce,Dawn,2016,,,21.7gal.,,,rear-wheel,v-12,6.6,"563hp @ 5,250rpm",8 speed automatic,"575 lb.-ft. @ 1,500rpm",,,,,,,,,,,,,48,,,,,,,,,,,
Rolls-Royce,Phantom Drophead Coupe,2016,,,21.1gal.,,,rear-wheel,v-12,6.8,"453hp @ 5,350rpm",8 speed automatic,"531 lb.-ft. @ 3,500rpm",,,,,,,,,,,,,48,,,,,,,,,,,
Rolls-Royce,Phantom Drophead Coupe,2015,,,21.1gal.,,,rear-wheel,v-12,6.8,"453hp @ 5,350rpm",8 speed automatic,"531 lb.-ft. @ 3,500rpm",,,,,,,,,,,,,48,,,,,,,,,,,
Rolls-Royce,Phantom Drophead Coupe,2014,,,21.1gal.,,,rear-wheel,v-12,6.8,"453hp @ 5,350rpm",8 speed automatic,"531 lb.-ft. @ 3,500rpm",,,,,,,,,,,,,48,,,,,,,,,,,
Rolls-Royce,Phantom Drophead Coupe,2013,,,21.1gal.,,,rear-wheel,v-12,6.8,"453hp @ 5,350rpm",8 speed automatic,"531 lb.-ft. @ 3,500rpm",,,,,,,,,,,,,48,,,,,,,,,,,
Rolls-Royce,Phantom Drophead Coupe,2012,,,21.1gal.,,,rear-wheel,v-12,6.8,"453hp @ 5,350rpm",6 speed automatic,"531 lb.-ft. @ 3,500rpm",,,,,,,,,,,,,48,,,,,,,,,,,
Rolls-Royce,Phantom Drophead Coupe,2011,,,21.1gal.,,,rear-wheel,v-12,6.8,"453hp @ 5,350rpm",6 speed automatic,"531 lb.-ft. @ 3,500rpm",,,,,,,,,,,,,48,,,,,,,,,,,
Rolls-Royce,Phantom Drophead Coupe,2010,,,21.1gal.,,,rear-wheel,v-12,6.8,"453hp @ 5,350rpm",6 speed automatic,"531 lb.-ft. @ 3,500rpm",,,,,,,,,,,,,48,,,,,,,,,,,
Rolls-Royce,Phantom Drophead Coupe,2009,,,21.1gal.,,,rear-wheel,v-12,6.8,"453hp @ 5,350rpm",6 speed automatic,"531 lb.-ft. @ 3,500rpm",,,,,,,,,,,,,48,,,,,,,,,,,
Rolls-Royce,Phantom Drophead Coupe,2008,,,21.1gal.,,,rear-wheel,v-12,6.8,"453hp @ 5,350rpm",6 speed automatic,"531 lb.-ft. @ 3,500rpm",,,,,,,,,,,,,48,,,,,,,,,,,
Rolls-Royce,Corniche,2002,,,26.4gal.,,,rear-wheel,v-8,6.8,"325hp @ 4,000rpm",4 speed automatic,"544 lb.-ft. @ 2,100rpm",,,,,,,,,,,,,16,,,,,,,,,,,
Rolls-Royce,Corniche,2001,,,26.4gal.,,,rear-wheel,v-8,6.8,"325hp @ 4,000rpm",4 speed automatic,"544 lb.-ft. @ 2,100rpm",,,,,,,,,,,,,16,,,,,,,,,,,
Rolls-Royce,Ghost,2018,,,21.8gal.,,,rear-wheel,v-12,6.6,"563hp @ 5,250rpm",8 speed automatic,"605 lb.-ft. @ 1,500rpm",,,,,,,,,,,,,48,,,,,,,,,,,
Rolls-Royce,Ghost,2017,,,21.8gal.,,,rear-wheel,v-12,6.6,"563hp @ 5,250rpm",8 speed automatic,"605 lb.-ft. @ 1,500rpm",,,,,,,,,,,,,48,,,,,,,,,,,
Rolls-Royce,Ghost,2016,,,21.8gal.,,,rear-wheel,v-12,6.6,"563hp @ 5,250rpm",8 speed automatic,"575 lb.-ft. @ 1,500rpm",,,,,,,,,,,,,48,,,,,,,,,,,
Rolls-Royce,Ghost,2015,,,21.8gal.,,,rear-wheel,v-12,6.6,"563hp @ 5,250rpm",8 speed automatic,"575 lb.-ft. @ 1,500rpm",,,,,,,,,,,,,48,,,,,,,,,,,
Rolls-Royce,Ghost,2014,,,21.8gal.,,,rear-wheel,v-12,6.6,"593hp @ 5,250rpm",8 speed automatic,"575 lb.-ft. @ 1,500rpm",,,,,,,,,,,,,48,,,,,,,,,,,
Rolls-Royce,Ghost,2013,,,21.8gal.,,,rear-wheel,v-12,6.6,"563hp @ 5,250rpm",8 speed automatic,"575 lb.-ft. @ 1,500rpm",,,,,,,,,,,,,48,,,,,,,,,,,
Rolls-Royce,Ghost,2012,,,21.8gal.,,,rear-wheel,v-12,6.6,"563hp @ 5,250rpm",8 speed automatic,"575 lb.-ft. @ 1,500rpm",,,,,,,,,,,,,48,,,,,,,,,,,
Rolls-Royce,Ghost,2011,,,21.8gal.,,,rear-wheel,v-12,6.6,"563hp @ 5,250rpm",8 speed automatic,"575 lb.-ft. @ 1,500rpm",,,,,,,,,,,,,48,,,,,,,,,,,
Rolls-Royce,Ghost,2010,,,21.8gal.,,,rear-wheel,v-12,6.6,"563hp @ 5,250rpm",8 speed automatic,"575 lb.-ft. @ 1,500rpm",,,,,,,,,,,,,48,,,,,,,,,,,
Rolls-Royce,Park Ward,2002,,,26.4gal.,,,rear-wheel,v-12,5.4,"322hp @ 5,000rpm",5 speed automatic,"361 lb.-ft. @ 3,900rpm",,,,,,,,,,,,,24,,,,,,,,,,,
Rolls-Royce,Park Ward,2001,,,26.4gal.,,,rear-wheel,v-12,5.4,"322hp @ 5,000rpm",5 speed automatic,"361 lb.-ft. @ 3,900rpm",,,,,,,,,,,,,24,,,,,,,,,,,
Rolls-Royce,Phantom,2018,,,23.8gal.,,,rear-wheel,v-12,6.8,"563hp @ 5,000rpm",8 speed automatic,"664 lb.-ft. @ 1,700rpm",,,,,,,,,,,,,48,,,,,,,,,,,
Rolls-Royce,Phantom,2016,,,26.4gal.,,,rear-wheel,v-12,6.8,"453hp @ 5,350rpm",8 speed automatic,"531 lb.-ft. @ 3,500rpm",,,,,,,,,,,,,48,,,,,,,,,,,
Rolls-Royce,Phantom,2015,,,26.4gal.,,,rear-wheel,v-12,6.8,"453hp @ 5,350rpm",8 speed automatic,"531 lb.-ft. @ 3,500rpm",,,,,,,,,,,,,48,,,,,,,,,,,
Rolls-Royce,Phantom,2014,,,26.4gal.,,,rear-wheel,v-12,6.8,"453hp @ 5,350rpm",8 speed automatic,"531 lb.-ft. @ 3,500rpm",,,,,,,,,,,,,48,,,,,,,,,,,
Rolls-Royce,Phantom,2013,,,26.4gal.,,,rear-wheel,v-12,6.8,"453hp @ 5,350rpm",8 speed automatic,"531 lb.-ft. @ 3,500rpm",,,,,,,,,,,,,48,,,,,,,,,,,
Rolls-Royce,Phantom,2012,,,26.4gal.,,,rear-wheel,v-12,6.8,"453hp @ 5,350rpm",6 speed automatic,"531 lb.-ft. @ 3,500rpm",,,,,,,,,,,,,48,,,,,,,,,,,
Rolls-Royce,Phantom,2011,,,26.4gal.,,,rear-wheel,v-12,6.8,"453hp @ 5,350rpm",6 speed automatic,"531 lb.-ft. @ 3,500rpm",,,,,,,,,,,,,48,,,,,,,,,,,
Rolls-Royce,Phantom,2010,,,26.4gal.,,,rear-wheel,v-12,6.8,"453hp @ 5,350rpm",6 speed automatic,"531 lb.-ft. @ 3,500rpm",,,,,,,,,,,,,48,,,,,,,,,,,
Rolls-Royce,Phantom,2009,,,26.4gal.,,,rear-wheel,v-12,6.8,"453hp @ 5,350rpm",6 speed automatic,"531 lb.-ft. @ 3,500rpm",,,,,,,,,,,,,48,,,,,,,,,,,
Rolls-Royce,Phantom,2008,,,26.4gal.,,,rear-wheel,v-12,6.8,"453hp @ 5,350rpm",6 speed automatic,"531 lb.-ft. @ 3,500rpm",,,,,,,,,,,,,48,,,,,,,,,,,
Rolls-Royce,Phantom,2007,,,26.4gal.,,,rear-wheel,v-12,6.8,"453hp @ 5,350rpm",6 speed automatic,"531 lb.-ft. @ 3,500rpm",,,,,,,,,,,,,48,,,,,,,,,,,
Rolls-Royce,Phantom,2006,,,26.4gal.,,,rear-wheel,v-12,6.8,"453hp @ 5,350rpm",6 speed automatic,"531 lb.-ft. @ 3,500rpm",,,,,,,,,,,,,48,,,,,,,,,,,
Rolls-Royce,Phantom,2005,,,26.4gal.,,,rear-wheel,v-12,6.8,"453hp @ 5,350rpm",6 speed automatic,"531 lb.-ft. @ 3,500rpm",,,,,,,,,,,,,48,,,,,,,,,,,
Rolls-Royce,Phantom,2004,,,26.4gal.,,,rear-wheel,v-12,6.8,"453hp @ 5,350rpm",6 speed automatic,"531 lb.-ft. @ 3,500rpm",,,,,,,,,,,,,48,,,,,,,,,,,
Rolls-Royce,Phantom,2003,,,26.4gal.,,,rear-wheel,v-12,6.8,"453hp @ 5,350rpm",6 speed automatic,"531 lb.-ft. @ 3,500rpm",,,,,,,,,,,,,48,,,,,,,,,,,
Rolls-Royce,Phantom Coupe,2016,,,26.4gal.,,,rear-wheel,v-12,6.8,"453hp @ 5,350rpm",8 speed automatic,"531 lb.-ft. @ 3,500rpm",,,,,,,,,,,,,48,,,,,,,,,,,
Rolls-Royce,Phantom Coupe,2015,,,26.4gal.,,,rear-wheel,v-12,6.8,"453hp @ 5,350rpm",8 speed automatic,"531 lb.-ft. @ 3,500rpm",,,,,,,,,,,,,48,,,,,,,,,,,
Rolls-Royce,Phantom Coupe,2014,,,26.4gal.,,,rear-wheel,v-12,6.8,"453hp @ 5,350rpm",8 speed automatic,"531 lb.-ft. @ 3,500rpm",,,,,,,,,,,,,48,,,,,,,,,,,
Rolls-Royce,Phantom Coupe,2013,,,26.4gal.,,,rear-wheel,v-12,6.8,"453hp @ 5,350rpm",8 speed automatic,"531 lb.-ft. @ 3,500rpm",,,,,,,,,,,,,48,,,,,,,,,,,
Rolls-Royce,Phantom Coupe,2012,,,26.4gal.,,,rear-wheel,v-12,6.8,"453hp @ 5,350rpm",6 speed automatic,"531 lb.-ft. @ 3,500rpm",,,,,,,,,,,,,48,,,,,,,,,,,
Rolls-Royce,Phantom Coupe,2011,,,26.4gal.,,,rear-wheel,v-12,6.8,"453hp @ 5,350rpm",6 speed automatic,"531 lb.-ft. @ 3,500rpm",,,,,,,,,,,,,48,,,,,,,,,,,
Rolls-Royce,Phantom Coupe,2010,,,26.4gal.,,,rear-wheel,v-12,6.8,"453hp @ 5,350rpm",6 speed automatic,"531 lb.-ft. @ 3,500rpm",,,,,,,,,,,,,48,,,,,,,,,,,
Rolls-Royce,Phantom Coupe,2009,,,26.4gal.,,,rear-wheel,v-12,6.8,"453hp @ 5,350rpm",6 speed automatic,"531 lb.-ft. @ 3,500rpm",,,,,,,,,,,,,48,,,,,,,,,,,
