make,model,year,city,highway,fuel tank capacity,total seating capacity,max cargo capacity,drive type,cylinder configuration,engine liters,horsepower,transmission,torque,abs,size,displacement,horse power,front head room,overall height,overall width,rear leg room,front leg room,overall length,rear head room,wheelbase,number of valves,number of speeds,curb weight,gross vehicle weight,towing capacity,number of doors,speakers,approach angle,ground clearance (max),ramp breakover angle,departure angle,ground clearance
Saab,9-2X,2006,,,15.9gal.,,,all-wheel drive,h-4,2.5,"173hp @ 6,000rpm",4 speed automatic,"166 lb.-ft. @ 4,400rpm",,,,,,,,,,,,,16,,,,,,,,,,,
Saab,9-2X,2005,,,15.9gal.,,,all-wheel drive,h-4,2.5,"165hp @ 5,600rpm",4 speed automatic,"166 lb.-ft. @ 4,000rpm",,,,,,,,,,,,,16,,,,,,,,,,,
Saab,9-3,2012,,,16.1gal.,,,front-wheel,i-4,2.0,"220hp @ 5,300rpm",6 speed manual,"258 lb.-ft. @ 2,500rpm",,,,,,,,,,,,,16,,,,,,,,,,,
Saab,9-3,2011,,,16.1gal.,,,front-wheel,i-4,2.0,"210hp @ 5,500rpm",5 speed automatic,"221 lb.-ft. @ 2,500rpm",,,,,,,,,,,,,16,,,,,,,,,,,
Saab,9-3,2010,,,16.1gal.,,,front-wheel,i-4,2.0,"210hp @ 5,500rpm",5 speed automatic,"221 lb.-ft. @ 2,500rpm",,,,,,,,,,,,,16,,,,,,,,,,,
Saab,9-3,2009,,,16.1gal.,,,front-wheel,i-4,2.0,"210hp @ 5,500rpm",5 speed automatic,"221 lb.-ft. @ 2,500rpm",,,,,,,,,,,,,16,,,,,,,,,,,
Saab,9-3,2008,,,16.4gal.,,,front-wheel,i-4,2.0,"210hp @ 5,500rpm",5 speed automatic,"221 lb.-ft. @ 2,500rpm",,,,,,,,,,,,,16,,,,,,,,,,,
Saab,9-3,2007,,,16.4gal.,,,front-wheel,i-4,2.0,"210hp @ 5,500rpm",5 speed automatic,"221 lb.-ft. @ 2,500rpm",,,,,,,,,,,,,16,,,,,,,,,,,
Saab,9-3,2006,,,16.4gal.,,,front-wheel,i-4,2.0,"210hp @ 5,500rpm",5 speed automatic,"221 lb.-ft. @ 2,500rpm",,,,,,,,,,,,,16,,,,,,,,,,,
Saab,9-3,2005,,,16.4gal.,,,front-wheel,i-4,2.0,"175hp @ 5,500rpm",5 speed manual,"195 lb.-ft. @ 2,500rpm",,,,,,,,,,,,,16,,,,,,,,,,,
Saab,9-3,2004,,,16.4gal.,,,front-wheel,i-4,2.0,"210hp @ 5,500rpm",5 speed automatic,"221 lb.-ft. @ 2,500rpm",,,,,,,,,,,,,16,,,,,,,,,,,
Saab,9-3,2003,,,16.9gal.,,,front-wheel,i-4,2.0,"205hp @ 5,500rpm",4 speed automatic,"209 lb.-ft. @ 2,300rpm",,,,,,,,,,,,,16,,,,,,,,,,,
Saab,9-3,2002,,,16.9gal.,,,front-wheel,i-4,2.0,"205hp @ 5,750rpm",4 speed automatic,"184 lb.-ft. @ 1,900rpm",,,,,,,,,,,,,16,,,,,,,,,,,
Saab,9-3,2001,,,16.9gal.,,,front-wheel,i-4,2.0,"185hp @ 5,500rpm",5 speed manual,"194 lb.-ft. @ 2,100rpm",,,,,,,,,,,,,16,,,,,,,,,,,
Saab,9-3,2000,,,16.9gal.,,,front-wheel,i-4,2.0,"185hp @ 5,500rpm",5 speed manual,"194 lb.-ft. @ 2,100rpm",,,,,,,,,,,,,16,,,,,,,,,,,
Saab,9-3,1999,20 mpg,27 mpg,18.0gal.,5,46 cu.ft.,front-wheel,i-4,2.0,"185hp @ 5,500rpm",5 speed manual,"194 lb.-ft. @ 2,100rpm",4-wheel,2.0 l,121 cu.in.,185 hp,"39.3 ""","56.2 ""","67.4 ""","34.1 ""","42.3 ""","182.2 ""","37.9 ""","102.6 """,16,5,"2,990 lbs.",,"2,000 lbs.",,,,,,,
Saab,9-3X,2012,,,16.1gal.,,,all-wheel drive,i-4,2.0,"220hp @ 5,300rpm",6 speed automatic,"258 lb.-ft. @ 2,500rpm",,,,,,,,,,,,,16,,,,,,,,,,,
Saab,9-3X,2011,,,16.1gal.,,,all-wheel drive,i-4,2.0,"210hp @ 5,500rpm",6 speed manual,"221 lb.-ft. @ 2,500rpm",,,,,,,,,,,,,16,,,,,,,,,,,
Saab,9-3X,2010,,,16.1gal.,,,all-wheel drive,i-4,2.0,"210hp @ 5,500rpm",6 speed manual,"221 lb.-ft. @ 2,500rpm",,,,,,,,,,,,,16,,,,,,,,,,,
Saab,9-4X,2011,,,21.1gal.,,,front-wheel,v-6,3.0,"265hp @ 6,950rpm",6 speed automatic,"223 lb.-ft. @ 5,100rpm",,,,,,,,,,,,,24,,,,,,,,,,,
