make,model,year,city,highway,fuel tank capacity,total seating capacity,max cargo capacity,drive type,cylinder configuration,engine liters,horsepower,transmission,torque,abs,size,displacement,horse power,front head room,overall height,overall width,rear leg room,front leg room,overall length,rear head room,wheelbase,number of valves,number of speeds,curb weight,gross vehicle weight,towing capacity,number of doors,speakers,approach angle,ground clearance (max),ramp breakover angle,departure angle,ground clearance
Subaru,Impreza,2018,24 mpg,31 mpg,13.2gal.,5,55 cu.ft.,all-wheel drive,h-4,2.0,"152hp @ 6,000rpm",5 speed manual,"145 lb.-ft. @ 4,000rpm",4-wheel,2.0 l,122 cu.in.,152 hp,"39.8 ""","57.3 ""","70.0 ""","36.5 ""","43.1 ""","175.6 ""","38.0 ""","105.1 """,16,5,"2,985 lbs.","4,299 lbs.",,,,,,,,
Subaru,Impreza,2017,24 mpg,31 mpg,13.2gal.,5,,all-wheel drive,h-4,2.0,"152hp @ 6,000rpm",5 speed manual,"145 lb.-ft. @ 4,000rpm",4-wheel,2.0 l,122 cu.in.,152 hp,"39.8 ""","58.9 ""","70.0 ""","36.5 ""","43.1 ""","175.6 ""","38.0 ""","105.1 """,16,5,"2,985 lbs.","4,299 lbs.",,,,,,,,
Subaru,Impreza,2016,25 mpg,34 mpg,14.5gal.,5,52 cu.ft.,all-wheel drive,h-4,2.0,"148hp @ 6,200rpm",5 speed manual,"145 lb.-ft. @ 4,200rpm",4-wheel,2.0 l,122 cu.in.,148 hp,"39.8 ""","57.7 ""","68.5 ""","35.4 ""","43.5 ""","174.0 ""","37.7 ""","104.1 """,16,5,"2,955 lbs.","4,299 lbs.",,,,,,,,
Subaru,Impreza,2015,,,14.5gal.,,,all-wheel drive,h-4,2.0,"148hp @ 6,200rpm",5 speed manual,"145 lb.-ft. @ 4,200rpm",,,,,,,,,,,,,16,,,,,,,,,,,
Subaru,Impreza,2014,,,14.5gal.,,,all-wheel drive,h-4,2.0,"148hp @ 6,200rpm",5 speed manual,"145 lb.-ft. @ 4,200rpm",,,,,,,,,,,,,16,,,,,,,,,,,
Subaru,Impreza,2013,,,14.5gal.,,,all-wheel drive,h-4,2.0,"148hp @ 6,200rpm",5 speed manual,"145 lb.-ft. @ 4,200rpm",,,,,,,,,,,,,16,,,,,,,,,,,
Subaru,Impreza,2012,,,14.5gal.,,,all-wheel drive,h-4,2.0,"148hp @ 6,200rpm",5 speed manual,"145 lb.-ft. @ 4,200rpm",,,,,,,,,,,,,16,,,,,,,,,,,
Subaru,Impreza,2011,,,16.9gal.,,,all-wheel drive,h-4,2.5,"170hp @ 6,000rpm",5 speed manual,"170 lb.-ft. @ 4,400rpm",,,,,,,,,,,,,16,,,,,,,,,,,
Subaru,Impreza,2010,,,16.9gal.,,,all-wheel drive,h-4,2.5,"170hp @ 6,000rpm",5 speed manual,"170 lb.-ft. @ 4,400rpm",,,,,,,,,,,,,16,,,,,,,,,,,
Subaru,Impreza,2009,,,16.9gal.,,,all-wheel drive,h-4,2.5,"224hp @ 5,200rpm",4 speed automatic,"226 lb.-ft. @ 2,800rpm",,,,,,,,,,,,,16,,,,,,,,,,,
Subaru,Impreza,2008,,,16.9gal.,,,all-wheel drive,h-4,2.5,"170hp @ 6,000rpm",4 speed automatic,"170 lb.-ft. @ 4,400rpm",,,,,,,,,,,,,16,,,,,,,,,,,
Subaru,Impreza,2007,,,15.9gal.,,,all-wheel drive,h-4,2.5,"173hp @ 6,000rpm",5 speed manual,"166 lb.-ft. @ 4,400rpm",,,,,,,,,,,,,16,,,,,,,,,,,
Subaru,Impreza,2006,,,15.9gal.,,,all-wheel drive,h-4,2.5,"173hp @ 6,000rpm",5 speed manual,"166 lb.-ft. @ 4,400rpm",,,,,,,,,,,,,16,,,,,,,,,,,
Subaru,Impreza,2005,,,15.9gal.,,,all-wheel drive,h-4,2.0,"227hp @ 6,000rpm",5 speed manual,"217 lb.-ft. @ 4,000rpm",,,,,,,,,,,,,16,,,,,,,,,,,
Subaru,Impreza,2004,,,15.9gal.,,,all-wheel drive,h-4,2.5,"165hp @ 5,600rpm",5 speed manual,"166 lb.-ft. @ 4,000rpm",,,,,,,,,,,,,16,,,,,,,,,,,
Subaru,Impreza,2003,,,15.9gal.,,,all-wheel drive,h-4,2.5,"165hp @ 5,600rpm",5 speed manual,"166 lb.-ft. @ 4,000rpm",,,,,,,,,,,,,16,,,,,,,,,,,
Subaru,Impreza,2002,,,15.9gal.,,,all-wheel drive,h-4,2.5,"165hp @ 5,600rpm",5 speed manual,"166 lb.-ft. @ 4,000rpm",,,,,,,,,,,,,16,,,,,,,,,,,
Subaru,Impreza,2001,,,15.9gal.,,,all-wheel drive,h-4,2.2,"142hp @ 5,600rpm",5 speed manual,"149 lb.-ft. @ 3,600rpm",,,,,,,,,,,,,16,,,,,,,,,,,
Subaru,Impreza,2000,,,15.9gal.,,,all-wheel drive,h-4,2.2,"142hp @ 5,600rpm",5 speed manual,"149 lb.-ft. @ 3,600rpm",,,,,,,,,,,,,16,,,,,,,,,,,
Subaru,Impreza,1999,,,13.2gal.,,,four-wheel,h-4,2.2,"142hp @ 5,600rpm",5 speed manual,"149 lb.-ft. @ 3,600rpm",,,,,,,,,,,,,16,,,,,,,,,,,
Subaru,Impreza Outback Sport,2011,,,16.9gal.,,,all-wheel drive,h-4,2.5,"170hp @ 6,000rpm",5 speed manual,"170 lb.-ft. @ 4,400rpm",,,,,,,,,,,,,16,,,,,,,,,,,
Subaru,Impreza Outback Sport,2010,,,16.9gal.,,,all-wheel drive,h-4,2.5,"170hp @ 6,000rpm",5 speed manual,"170 lb.-ft. @ 4,400rpm",,,,,,,,,,,,,16,,,,,,,,,,,
Subaru,Impreza Outback Sport,2009,,,16.9gal.,,,all-wheel drive,h-4,2.5,"170hp @ 6,000rpm",5 speed manual,"170 lb.-ft. @ 4,400rpm",,,,,,,,,,,,,16,,,,,,,,,,,
Subaru,Impreza Outback Sport,2008,,,16.9gal.,,,all-wheel drive,h-4,2.5,"170hp @ 6,000rpm",5 speed manual,"170 lb.-ft. @ 4,400rpm",,,,,,,,,,,,,16,,,,,,,,,,,
Subaru,Impreza Outback Sport,2007,,,15.9gal.,,,all-wheel drive,h-4,2.5,"173hp @ 6,000rpm",5 speed manual,"166 lb.-ft. @ 4,400rpm",,,,,,,,,,,,,16,,,,,,,,,,,
Subaru,Impreza Outback Sport,2006,,,15.9gal.,,,all-wheel drive,h-4,2.5,"173hp @ 6,000rpm",5 speed manual,"166 lb.-ft. @ 4,400rpm",,,,,,,,,,,,,16,,,,,,,,,,,
Subaru,Impreza Outback Sport,2005,,,15.9gal.,,,all-wheel drive,h-4,2.5,"165hp @ 5,600rpm",5 speed manual,"166 lb.-ft. @ 4,000rpm",,,,,,,,,,,,,16,,,,,,,,,,,
Subaru,Impreza Outback Sport,2004,,,15.9gal.,,,all-wheel drive,h-4,2.5,"165hp @ 5,600rpm",5 speed manual,"166 lb.-ft. @ 4,000rpm",,,,,,,,,,,,,16,,,,,,,,,,,
Subaru,Impreza Outback Sport,2003,,,15.9gal.,,,all-wheel drive,h-4,2.5,"165hp @ 5,600rpm",5 speed manual,"166 lb.-ft. @ 4,000rpm",,,,,,,,,,,,,16,,,,,,,,,,,
Subaru,Impreza Outback Sport,2002,,,15.9gal.,,,all-wheel drive,h-4,2.5,"165hp @ 5,600rpm",5 speed manual,"166 lb.-ft. @ 4,000rpm",,,,,,,,,,,,,16,,,,,,,,,,,
Subaru,Impreza Outback Sport,2001,,,15.9gal.,,,all-wheel drive,h-4,2.2,"142hp @ 5,600rpm",5 speed manual,"149 lb.-ft. @ 3,600rpm",,,,,,,,,,,,,16,,,,,,,,,,,
Subaru,BRZ,2018,,,13.2gal.,,,rear-wheel,h-4,2.0,"205hp @ 7,000rpm",6 speed manual,"156 lb.-ft. @ 6,400rpm",,,,,,,,,,,,,16,,,,,,,,,,,
Subaru,BRZ,2017,21 mpg,29 mpg,13.2gal.,4,7 cu.ft.,rear-wheel,h-4,2.0,"205hp @ 7,000rpm",6 speed manual,"156 lb.-ft. @ 6,400rpm",4-wheel,2.0 l,122 cu.in.,205 hp,"37.1 ""","50.6 ""","69.9 ""","29.9 ""","41.9 ""","166.7 ""","35.0 ""","101.2 """,16,6,"2,785 lbs.","3,682 lbs.",,,,,,,,
Subaru,BRZ,2016,,,13.2gal.,,,rear-wheel,h-4,2.0,"200hp @ 7,000rpm",6 speed manual,"151 lb.-ft. @ 6,400rpm",,,,,,,,,,,,,16,,,,,,,,,,,
Subaru,BRZ,2015,,,13.2gal.,,,rear-wheel,h-4,2.0,"200hp @ 7,000rpm",6 speed manual,"151 lb.-ft. @ 6,400rpm",,,,,,,,,,,,,16,,,,,,,,,,,
Subaru,BRZ,2014,,,13.2gal.,,,rear-wheel,h-4,2.0,"200hp @ 7,000rpm",6 speed manual,"151 lb.-ft. @ 6,400rpm",,,,,,,,,,,,,16,,,,,,,,,,,
Subaru,BRZ,2013,,,13.2gal.,,,rear-wheel,h-4,2.0,"200hp @ 7,000rpm",6 speed manual,"151 lb.-ft. @ 6,400rpm",,,,,,,,,,,,,16,,,,,,,,,,,
Subaru,Impreza WRX,2014,,,16.9gal.,,,all-wheel drive,h-4,2.5,"265hp @ 6,000rpm",5 speed manual,"244 lb.-ft. @ 4,000rpm",,,,,,,,,,,,,16,,,,,,,,,,,
Subaru,Impreza WRX,2013,,,16.9gal.,,,all-wheel drive,h-4,2.5,"265hp @ 6,000rpm",5 speed manual,"244 lb.-ft. @ 4,000rpm",,,,,,,,,,,,,16,,,,,,,,,,,
Subaru,Impreza WRX STi,2012,,,16.9gal.,,,all-wheel drive,h-4,2.5,"305hp @ 6,000rpm",6 speed manual,"290 lb.-ft. @ 4,000rpm",,,,,,,,,,,,,16,,,,,,,,,,,
Subaru,Impreza WRX STi,2011,,,16.9gal.,,,all-wheel drive,h-4,2.5,"305hp @ 6,000rpm",6 speed manual,"290 lb.-ft. @ 4,000rpm",,,,,,,,,,,,,16,,,,,,,,,,,
Subaru,Impreza WRX STi,2010,,,16.9gal.,,,all-wheel drive,h-4,2.5,"305hp @ 6,000rpm",6 speed manual,"290 lb.-ft. @ 4,000rpm",,,,,,,,,,,,,16,,,,,,,,,,,
Subaru,Impreza WRX STi,2009,,,16.9gal.,,,all-wheel drive,h-4,2.5,"305hp @ 6,000rpm",6 speed manual,"290 lb.-ft. @ 4,000rpm",,,,,,,,,,,,,16,,,,,,,,,,,
Subaru,Impreza WRX STi,2008,,,16.9gal.,,,all-wheel drive,h-4,2.5,"305hp @ 6,000rpm",6 speed manual,"290 lb.-ft. @ 4,000rpm",,,,,,,,,,,,,16,,,,,,,,,,,
Subaru,Impreza WRX STi,2007,,,15.9gal.,,,all-wheel drive,h-4,2.5,"300hp @ 6,000rpm",6 speed manual,"300 lb.-ft. @ 4,000rpm",,,,,,,,,,,,,16,,,,,,,,,,,
Subaru,Impreza WRX STi,2006,,,15.9gal.,,,all-wheel drive,h-4,2.5,"300hp @ 6,000rpm",6 speed manual,"300 lb.-ft. @ 4,000rpm",,,,,,,,,,,,,16,,,,,,,,,,,
Subaru,Impreza WRX STi,2005,,,15.9gal.,,,all-wheel drive,h-4,2.5,"300hp @ 6,000rpm",6 speed manual,"300 lb.-ft. @ 4,000rpm",,,,,,,,,,,,,16,,,,,,,,,,,
Subaru,Impreza WRX STi,2004,,,15.9gal.,,,all-wheel drive,h-4,2.5,"300hp @ 6,000rpm",6 speed manual,"300 lb.-ft. @ 4,000rpm",,,,,,,,,,,,,16,,,,,,,,,,,
Subaru,Crosstrek Hybrid,2016,,,13.7gal.,,,all-wheel drive,h-4,2.0,"148hp @ 6,000rpm",continuously variable automatic,"145 lb.-ft. @ 4,200rpm",,,,,,,,,,,,,16,,,,,,,,,,,
Subaru,XV Crosstrek Hybrid,2015,,,13.7gal.,,,all-wheel drive,h-4,2.0,"148hp @ 6,000rpm",continuously variable automatic,"145 lb.-ft. @ 4,200rpm",,,,,,,,,,,,,16,,,,,,,,,,,
Subaru,XV Crosstrek Hybrid,2014,,,13.7gal.,,,all-wheel drive,h-4,2.0,"148hp @ 6,000rpm",continuously variable automatic,"145 lb.-ft. @ 4,200rpm",,,,,,,,,,,,,16,,,,,,,,,,,
Subaru,Ascent,2019,21 mpg,27 mpg,19.3gal.,8,87 cu.ft.,all-wheel drive,h-4,2.4,"260hp @ 5,600rpm",continuously variable automatic,"277 lb.-ft. @ 2,000rpm",4-wheel,2.4 l,146 cu.in.,260 hp,"41.3 ""","71.6 ""","76.0 ""","38.6 ""","42.2 ""","196.8 ""","40.0 ""","113.8 """,16,continuously variable,"4,430 lbs.","6,001 lbs.","2,000 lbs.",,,,,,,
Subaru,Legacy,2018,25 mpg,34 mpg,18.5gal.,5,15 cu.ft.,all-wheel drive,h-4,2.5,"175hp @ 5,800rpm",continuously variable automatic,"174 lb.-ft. @ 4,000rpm",4-wheel,2.5 l,152 cu.in.,175 hp,"40.0 ""","59.0 ""","72.4 ""","38.1 ""","42.9 ""","188.8 ""","37.0 ""","108.3 """,16,continuously variable,"3,514 lbs.","4,519 lbs.",,,,,,,,
Subaru,Legacy,2017,,,18.5gal.,,,all-wheel drive,h-4,2.5,"175hp @ 5,800rpm",continuously variable automatic,"174 lb.-ft. @ 4,000rpm",,,,,,,,,,,,,16,,,,,,,,,,,
Subaru,Legacy,2016,26 mpg,36 mpg,18.5gal.,5,15 cu.ft.,all-wheel drive,h-4,2.5,"175hp @ 5,800rpm",continuously variable automatic,"174 lb.-ft. @ 4,000rpm",4-wheel,2.5 l,152 cu.in.,175 hp,"40.0 ""","59.0 ""","72.4 ""","38.1 ""","42.9 ""","188.8 ""","37.0 ""","108.3 """,16,continuously variable,"3,468 lbs.","4,519 lbs.",,,,,,,,
Subaru,Legacy,2015,,,18.5gal.,,,all-wheel drive,h-4,2.5,"175hp @ 5,800rpm",continuously variable automatic,"174 lb.-ft. @ 4,000rpm",,,,,,,,,,,,,16,,,,,,,,,,,
Subaru,Legacy,2014,,,18.5gal.,,,all-wheel drive,h-4,2.5,"173hp @ 5,600rpm",6 speed manual,"174 lb.-ft. @ 4,100rpm",,,,,,,,,,,,,16,,,,,,,,,,,
Subaru,Legacy,2013,,,18.5gal.,,,all-wheel drive,h-4,2.5,"173hp @ 5,600rpm",6 speed manual,"174 lb.-ft. @ 4,100rpm",,,,,,,,,,,,,16,,,,,,,,,,,
Subaru,Legacy,2012,,,18.5gal.,,,all-wheel drive,h-4,2.5,"170hp @ 5,600rpm",6 speed manual,"170 lb.-ft. @ 4,000rpm",,,,,,,,,,,,,16,,,,,,,,,,,
Subaru,Legacy,2011,,,18.5gal.,,,all-wheel drive,h-4,2.5,"170hp @ 5,600rpm",6 speed manual,"170 lb.-ft. @ 4,000rpm",,,,,,,,,,,,,16,,,,,,,,,,,
Subaru,Legacy,2010,,,18.5gal.,,,all-wheel drive,h-4,2.5,"265hp @ 5,600rpm",6 speed manual,"258 lb.-ft. @ 2,000rpm",,,,,,,,,,,,,16,,,,,,,,,,,
Subaru,Legacy,2009,,,16.9gal.,,,all-wheel drive,h-4,2.5,"243hp @ 6,000rpm",5 speed manual,"241 lb.-ft. @ 3,600rpm",,,,,,,,,,,,,16,,,,,,,,,,,
Subaru,Legacy,2008,,,16.9gal.,,,all-wheel drive,h-4,2.5,"243hp @ 6,000rpm",5 speed manual,"241 lb.-ft. @ 3,600rpm",,,,,,,,,,,,,16,,,,,,,,,,,
Subaru,Legacy,2007,,,16.9gal.,,,all-wheel drive,h-4,2.5,"243hp @ 6,000rpm",5 speed manual,"241 lb.-ft. @ 3,600rpm",,,,,,,,,,,,,16,,,,,,,,,,,
Subaru,Legacy,2006,,,16.9gal.,,,all-wheel drive,h-4,2.5,"250hp @ 6,000rpm",5 speed manual,"250 lb.-ft. @ 3,600rpm",,,,,,,,,,,,,16,,,,,,,,,,,
Subaru,Legacy,2005,,,16.9gal.,,,all-wheel drive,h-4,2.5,"168hp @ 5,600rpm",5 speed manual,"166 lb.-ft. @ 4,000rpm",,,,,,,,,,,,,16,,,,,,,,,,,
Subaru,Legacy,2004,,,16.9gal.,,,all-wheel drive,h-4,2.5,"165hp @ 5,600rpm",5 speed manual,"166 lb.-ft. @ 4,000rpm",,,,,,,,,,,,,16,,,,,,,,,,,
Subaru,Legacy,2003,,,16.9gal.,,,all-wheel drive,h-4,2.5,"165hp @ 5,600rpm",5 speed manual,"166 lb.-ft. @ 4,000rpm",,,,,,,,,,,,,16,,,,,,,,,,,
Subaru,Legacy,2002,,,16.9gal.,,,all-wheel drive,h-4,2.5,"165hp @ 5,600rpm",5 speed manual,"166 lb.-ft. @ 4,000rpm",,,,,,,,,,,,,16,,,,,,,,,,,
Subaru,Legacy,2001,,,16.9gal.,,,all-wheel drive,h-4,2.5,"165hp @ 5,600rpm",5 speed manual,"166 lb.-ft. @ 4,000rpm",,,,,,,,,,,,,16,,,,,,,,,,,
Subaru,Legacy,2000,,,16.9gal.,,,all-wheel drive,h-4,2.5,"165hp @ 5,600rpm",5 speed manual,"166 lb.-ft. @ 4,000rpm",,,,,,,,,,,,,16,,,,,,,,,,,
Subaru,Legacy,1999,,,15.9gal.,,,four-wheel,h-4,2.5,"165hp @ 5,600rpm",4 speed automatic,"162 lb.-ft. @ 4,000rpm",,,,,,,,,,,,,16,,,,,,,,,,,
Subaru,Crosstrek,2019,23 mpg,29 mpg,16.6gal.,5,55 cu.ft.,all-wheel drive,h-4,2.0,"152hp @ 6,000rpm",6 speed manual,"145 lb.-ft. @ 4,000rpm",4-wheel,2.0 l,122 cu.in.,152 hp,"39.8 ""","63.6 ""","71.0 ""","36.5 ""","43.1 ""","175.8 ""","38.0 ""","104.9 """,16,6,"3,113 lbs.","4,343 lbs.","1,500 lbs.",,,,,,,
Subaru,Crosstrek,2018,23 mpg,29 mpg,16.6gal.,5,55 cu.ft.,all-wheel drive,h-4,2.0,"152hp @ 6,000rpm",6 speed manual,"145 lb.-ft. @ 4,000rpm",4-wheel,2.0 l,122 cu.in.,152 hp,"39.8 ""","63.6 ""","71.0 ""","36.5 ""","43.1 ""","175.8 ""","38.0 ""","104.9 """,16,6,"3,113 lbs.","4,343 lbs.","1,500 lbs.",,,,,,,
Subaru,Crosstrek,2017,,,15.9gal.,,,all-wheel drive,h-4,2.0,"148hp @ 6,200rpm",5 speed manual,"145 lb.-ft. @ 4,200rpm",,,,,,,,,,,,,16,,,,,,,,,,,
Subaru,Crosstrek,2016,,,15.9gal.,,,all-wheel drive,h-4,2.0,"148hp @ 6,200rpm",5 speed manual,"145 lb.-ft. @ 4,200rpm",,,,,,,,,,,,,16,,,,,,,,,,,
Subaru,Forester,2018,22 mpg,28 mpg,15.9gal.,5,75 cu.ft.,all-wheel drive,h-4,2.5,"170hp @ 5,800rpm",6 speed manual,"174 lb.-ft. @ 4,000rpm",4-wheel,2.5 l,152 cu.in.,170 hp,"41.4 ""","66.4 ""","70.7 ""","38.0 ""","43.0 ""","181.5 ""","39.8 ""","103.9 """,16,6,"3,322 lbs.","4,480 lbs.","1,500 lbs.",,,,,,,
Subaru,Forester,2017,,,15.9gal.,,,all-wheel drive,h-4,2.5,"170hp @ 5,800rpm",6 speed manual,"174 lb.-ft. @ 4,000rpm",,,,,,,,,,,,,16,,,,,,,,,,,
Subaru,Forester,2016,,,15.9gal.,,,all-wheel drive,h-4,2.5,"170hp @ 5,800rpm",6 speed manual,"174 lb.-ft. @ 4,100rpm",,,,,,,,,,,,,16,,,,,,,,,,,
Subaru,Forester,2015,,,15.9gal.,,,all-wheel drive,h-4,2.5,"170hp @ 5,800rpm",6 speed manual,"174 lb.-ft. @ 4,100rpm",,,,,,,,,,,,,16,,,,,,,,,,,
Subaru,Forester,2014,,,15.9gal.,,,all-wheel drive,h-4,2.5,"170hp @ 5,800rpm",6 speed manual,"174 lb.-ft. @ 4,100rpm",,,,,,,,,,,,,16,,,,,,,,,,,
Subaru,Forester,2013,,,16.9gal.,,,all-wheel drive,h-4,2.5,"170hp @ 5,800rpm",5 speed manual,"174 lb.-ft. @ 4,100rpm",,,,,,,,,,,,,16,,,,,,,,,,,
Subaru,Forester,2012,,,16.9gal.,,,all-wheel drive,h-4,2.5,"170hp @ 5,800rpm",5 speed manual,"174 lb.-ft. @ 4,100rpm",,,,,,,,,,,,,16,,,,,,,,,,,
Subaru,Forester,2011,,,16.9gal.,,,all-wheel drive,h-4,2.5,"170hp @ 5,800rpm",5 speed manual,"174 lb.-ft. @ 4,100rpm",,,,,,,,,,,,,16,,,,,,,,,,,
Subaru,Forester,2010,,,16.9gal.,,,all-wheel drive,h-4,2.5,"170hp @ 6,000rpm",5 speed manual,"170 lb.-ft. @ 4,400rpm",,,,,,,,,,,,,16,,,,,,,,,,,
Subaru,Forester,2009,,,16.9gal.,,,all-wheel drive,h-4,2.5,"170hp @ 6,000rpm",5 speed manual,"170 lb.-ft. @ 4,400rpm",,,,,,,,,,,,,16,,,,,,,,,,,
Subaru,Forester,2008,,,15.9gal.,,,all-wheel drive,h-4,2.5,"173hp @ 6,000rpm",5 speed manual,"166 lb.-ft. @ 4,400rpm",,,,,,,,,,,,,16,,,,,,,,,,,
Subaru,Forester,2007,,,15.9gal.,,,all-wheel drive,h-4,2.5,"173hp @ 6,000rpm",5 speed manual,"166 lb.-ft. @ 4,400rpm",,,,,,,,,,,,,16,,,,,,,,,,,
Subaru,Forester,2006,,,15.9gal.,,,all-wheel drive,h-4,2.5,"173hp @ 6,000rpm",5 speed manual,"166 lb.-ft. @ 4,400rpm",,,,,,,,,,,,,16,,,,,,,,,,,
Subaru,Forester,2005,,,15.9gal.,,,all-wheel drive,h-4,2.5,"165hp @ 5,600rpm",4 speed automatic,"166 lb.-ft. @ 4,000rpm",,,,,,,,,,,,,16,,,,,,,,,,,
Subaru,Forester,2004,,,15.9gal.,,,all-wheel drive,h-4,2.5,"165hp @ 5,600rpm",5 speed manual,"166 lb.-ft. @ 4,000rpm",,,,,,,,,,,,,16,,,,,,,,,,,
Subaru,Forester,2003,,,15.9gal.,,,all-wheel drive,h-4,2.5,"165hp @ 5,600rpm",5 speed manual,"166 lb.-ft. @ 4,000rpm",,,,,,,,,,,,,16,,,,,,,,,,,
Subaru,Forester,2002,,,15.9gal.,,,all-wheel drive,h-4,2.5,"165hp @ 5,600rpm",5 speed manual,"166 lb.-ft. @ 4,000rpm",,,,,,,,,,,,,16,,,,,,,,,,,
Subaru,Forester,2001,,,15.9gal.,,,all-wheel drive,h-4,2.5,"165hp @ 5,600rpm",5 speed manual,"166 lb.-ft. @ 4,000rpm",,,,,,,,,,,,,16,,,,,,,,,,,
Subaru,Forester,2000,,,15.9gal.,,,all-wheel drive,h-4,2.5,"165hp @ 5,600rpm",5 speed manual,"166 lb.-ft. @ 4,000rpm",,,,,,,,,,,,,16,,,,,,,,,,,
Subaru,Forester,1999,,,15.9gal.,,,four-wheel,h-4,2.5,"165hp @ 5,600rpm",5 speed manual,"166 lb.-ft. @ 4,000rpm",,,,,,,,,,,,,16,,,,,,,,,,,
Subaru,Outback,2018,25 mpg,32 mpg,18.5gal.,5,73 cu.ft.,all-wheel drive,h-4,2.5,"175hp @ 5,800rpm",continuously variable automatic,"174 lb.-ft. @ 4,000rpm",4-wheel,2.5 l,152 cu.in.,175 hp,"40.8 ""","66.1 ""","72.4 ""","38.1 ""","42.9 ""","189.6 ""","38.9 ""","108.1 """,16,continuously variable,"3,622 lbs.","4,695 lbs.","2,700 lbs.",,,,,,,
Subaru,Outback,2017,,,18.5gal.,,,all-wheel drive,h-4,2.5,"175hp @ 5,800rpm",continuously variable automatic,"174 lb.-ft. @ 4,000rpm",,,,,,,,,,,,,16,,,,,,,,,,,
Subaru,Outback,2016,,,18.5gal.,,,all-wheel drive,h-4,2.5,"175hp @ 5,800rpm",continuously variable automatic,"174 lb.-ft. @ 4,000rpm",,,,,,,,,,,,,16,,,,,,,,,,,
Subaru,Outback,2015,,,18.5gal.,,,all-wheel drive,h-4,2.5,"175hp @ 5,800rpm",continuously variable automatic,"174 lb.-ft. @ 4,000rpm",,,,,,,,,,,,,16,,,,,,,,,,,
Subaru,Outback,2014,,,18.5gal.,,,all-wheel drive,h-4,2.5,"173hp @ 5,600rpm",6 speed manual,"174 lb.-ft. @ 4,100rpm",,,,,,,,,,,,,16,,,,,,,,,,,
Subaru,Outback,2013,,,18.5gal.,,,all-wheel drive,h-4,2.5,"173hp @ 5,600rpm",6 speed manual,"174 lb.-ft. @ 4,100rpm",,,,,,,,,,,,,16,,,,,,,,,,,
Subaru,Outback,2012,,,18.5gal.,,,all-wheel drive,h-4,2.5,"170hp @ 5,600rpm",6 speed manual,"170 lb.-ft. @ 4,000rpm",,,,,,,,,,,,,16,,,,,,,,,,,
Subaru,Outback,2011,,,18.5gal.,,,all-wheel drive,h-4,2.5,"170hp @ 5,600rpm",6 speed manual,"170 lb.-ft. @ 4,000rpm",,,,,,,,,,,,,16,,,,,,,,,,,
Subaru,Outback,2010,,,18.5gal.,,,all-wheel drive,h-4,2.5,"170hp @ 5,600rpm",6 speed manual,"170 lb.-ft. @ 4,000rpm",,,,,,,,,,,,,16,,,,,,,,,,,
Subaru,Outback,2009,,,16.9gal.,,,all-wheel drive,h-4,2.5,"170hp @ 6,000rpm",5 speed manual,"170 lb.-ft. @ 4,400rpm",,,,,,,,,,,,,16,,,,,,,,,,,
Subaru,Outback,2008,,,16.9gal.,,,all-wheel drive,h-4,2.5,"170hp @ 6,000rpm",5 speed manual,"170 lb.-ft. @ 4,400rpm",,,,,,,,,,,,,16,,,,,,,,,,,
Subaru,Outback,2007,,,16.9gal.,,,all-wheel drive,h-4,2.5,"175hp @ 6,000rpm",5 speed manual,"169 lb.-ft. @ 4,400rpm",,,,,,,,,,,,,16,,,,,,,,,,,
Subaru,Outback,2006,,,16.9gal.,,,all-wheel drive,h-4,2.5,"168hp @ 5,600rpm",5 speed manual,"166 lb.-ft. @ 4,000rpm",,,,,,,,,,,,,16,,,,,,,,,,,
Subaru,Outback,2005,,,16.9gal.,,,all-wheel drive,h-6,3.0,"250hp @ 6,600rpm",5 speed automatic,"219 lb.-ft. @ 4,200rpm",,,,,,,,,,,,,24,,,,,,,,,,,
Subaru,Outback,2004,,,16.9gal.,,,all-wheel drive,h-4,2.5,"165hp @ 5,600rpm",4 speed automatic,"166 lb.-ft. @ 4,000rpm",,,,,,,,,,,,,16,,,,,,,,,,,
Subaru,Outback,2003,,,16.9gal.,,,all-wheel drive,h-4,2.5,"165hp @ 5,600rpm",4 speed automatic,"166 lb.-ft. @ 4,000rpm",,,,,,,,,,,,,16,,,,,,,,,,,
Subaru,Outback,2002,,,16.9gal.,,,all-wheel drive,h-4,2.5,"165hp @ 5,600rpm",4 speed automatic,"166 lb.-ft. @ 4,000rpm",,,,,,,,,,,,,16,,,,,,,,,,,
Subaru,Outback,2001,,,16.9gal.,,,all-wheel drive,h-4,2.5,"165hp @ 5,600rpm",4 speed automatic,"166 lb.-ft. @ 4,000rpm",,,,,,,,,,,,,16,,,,,,,,,,,
Subaru,Outback,2000,,,16.9gal.,,,all-wheel drive,h-4,2.5,"165hp @ 5,600rpm",4 speed automatic,"166 lb.-ft. @ 4,000rpm",,,,,,,,,,,,,16,,,,,,,,,,,
Subaru,Outback,2018,25 mpg,32 mpg,18.5gal.,5,73 cu.ft.,all-wheel drive,h-4,2.5,"175hp @ 5,800rpm",continuously variable automatic,"174 lb.-ft. @ 4,000rpm",4-wheel,2.5 l,152 cu.in.,175 hp,"40.8 ""","66.1 ""","72.4 ""","38.1 ""","42.9 ""","189.6 ""","38.9 ""","108.1 """,16,continuously variable,"3,622 lbs.","4,695 lbs.","2,700 lbs.",,,,,,,
Subaru,Outback,2017,,,18.5gal.,,,all-wheel drive,h-4,2.5,"175hp @ 5,800rpm",continuously variable automatic,"174 lb.-ft. @ 4,000rpm",,,,,,,,,,,,,16,,,,,,,,,,,
Subaru,Outback,2016,,,18.5gal.,,,all-wheel drive,h-4,2.5,"175hp @ 5,800rpm",continuously variable automatic,"174 lb.-ft. @ 4,000rpm",,,,,,,,,,,,,16,,,,,,,,,,,
Subaru,Outback,2015,,,18.5gal.,,,all-wheel drive,h-4,2.5,"175hp @ 5,800rpm",continuously variable automatic,"174 lb.-ft. @ 4,000rpm",,,,,,,,,,,,,16,,,,,,,,,,,
Subaru,Outback,2014,,,18.5gal.,,,all-wheel drive,h-4,2.5,"173hp @ 5,600rpm",6 speed manual,"174 lb.-ft. @ 4,100rpm",,,,,,,,,,,,,16,,,,,,,,,,,
Subaru,Outback,2013,,,18.5gal.,,,all-wheel drive,h-4,2.5,"173hp @ 5,600rpm",6 speed manual,"174 lb.-ft. @ 4,100rpm",,,,,,,,,,,,,16,,,,,,,,,,,
Subaru,Outback,2012,,,18.5gal.,,,all-wheel drive,h-4,2.5,"170hp @ 5,600rpm",6 speed manual,"170 lb.-ft. @ 4,000rpm",,,,,,,,,,,,,16,,,,,,,,,,,
Subaru,Outback,2011,,,18.5gal.,,,all-wheel drive,h-4,2.5,"170hp @ 5,600rpm",6 speed manual,"170 lb.-ft. @ 4,000rpm",,,,,,,,,,,,,16,,,,,,,,,,,
Subaru,Outback,2010,,,18.5gal.,,,all-wheel drive,h-4,2.5,"170hp @ 5,600rpm",6 speed manual,"170 lb.-ft. @ 4,000rpm",,,,,,,,,,,,,16,,,,,,,,,,,
Subaru,Outback,2009,,,16.9gal.,,,all-wheel drive,h-4,2.5,"170hp @ 6,000rpm",5 speed manual,"170 lb.-ft. @ 4,400rpm",,,,,,,,,,,,,16,,,,,,,,,,,
Subaru,Outback,2008,,,16.9gal.,,,all-wheel drive,h-4,2.5,"170hp @ 6,000rpm",5 speed manual,"170 lb.-ft. @ 4,400rpm",,,,,,,,,,,,,16,,,,,,,,,,,
Subaru,Outback,2007,,,16.9gal.,,,all-wheel drive,h-4,2.5,"175hp @ 6,000rpm",5 speed manual,"169 lb.-ft. @ 4,400rpm",,,,,,,,,,,,,16,,,,,,,,,,,
Subaru,Outback,2006,,,16.9gal.,,,all-wheel drive,h-4,2.5,"168hp @ 5,600rpm",5 speed manual,"166 lb.-ft. @ 4,000rpm",,,,,,,,,,,,,16,,,,,,,,,,,
Subaru,Outback,2005,,,16.9gal.,,,all-wheel drive,h-6,3.0,"250hp @ 6,600rpm",5 speed automatic,"219 lb.-ft. @ 4,200rpm",,,,,,,,,,,,,24,,,,,,,,,,,
Subaru,Outback,2004,,,16.9gal.,,,all-wheel drive,h-4,2.5,"165hp @ 5,600rpm",4 speed automatic,"166 lb.-ft. @ 4,000rpm",,,,,,,,,,,,,16,,,,,,,,,,,
Subaru,Outback,2003,,,16.9gal.,,,all-wheel drive,h-4,2.5,"165hp @ 5,600rpm",4 speed automatic,"166 lb.-ft. @ 4,000rpm",,,,,,,,,,,,,16,,,,,,,,,,,
Subaru,Outback,2002,,,16.9gal.,,,all-wheel drive,h-4,2.5,"165hp @ 5,600rpm",4 speed automatic,"166 lb.-ft. @ 4,000rpm",,,,,,,,,,,,,16,,,,,,,,,,,
Subaru,Outback,2001,,,16.9gal.,,,all-wheel drive,h-4,2.5,"165hp @ 5,600rpm",4 speed automatic,"166 lb.-ft. @ 4,000rpm",,,,,,,,,,,,,16,,,,,,,,,,,
Subaru,Outback,2000,,,16.9gal.,,,all-wheel drive,h-4,2.5,"165hp @ 5,600rpm",4 speed automatic,"166 lb.-ft. @ 4,000rpm",,,,,,,,,,,,,16,,,,,,,,,,,
Subaru,Baja,2006,,,16.9gal.,,,all-wheel drive,h-4,2.5,"173hp @ 6,000rpm",5 speed manual,"166 lb.-ft. @ 4,400rpm",,,,,,,,,,,,,16,,,,,,,,,,,
Subaru,Baja,2005,,,16.9gal.,,,all-wheel drive,h-4,2.5,"165hp @ 5,600rpm",5 speed manual,"166 lb.-ft. @ 4,000rpm",,,,,,,,,,,,,16,,,,,,,,,,,
Subaru,Baja,2004,,,16.9gal.,,,all-wheel drive,h-4,2.5,"165hp @ 5,600rpm",5 speed manual,"166 lb.-ft. @ 4,000rpm",,,,,,,,,,,,,16,,,,,,,,,,,
Subaru,Baja,2003,,,16.9gal.,,,all-wheel drive,h-4,2.5,"165hp @ 5,600rpm",5 speed manual,"166 lb.-ft. @ 4,000rpm",,,,,,,,,,,,,16,,,,,,,,,,,
Subaru,B9 Tribeca,2007,,,16.9gal.,,,all-wheel drive,h-6,3.0,"245hp @ 6,600rpm",5 speed automatic,"215 lb.-ft. @ 4,200rpm",,,,,,,,,,,,,24,,,,,,,,,,,
Subaru,B9 Tribeca,2006,,,16.9gal.,,,all-wheel drive,h-6,3.0,"250hp @ 6,600rpm",5 speed automatic,"219 lb.-ft. @ 4,200rpm",,,,,,,,,,,,,24,,,,,,,,,,,
Subaru,Crosstrek,2019,23 mpg,29 mpg,16.6gal.,5,55 cu.ft.,all-wheel drive,h-4,2.0,"152hp @ 6,000rpm",6 speed manual,"145 lb.-ft. @ 4,000rpm",4-wheel,2.0 l,122 cu.in.,152 hp,"39.8 ""","63.6 ""","71.0 ""","36.5 ""","43.1 ""","175.8 ""","38.0 ""","104.9 """,16,6,"3,113 lbs.","4,343 lbs.","1,500 lbs.",,,,,,,
Subaru,Crosstrek,2018,23 mpg,29 mpg,16.6gal.,5,55 cu.ft.,all-wheel drive,h-4,2.0,"152hp @ 6,000rpm",6 speed manual,"145 lb.-ft. @ 4,000rpm",4-wheel,2.0 l,122 cu.in.,152 hp,"39.8 ""","63.6 ""","71.0 ""","36.5 ""","43.1 ""","175.8 ""","38.0 ""","104.9 """,16,6,"3,113 lbs.","4,343 lbs.","1,500 lbs.",,,,,,,
Subaru,Crosstrek,2017,,,15.9gal.,,,all-wheel drive,h-4,2.0,"148hp @ 6,200rpm",5 speed manual,"145 lb.-ft. @ 4,200rpm",,,,,,,,,,,,,16,,,,,,,,,,,
Subaru,Crosstrek,2016,,,15.9gal.,,,all-wheel drive,h-4,2.0,"148hp @ 6,200rpm",5 speed manual,"145 lb.-ft. @ 4,200rpm",,,,,,,,,,,,,16,,,,,,,,,,,
Subaru,Forester,2018,22 mpg,28 mpg,15.9gal.,5,75 cu.ft.,all-wheel drive,h-4,2.5,"170hp @ 5,800rpm",6 speed manual,"174 lb.-ft. @ 4,000rpm",4-wheel,2.5 l,152 cu.in.,170 hp,"41.4 ""","66.4 ""","70.7 ""","38.0 ""","43.0 ""","181.5 ""","39.8 ""","103.9 """,16,6,"3,322 lbs.","4,480 lbs.","1,500 lbs.",,,,,,,
Subaru,Forester,2017,,,15.9gal.,,,all-wheel drive,h-4,2.5,"170hp @ 5,800rpm",6 speed manual,"174 lb.-ft. @ 4,000rpm",,,,,,,,,,,,,16,,,,,,,,,,,
Subaru,Forester,2016,,,15.9gal.,,,all-wheel drive,h-4,2.5,"170hp @ 5,800rpm",6 speed manual,"174 lb.-ft. @ 4,100rpm",,,,,,,,,,,,,16,,,,,,,,,,,
Subaru,Forester,2015,,,15.9gal.,,,all-wheel drive,h-4,2.5,"170hp @ 5,800rpm",6 speed manual,"174 lb.-ft. @ 4,100rpm",,,,,,,,,,,,,16,,,,,,,,,,,
Subaru,Forester,2014,,,15.9gal.,,,all-wheel drive,h-4,2.5,"170hp @ 5,800rpm",6 speed manual,"174 lb.-ft. @ 4,100rpm",,,,,,,,,,,,,16,,,,,,,,,,,
Subaru,Forester,2013,,,16.9gal.,,,all-wheel drive,h-4,2.5,"170hp @ 5,800rpm",5 speed manual,"174 lb.-ft. @ 4,100rpm",,,,,,,,,,,,,16,,,,,,,,,,,
Subaru,Forester,2012,,,16.9gal.,,,all-wheel drive,h-4,2.5,"170hp @ 5,800rpm",5 speed manual,"174 lb.-ft. @ 4,100rpm",,,,,,,,,,,,,16,,,,,,,,,,,
Subaru,Forester,2011,,,16.9gal.,,,all-wheel drive,h-4,2.5,"170hp @ 5,800rpm",5 speed manual,"174 lb.-ft. @ 4,100rpm",,,,,,,,,,,,,16,,,,,,,,,,,
Subaru,Forester,2010,,,16.9gal.,,,all-wheel drive,h-4,2.5,"170hp @ 6,000rpm",5 speed manual,"170 lb.-ft. @ 4,400rpm",,,,,,,,,,,,,16,,,,,,,,,,,
Subaru,Forester,2009,,,16.9gal.,,,all-wheel drive,h-4,2.5,"170hp @ 6,000rpm",5 speed manual,"170 lb.-ft. @ 4,400rpm",,,,,,,,,,,,,16,,,,,,,,,,,
Subaru,Forester,2008,,,15.9gal.,,,all-wheel drive,h-4,2.5,"173hp @ 6,000rpm",5 speed manual,"166 lb.-ft. @ 4,400rpm",,,,,,,,,,,,,16,,,,,,,,,,,
Subaru,Forester,2007,,,15.9gal.,,,all-wheel drive,h-4,2.5,"173hp @ 6,000rpm",5 speed manual,"166 lb.-ft. @ 4,400rpm",,,,,,,,,,,,,16,,,,,,,,,,,
Subaru,Forester,2006,,,15.9gal.,,,all-wheel drive,h-4,2.5,"173hp @ 6,000rpm",5 speed manual,"166 lb.-ft. @ 4,400rpm",,,,,,,,,,,,,16,,,,,,,,,,,
Subaru,Forester,2005,,,15.9gal.,,,all-wheel drive,h-4,2.5,"165hp @ 5,600rpm",4 speed automatic,"166 lb.-ft. @ 4,000rpm",,,,,,,,,,,,,16,,,,,,,,,,,
Subaru,Forester,2004,,,15.9gal.,,,all-wheel drive,h-4,2.5,"165hp @ 5,600rpm",5 speed manual,"166 lb.-ft. @ 4,000rpm",,,,,,,,,,,,,16,,,,,,,,,,,
Subaru,Forester,2003,,,15.9gal.,,,all-wheel drive,h-4,2.5,"165hp @ 5,600rpm",5 speed manual,"166 lb.-ft. @ 4,000rpm",,,,,,,,,,,,,16,,,,,,,,,,,
Subaru,Forester,2002,,,15.9gal.,,,all-wheel drive,h-4,2.5,"165hp @ 5,600rpm",5 speed manual,"166 lb.-ft. @ 4,000rpm",,,,,,,,,,,,,16,,,,,,,,,,,
Subaru,Forester,2001,,,15.9gal.,,,all-wheel drive,h-4,2.5,"165hp @ 5,600rpm",5 speed manual,"166 lb.-ft. @ 4,000rpm",,,,,,,,,,,,,16,,,,,,,,,,,
Subaru,Forester,2000,,,15.9gal.,,,all-wheel drive,h-4,2.5,"165hp @ 5,600rpm",5 speed manual,"166 lb.-ft. @ 4,000rpm",,,,,,,,,,,,,16,,,,,,,,,,,
Subaru,Forester,1999,,,15.9gal.,,,four-wheel,h-4,2.5,"165hp @ 5,600rpm",5 speed manual,"166 lb.-ft. @ 4,000rpm",,,,,,,,,,,,,16,,,,,,,,,,,
Subaru,Outback,2018,25 mpg,32 mpg,18.5gal.,5,73 cu.ft.,all-wheel drive,h-4,2.5,"175hp @ 5,800rpm",continuously variable automatic,"174 lb.-ft. @ 4,000rpm",4-wheel,2.5 l,152 cu.in.,175 hp,"40.8 ""","66.1 ""","72.4 ""","38.1 ""","42.9 ""","189.6 ""","38.9 ""","108.1 """,16,continuously variable,"3,622 lbs.","4,695 lbs.","2,700 lbs.",,,,,,,
Subaru,Outback,2017,,,18.5gal.,,,all-wheel drive,h-4,2.5,"175hp @ 5,800rpm",continuously variable automatic,"174 lb.-ft. @ 4,000rpm",,,,,,,,,,,,,16,,,,,,,,,,,
Subaru,Outback,2016,,,18.5gal.,,,all-wheel drive,h-4,2.5,"175hp @ 5,800rpm",continuously variable automatic,"174 lb.-ft. @ 4,000rpm",,,,,,,,,,,,,16,,,,,,,,,,,
Subaru,Outback,2015,,,18.5gal.,,,all-wheel drive,h-4,2.5,"175hp @ 5,800rpm",continuously variable automatic,"174 lb.-ft. @ 4,000rpm",,,,,,,,,,,,,16,,,,,,,,,,,
Subaru,Outback,2014,,,18.5gal.,,,all-wheel drive,h-4,2.5,"173hp @ 5,600rpm",6 speed manual,"174 lb.-ft. @ 4,100rpm",,,,,,,,,,,,,16,,,,,,,,,,,
Subaru,Outback,2013,,,18.5gal.,,,all-wheel drive,h-4,2.5,"173hp @ 5,600rpm",6 speed manual,"174 lb.-ft. @ 4,100rpm",,,,,,,,,,,,,16,,,,,,,,,,,
Subaru,Outback,2012,,,18.5gal.,,,all-wheel drive,h-4,2.5,"170hp @ 5,600rpm",6 speed manual,"170 lb.-ft. @ 4,000rpm",,,,,,,,,,,,,16,,,,,,,,,,,
Subaru,Outback,2011,,,18.5gal.,,,all-wheel drive,h-4,2.5,"170hp @ 5,600rpm",6 speed manual,"170 lb.-ft. @ 4,000rpm",,,,,,,,,,,,,16,,,,,,,,,,,
Subaru,Outback,2010,,,18.5gal.,,,all-wheel drive,h-4,2.5,"170hp @ 5,600rpm",6 speed manual,"170 lb.-ft. @ 4,000rpm",,,,,,,,,,,,,16,,,,,,,,,,,
Subaru,Outback,2009,,,16.9gal.,,,all-wheel drive,h-4,2.5,"170hp @ 6,000rpm",5 speed manual,"170 lb.-ft. @ 4,400rpm",,,,,,,,,,,,,16,,,,,,,,,,,
Subaru,Outback,2008,,,16.9gal.,,,all-wheel drive,h-4,2.5,"170hp @ 6,000rpm",5 speed manual,"170 lb.-ft. @ 4,400rpm",,,,,,,,,,,,,16,,,,,,,,,,,
Subaru,Outback,2007,,,16.9gal.,,,all-wheel drive,h-4,2.5,"175hp @ 6,000rpm",5 speed manual,"169 lb.-ft. @ 4,400rpm",,,,,,,,,,,,,16,,,,,,,,,,,
Subaru,Outback,2006,,,16.9gal.,,,all-wheel drive,h-4,2.5,"168hp @ 5,600rpm",5 speed manual,"166 lb.-ft. @ 4,000rpm",,,,,,,,,,,,,16,,,,,,,,,,,
Subaru,Outback,2005,,,16.9gal.,,,all-wheel drive,h-6,3.0,"250hp @ 6,600rpm",5 speed automatic,"219 lb.-ft. @ 4,200rpm",,,,,,,,,,,,,24,,,,,,,,,,,
Subaru,Outback,2004,,,16.9gal.,,,all-wheel drive,h-4,2.5,"165hp @ 5,600rpm",4 speed automatic,"166 lb.-ft. @ 4,000rpm",,,,,,,,,,,,,16,,,,,,,,,,,
Subaru,Outback,2003,,,16.9gal.,,,all-wheel drive,h-4,2.5,"165hp @ 5,600rpm",4 speed automatic,"166 lb.-ft. @ 4,000rpm",,,,,,,,,,,,,16,,,,,,,,,,,
Subaru,Outback,2002,,,16.9gal.,,,all-wheel drive,h-4,2.5,"165hp @ 5,600rpm",4 speed automatic,"166 lb.-ft. @ 4,000rpm",,,,,,,,,,,,,16,,,,,,,,,,,
Subaru,Outback,2001,,,16.9gal.,,,all-wheel drive,h-4,2.5,"165hp @ 5,600rpm",4 speed automatic,"166 lb.-ft. @ 4,000rpm",,,,,,,,,,,,,16,,,,,,,,,,,
Subaru,Outback,2000,,,16.9gal.,,,all-wheel drive,h-4,2.5,"165hp @ 5,600rpm",4 speed automatic,"166 lb.-ft. @ 4,000rpm",,,,,,,,,,,,,16,,,,,,,,,,,
