make,model,year,city,highway,fuel tank capacity,total seating capacity,max cargo capacity,drive type,cylinder configuration,engine liters,horsepower,transmission,torque,abs,size,displacement,horse power,front head room,overall height,overall width,rear leg room,front leg room,overall length,rear head room,wheelbase,number of valves,number of speeds,curb weight,gross vehicle weight,towing capacity,number of doors,speakers,approach angle,ground clearance (max),ramp breakover angle,departure angle,ground clearance
Suzuki,Aerio,2007,,,13.2gal.,,,front-wheel,i-4,2.3,"155hp @ 5,400rpm",5 speed manual,"152 lb.-ft. @ 3,000rpm",,,,,,,,,,,,,16,,,,,,,,,,,
Suzuki,Aerio,2006,,,13.2gal.,,,front-wheel,i-4,2.3,"155hp @ 5,400rpm",5 speed manual,"152 lb.-ft. @ 3,000rpm",,,,,,,,,,,,,16,,,,,,,,,,,
Suzuki,Aerio,2005,,,13.2gal.,,,front-wheel,i-4,2.3,"155hp @ 5,400rpm",5 speed manual,"152 lb.-ft. @ 3,000rpm",,,,,,,,,,,,,16,,,,,,,,,,,
Suzuki,Aerio,2004,,,13.2gal.,,,front-wheel,i-4,2.3,"155hp @ 5,400rpm",5 speed manual,"152 lb.-ft. @ 3,000rpm",,,,,,,,,,,,,16,,,,,,,,,,,
Suzuki,Aerio,2003,,,13.2gal.,,,front-wheel,i-4,2.0,"145hp @ 6,000rpm",5 speed manual,"136 lb.-ft. @ 3,000rpm",,,,,,,,,,,,,16,,,,,,,,,,,
Suzuki,Aerio,2002,,,13.2gal.,,,front-wheel,i-4,2.0,"141hp @ 5,700rpm",5 speed manual,"135 lb.-ft. @ 3,000rpm",,,,,,,,,,,,,16,,,,,,,,,,,
Suzuki,Aerio SX,2006,,,13.2gal.,,,front-wheel,i-4,2.3,"155hp @ 5,400rpm",5 speed manual,"152 lb.-ft. @ 3,000rpm",,,,,,,,,,,,,16,,,,,,,,,,,
Suzuki,Aerio SX,2005,,,13.2gal.,,,front-wheel,i-4,2.3,"155hp @ 5,400rpm",5 speed manual,"152 lb.-ft. @ 3,000rpm",,,,,,,,,,,,,16,,,,,,,,,,,
Suzuki,Aerio SX,2004,,,13.2gal.,,,front-wheel,i-4,2.3,"155hp @ 5,400rpm",5 speed manual,"152 lb.-ft. @ 3,000rpm",,,,,,,,,,,,,16,,,,,,,,,,,
Suzuki,Aerio SX,2003,,,13.2gal.,,,front-wheel,i-4,2.0,"145hp @ 6,000rpm",5 speed manual,"136 lb.-ft. @ 3,000rpm",,,,,,,,,,,,,16,,,,,,,,,,,
Suzuki,Aerio SX,2002,,,13.2gal.,,,front-wheel,i-4,2.0,"141hp @ 5,700rpm",5 speed manual,"135 lb.-ft. @ 3,000rpm",,,,,,,,,,,,,16,,,,,,,,,,,
Suzuki,Esteem,2002,,,12.7gal.,,,front-wheel,i-4,1.8,"122hp @ 6,300rpm",5 speed manual,"117 lb.-ft. @ 3,500rpm",,,,,,,,,,,,,16,,,,,,,,,,,
Suzuki,Esteem,2001,,,12.7gal.,,,front-wheel,i-4,1.8,"122hp @ 6,300rpm",5 speed manual,"117 lb.-ft. @ 3,500rpm",,,,,,,,,,,,,16,,,,,,,,,,,
Suzuki,Esteem,2000,,,12.7gal.,,,front-wheel,i-4,1.6,"95hp @ 6,000rpm",5 speed manual,"99 lb.-ft. @ 3,000rpm",,,,,,,,,,,,,16,,,,,,,,,,,
Suzuki,Esteem,1999,,,13.5gal.,,,front-wheel,i-4,1.6,"95hp @ 6,000rpm",5 speed manual,"99 lb.-ft. @ 3,000rpm",,,,,,,,,,,,,16,,,,,,,,,,,
Suzuki,Forenza,2008,,,14.5gal.,,,front-wheel,i-4,2.0,"127hp @ 5,600rpm",5 speed manual,"131 lb.-ft. @ 4,200rpm",,,,,,,,,,,,,16,,,,,,,,,,,
Suzuki,Forenza,2007,,,14.5gal.,,,front-wheel,i-4,2.0,"127hp @ 5,600rpm",5 speed manual,"131 lb.-ft. @ 4,200rpm",,,,,,,,,,,,,16,,,,,,,,,,,
Suzuki,Forenza,2006,,,14.5gal.,,,front-wheel,i-4,2.0,"126hp @ 5,600rpm",5 speed manual,"131 lb.-ft. @ 4,000rpm",,,,,,,,,,,,,16,,,,,,,,,,,
Suzuki,Forenza,2005,,,14.5gal.,,,front-wheel,i-4,2.0,"126hp @ 5,600rpm",5 speed manual,"131 lb.-ft. @ 4,000rpm",,,,,,,,,,,,,16,,,,,,,,,,,
Suzuki,Forenza,2004,,,14.5gal.,,,front-wheel,i-4,2.0,"126hp @ 5,600rpm",4 speed automatic,"131 lb.-ft. @ 4,000rpm",,,,,,,,,,,,,16,,,,,,,,,,,
Suzuki,Kizashi,2013,,,16.6gal.,,,front-wheel,i-4,2.4,"185hp @ 6,500rpm",6 speed manual,"170 lb.-ft. @ 4,000rpm",,,,,,,,,,,,,16,,,,,,,,,,,
Suzuki,Kizashi,2012,,,16.6gal.,,,front-wheel,i-4,2.4,"185hp @ 6,500rpm",6 speed manual,"170 lb.-ft. @ 4,000rpm",,,,,,,,,,,,,16,,,,,,,,,,,
Suzuki,Kizashi,2011,,,16.6gal.,,,front-wheel,i-4,2.4,"180hp @ 6,000rpm",continuously variable automatic,"170 lb.-ft. @ 4,000rpm",,,,,,,,,,,,,16,,,,,,,,,,,
Suzuki,Kizashi,2010,,,16.6gal.,,,front-wheel,i-4,2.4,"185hp @ 6,500rpm",6 speed manual,"170 lb.-ft. @ 4,000rpm",,,,,,,,,,,,,16,,,,,,,,,,,
Suzuki,Verona,2006,,,17.2gal.,,,front-wheel,i-6,2.5,"155hp @ 5,800rpm",4 speed automatic,"177 lb.-ft. @ 4,000rpm",,,,,,,,,,,,,24,,,,,,,,,,,
Suzuki,Verona,2005,,,17.2gal.,,,front-wheel,i-6,2.5,"155hp @ 5,800rpm",4 speed automatic,"177 lb.-ft. @ 4,000rpm",,,,,,,,,,,,,24,,,,,,,,,,,
Suzuki,Verona,2004,,,17.2gal.,,,front-wheel,i-6,2.5,"155hp @ 5,800rpm",4 speed automatic,"177 lb.-ft. @ 4,000rpm",,,,,,,,,,,,,24,,,,,,,,,,,
Suzuki,Equator,2012,,,21.1gal.,,,rear-wheel,i-4,2.5,"152hp @ 5,200rpm",5 speed manual,"171 lb.-ft. @ 4,400rpm",,,,,,,,,,,,,16,,,,,,,,,,,
Suzuki,Equator,2011,,,21.1gal.,,,rear-wheel,i-4,2.5,"152hp @ 5,200rpm",5 speed manual,"171 lb.-ft. @ 4,400rpm",,,,,,,,,,,,,16,,,,,,,,,,,
Suzuki,Equator,2010,,,21.1gal.,,,rear-wheel,i-4,2.5,"152hp @ 5,200rpm",5 speed manual,"171 lb.-ft. @ 4,400rpm",,,,,,,,,,,,,16,,,,,,,,,,,
Suzuki,Equator,2009,,,21.1gal.,,,rear-wheel,v-6,4.0,"261hp @ 5,600rpm",5 speed automatic,"281 lb.-ft. @ 4,000rpm",,,,,,,,,,,,,24,,,,,,,,,,,
Suzuki,Grand Vitara,2013,,,17.4gal.,,,rear-wheel,i-4,2.4,"166hp @ 6,000rpm",5 speed manual,"162 lb.-ft. @ 4,000rpm",,,,,,,,,,,,,16,,,,,,,,,,,
Suzuki,Grand Vitara,2012,,,17.4gal.,,,rear-wheel,i-4,2.4,"166hp @ 6,000rpm",5 speed manual,"162 lb.-ft. @ 4,000rpm",,,,,,,,,,,,,16,,,,,,,,,,,
Suzuki,Grand Vitara,2011,,,17.4gal.,,,rear-wheel,i-4,2.4,"166hp @ 6,000rpm",5 speed manual,"162 lb.-ft. @ 4,000rpm",,,,,,,,,,,,,16,,,,,,,,,,,
Suzuki,Grand Vitara,2010,,,17.4gal.,,,rear-wheel,i-4,2.4,"166hp @ 6,000rpm",5 speed manual,"162 lb.-ft. @ 4,000rpm",,,,,,,,,,,,,16,,,,,,,,,,,
Suzuki,Grand Vitara,2009,,,17.4gal.,,,four-wheel,i-4,2.4,"166hp @ 6,000rpm",4 speed automatic,"162 lb.-ft. @ 4,000rpm",,,,,,,,,,,,,16,,,,,,,,,,,
Suzuki,Grand Vitara,2008,,,17.4gal.,,,rear-wheel,v-6,2.7,"185hp @ 6,000rpm",5 speed manual,"184 lb.-ft. @ 4,500rpm",,,,,,,,,,,,,24,,,,,,,,,,,
Suzuki,Grand Vitara,2007,,,17.4gal.,,,rear-wheel,v-6,2.7,"185hp @ 6,000rpm",5 speed manual,"184 lb.-ft. @ 4,500rpm",,,,,,,,,,,,,24,,,,,,,,,,,
Suzuki,Grand Vitara,2006,,,17.4gal.,,,rear-wheel,v-6,2.7,"185hp @ 6,000rpm",5 speed manual,"184 lb.-ft. @ 4,500rpm",,,,,,,,,,,,,24,,,,,,,,,,,
Suzuki,Grand Vitara,2005,,,16.9gal.,,,rear-wheel,v-6,2.5,"165hp @ 6,500rpm",5 speed manual,"162 lb.-ft. @ 4,000rpm",,,,,,,,,,,,,24,,,,,,,,,,,
Suzuki,Grand Vitara,2004,,,16.9gal.,,,rear-wheel,v-6,2.5,"165hp @ 6,500rpm",4 speed automatic,"162 lb.-ft. @ 4,000rpm",,,,,,,,,,,,,24,,,,,,,,,,,
Suzuki,Grand Vitara,2003,,,16.9gal.,,,rear-wheel,v-6,2.5,"165hp @ 6,500rpm",5 speed manual,"162 lb.-ft. @ 4,000rpm",,,,,,,,,,,,,24,,,,,,,,,,,
Suzuki,Grand Vitara,2002,,,16.9gal.,,,rear-wheel,v-6,2.5,"165hp @ 6,500rpm",5 speed manual,"162 lb.-ft. @ 4,000rpm",,,,,,,,,,,,,24,,,,,,,,,,,
Suzuki,Grand Vitara,2001,,,17.4gal.,,,rear-wheel,v-6,2.5,"155hp @ 6,500rpm",5 speed manual,"160 lb.-ft. @ 4,000rpm",,,,,,,,,,,,,24,,,,,,,,,,,
Suzuki,Grand Vitara,2000,,,17.4gal.,,,rear-wheel,v-6,2.5,"155hp @ 6,500rpm",5 speed manual,"160 lb.-ft. @ 4,000rpm",,,,,,,,,,,,,24,,,,,,,,,,,
Suzuki,Grand Vitara,1999,,,17.4gal.,,,rear-wheel,v-6,2.5,"155hp @ 6,500rpm",5 speed manual,"160 lb.-ft. @ 4,000rpm",,,,,,,,,,,,,24,,,,,,,,,,,
Suzuki,Grand Vitara XL-7,2001,,,16.9gal.,,,rear-wheel,v-6,2.7,"170hp @ 5,500rpm",5 speed manual,"178 lb.-ft. @ 4,000rpm",,,,,,,,,,,,,24,,,,,,,,,,,
Suzuki,Vitara,2003,,,14.8gal.,,,four-wheel,i-4,2.0,"127hp @ 6,000rpm",5 speed manual,"134 lb.-ft. @ 3,000rpm",,,,,,,,,,,,,16,,,,,,,,,,,
Suzuki,Vitara,2002,,,14.8gal.,,,four-wheel,i-4,2.0,"127hp @ 6,000rpm",5 speed manual,"134 lb.-ft. @ 3,000rpm",,,,,,,,,,,,,16,,,,,,,,,,,
Suzuki,Vitara,2001,,,14.8gal.,,,rear-wheel,i-4,1.6,"97hp @ 5,200rpm",5 speed manual,"103 lb.-ft. @ 4,000rpm",,,,,,,,,,,,,16,,,,,,,,,,,
Suzuki,Vitara,2000,,,14.8gal.,,,rear-wheel,i-4,1.6,"97hp @ 5,200rpm",5 speed manual,"103 lb.-ft. @ 4,000rpm",,,,,,,,,,,,,16,,,,,,,,,,,
Suzuki,Vitara,1999,,,14.8gal.,,,rear-wheel,i-4,1.6,"97hp @ 5,200rpm",5 speed manual,"103 lb.-ft. @ 4,000rpm",,,,,,,,,,,,,16,,,,,,,,,,,
Suzuki,Vitara V6,2004,,,16.9gal.,,,four-wheel,v-6,2.5,"165hp @ 6,500rpm",5 speed manual,"162 lb.-ft. @ 4,000rpm",,,,,,,,,,,,,24,,,,,,,,,,,
