make,model,year,city,highway,fuel tank capacity,total seating capacity,max cargo capacity,drive type,cylinder configuration,engine liters,horsepower,transmission,torque,abs,size,displacement,horse power,front head room,overall height,overall width,rear leg room,front leg room,overall length,rear head room,wheelbase,number of valves,number of speeds,curb weight,gross vehicle weight,towing capacity,number of doors,speakers,approach angle,ground clearance (max),ramp breakover angle,departure angle,ground clearance
Volkswagen,Beetle,2018,26 mpg,33 mpg,14.5gal.,4,30 cu.ft.,front-wheel,i-4,2.0,"174hp @ 5,000rpm",6 speed automatic,"184 lb.-ft. @ 1,500rpm",4-wheel,2.0 l,121 cu.in.,174 hp,"39.4 ""","58.6 ""","71.9 ""","31.4 ""","41.3 ""","168.8 ""","37.1 ""","100.1 """,16,6,"3,020 lbs.","3,968 lbs.",,,,,,,,
Volkswagen,Beetle,2017,,,14.5gal.,,,front-wheel,i-4,1.8,"170hp @ 4,800rpm",6 speed automatic,"184 lb.-ft. @ 1,500rpm",,,,,,,,,,,,,16,,,,,,,,,,,
Volkswagen,Beetle,2016,,,14.5gal.,,,front-wheel,i-4,1.8,"170hp @ 4,800rpm",6 speed automatic,"184 lb.-ft. @ 1,500rpm",,,,,,,,,,,,,16,,,,,,,,,,,
Volkswagen,Beetle,2015,,,14.5gal.,,,front-wheel,i-4,1.8,"170hp @ 4,800rpm",5 speed manual,"184 lb.-ft. @ 1,500rpm",,,,,,,,,,,,,16,,,,,,,,,,,
Volkswagen,Beetle,2014,,,14.5gal.,,,front-wheel,i-5,2.5,"170hp @ 5,700rpm",6 speed automatic,"177 lb.-ft. @ 4,250rpm",,,,,,,,,,,,,20,,,,,,,,,,,
Volkswagen,Beetle,2013,,,14.5gal.,,,front-wheel,i-5,2.5,"170hp @ 5,700rpm",6 speed automatic,"177 lb.-ft. @ 4,250rpm",,,,,,,,,,,,,20,,,,,,,,,,,
Volkswagen,Beetle,2012,,,14.5gal.,,,front-wheel,i-5,2.5,"170hp @ 5,700rpm",5 speed manual,"177 lb.-ft. @ 4,250rpm",,,,,,,,,,,,,20,,,,,,,,,,,
Volkswagen,GLI,2009,,,14.5gal.,,,front-wheel,i-4,2.0,"200hp @ 5,100rpm",6 speed manual,"207 lb.-ft. @ 1,800rpm",,,,,,,,,,,,,16,,,,,,,,,,,
Volkswagen,GLI,2008,,,14.5gal.,,,front-wheel,i-4,2.0,"200hp @ 5,100rpm",6 speed manual,"207 lb.-ft. @ 1,800rpm",,,,,,,,,,,,,16,,,,,,,,,,,
Volkswagen,Golf,2018,25 mpg,34 mpg,13.2gal.,5,54 cu.ft.,front-wheel,i-4,1.8,"170hp @ 4,500rpm",5 speed manual,"184 lb.-ft. @ 1,600rpm",4-wheel,1.8 l,110 cu.in.,170 hp,"38.4 ""","58.2 ""","70.8 ""","35.6 ""","41.2 ""","167.6 ""","38.1 ""","103.8 """,16,5,"2,963 lbs.","4,123 lbs.",,,,,,,,
Volkswagen,Golf,2017,,,13.2gal.,,,front-wheel,i-4,1.8,"170hp @ 4,500rpm",5 speed manual,"184 lb.-ft. @ 1,600rpm",,,,,,,,,,,,,16,,,,,,,,,,,
Volkswagen,Golf,2016,,,13.2gal.,,,front-wheel,i-4,1.8,"170hp @ 4,500rpm",5 speed manual,"184 lb.-ft. @ 1,600rpm",,,,,,,,,,,,,16,,,,,,,,,,,
Volkswagen,Golf,2015,,,13.2gal.,,,front-wheel,i-4,1.8,"170hp @ 4,500rpm",5 speed manual,"200 lb.-ft. @ 1,600rpm",,,,,,,,,,,,,16,,,,,,,,,,,
Volkswagen,Golf,2014,,,14.5gal.,,,front-wheel,i-5,2.5,"170hp @ 5,700rpm",6 speed automatic,"177 lb.-ft. @ 4,250rpm",,,,,,,,,,,,,20,,,,,,,,,,,
Volkswagen,Golf,2013,,,14.5gal.,,,front-wheel,i-5,2.5,"170hp @ 5,700rpm",5 speed manual,"177 lb.-ft. @ 4,250rpm",,,,,,,,,,,,,20,,,,,,,,,,,
Volkswagen,Golf,2012,,,14.5gal.,,,front-wheel,i-5,2.5,"170hp @ 5,700rpm",5 speed manual,"177 lb.-ft. @ 4,250rpm",,,,,,,,,,,,,20,,,,,,,,,,,
Volkswagen,Golf,2011,,,14.5gal.,,,front-wheel,i-5,2.5,"170hp @ 5,700rpm",5 speed manual,"177 lb.-ft. @ 4,250rpm",,,,,,,,,,,,,20,,,,,,,,,,,
Volkswagen,Golf,2010,,,14.5gal.,,,front-wheel,i-5,2.5,"170hp @ 5,700rpm",5 speed manual,"177 lb.-ft. @ 4,250rpm",,,,,,,,,,,,,20,,,,,,,,,,,
Volkswagen,Golf,2006,,,14.5gal.,,,front-wheel,i-4,2.0,"115hp @ 5,200rpm",5 speed manual,"122 lb.-ft. @ 2,600rpm",,,,,,,,,,,,,8,,,,,,,,,,,
Volkswagen,Golf,2005,,,14.5gal.,,,front-wheel,i-4,2.0,"115hp @ 5,200rpm",5 speed manual,"122 lb.-ft. @ 2,600rpm",,,,,,,,,,,,,8,,,,,,,,,,,
Volkswagen,Golf,2004,,,14.5gal.,,,front-wheel,i-4,1.9,"100hp @ 4,000rpm",5 speed manual,"177 lb.-ft. @ 1,800rpm",,,,,,,,,,,,,8,,,,,,,,,,,
Volkswagen,Golf,2003,,,14.5gal.,,,front-wheel,i-4,1.9,"90hp @ 3,750rpm",5 speed manual,"155 lb.-ft. @ 1,900rpm",,,,,,,,,,,,,8,,,,,,,,,,,
Volkswagen,Golf,2002,,,14.5gal.,,,front-wheel,i-4,1.9,"90hp @ 3,750rpm",5 speed manual,"155 lb.-ft. @ 1,900rpm",,,,,,,,,,,,,8,,,,,,,,,,,
Volkswagen,Golf,2001,,,14.5gal.,,,front-wheel,i-4,1.9,"90hp @ 3,750rpm",5 speed manual,"155 lb.-ft. @ 1,900rpm",,,,,,,,,,,,,8,,,,,,,,,,,
Volkswagen,Golf,2000,,,14.5gal.,,,front-wheel,i-4,2.0,"115hp @ 5,200rpm",5 speed manual,"122 lb.-ft. @ 2,600rpm",,,,,,,,,,,,,8,,,,,,,,,,,
Volkswagen,Golf,1999,,,14.5gal.,,,front-wheel,i-4,2.0,"115hp @ 5,400rpm",5 speed manual,"122 lb.-ft. @ 3,200rpm",,,,,,,,,,,,,8,,,,,,,,,,,
Volkswagen,Golf Alltrack,2018,21 mpg,30 mpg,14.5gal.,5,67 cu.ft.,4motion all-wheel drive,i-4,1.8,"170hp @ 4,500rpm",6 speed manual,"199 lb.-ft. @ 1,600rpm",4-wheel,1.8 l,110 cu.in.,170 hp,"38.6 ""","59.6 ""","70.8 ""","35.6 ""","41.2 ""","180.2 ""","38.6 ""","103.5 """,16,6,"3,351 lbs.","4,519 lbs.",,,,,,,,
Volkswagen,Golf Alltrack,2017,,,14.5gal.,,,4motion all-wheel drive,i-4,1.8,"170hp @ 4,500rpm",6 speed automatic with auto-shift,"199 lb.-ft. @ 1,600rpm",,,,,,,,,,,,,16,,,,,,,,,,,
Volkswagen,Golf GTI,2018,25 mpg,33 mpg,13.2gal.,5,54 cu.ft.,front-wheel,i-4,2.0,"220hp @ 4,700rpm",6 speed manual,"258 lb.-ft. @ 1,500rpm",4-wheel,2.0 l,121 cu.in.,220 hp,"38.4 ""","57.8 ""","70.8 ""","35.6 ""","41.2 ""","168.0 ""","38.1 ""","103.6 """,16,6,"3,062 lbs.","4,233 lbs.",,,,,,,,
Volkswagen,Golf GTI,2017,,,13.2gal.,,,front-wheel,i-4,2.0,"210hp @ 4,500rpm",6 speed manual,"258 lb.-ft. @ 1,500rpm",,,,,,,,,,,,,16,,,,,,,,,,,
Volkswagen,Golf GTI,2016,,,13.2gal.,,,front-wheel,i-4,2.0,"210hp @ 4,500rpm",6 speed manual,"258 lb.-ft. @ 1,500rpm",,,,,,,,,,,,,16,,,,,,,,,,,
Volkswagen,Golf GTI,2015,,,13.2gal.,,,front-wheel,i-4,2.0,"210hp @ 4,500rpm",6 speed manual,"258 lb.-ft. @ 1,500rpm",,,,,,,,,,,,,16,,,,,,,,,,,
Volkswagen,Golf R,2018,21 mpg,29 mpg,14.5gal.,5,53 cu.ft.,4motion all-wheel drive,i-4,2.0,"292hp @ 5,400rpm",6 speed manual,"280 lb.-ft. @ 1,800rpm",4-wheel,2.0 l,121 cu.in.,292 hp,"38.4 ""","56.5 ""","70.8 ""","35.6 ""","41.2 ""","168.4 ""","38.1 ""","103.5 """,16,6,"3,300 lbs.","4,365 lbs.",,,,,,,,
Volkswagen,Golf R,2017,,,14.5gal.,,,4motion all-wheel drive,i-4,2.0,"292hp @ 5,400rpm",6 speed manual,"280 lb.-ft. @ 1,800rpm",,,,,,,,,,,,,16,,,,,,,,,,,
Volkswagen,Golf R,2016,,,14.5gal.,,,4motion all-wheel drive,i-4,2.0,"292hp @ 5,400rpm",6 speed manual,"280 lb.-ft. @ 1,800rpm",,,,,,,,,,,,,16,,,,,,,,,,,
Volkswagen,Golf R,2015,,,14.5gal.,,,4motion all-wheel drive,i-4,2.0,"292hp @ 5,400rpm",6 speed automatic with auto-shift,"280 lb.-ft. @ 1,800rpm",,,,,,,,,,,,,16,,,,,,,,,,,
Volkswagen,Golf R,2013,,,14.5gal.,,,4motion all-wheel drive,i-4,2.0,"256hp @ 6,000rpm",6 speed manual,"243 lb.-ft. @ 2,400rpm",,,,,,,,,,,,,16,,,,,,,,,,,
Volkswagen,Golf R,2012,,,14.5gal.,,,4motion all-wheel drive,i-4,2.0,"256hp @ 6,000rpm",6 speed manual,"243 lb.-ft. @ 2,400rpm",,,,,,,,,,,,,16,,,,,,,,,,,
Volkswagen,Golf SportWagen,2018,25 mpg,34 mpg,13.2gal.,5,67 cu.ft.,front-wheel,i-4,1.8,"170hp @ 4,500rpm",5 speed manual,"184 lb.-ft. @ 1,600rpm",4-wheel,1.8 l,110 cu.in.,170 hp,"38.6 ""","58.3 ""","70.8 ""","35.6 ""","41.2 ""","179.8 ""","38.6 ""","103.5 """,16,5,"3,053 lbs.","4,211 lbs.",,,,,,,,
Volkswagen,Golf SportWagen,2017,,,13.2gal.,,,front-wheel,i-4,1.8,"170hp @ 4,500rpm",5 speed manual,"184 lb.-ft. @ 1,600rpm",,,,,,,,,,,,,16,,,,,,,,,,,
Volkswagen,Golf SportWagen,2016,,,13.2gal.,,,front-wheel,i-4,1.8,"170hp @ 4,500rpm",5 speed manual,"184 lb.-ft. @ 1,600rpm",,,,,,,,,,,,,16,,,,,,,,,,,
Volkswagen,Golf SportWagen,2015,,,13.2gal.,,,front-wheel,i-4,1.8,"170hp @ 4,500rpm",5 speed manual,"200 lb.-ft. @ 1,600rpm",,,,,,,,,,,,,16,,,,,,,,,,,
Volkswagen,Cabrio,2002,,,13.7gal.,,,front-wheel,i-4,2.0,"115hp @ 5,200rpm",5 speed manual,"122 lb.-ft. @ 2,600rpm",,,,,,,,,,,,,8,,,,,,,,,,,
Volkswagen,Cabrio,2001,,,13.7gal.,,,front-wheel,i-4,2.0,"115hp @ 5,200rpm",5 speed manual,"122 lb.-ft. @ 2,600rpm",,,,,,,,,,,,,8,,,,,,,,,,,
Volkswagen,Cabrio,2000,,,13.7gal.,,,front-wheel,i-4,2.0,"115hp @ 5,200rpm",5 speed manual,"122 lb.-ft. @ 2,600rpm",,,,,,,,,,,,,8,,,,,,,,,,,
Volkswagen,Cabrio,1999,,,14.5gal.,,,front-wheel,i-4,2.0,"115hp @ 5,400rpm",5 speed manual,"122 lb.-ft. @ 3,200rpm",,,,,,,,,,,,,8,,,,,,,,,,,
Volkswagen,Eos,2016,,,14.5gal.,,,front-wheel,i-4,2.0,"200hp @ 5,100rpm",6 speed automatic with auto-shift,"207 lb.-ft. @ 1,700rpm",,,,,,,,,,,,,16,,,,,,,,,,,
Volkswagen,Eos,2015,,,14.5gal.,,,front-wheel,i-4,2.0,"200hp @ 5,100rpm",6 speed automatic with auto-shift,"207 lb.-ft. @ 1,700rpm",,,,,,,,,,,,,16,,,,,,,,,,,
Volkswagen,Eos,2014,,,14.5gal.,,,front-wheel,i-4,2.0,"200hp @ 5,100rpm",6 speed automatic with auto-shift,"207 lb.-ft. @ 1,700rpm",,,,,,,,,,,,,16,,,,,,,,,,,
Volkswagen,Eos,2013,,,14.5gal.,,,front-wheel,i-4,2.0,"200hp @ 5,100rpm",6 speed automatic with auto-shift,"207 lb.-ft. @ 1,700rpm",,,,,,,,,,,,,16,,,,,,,,,,,
Volkswagen,Eos,2012,,,14.5gal.,,,front-wheel,i-4,2.0,"200hp @ 5,100rpm",6 speed automatic with auto-shift,"207 lb.-ft. @ 1,700rpm",,,,,,,,,,,,,16,,,,,,,,,,,
Volkswagen,Eos,2011,,,14.5gal.,,,front-wheel,i-4,2.0,"200hp @ 5,100rpm",6 speed manual,"207 lb.-ft. @ 1,800rpm",,,,,,,,,,,,,16,,,,,,,,,,,
Volkswagen,Eos,2010,,,14.5gal.,,,front-wheel,i-4,2.0,"200hp @ 5,100rpm",6 speed manual,"207 lb.-ft. @ 1,700rpm",,,,,,,,,,,,,16,,,,,,,,,,,
Volkswagen,Eos,2009,,,14.5gal.,,,front-wheel,i-4,2.0,"200hp @ 5,100rpm",6 speed manual,"207 lb.-ft. @ 1,800rpm",,,,,,,,,,,,,16,,,,,,,,,,,
Volkswagen,Eos,2008,,,14.5gal.,,,front-wheel,i-4,2.0,"200hp @ 5,100rpm",6 speed manual,"207 lb.-ft. @ 1,800rpm",,,,,,,,,,,,,16,,,,,,,,,,,
Volkswagen,Eos,2007,,,14.5gal.,,,front-wheel,i-4,2.0,"200hp @ 5,100rpm",6 speed manual,"207 lb.-ft. @ 1,800rpm",,,,,,,,,,,,,16,,,,,,,,,,,
Volkswagen,GLI,2009,,,14.5gal.,,,front-wheel,i-4,2.0,"200hp @ 5,100rpm",6 speed manual,"207 lb.-ft. @ 1,800rpm",,,,,,,,,,,,,16,,,,,,,,,,,
Volkswagen,GLI,2008,,,14.5gal.,,,front-wheel,i-4,2.0,"200hp @ 5,100rpm",6 speed manual,"207 lb.-ft. @ 1,800rpm",,,,,,,,,,,,,16,,,,,,,,,,,
Volkswagen,Golf,2018,25 mpg,34 mpg,13.2gal.,5,54 cu.ft.,front-wheel,i-4,1.8,"170hp @ 4,500rpm",5 speed manual,"184 lb.-ft. @ 1,600rpm",4-wheel,1.8 l,110 cu.in.,170 hp,"38.4 ""","58.2 ""","70.8 ""","35.6 ""","41.2 ""","167.6 ""","38.1 ""","103.8 """,16,5,"2,963 lbs.","4,123 lbs.",,,,,,,,
Volkswagen,Golf,2017,,,13.2gal.,,,front-wheel,i-4,1.8,"170hp @ 4,500rpm",5 speed manual,"184 lb.-ft. @ 1,600rpm",,,,,,,,,,,,,16,,,,,,,,,,,
Volkswagen,Golf,2016,,,13.2gal.,,,front-wheel,i-4,1.8,"170hp @ 4,500rpm",5 speed manual,"184 lb.-ft. @ 1,600rpm",,,,,,,,,,,,,16,,,,,,,,,,,
Volkswagen,Golf,2015,,,13.2gal.,,,front-wheel,i-4,1.8,"170hp @ 4,500rpm",5 speed manual,"200 lb.-ft. @ 1,600rpm",,,,,,,,,,,,,16,,,,,,,,,,,
Volkswagen,Golf,2014,,,14.5gal.,,,front-wheel,i-5,2.5,"170hp @ 5,700rpm",6 speed automatic,"177 lb.-ft. @ 4,250rpm",,,,,,,,,,,,,20,,,,,,,,,,,
Volkswagen,Golf,2013,,,14.5gal.,,,front-wheel,i-5,2.5,"170hp @ 5,700rpm",5 speed manual,"177 lb.-ft. @ 4,250rpm",,,,,,,,,,,,,20,,,,,,,,,,,
Volkswagen,Golf,2012,,,14.5gal.,,,front-wheel,i-5,2.5,"170hp @ 5,700rpm",5 speed manual,"177 lb.-ft. @ 4,250rpm",,,,,,,,,,,,,20,,,,,,,,,,,
Volkswagen,Golf,2011,,,14.5gal.,,,front-wheel,i-5,2.5,"170hp @ 5,700rpm",5 speed manual,"177 lb.-ft. @ 4,250rpm",,,,,,,,,,,,,20,,,,,,,,,,,
Volkswagen,Golf,2010,,,14.5gal.,,,front-wheel,i-5,2.5,"170hp @ 5,700rpm",5 speed manual,"177 lb.-ft. @ 4,250rpm",,,,,,,,,,,,,20,,,,,,,,,,,
Volkswagen,Golf,2006,,,14.5gal.,,,front-wheel,i-4,2.0,"115hp @ 5,200rpm",5 speed manual,"122 lb.-ft. @ 2,600rpm",,,,,,,,,,,,,8,,,,,,,,,,,
Volkswagen,Golf,2005,,,14.5gal.,,,front-wheel,i-4,2.0,"115hp @ 5,200rpm",5 speed manual,"122 lb.-ft. @ 2,600rpm",,,,,,,,,,,,,8,,,,,,,,,,,
Volkswagen,Golf,2004,,,14.5gal.,,,front-wheel,i-4,1.9,"100hp @ 4,000rpm",5 speed manual,"177 lb.-ft. @ 1,800rpm",,,,,,,,,,,,,8,,,,,,,,,,,
Volkswagen,Golf,2003,,,14.5gal.,,,front-wheel,i-4,1.9,"90hp @ 3,750rpm",5 speed manual,"155 lb.-ft. @ 1,900rpm",,,,,,,,,,,,,8,,,,,,,,,,,
Volkswagen,Golf,2002,,,14.5gal.,,,front-wheel,i-4,1.9,"90hp @ 3,750rpm",5 speed manual,"155 lb.-ft. @ 1,900rpm",,,,,,,,,,,,,8,,,,,,,,,,,
Volkswagen,Golf,2001,,,14.5gal.,,,front-wheel,i-4,1.9,"90hp @ 3,750rpm",5 speed manual,"155 lb.-ft. @ 1,900rpm",,,,,,,,,,,,,8,,,,,,,,,,,
Volkswagen,Golf,2000,,,14.5gal.,,,front-wheel,i-4,2.0,"115hp @ 5,200rpm",5 speed manual,"122 lb.-ft. @ 2,600rpm",,,,,,,,,,,,,8,,,,,,,,,,,
Volkswagen,Golf,1999,,,14.5gal.,,,front-wheel,i-4,2.0,"115hp @ 5,400rpm",5 speed manual,"122 lb.-ft. @ 3,200rpm",,,,,,,,,,,,,8,,,,,,,,,,,
Volkswagen,Golf GTI,2018,25 mpg,33 mpg,13.2gal.,5,54 cu.ft.,front-wheel,i-4,2.0,"220hp @ 4,700rpm",6 speed manual,"258 lb.-ft. @ 1,500rpm",4-wheel,2.0 l,121 cu.in.,220 hp,"38.4 ""","57.8 ""","70.8 ""","35.6 ""","41.2 ""","168.0 ""","38.1 ""","103.6 """,16,6,"3,062 lbs.","4,233 lbs.",,,,,,,,
Volkswagen,Golf GTI,2017,,,13.2gal.,,,front-wheel,i-4,2.0,"210hp @ 4,500rpm",6 speed manual,"258 lb.-ft. @ 1,500rpm",,,,,,,,,,,,,16,,,,,,,,,,,
Volkswagen,Golf GTI,2016,,,13.2gal.,,,front-wheel,i-4,2.0,"210hp @ 4,500rpm",6 speed manual,"258 lb.-ft. @ 1,500rpm",,,,,,,,,,,,,16,,,,,,,,,,,
Volkswagen,Golf GTI,2015,,,13.2gal.,,,front-wheel,i-4,2.0,"210hp @ 4,500rpm",6 speed manual,"258 lb.-ft. @ 1,500rpm",,,,,,,,,,,,,16,,,,,,,,,,,
Volkswagen,Beetle,2018,26 mpg,33 mpg,14.5gal.,4,30 cu.ft.,front-wheel,i-4,2.0,"174hp @ 5,000rpm",6 speed automatic,"184 lb.-ft. @ 1,500rpm",4-wheel,2.0 l,121 cu.in.,174 hp,"39.4 ""","58.6 ""","71.9 ""","31.4 ""","41.3 ""","168.8 ""","37.1 ""","100.1 """,16,6,"3,020 lbs.","3,968 lbs.",,,,,,,,
Volkswagen,Beetle,2017,,,14.5gal.,,,front-wheel,i-4,1.8,"170hp @ 4,800rpm",6 speed automatic,"184 lb.-ft. @ 1,500rpm",,,,,,,,,,,,,16,,,,,,,,,,,
Volkswagen,Beetle,2016,,,14.5gal.,,,front-wheel,i-4,1.8,"170hp @ 4,800rpm",6 speed automatic,"184 lb.-ft. @ 1,500rpm",,,,,,,,,,,,,16,,,,,,,,,,,
Volkswagen,Beetle,2015,,,14.5gal.,,,front-wheel,i-4,1.8,"170hp @ 4,800rpm",5 speed manual,"184 lb.-ft. @ 1,500rpm",,,,,,,,,,,,,16,,,,,,,,,,,
Volkswagen,Beetle,2014,,,14.5gal.,,,front-wheel,i-5,2.5,"170hp @ 5,700rpm",6 speed automatic,"177 lb.-ft. @ 4,250rpm",,,,,,,,,,,,,20,,,,,,,,,,,
Volkswagen,Beetle,2013,,,14.5gal.,,,front-wheel,i-5,2.5,"170hp @ 5,700rpm",6 speed automatic,"177 lb.-ft. @ 4,250rpm",,,,,,,,,,,,,20,,,,,,,,,,,
Volkswagen,Beetle,2012,,,14.5gal.,,,front-wheel,i-5,2.5,"170hp @ 5,700rpm",5 speed manual,"177 lb.-ft. @ 4,250rpm",,,,,,,,,,,,,20,,,,,,,,,,,
Volkswagen,Eos,2016,,,14.5gal.,,,front-wheel,i-4,2.0,"200hp @ 5,100rpm",6 speed automatic with auto-shift,"207 lb.-ft. @ 1,700rpm",,,,,,,,,,,,,16,,,,,,,,,,,
Volkswagen,Eos,2015,,,14.5gal.,,,front-wheel,i-4,2.0,"200hp @ 5,100rpm",6 speed automatic with auto-shift,"207 lb.-ft. @ 1,700rpm",,,,,,,,,,,,,16,,,,,,,,,,,
Volkswagen,Eos,2014,,,14.5gal.,,,front-wheel,i-4,2.0,"200hp @ 5,100rpm",6 speed automatic with auto-shift,"207 lb.-ft. @ 1,700rpm",,,,,,,,,,,,,16,,,,,,,,,,,
Volkswagen,Eos,2013,,,14.5gal.,,,front-wheel,i-4,2.0,"200hp @ 5,100rpm",6 speed automatic with auto-shift,"207 lb.-ft. @ 1,700rpm",,,,,,,,,,,,,16,,,,,,,,,,,
Volkswagen,Eos,2012,,,14.5gal.,,,front-wheel,i-4,2.0,"200hp @ 5,100rpm",6 speed automatic with auto-shift,"207 lb.-ft. @ 1,700rpm",,,,,,,,,,,,,16,,,,,,,,,,,
Volkswagen,Eos,2011,,,14.5gal.,,,front-wheel,i-4,2.0,"200hp @ 5,100rpm",6 speed manual,"207 lb.-ft. @ 1,800rpm",,,,,,,,,,,,,16,,,,,,,,,,,
Volkswagen,Eos,2010,,,14.5gal.,,,front-wheel,i-4,2.0,"200hp @ 5,100rpm",6 speed manual,"207 lb.-ft. @ 1,700rpm",,,,,,,,,,,,,16,,,,,,,,,,,
Volkswagen,Eos,2009,,,14.5gal.,,,front-wheel,i-4,2.0,"200hp @ 5,100rpm",6 speed manual,"207 lb.-ft. @ 1,800rpm",,,,,,,,,,,,,16,,,,,,,,,,,
Volkswagen,Eos,2008,,,14.5gal.,,,front-wheel,i-4,2.0,"200hp @ 5,100rpm",6 speed manual,"207 lb.-ft. @ 1,800rpm",,,,,,,,,,,,,16,,,,,,,,,,,
Volkswagen,Eos,2007,,,14.5gal.,,,front-wheel,i-4,2.0,"200hp @ 5,100rpm",6 speed manual,"207 lb.-ft. @ 1,800rpm",,,,,,,,,,,,,16,,,,,,,,,,,
Volkswagen,e-Golf,2017,126 mpg,111 mpg,,5,53 cu.ft.,front-wheel,,,134hp @ rpm,1 speed automatic,214 lb.-ft. @ rpm,4-wheel,,,134 hp,"38.4 ""","57.2 ""","70.8 ""","35.6 ""","41.2 ""","168.1 ""","38.1 ""","103.5 """,,1,"2,455 lbs.","4,431 lbs.",,,,,,,,
Volkswagen,e-Golf,2016,,,,,,front-wheel,,,115hp @ rpm,1 speed automatic,199 lb.-ft. @ rpm,,,,,,,,,,,,,,,,,,,,,,,,
Volkswagen,e-Golf,2015,,,,,,front-wheel,,,115hp @ rpm,1 speed automatic,199 lb.-ft. @ rpm,,,,,,,,,,,,,,,,,,,,,,,,
Volkswagen,Jetta Hybrid,2016,,,11.9gal.,,,front-wheel,i-4,1.4,"150hp @ 5,000rpm",7 speed automatic with auto-shift,"184 lb.-ft. @ 1,600rpm",,,,,,,,,,,,,16,,,,,,,,,,,
Volkswagen,Jetta Hybrid,2015,,,11.8gal.,,,front-wheel,i-4,1.4,"150hp @ 5,000rpm",7 speed automatic with auto-shift,"184 lb.-ft. @ 1,600rpm",,,,,,,,,,,,,16,,,,,,,,,,,
Volkswagen,Jetta Hybrid,2014,,,11.8gal.,,,front-wheel,i-4,1.4,"150hp @ 5,000rpm",7 speed automatic with auto-shift,"184 lb.-ft. @ 1,000rpm",,,,,,,,,,,,,16,,,,,,,,,,,
Volkswagen,Jetta Hybrid,2013,,,11.8gal.,,,front-wheel,i-4,1.4,"150hp @ 5,000rpm",7 speed automatic with auto-shift,"184 lb.-ft. @ 1,000rpm",,,,,,,,,,,,,16,,,,,,,,,,,
Volkswagen,CC,2017,,,18.5gal.,,,front-wheel,i-4,2.0,"200hp @ 5,100rpm",6 speed automatic with auto-shift,"207 lb.-ft. @ 1,700rpm",,,,,,,,,,,,,16,,,,,,,,,,,
Volkswagen,CC,2016,,,18.5gal.,,,front-wheel,i-4,2.0,"200hp @ 5,100rpm",6 speed manual,"207 lb.-ft. @ 1,700rpm",,,,,,,,,,,,,16,,,,,,,,,,,
Volkswagen,CC,2015,,,18.5gal.,,,front-wheel,i-4,2.0,"200hp @ 5,100rpm",6 speed automatic with auto-shift,"207 lb.-ft. @ 1,700rpm",,,,,,,,,,,,,16,,,,,,,,,,,
Volkswagen,CC,2014,,,18.5gal.,,,front-wheel,i-4,2.0,"200hp @ 5,100rpm",6 speed manual,"207 lb.-ft. @ 1,700rpm",,,,,,,,,,,,,16,,,,,,,,,,,
Volkswagen,CC,2013,,,18.5gal.,,,front-wheel,i-4,2.0,"200hp @ 5,100rpm",6 speed manual,"207 lb.-ft. @ 1,700rpm",,,,,,,,,,,,,16,,,,,,,,,,,
Volkswagen,CC,2012,,,18.5gal.,,,front-wheel,i-4,2.0,"200hp @ 5,100rpm",6 speed manual,"207 lb.-ft. @ 1,700rpm",,,,,,,,,,,,,16,,,,,,,,,,,
Volkswagen,CC,2011,,,18.5gal.,,,front-wheel,i-4,2.0,"200hp @ 5,100rpm",6 speed manual,"207 lb.-ft. @ 1,800rpm",,,,,,,,,,,,,16,,,,,,,,,,,
Volkswagen,CC,2010,,,18.5gal.,,,front-wheel,v-6,3.6,"280hp @ 6,200rpm",6 speed automatic,"265 lb.-ft. @ 2,750rpm",,,,,,,,,,,,,24,,,,,,,,,,,
Volkswagen,CC,2009,,,18.5gal.,,,front-wheel,i-4,2.0,"200hp @ 5,100rpm",6 speed automatic,"207 lb.-ft. @ 1,700rpm",,,,,,,,,,,,,16,,,,,,,,,,,
Volkswagen,Passat,2018,25 mpg,36 mpg,18.5gal.,5,16 cu.ft.,front-wheel,i-4,2.0,"174hp @ 5,000rpm",6 speed automatic,"184 lb.-ft. @ 1,500rpm",4-wheel,2.0 l,121 cu.in.,174 hp,"38.3 ""","58.5 ""","72.2 ""","39.1 ""","42.4 ""","191.9 ""","37.8 ""","110.4 """,16,6,"3,274 lbs.","4,497 lbs.","1,000 lbs.",,,,,,,
Volkswagen,Passat,2017,23 mpg,34 mpg,18.5gal.,5,16 cu.ft.,front-wheel,i-4,1.8,"170hp @ 4,800rpm",6 speed automatic,"184 lb.-ft. @ 1,500rpm",4-wheel,1.8 l,110 cu.in.,170 hp,"38.3 ""","58.5 ""","72.2 ""","39.1 ""","42.4 ""","191.9 ""","37.8 ""","110.4 """,16,6,"3,263 lbs.","4,519 lbs.","1,000 lbs.",,,,,,,
Volkswagen,Passat,2016,25 mpg,38 mpg,18.5gal.,5,16 cu.ft.,front-wheel,i-4,1.8,"170hp @ 4,800rpm",6 speed automatic,"184 lb.-ft. @ 1,500rpm",4-wheel,1.8 l,110 cu.in.,170 hp,"38.3 ""","58.5 ""","72.2 ""","39.1 ""","42.4 ""","191.9 ""","37.8 ""","110.4 """,16,6,"3,263 lbs.","4,519 lbs.","1,000 lbs.",,,,,,,
Volkswagen,Passat,2015,,,18.5gal.,,,front-wheel,i-4,1.8,"170hp @ 4,800rpm",5 speed manual,"184 lb.-ft. @ 1,500rpm",,,,,,,,,,,,,16,,,,,,,,,,,
Volkswagen,Passat,2014,,,18.5gal.,,,front-wheel,i-5,2.5,"170hp @ 5,700rpm",5 speed manual,"177 lb.-ft. @ 4,250rpm",,,,,,,,,,,,,20,,,,,,,,,,,
Volkswagen,Passat,2013,,,18.5gal.,,,front-wheel,i-5,2.5,"170hp @ 5,700rpm",5 speed manual,"177 lb.-ft. @ 4,250rpm",,,,,,,,,,,,,20,,,,,,,,,,,
Volkswagen,Passat,2012,,,18.5gal.,,,front-wheel,i-5,2.5,"170hp @ 5,700rpm",5 speed manual,"177 lb.-ft. @ 4,250rpm",,,,,,,,,,,,,20,,,,,,,,,,,
Volkswagen,Passat,2010,,,18.5gal.,,,front-wheel,i-4,2.0,"200hp @ 5,100rpm",6 speed automatic with auto-shift,"207 lb.-ft. @ 1,700rpm",,,,,,,,,,,,,16,,,,,,,,,,,
Volkswagen,Passat,2009,,,18.5gal.,,,front-wheel,i-4,2.0,"200hp @ 5,100rpm",6 speed automatic,"207 lb.-ft. @ 1,800rpm",,,,,,,,,,,,,16,,,,,,,,,,,
Volkswagen,Passat,2008,,,18.5gal.,,,front-wheel,i-4,2.0,"200hp @ 5,100rpm",6 speed automatic,"207 lb.-ft. @ 1,800rpm",,,,,,,,,,,,,16,,,,,,,,,,,
Volkswagen,Passat,2007,,,18.5gal.,,,front-wheel,i-4,2.0,"200hp @ 5,100rpm",6 speed automatic,"207 lb.-ft. @ 1,800rpm",,,,,,,,,,,,,16,,,,,,,,,,,
Volkswagen,Passat,2006,,,18.5gal.,,,front-wheel,i-4,2.0,"200hp @ 5,100rpm",6 speed manual,"207 lb.-ft. @ 1,800rpm",,,,,,,,,,,,,16,,,,,,,,,,,
Volkswagen,Passat,2005,,,16.4gal.,,,front-wheel,i-4,1.8,"170hp @ 5,900rpm",5 speed manual,"166 lb.-ft. @ 1,950rpm",,,,,,,,,,,,,20,,,,,,,,,,,
Volkswagen,Passat,2004,,,16.4gal.,,,front-wheel,i-4,1.8,"170hp @ 5,900rpm",5 speed manual,"166 lb.-ft. @ 1,950rpm",,,,,,,,,,,,,20,,,,,,,,,,,
Volkswagen,Passat,2003,,,16.4gal.,,,front-wheel,i-4,1.8,"170hp @ 5,900rpm",5 speed manual,"166 lb.-ft. @ 1,950rpm",,,,,,,,,,,,,20,,,,,,,,,,,
Volkswagen,Passat,2002,,,16.4gal.,,,front-wheel,i-4,1.8,"170hp @ 5,900rpm",5 speed manual,"166 lb.-ft. @ 1,950rpm",,,,,,,,,,,,,20,,,,,,,,,,,
Volkswagen,Passat,2001,,,16.4gal.,,,front-wheel,i-4,1.8,"170hp @ 5,900rpm",5 speed manual,"166 lb.-ft. @ 1,950rpm",,,,,,,,,,,,,20,,,,,,,,,,,
Volkswagen,Passat,2000,,,16.4gal.,,,front-wheel,i-4,1.8,"150hp @ 5,700rpm",5 speed manual,"155 lb.-ft. @ 1,750rpm",,,,,,,,,,,,,20,,,,,,,,,,,
Volkswagen,Passat,1999,,,18.5gal.,,,front-wheel,i-4,1.8,"150hp @ 5,700rpm",5 speed manual,"155 lb.-ft. @ 1,750rpm",,,,,,,,,,,,,20,,,,,,,,,,,
Volkswagen,Eos,2016,,,14.5gal.,,,front-wheel,i-4,2.0,"200hp @ 5,100rpm",6 speed automatic with auto-shift,"207 lb.-ft. @ 1,700rpm",,,,,,,,,,,,,16,,,,,,,,,,,
Volkswagen,Eos,2015,,,14.5gal.,,,front-wheel,i-4,2.0,"200hp @ 5,100rpm",6 speed automatic with auto-shift,"207 lb.-ft. @ 1,700rpm",,,,,,,,,,,,,16,,,,,,,,,,,
Volkswagen,Eos,2014,,,14.5gal.,,,front-wheel,i-4,2.0,"200hp @ 5,100rpm",6 speed automatic with auto-shift,"207 lb.-ft. @ 1,700rpm",,,,,,,,,,,,,16,,,,,,,,,,,
Volkswagen,Eos,2013,,,14.5gal.,,,front-wheel,i-4,2.0,"200hp @ 5,100rpm",6 speed automatic with auto-shift,"207 lb.-ft. @ 1,700rpm",,,,,,,,,,,,,16,,,,,,,,,,,
Volkswagen,Eos,2012,,,14.5gal.,,,front-wheel,i-4,2.0,"200hp @ 5,100rpm",6 speed automatic with auto-shift,"207 lb.-ft. @ 1,700rpm",,,,,,,,,,,,,16,,,,,,,,,,,
Volkswagen,Eos,2011,,,14.5gal.,,,front-wheel,i-4,2.0,"200hp @ 5,100rpm",6 speed manual,"207 lb.-ft. @ 1,800rpm",,,,,,,,,,,,,16,,,,,,,,,,,
Volkswagen,Eos,2010,,,14.5gal.,,,front-wheel,i-4,2.0,"200hp @ 5,100rpm",6 speed manual,"207 lb.-ft. @ 1,700rpm",,,,,,,,,,,,,16,,,,,,,,,,,
Volkswagen,Eos,2009,,,14.5gal.,,,front-wheel,i-4,2.0,"200hp @ 5,100rpm",6 speed manual,"207 lb.-ft. @ 1,800rpm",,,,,,,,,,,,,16,,,,,,,,,,,
Volkswagen,Eos,2008,,,14.5gal.,,,front-wheel,i-4,2.0,"200hp @ 5,100rpm",6 speed manual,"207 lb.-ft. @ 1,800rpm",,,,,,,,,,,,,16,,,,,,,,,,,
Volkswagen,Eos,2007,,,14.5gal.,,,front-wheel,i-4,2.0,"200hp @ 5,100rpm",6 speed manual,"207 lb.-ft. @ 1,800rpm",,,,,,,,,,,,,16,,,,,,,,,,,
Volkswagen,Phaeton,2006,,,23.8gal.,,,4motion all-wheel drive,v-8,4.2,"335hp @ 6,500rpm",6 speed automatic,"317 lb.-ft. @ 3,500rpm",,,,,,,,,,,,,40,,,,,,,,,,,
Volkswagen,Phaeton,2005,,,23.8gal.,,,4motion all-wheel drive,v-8,4.2,"335hp @ 6,500rpm",6 speed automatic,"317 lb.-ft. @ 3,500rpm",,,,,,,,,,,,,40,,,,,,,,,,,
Volkswagen,Phaeton,2004,,,23.8gal.,,,4motion all-wheel drive,v-8,4.2,"335hp @ 6,500rpm",6 speed automatic,"317 lb.-ft. @ 3,500rpm",,,,,,,,,,,,,40,,,,,,,,,,,
Volkswagen,Touareg,2017,17 mpg,23 mpg,26.4gal.,5,64 cu.ft.,4motion all-wheel drive,v-6,3.6,"280hp @ 6,200rpm",8 speed automatic,"266 lb.-ft. @ 2,500rpm",4-wheel,3.6 l,220 cu.in.,280 hp,"39.6 ""","68.2 ""","76.4 ""","36.7 ""","41.4 ""","188.8 ""","38.9 ""","113.9 """,24,8,"4,696 lbs.","6,173 lbs.","7,716 lbs.",,,,,,,
Volkswagen,Touareg,2016,,,26.4gal.,,,4motion all-wheel drive,v-6,3.6,"280hp @ 6,200rpm",8 speed automatic,"266 lb.-ft. @ 2,500rpm",,,,,,,,,,,,,24,,,,,,,,,,,
Volkswagen,Touareg,2015,,,26.4gal.,,,4motion all-wheel drive,v-6,3.6,"280hp @ 6,200rpm",8 speed automatic,"266 lb.-ft. @ 2,500rpm",,,,,,,,,,,,,24,,,,,,,,,,,
Volkswagen,Touareg,2014,,,26.4gal.,,,4motion all-wheel drive,v-6,3.6,"280hp @ 6,200rpm",8 speed automatic,"266 lb.-ft. @ 2,500rpm",,,,,,,,,,,,,24,,,,,,,,,,,
Volkswagen,Touareg,2013,,,26.4gal.,,,4motion all-wheel drive,v-6,3.6,"280hp @ 6,200rpm",8 speed automatic,"265 lb.-ft. @ 2,500rpm",,,,,,,,,,,,,24,,,,,,,,,,,
Volkswagen,Touareg,2012,,,26.4gal.,,,4motion all-wheel drive,v-6,3.6,"280hp @ 6,200rpm",8 speed automatic,"265 lb.-ft. @ 2,500rpm",,,,,,,,,,,,,24,,,,,,,,,,,
Volkswagen,Touareg,2011,,,26.4gal.,,,4motion all-wheel drive,v-6,3.6,"280hp @ 6,200rpm",8 speed automatic,"265 lb.-ft. @ 2,500rpm",,,,,,,,,,,,,24,,,,,,,,,,,
Volkswagen,Touareg,2010,,,26.4gal.,,,4xmotion all-wheel drive,v-6,3.6,"280hp @ 6,200rpm",6 speed automatic,"265 lb.-ft. @ 3,200rpm",,,,,,,,,,,,,24,,,,,,,,,,,
Volkswagen,Touareg,2007,,,26.4gal.,,,4xmotion four-wheel,v-10,5.0,"310hp @ 3,750rpm",6 speed automatic,"553 lb.-ft. @ 2,000rpm",,,,,,,,,,,,,20,,,,,,,,,,,
Volkswagen,Touareg,2006,,,26.4gal.,,,4xmotion four-wheel,v-6,3.2,"240hp @ 6,000rpm",6 speed automatic,"229 lb.-ft. @ 3,200rpm",,,,,,,,,,,,,24,,,,,,,,,,,
Volkswagen,Touareg,2005,,,26.4gal.,,,4xmotion four-wheel,v-6,3.2,"240hp @ 6,000rpm",6 speed automatic,"229 lb.-ft. @ 3,200rpm",,,,,,,,,,,,,24,,,,,,,,,,,
Volkswagen,Touareg,2004,,,26.4gal.,,,4xmotion four-wheel,v-6,3.2,"220hp @ 5,400rpm",6 speed automatic,"225 lb.-ft. @ 3,200rpm",,,,,,,,,,,,,24,,,,,,,,,,,
Volkswagen,Tiguan,2018,22 mpg,27 mpg,15.3gal.,7,66 cu.ft.,front-wheel,i-4,2.0,"184hp @ 4,400rpm",8 speed automatic,"221 lb.-ft. @ 1,600rpm",4-wheel,2.0 l,121 cu.in.,184 hp,"39.6 ""","66.3 ""","72.4 ""","36.5 ""","40.2 ""","185.1 ""","39.1 ""","109.8 """,16,8,"3,777 lbs.","5,247 lbs.",,,,,,,,
Volkswagen,Tiguan,2017,,,16.9gal.,,,front-wheel,i-4,2.0,"200hp @ 5,100rpm",6 speed automatic,"207 lb.-ft. @ 1,700rpm",,,,,,,,,,,,,16,,,,,,,,,,,
Volkswagen,Tiguan,2016,,,16.9gal.,,,front-wheel,i-4,2.0,"200hp @ 5,100rpm",6 speed automatic,"207 lb.-ft. @ 1,700rpm",,,,,,,,,,,,,16,,,,,,,,,,,
Volkswagen,Tiguan,2015,,,16.9gal.,,,front-wheel,i-4,2.0,"200hp @ 5,100rpm",6 speed automatic,"207 lb.-ft. @ 1,700rpm",,,,,,,,,,,,,16,,,,,,,,,,,
Volkswagen,Tiguan,2014,,,16.8gal.,,,front-wheel,i-4,2.0,"200hp @ 5,100rpm",6 speed manual,"207 lb.-ft. @ 1,700rpm",,,,,,,,,,,,,16,,,,,,,,,,,
Volkswagen,Tiguan,2013,,,16.8gal.,,,front-wheel,i-4,2.0,"200hp @ 5,100rpm",6 speed manual,"207 lb.-ft. @ 1,700rpm",,,,,,,,,,,,,16,,,,,,,,,,,
Volkswagen,Tiguan,2012,,,16.8gal.,,,front-wheel,i-4,2.0,"200hp @ 5,100rpm",6 speed manual,"207 lb.-ft. @ 1,700rpm",,,,,,,,,,,,,16,,,,,,,,,,,
Volkswagen,Tiguan,2011,,,16.8gal.,,,front-wheel,i-4,2.0,"200hp @ 5,100rpm",6 speed manual,"207 lb.-ft. @ 1,800rpm",,,,,,,,,,,,,16,,,,,,,,,,,
Volkswagen,Tiguan,2010,,,16.8gal.,,,front-wheel,i-4,2.0,"200hp @ 5,100rpm",6 speed manual,"207 lb.-ft. @ 1,700rpm",,,,,,,,,,,,,16,,,,,,,,,,,
Volkswagen,Tiguan,2009,,,16.8gal.,,,front-wheel,i-4,2.0,"200hp @ 5,100rpm",6 speed manual,"207 lb.-ft. @ 1,700rpm",,,,,,,,,,,,,16,,,,,,,,,,,
Volkswagen,Tiguan Limited,2018,20 mpg,26 mpg,16.9gal.,5,56 cu.ft.,front-wheel,i-4,2.0,"200hp @ 5,100rpm",6 speed automatic,"207 lb.-ft. @ 1,700rpm",4-wheel,2.0 l,121 cu.in.,200 hp,"39.1 ""","67.1 ""","71.2 ""","35.8 ""","40.1 ""","174.5 ""","39.0 ""","102.5 """,16,6,"3,448 lbs.","4,806 lbs.","2,200 lbs.",,,,,,,
Volkswagen,Tiguan Limited,2017,20 mpg,24 mpg,16.9gal.,5,56 cu.ft.,front-wheel,i-4,2.0,"200hp @ 5,100rpm",6 speed automatic,"207 lb.-ft. @ 1,700rpm",4-wheel,2.0 l,121 cu.in.,200 hp,"39.1 ""","67.1 ""","71.2 ""","35.8 ""","40.1 ""","174.5 ""","39.0 ""","102.5 """,16,6,"3,448 lbs.","4,806 lbs.","2,200 lbs.",,,,,,,
Volkswagen,Golf Alltrack,2018,21 mpg,30 mpg,14.5gal.,5,67 cu.ft.,4motion all-wheel drive,i-4,1.8,"170hp @ 4,500rpm",6 speed manual,"199 lb.-ft. @ 1,600rpm",4-wheel,1.8 l,110 cu.in.,170 hp,"38.6 ""","59.6 ""","70.8 ""","35.6 ""","41.2 ""","180.2 ""","38.6 ""","103.5 """,16,6,"3,351 lbs.","4,519 lbs.",,,,,,,,
Volkswagen,Golf Alltrack,2017,,,14.5gal.,,,4motion all-wheel drive,i-4,1.8,"170hp @ 4,500rpm",6 speed automatic with auto-shift,"199 lb.-ft. @ 1,600rpm",,,,,,,,,,,,,16,,,,,,,,,,,
Volkswagen,Golf SportWagen,2018,25 mpg,34 mpg,13.2gal.,5,67 cu.ft.,front-wheel,i-4,1.8,"170hp @ 4,500rpm",5 speed manual,"184 lb.-ft. @ 1,600rpm",4-wheel,1.8 l,110 cu.in.,170 hp,"38.6 ""","58.3 ""","70.8 ""","35.6 ""","41.2 ""","179.8 ""","38.6 ""","103.5 """,16,5,"3,053 lbs.","4,211 lbs.",,,,,,,,
Volkswagen,Golf SportWagen,2017,,,13.2gal.,,,front-wheel,i-4,1.8,"170hp @ 4,500rpm",5 speed manual,"184 lb.-ft. @ 1,600rpm",,,,,,,,,,,,,16,,,,,,,,,,,
Volkswagen,Golf SportWagen,2016,,,13.2gal.,,,front-wheel,i-4,1.8,"170hp @ 4,500rpm",5 speed manual,"184 lb.-ft. @ 1,600rpm",,,,,,,,,,,,,16,,,,,,,,,,,
Volkswagen,Golf SportWagen,2015,,,13.2gal.,,,front-wheel,i-4,1.8,"170hp @ 4,500rpm",5 speed manual,"200 lb.-ft. @ 1,600rpm",,,,,,,,,,,,,16,,,,,,,,,,,
Volkswagen,EuroVan,2003,,,21.1gal.,,,front-wheel,v-6,2.8,"201hp @ 6,200rpm",4 speed automatic,"181 lb.-ft. @ 2,500rpm",,,,,,,,,,,,,24,,,,,,,,,,,
Volkswagen,EuroVan,2002,,,21.1gal.,,,front-wheel,v-6,2.8,"201hp @ 6,200rpm",4 speed automatic,"181 lb.-ft. @ 2,500rpm",,,,,,,,,,,,,24,,,,,,,,,,,
Volkswagen,EuroVan,2001,,,21.1gal.,,,front-wheel,v-6,2.8,"201hp @ 6,200rpm",4 speed automatic,"181 lb.-ft. @ 2,500rpm",,,,,,,,,,,,,24,,,,,,,,,,,
Volkswagen,EuroVan,2000,,,21.1gal.,,,front-wheel,v-6,2.8,"140hp @ 4,500rpm",4 speed automatic,"177 lb.-ft. @ 3,000rpm",,,,,,,,,,,,,12,,,,,,,,,,,
Volkswagen,EuroVan,1999,15 mpg,20 mpg,21.1gal.,7,41 cu.ft.,front-wheel,v-6,2.8,"140hp @ 4,500rpm",4 speed automatic,"177 lb.-ft. @ 3,000rpm",4-wheel,2.8 l,170 cu.in.,140 hp,,"76.4 ""","72.4 """,,,"188.5 """,,"115.0 """,12,4,"4,220 lbs.","5,600 lbs.","1,500 lbs.",,,,,,,
Volkswagen,Routan,2014,,,20.5gal.,,,front-wheel,v-6,3.6,"283hp @ 6,350rpm",6 speed automatic,"260 lb.-ft. @ 4,400rpm",,,,,,,,,,,,,24,,,,,,,,,,,
Volkswagen,Routan,2013,,,20.5gal.,,,front-wheel,v-6,3.6,"283hp @ 6,350rpm",6 speed automatic,"260 lb.-ft. @ 4,400rpm",,,,,,,,,,,,,24,,,,,,,,,,,
Volkswagen,Routan,2012,,,20.5gal.,,,front-wheel,v-6,3.6,"283hp @ 6,350rpm",6 speed automatic,"260 lb.-ft. @ 4,400rpm",,,,,,,,,,,,,24,,,,,,,,,,,
Volkswagen,Routan,2011,,,20.5gal.,,,front-wheel,v-6,3.6,"283hp @ 6,350rpm",6 speed automatic,"260 lb.-ft. @ 4,400rpm",,,,,,,,,,,,,24,,,,,,,,,,,
Volkswagen,Routan,2010,,,20.5gal.,,,front-wheel,v-6,3.8,"197hp @ 5,200rpm",6 speed automatic,"230 lb.-ft. @ 4,000rpm",,,,,,,,,,,,,12,,,,,,,,,,,
Volkswagen,Routan,2009,,,20.5gal.,,,front-wheel,v-6,3.8,"197hp @ 5,200rpm",6 speed automatic,"230 lb.-ft. @ 4,000rpm",,,,,,,,,,,,,12,,,,,,,,,,,
Volkswagen,Atlas,2018,22 mpg,26 mpg,18.6gal.,7,97 cu.ft.,front-wheel,i-4,2.0,"235hp @ 4,500rpm",8 speed automatic,"258 lb.-ft. @ 1,600rpm",4-wheel,2.0 l,121 cu.in.,235 hp,"41.3 ""","70.0 ""","78.3 ""","37.6 ""","41.5 ""","198.3 ""","40.4 ""","117.3 """,16,8,,,"2,000 lbs.",,,,,,,
Volkswagen,Tiguan,2018,22 mpg,27 mpg,15.3gal.,7,66 cu.ft.,front-wheel,i-4,2.0,"184hp @ 4,400rpm",8 speed automatic,"221 lb.-ft. @ 1,600rpm",4-wheel,2.0 l,121 cu.in.,184 hp,"39.6 ""","66.3 ""","72.4 ""","36.5 ""","40.2 ""","185.1 ""","39.1 ""","109.8 """,16,8,"3,777 lbs.","5,247 lbs.",,,,,,,,
Volkswagen,Tiguan,2017,,,16.9gal.,,,front-wheel,i-4,2.0,"200hp @ 5,100rpm",6 speed automatic,"207 lb.-ft. @ 1,700rpm",,,,,,,,,,,,,16,,,,,,,,,,,
Volkswagen,Tiguan,2016,,,16.9gal.,,,front-wheel,i-4,2.0,"200hp @ 5,100rpm",6 speed automatic,"207 lb.-ft. @ 1,700rpm",,,,,,,,,,,,,16,,,,,,,,,,,
Volkswagen,Tiguan,2015,,,16.9gal.,,,front-wheel,i-4,2.0,"200hp @ 5,100rpm",6 speed automatic,"207 lb.-ft. @ 1,700rpm",,,,,,,,,,,,,16,,,,,,,,,,,
Volkswagen,Tiguan,2014,,,16.8gal.,,,front-wheel,i-4,2.0,"200hp @ 5,100rpm",6 speed manual,"207 lb.-ft. @ 1,700rpm",,,,,,,,,,,,,16,,,,,,,,,,,
Volkswagen,Tiguan,2013,,,16.8gal.,,,front-wheel,i-4,2.0,"200hp @ 5,100rpm",6 speed manual,"207 lb.-ft. @ 1,700rpm",,,,,,,,,,,,,16,,,,,,,,,,,
Volkswagen,Tiguan,2012,,,16.8gal.,,,front-wheel,i-4,2.0,"200hp @ 5,100rpm",6 speed manual,"207 lb.-ft. @ 1,700rpm",,,,,,,,,,,,,16,,,,,,,,,,,
Volkswagen,Tiguan,2011,,,16.8gal.,,,front-wheel,i-4,2.0,"200hp @ 5,100rpm",6 speed manual,"207 lb.-ft. @ 1,800rpm",,,,,,,,,,,,,16,,,,,,,,,,,
Volkswagen,Tiguan,2010,,,16.8gal.,,,front-wheel,i-4,2.0,"200hp @ 5,100rpm",6 speed manual,"207 lb.-ft. @ 1,700rpm",,,,,,,,,,,,,16,,,,,,,,,,,
Volkswagen,Tiguan,2009,,,16.8gal.,,,front-wheel,i-4,2.0,"200hp @ 5,100rpm",6 speed manual,"207 lb.-ft. @ 1,700rpm",,,,,,,,,,,,,16,,,,,,,,,,,
Volkswagen,Tiguan Limited,2018,20 mpg,26 mpg,16.9gal.,5,56 cu.ft.,front-wheel,i-4,2.0,"200hp @ 5,100rpm",6 speed automatic,"207 lb.-ft. @ 1,700rpm",4-wheel,2.0 l,121 cu.in.,200 hp,"39.1 ""","67.1 ""","71.2 ""","35.8 ""","40.1 ""","174.5 ""","39.0 ""","102.5 """,16,6,"3,448 lbs.","4,806 lbs.","2,200 lbs.",,,,,,,
Volkswagen,Tiguan Limited,2017,20 mpg,24 mpg,16.9gal.,5,56 cu.ft.,front-wheel,i-4,2.0,"200hp @ 5,100rpm",6 speed automatic,"207 lb.-ft. @ 1,700rpm",4-wheel,2.0 l,121 cu.in.,200 hp,"39.1 ""","67.1 ""","71.2 ""","35.8 ""","40.1 ""","174.5 ""","39.0 ""","102.5 """,16,6,"3,448 lbs.","4,806 lbs.","2,200 lbs.",,,,,,,
