make,model,year,city,highway,fuel tank capacity,total seating capacity,max cargo capacity,drive type,cylinder configuration,engine liters,horsepower,transmission,torque,abs,size,displacement,horse power,front head room,overall height,overall width,rear leg room,front leg room,overall length,rear head room,wheelbase,number of valves,number of speeds,curb weight,gross vehicle weight,towing capacity,number of doors,speakers,approach angle,ground clearance (max),ramp breakover angle,departure angle,ground clearance
Volvo,S90 Hybrid,2018,,,13.2gal.,5,13 cu.ft.,instant traction(tm) all-wheel drive,i-4,2.0,"313hp @ 5,700rpm",8 speed automatic,"295 lb.-ft. @ 2,200rpm",4-wheel,2.0 l,120 cu.in.,313 hp,"37.8 ""","57.1 ""","74.4 ""","40.4 ""","42.2 ""","200.1 ""","37.8 ""","120.5 """,16,8,"4,579 lbs.",,,,,,,,,
Volvo,XC90 Hybrid,2019,,,13.2gal.,7,86 cu.ft.,all-wheel drive,i-4,2.0,"313hp @ 5,700rpm",8 speed automatic,"295 lb.-ft. @ 2,200rpm",4-wheel,2.0 l,120 cu.in.,313 hp,"38.9 ""","69.9 ""","79.1 ""","37.0 ""","40.9 ""","194.9 ""","38.5 ""","117.5 """,16,8,"5,059 lbs.",,"5,000 lbs.",,,,,,,
Volvo,XC90 Hybrid,2018,,,13.2gal.,7,86 cu.ft.,instant traction(tm) all-wheel drive,i-4,2.0,"313hp @ 5,700rpm",8 speed automatic,"295 lb.-ft. @ 2,200rpm",4-wheel,2.0 l,120 cu.in.,313 hp,"38.9 ""","69.9 ""","79.1 ""","37.0 ""","40.9 ""","194.9 ""","38.5 ""","117.5 """,16,8,"5,059 lbs.",,"5,000 lbs.",,,,,,,
Volvo,XC90 Hybrid,2017,,,13.2gal.,,,instant traction(tm) all-wheel drive,i-4,2.0,"313hp @ 5,700rpm",8 speed automatic,"295 lb.-ft. @ 2,200rpm",,,,,,,,,,,,,16,,,,,,,,,,,
Volvo,XC90 Hybrid,2016,,,13.2gal.,,,instant traction(tm) all-wheel drive,i-4,2.0,"313hp @ 5,700rpm",8 speed automatic,"295 lb.-ft. @ 2,200rpm",,,,,,,,,,,,,16,,,,,,,,,,,
Volvo,C30,2013,,,15.9gal.,,,front-wheel,i-5,2.5,"250hp @ 5,500rpm",5 speed automatic,"273 lb.-ft. @ 3,000rpm",,,,,,,,,,,,,20,,,,,,,,,,,
Volvo,C30,2012,,,15.9gal.,,,front-wheel,i-5,2.5,"227hp @ 5,000rpm",5 speed automatic,"236 lb.-ft. @ 1,500rpm",,,,,,,,,,,,,20,,,,,,,,,,,
Volvo,C30,2011,,,15.9gal.,,,front-wheel,i-5,2.5,"227hp @ 5,000rpm",5 speed automatic,"236 lb.-ft. @ 1,500rpm",,,,,,,,,,,,,20,,,,,,,,,,,
Volvo,C30,2010,,,15.9gal.,,,front-wheel,i-5,2.5,"227hp @ 5,000rpm",5 speed automatic,"236 lb.-ft. @ 1,500rpm",,,,,,,,,,,,,20,,,,,,,,,,,
Volvo,C30,2009,,,15.9gal.,,,front-wheel,i-5,2.5,"227hp @ 5,000rpm",5 speed automatic,"236 lb.-ft. @ 1,500rpm",,,,,,,,,,,,,20,,,,,,,,,,,
Volvo,C30,2008,,,15.9gal.,,,front-wheel,i-5,2.5,"227hp @ 5,000rpm",5 speed automatic,"236 lb.-ft. @ 1,500rpm",,,,,,,,,,,,,20,,,,,,,,,,,
Volvo,C70,2013,,,16.4gal.,,,front-wheel,i-5,2.5,"250hp @ 5,500rpm",5 speed automatic,"273 lb.-ft. @ 3,000rpm",,,,,,,,,,,,,20,,,,,,,,,,,
